{
    "type": "FeatureCollection",
    "features": [
        {
            "type": "Feature",
            "geometry": {
                "type": "Polygon",
                "coordinates": [
                    [
                        [
                            "-93.27",
                            "48.52"
                        ],
                        [
                            "-89.55",
                            "48.06"
                        ],
                        [
                            "-88.40",
                            "48.41"
                        ],
                        [
                            "-86.97",
                            "47.75"
                        ],
                        [
                            "-86.58",
                            "46.70"
                        ],
                        [
                            "-87.34",
                            "45.88"
                        ],
                        [
                            "-88.32",
                            "46.25"
                        ],
                        [
                            "-89.07",
                            "46.72"
                        ],
                        [
                            "-89.46",
                            "46.60"
                        ],
                        [
                            "-89.34",
                            "45.89"
                        ],
                        [
                            "-90.80",
                            "45.52"
                        ],
                        [
                            "-91.80",
                            "45.07"
                        ],
                        [
                            "-93.77",
                            "44.51"
                        ],
                        [
                            "-95.18",
                            "43.93"
                        ],
                        [
                            "-96.02",
                            "43.89"
                        ],
                        [
                            "-96.84",
                            "44.19"
                        ],
                        [
                            "-97.94",
                            "44.08"
                        ],
                        [
                            "-98.82",
                            "44.62"
                        ],
                        [
                            "-98.50",
                            "45.06"
                        ],
                        [
                            "-97.55",
                            "45.71"
                        ],
                        [
                            "-97.09",
                            "45.90"
                        ],
                        [
                            "-97.71",
                            "46.72"
                        ],
                        [
                            "-96.91",
                            "47.21"
                        ],
                        [
                            "-95.80",
                            "47.25"
                        ],
                        [
                            "-95.06",
                            "47.23"
                        ],
                        [
                            "-94.79",
                            "47.76"
                        ],
                        [
                            "-93.27",
                            "48.52"
                        ]
                    ]
                ]
            },
            "properties": {
                "forecastId": null,
                "geometryId": null,
                "tag": "2C",
                "forecastHour": 0,
                "hazard": "ICE",
                "frequency": null,
                "severity": "MOD",
                "status": "NRML",
                "base": "FZL",
                "top": "230",
                "fzlBase": "090",
                "fzlTop": "130",
                "level": null,
                "product": "ZULU",
                "rawAirSigmet": "ICE",
                "validTimeTo": "2026-08-20T15:00:00.000",
                "validTimeFrom": [
                    "2026-08-20T14:45"
                ]
            }
        },
        {
            "type": "Feature",
            "geometry": {
                "type": "Polygon",
                "coordinates": [
                    [
                        [
                            "-79.11",
                            "42.20"
                        ],
                        [
                            "-78.53",
                            "42.16"
                        ],
                        [
                            "-78.46",
                            "41.69"
                        ],
                        [
                            "-78.04",
                            "41.35"
                        ],
                        [
                            "-77.66",
                            "40.62"
                        ],
                        [
                            "-78.32",
                            "40.28"
                        ],
                        [
                            "-79.05",
                            "40.48"
                        ],
                        [
                            "-79.76",
                            "40.38"
                        ],
                        [
                            "-80.31",
                            "40.31"
                        ],
                        [
                            "-80.50",
                            "40.10"
                        ],
                        [
                            "-80.71",
                            "39.80"
                        ],
                        [
                            "-81.00",
                            "39.62"
                        ],
                        [
                            "-81.16",
                            "39.61"
                        ],
                        [
                            "-81.32",
                            "39.59"
                        ],
                        [
                            "-80.77",
                            "40.16"
                        ],
                        [
                            "-80.47",
                            "40.52"
                        ],
                        [
                            "-79.11",
                            "42.20"
                        ]
                    ]
                ]
            },
            "properties": {
                "forecastId": null,
                "geometryId": null,
                "tag": "3E",
                "forecastHour": 0,
                "hazard": "MT_OBSC",
                "frequency": null,
                "severity": null,
                "status": "NRML",
                "base": null,
                "top": null,
                "fzlBase": null,
                "fzlTop": null,
                "level": null,
                "product": "SIERRA",
                "rawAirSigmet": "MTNS OBSC BY CLDS PCPN BR",
                "validTimeTo": "2026-08-20T15:00:00.000",
                "validTimeFrom": [
                    "2026-08-20T14:45"
                ]
            }
        },
        {
            "type": "Feature",
            "geometry": {
                "type": "Polygon",
                "coordinates": [
                    [
                        [
                            "-118.35",
                            "48.98"
                        ],
                        [
                            "-117.40",
                            "48.91"
                        ],
                        [
                            "-118.73",
                            "48.65"
                        ],
                        [
                            "-119.29",
                            "48.35"
                        ],
                        [
                            "-119.61",
                            "48.22"
                        ],
                        [
                            "-119.38",
                            "48.02"
                        ],
                        [
                            "-119.83",
                            "47.48"
                        ],
                        [
                            "-120.06",
                            "48.02"
                        ],
                        [
                            "-120.40",
                            "48.11"
                        ],
                        [
                            "-120.39",
                            "48.54"
                        ],
                        [
                            "-120.29",
                            "48.91"
                        ],
                        [
                            "-120.21",
                            "48.97"
                        ],
                        [
                            "-119.25",
                            "48.93"
                        ],
                        [
                            "-118.35",
                            "48.98"
                        ]
                    ]
                ]
            },
            "properties": {
                "forecastId": null,
                "geometryId": null,
                "tag": "2E",
                "forecastHour": 0,
                "hazard": "MT_OBSC",
                "frequency": null,
                "severity": null,
                "status": "NRML",
                "base": null,
                "top": null,
                "fzlBase": null,
                "fzlTop": null,
                "level": null,
                "product": "SIERRA",
                "rawAirSigmet": "FU HZ",
                "validTimeTo": "2026-08-20T15:00:00.000",
                "validTimeFrom": [
                    "2026-08-20T14:45"
                ]
            }
        },
        {
            "type": "Feature",
            "geometry": {
                "type": "Polygon",
                "coordinates": [
                    [
                        [
                            "-125.02",
                            "48.57"
                        ],
                        [
                            "-124.41",
                            "48.41"
                        ],
                        [
                            "-123.56",
                            "47.56"
                        ],
                        [
                            "-123.13",
                            "47.15"
                        ],
                        [
                            "-123.11",
                            "46.88"
                        ],
                        [
                            "-123.13",
                            "46.65"
                        ],
                        [
                            "-123.19",
                            "46.50"
                        ],
                        [
                            "-123.01",
                            "46.34"
                        ],
                        [
                            "-122.71",
                            "46.17"
                        ],
                        [
                            "-122.61",
                            "45.93"
                        ],
                        [
                            "-122.72",
                            "45.78"
                        ],
                        [
                            "-122.95",
                            "45.85"
                        ],
                        [
                            "-123.32",
                            "46.06"
                        ],
                        [
                            "-123.54",
                            "45.96"
                        ],
                        [
                            "-123.70",
                            "45.72"
                        ],
                        [
                            "-123.68",
                            "45.15"
                        ],
                        [
                            "-123.51",
                            "44.79"
                        ],
                        [
                            "-123.48",
                            "44.42"
                        ],
                        [
                            "-123.51",
                            "43.86"
                        ],
                        [
                            "-123.65",
                            "43.37"
                        ],
                        [
                            "-123.79",
                            "42.80"
                        ],
                        [
                            "-124.02",
                            "42.59"
                        ],
                        [
                            "-123.86",
                            "42.06"
                        ],
                        [
                            "-123.83",
                            "41.36"
                        ],
                        [
                            "-123.72",
                            "40.78"
                        ],
                        [
                            "-123.92",
                            "40.40"
                        ],
                        [
                            "-123.98",
                            "40.12"
                        ],
                        [
                            "-123.69",
                            "39.60"
                        ],
                        [
                            "-123.57",
                            "39.18"
                        ],
                        [
                            "-123.22",
                            "38.94"
                        ],
                        [
                            "-122.26",
                            "38.69"
                        ],
                        [
                            "-122.13",
                            "38.36"
                        ],
                        [
                            "-121.86",
                            "37.80"
                        ],
                        [
                            "-121.61",
                            "37.24"
                        ],
                        [
                            "-121.32",
                            "36.98"
                        ],
                        [
                            "-121.03",
                            "36.39"
                        ],
                        [
                            "-120.83",
                            "36.13"
                        ],
                        [
                            "-120.68",
                            "35.92"
                        ],
                        [
                            "-120.83",
                            "35.89"
                        ],
                        [
                            "-121.00",
                            "35.98"
                        ],
                        [
                            "-121.14",
                            "36.15"
                        ],
                        [
                            "-121.49",
                            "36.37"
                        ],
                        [
                            "-121.65",
                            "36.42"
                        ],
                        [
                            "-121.78",
                            "36.39"
                        ],
                        [
                            "-121.75",
                            "36.25"
                        ],
                        [
                            "-121.51",
                            "36.06"
                        ],
                        [
                            "-120.89",
                            "35.49"
                        ],
                        [
                            "-120.43",
                            "35.21"
                        ],
                        [
                            "-120.06",
                            "34.84"
                        ],
                        [
                            "-120.01",
                            "34.47"
                        ],
                        [
                            "-120.31",
                            "34.37"
                        ],
                        [
                            "-120.32",
                            "34.21"
                        ],
                        [
                            "-120.01",
                            "33.82"
                        ],
                        [
                            "-119.80",
                            "33.68"
                        ],
                        [
                            "-119.59",
                            "33.76"
                        ],
                        [
                            "-119.53",
                            "34.01"
                        ],
                        [
                            "-119.34",
                            "34.32"
                        ],
                        [
                            "-119.02",
                            "34.24"
                        ],
                        [
                            "-118.85",
                            "33.90"
                        ],
                        [
                            "-118.51",
                            "33.85"
                        ],
                        [
                            "-117.91",
                            "33.80"
                        ],
                        [
                            "-117.60",
                            "33.63"
                        ],
                        [
                            "-117.14",
                            "33.17"
                        ],
                        [
                            "-117.03",
                            "32.78"
                        ],
                        [
                            "-117.04",
                            "32.46"
                        ],
                        [
                            "-117.89",
                            "31.99"
                        ],
                        [
                            "-119.59",
                            "31.17"
                        ],
                        [
                            "-120.88",
                            "30.74"
                        ],
                        [
                            "-122.65",
                            "33.61"
                        ],
                        [
                            "-124.95",
                            "36.85"
                        ],
                        [
                            "-125.84",
                            "38.02"
                        ],
                        [
                            "-127.00",
                            "39.76"
                        ],
                        [
                            "-126.78",
                            "43.02"
                        ],
                        [
                            "-126.57",
                            "45.23"
                        ],
                        [
                            "-128.02",
                            "48.31"
                        ],
                        [
                            "-127.29",
                            "48.39"
                        ],
                        [
                            "-126.45",
                            "47.62"
                        ],
                        [
                            "-125.78",
                            "47.16"
                        ],
                        [
                            "-125.52",
                            "47.13"
                        ],
                        [
                            "-125.53",
                            "47.80"
                        ],
                        [
                            "-125.91",
                            "48.55"
                        ],
                        [
                            "-125.02",
                            "48.57"
                        ]
                    ]
                ]
            },
            "properties": {
                "forecastId": null,
                "geometryId": null,
                "tag": "2E",
                "forecastHour": 0,
                "hazard": "IFR",
                "frequency": null,
                "severity": null,
                "status": "NRML",
                "base": null,
                "top": null,
                "fzlBase": null,
                "fzlTop": null,
                "level": null,
                "product": "SIERRA",
                "rawAirSigmet": "CIG BLW 010 VIS BLW 3SM BR FG",
                "validTimeTo": "2026-08-20T15:00:00.000",
                "validTimeFrom": [
                    "2026-08-20T14:45"
                ]
            }
        },
        {
            "type": "Feature",
            "geometry": {
                "type": "LineString",
                "coordinates": [
                    [
                        "-89.04",
                        "19.59"
                    ],
                    [
                        "-90.35",
                        "20.31"
                    ],
                    [
                        "-90.76",
                        "20.80"
                    ],
                    [
                        "-90.86",
                        "21.84"
                    ],
                    [
                        "-90.33",
                        "22.30"
                    ],
                    [
                        "-89.51",
                        "22.57"
                    ],
                    [
                        "-87.46",
                        "23.03"
                    ],
                    [
                        "-85.99",
                        "23.75"
                    ],
                    [
                        "-85.15",
                        "24.12"
                    ],
                    [
                        "-84.17",
                        "24.27"
                    ],
                    [
                        "-82.30",
                        "24.61"
                    ],
                    [
                        "-80.43",
                        "25.20"
                    ],
                    [
                        "-79.43",
                        "26.16"
                    ],
                    [
                        "-78.30",
                        "27.56"
                    ],
                    [
                        "-76.49",
                        "30.66"
                    ],
                    [
                        "-76.08",
                        "31.37"
                    ],
                    [
                        "-75.92",
                        "32.32"
                    ],
                    [
                        "-75.83",
                        "33.47"
                    ],
                    [
                        "-75.47",
                        "34.56"
                    ],
                    [
                        "-74.45",
                        "35.82"
                    ],
                    [
                        "-73.00",
                        "36.80"
                    ],
                    [
                        "-70.24",
                        "38.95"
                    ],
                    [
                        "-68.71",
                        "39.94"
                    ],
                    [
                        "-67.00",
                        "40.75"
                    ],
                    [
                        "-62.95",
                        "41.54"
                    ]
                ]
            },
            "properties": {
                "forecastId": null,
                "geometryId": null,
                "tag": "1C",
                "forecastHour": 0,
                "hazard": "FZLVL",
                "frequency": null,
                "severity": null,
                "status": "NRML",
                "base": null,
                "top": null,
                "fzlBase": null,
                "fzlTop": null,
                "level": "160",
                "product": "ZULU",
                "rawAirSigmet": null,
                "validTimeTo": "2026-08-20T15:00:00.000",
                "validTimeFrom": [
                    "2026-08-20T14:45"
                ]
            }
        },
        {
            "type": "Feature",
            "geometry": {
                "type": "Polygon",
                "coordinates": [
                    [
                        [
                            "-118.35",
                            "48.98"
                        ],
                        [
                            "-117.40",
                            "48.91"
                        ],
                        [
                            "-118.73",
                            "48.65"
                        ],
                        [
                            "-119.29",
                            "48.35"
                        ],
                        [
                            "-119.61",
                            "48.22"
                        ],
                        [
                            "-119.38",
                            "48.02"
                        ],
                        [
                            "-119.83",
                            "47.48"
                        ],
                        [
                            "-120.06",
                            "48.02"
                        ],
                        [
                            "-120.40",
                            "48.11"
                        ],
                        [
                            "-120.39",
                            "48.54"
                        ],
                        [
                            "-120.29",
                            "48.91"
                        ],
                        [
                            "-120.21",
                            "48.97"
                        ],
                        [
                            "-119.25",
                            "48.93"
                        ],
                        [
                            "-118.35",
                            "48.98"
                        ]
                    ]
                ]
            },
            "properties": {
                "forecastId": null,
                "geometryId": null,
                "tag": "2E",
                "forecastHour": 0,
                "hazard": "MT_OBSC",
                "frequency": null,
                "severity": null,
                "status": "NRML",
                "base": null,
                "top": null,
                "fzlBase": null,
                "fzlTop": null,
                "level": null,
                "product": "SIERRA",
                "rawAirSigmet": "FU HZ",
                "validTimeTo": "2026-08-20T15:00:00.000",
                "validTimeFrom": [
                    "2026-08-20T14:45"
                ]
            }
        },
        {
            "type": "Feature",
            "geometry": {
                "type": "LineString",
                "coordinates": [
                    [
                        "-129.03",
                        "27.22"
                    ],
                    [
                        "-125.93",
                        "30.99"
                    ],
                    [
                        "-124.84",
                        "32.97"
                    ],
                    [
                        "-124.14",
                        "34.96"
                    ],
                    [
                        "-123.45",
                        "37.32"
                    ],
                    [
                        "-122.46",
                        "39.75"
                    ],
                    [
                        "-121.63",
                        "41.58"
                    ],
                    [
                        "-120.97",
                        "42.50"
                    ],
                    [
                        "-119.34",
                        "43.19"
                    ],
                    [
                        "-115.09",
                        "43.73"
                    ],
                    [
                        "-113.14",
                        "43.66"
                    ],
                    [
                        "-111.49",
                        "43.27"
                    ],
                    [
                        "-110.21",
                        "43.08"
                    ],
                    [
                        "-108.25",
                        "43.20"
                    ],
                    [
                        "-106.89",
                        "42.74"
                    ],
                    [
                        "-105.63",
                        "42.13"
                    ],
                    [
                        "-103.06",
                        "40.85"
                    ],
                    [
                        "-102.20",
                        "40.08"
                    ],
                    [
                        "-101.85",
                        "38.35"
                    ],
                    [
                        "-101.29",
                        "37.50"
                    ],
                    [
                        "-100.32",
                        "36.84"
                    ],
                    [
                        "-99.91",
                        "36.16"
                    ],
                    [
                        "-100.39",
                        "35.65"
                    ],
                    [
                        "-100.58",
                        "34.91"
                    ],
                    [
                        "-99.10",
                        "34.30"
                    ],
                    [
                        "-99.32",
                        "33.04"
                    ],
                    [
                        "-98.75",
                        "32.34"
                    ],
                    [
                        "-97.17",
                        "31.73"
                    ],
                    [
                        "-95.52",
                        "31.74"
                    ],
                    [
                        "-94.20",
                        "31.25"
                    ],
                    [
                        "-93.35",
                        "28.83"
                    ],
                    [
                        "-92.26",
                        "26.61"
                    ],
                    [
                        "-92.07",
                        "25.40"
                    ],
                    [
                        "-92.61",
                        "24.09"
                    ],
                    [
                        "-93.41",
                        "23.67"
                    ],
                    [
                        "-95.06",
                        "23.44"
                    ],
                    [
                        "-96.70",
                        "23.53"
                    ],
                    [
                        "-97.65",
                        "24.43"
                    ],
                    [
                        "-99.53",
                        "25.86"
                    ],
                    [
                        "-102.40",
                        "26.77"
                    ],
                    [
                        "-102.94",
                        "27.51"
                    ],
                    [
                        "-104.14",
                        "27.93"
                    ],
                    [
                        "-105.61",
                        "28.21"
                    ],
                    [
                        "-107.02",
                        "28.73"
                    ],
                    [
                        "-110.06",
                        "28.96"
                    ],
                    [
                        "-111.18",
                        "29.54"
                    ],
                    [
                        "-111.98",
                        "30.67"
                    ],
                    [
                        "-113.50",
                        "32.28"
                    ],
                    [
                        "-113.92",
                        "32.97"
                    ],
                    [
                        "-114.38",
                        "33.19"
                    ],
                    [
                        "-114.89",
                        "32.94"
                    ],
                    [
                        "-114.98",
                        "32.32"
                    ],
                    [
                        "-114.49",
                        "31.07"
                    ],
                    [
                        "-115.32",
                        "30.30"
                    ],
                    [
                        "-115.55",
                        "29.66"
                    ],
                    [
                        "-115.41",
                        "28.86"
                    ],
                    [
                        "-114.94",
                        "28.16"
                    ],
                    [
                        "-115.02",
                        "27.74"
                    ],
                    [
                        "-115.85",
                        "26.93"
                    ],
                    [
                        "-115.74",
                        "25.45"
                    ],
                    [
                        "-115.82",
                        "24.21"
                    ],
                    [
                        "-116.61",
                        "23.52"
                    ],
                    [
                        "-118.29",
                        "23.35"
                    ],
                    [
                        "-119.60",
                        "23.52"
                    ],
                    [
                        "-121.89",
                        "24.79"
                    ],
                    [
                        "-123.03",
                        "25.05"
                    ],
                    [
                        "-124.00",
                        "24.93"
                    ],
                    [
                        "-124.88",
                        "24.08"
                    ],
                    [
                        "-125.54",
                        "23.13"
                    ],
                    [
                        "-126.41",
                        "21.95"
                    ],
                    [
                        "-127.38",
                        "21.19"
                    ]
                ]
            },
            "properties": {
                "forecastId": null,
                "geometryId": null,
                "tag": "1C",
                "forecastHour": 0,
                "hazard": "FZLVL",
                "frequency": null,
                "severity": null,
                "status": "NRML",
                "base": null,
                "top": null,
                "fzlBase": null,
                "fzlTop": null,
                "level": "160",
                "product": "ZULU",
                "rawAirSigmet": null,
                "validTimeTo": "2026-08-20T15:00:00.000",
                "validTimeFrom": [
                    "2026-08-20T14:45"
                ]
            }
        },
        {
            "type": "Feature",
            "geometry": {
                "type": "Polygon",
                "coordinates": [
                    [
                        [
                            "-94.31",
                            "48.63"
                        ],
                        [
                            "-93.21",
                            "48.46"
                        ],
                        [
                            "-90.57",
                            "47.86"
                        ],
                        [
                            "-91.53",
                            "47.10"
                        ],
                        [
                            "-94.12",
                            "45.97"
                        ],
                        [
                            "-96.16",
                            "45.42"
                        ],
                        [
                            "-96.56",
                            "45.89"
                        ],
                        [
                            "-94.92",
                            "47.16"
                        ],
                        [
                            "-94.28",
                            "48.35"
                        ],
                        [
                            "-94.31",
                            "48.63"
                        ]
                    ]
                ]
            },
            "properties": {
                "forecastId": null,
                "geometryId": null,
                "tag": "1W",
                "forecastHour": 0,
                "hazard": "LLWS",
                "frequency": null,
                "severity": null,
                "status": "NRML",
                "base": null,
                "top": null,
                "fzlBase": null,
                "fzlTop": null,
                "level": null,
                "product": "TANGO",
                "rawAirSigmet": "AIR SPEED LOSS OR GAIN OF 20KTS OR MORE BELOW 2000 FT AGL",
                "validTimeTo": "2026-08-20T15:00:00.000",
                "validTimeFrom": [
                    "2026-08-20T14:45"
                ]
            }
        },
        {
            "type": "Feature",
            "geometry": {
                "type": "LineString",
                "coordinates": [
                    [
                        "-131.51",
                        "35.19"
                    ],
                    [
                        "-131.12",
                        "35.38"
                    ],
                    [
                        "-130.40",
                        "35.94"
                    ],
                    [
                        "-129.85",
                        "36.43"
                    ],
                    [
                        "-129.34",
                        "36.94"
                    ],
                    [
                        "-128.85",
                        "37.74"
                    ],
                    [
                        "-129.30",
                        "38.75"
                    ],
                    [
                        "-129.97",
                        "39.35"
                    ],
                    [
                        "-130.55",
                        "39.96"
                    ],
                    [
                        "-131.09",
                        "40.58"
                    ],
                    [
                        "-131.57",
                        "41.57"
                    ],
                    [
                        "-131.86",
                        "42.59"
                    ],
                    [
                        "-132.03",
                        "43.28"
                    ],
                    [
                        "-132.76",
                        "43.85"
                    ],
                    [
                        "-133.80",
                        "43.94"
                    ],
                    [
                        "-134.79",
                        "43.91"
                    ]
                ]
            },
            "properties": {
                "forecastId": null,
                "geometryId": null,
                "tag": "1C",
                "forecastHour": 0,
                "hazard": "FZLVL",
                "frequency": null,
                "severity": null,
                "status": "NRML",
                "base": null,
                "top": null,
                "fzlBase": null,
                "fzlTop": null,
                "level": "120",
                "product": "ZULU",
                "rawAirSigmet": null,
                "validTimeTo": "2026-08-20T15:00:00.000",
                "validTimeFrom": [
                    "2026-08-20T14:45"
                ]
            }
        },
        {
            "type": "Feature",
            "geometry": {
                "type": "Polygon",
                "coordinates": [
                    [
                        [
                            "-81.53",
                            "36.47"
                        ],
                        [
                            "-80.76",
                            "36.18"
                        ],
                        [
                            "-80.17",
                            "35.98"
                        ],
                        [
                            "-79.91",
                            "35.78"
                        ],
                        [
                            "-80.69",
                            "34.75"
                        ],
                        [
                            "-81.97",
                            "34.13"
                        ],
                        [
                            "-83.30",
                            "33.35"
                        ],
                        [
                            "-83.44",
                            "33.59"
                        ],
                        [
                            "-83.62",
                            "34.38"
                        ],
                        [
                            "-83.25",
                            "35.03"
                        ],
                        [
                            "-82.82",
                            "35.90"
                        ],
                        [
                            "-81.53",
                            "36.47"
                        ]
                    ]
                ]
            },
            "properties": {
                "forecastId": null,
                "geometryId": null,
                "tag": "3C",
                "forecastHour": 0,
                "hazard": "ICE",
                "frequency": null,
                "severity": "MOD",
                "status": "NRML",
                "base": "150",
                "top": "210",
                "fzlBase": null,
                "fzlTop": null,
                "level": null,
                "product": "ZULU",
                "rawAirSigmet": "ICE",
                "validTimeTo": "2026-08-20T15:00:00.000",
                "validTimeFrom": [
                    "2026-08-20T14:45"
                ]
            }
        },
        {
            "type": "Feature",
            "geometry": {
                "type": "LineString",
                "coordinates": [
                    [
                        "-128.71",
                        "56.07"
                    ],
                    [
                        "-127.31",
                        "55.36"
                    ],
                    [
                        "-125.68",
                        "54.86"
                    ],
                    [
                        "-122.95",
                        "53.65"
                    ],
                    [
                        "-118.64",
                        "53.81"
                    ],
                    [
                        "-115.75",
                        "53.08"
                    ],
                    [
                        "-112.41",
                        "52.10"
                    ],
                    [
                        "-110.30",
                        "52.08"
                    ],
                    [
                        "-108.60",
                        "51.88"
                    ],
                    [
                        "-107.10",
                        "51.39"
                    ],
                    [
                        "-105.12",
                        "51.07"
                    ],
                    [
                        "-103.09",
                        "51.34"
                    ],
                    [
                        "-101.97",
                        "51.22"
                    ],
                    [
                        "-101.20",
                        "50.93"
                    ],
                    [
                        "-99.87",
                        "50.24"
                    ],
                    [
                        "-98.76",
                        "49.38"
                    ],
                    [
                        "-98.00",
                        "48.56"
                    ],
                    [
                        "-97.69",
                        "48.03"
                    ],
                    [
                        "-97.97",
                        "47.21"
                    ],
                    [
                        "-96.78",
                        "46.95"
                    ],
                    [
                        "-95.66",
                        "46.94"
                    ],
                    [
                        "-95.07",
                        "46.76"
                    ],
                    [
                        "-94.60",
                        "46.07"
                    ],
                    [
                        "-93.88",
                        "45.22"
                    ],
                    [
                        "-92.10",
                        "44.84"
                    ],
                    [
                        "-88.51",
                        "44.84"
                    ],
                    [
                        "-86.89",
                        "44.47"
                    ],
                    [
                        "-85.86",
                        "43.95"
                    ],
                    [
                        "-85.24",
                        "43.51"
                    ],
                    [
                        "-84.22",
                        "43.29"
                    ],
                    [
                        "-82.02",
                        "43.36"
                    ],
                    [
                        "-80.49",
                        "43.39"
                    ],
                    [
                        "-78.33",
                        "43.25"
                    ],
                    [
                        "-71.83",
                        "44.35"
                    ],
                    [
                        "-68.52",
                        "44.93"
                    ],
                    [
                        "-65.94",
                        "45.76"
                    ],
                    [
                        "-63.35",
                        "47.07"
                    ],
                    [
                        "-62.10",
                        "47.58"
                    ],
                    [
                        "-60.69",
                        "47.95"
                    ]
                ]
            },
            "properties": {
                "forecastId": null,
                "geometryId": null,
                "tag": "1C",
                "forecastHour": 0,
                "hazard": "FZLVL",
                "frequency": null,
                "severity": null,
                "status": "NRML",
                "base": null,
                "top": null,
                "fzlBase": null,
                "fzlTop": null,
                "level": "120",
                "product": "ZULU",
                "rawAirSigmet": null,
                "validTimeTo": "2026-08-20T15:00:00.000",
                "validTimeFrom": [
                    "2026-08-20T14:45"
                ]
            }
        },
        {
            "type": "Feature",
            "geometry": {
                "type": "Polygon",
                "coordinates": [
                    [
                        [
                            "-124.31",
                            "47.43"
                        ],
                        [
                            "-124.00",
                            "47.33"
                        ],
                        [
                            "-123.73",
                            "47.20"
                        ],
                        [
                            "-123.61",
                            "46.92"
                        ],
                        [
                            "-123.74",
                            "46.67"
                        ],
                        [
                            "-123.92",
                            "46.53"
                        ],
                        [
                            "-123.94",
                            "46.33"
                        ],
                        [
                            "-123.87",
                            "45.93"
                        ],
                        [
                            "-123.85",
                            "45.55"
                        ],
                        [
                            "-123.89",
                            "45.31"
                        ],
                        [
                            "-123.91",
                            "44.88"
                        ],
                        [
                            "-123.97",
                            "44.32"
                        ],
                        [
                            "-123.98",
                            "43.66"
                        ],
                        [
                            "-124.05",
                            "43.01"
                        ],
                        [
                            "-124.36",
                            "42.72"
                        ],
                        [
                            "-124.05",
                            "44.67"
                        ],
                        [
                            "-124.13",
                            "46.99"
                        ],
                        [
                            "-124.31",
                            "47.43"
                        ]
                    ]
                ]
            },
            "properties": {
                "forecastId": null,
                "geometryId": null,
                "tag": "5E",
                "forecastHour": 0,
                "hazard": "MT_OBSC",
                "frequency": null,
                "severity": null,
                "status": "NRML",
                "base": null,
                "top": null,
                "fzlBase": null,
                "fzlTop": null,
                "level": null,
                "product": "SIERRA",
                "rawAirSigmet": "MTNS OBSC BY CLDS BR FG",
                "validTimeTo": "2026-08-20T15:00:00.000",
                "validTimeFrom": [
                    "2026-08-20T14:45"
                ]
            }
        },
        {
            "type": "Feature",
            "geometry": {
                "type": "LineString",
                "coordinates": [
                    [
                        "-90.48",
                        "58.33"
                    ],
                    [
                        "-90.45",
                        "56.89"
                    ],
                    [
                        "-90.08",
                        "55.55"
                    ],
                    [
                        "-89.22",
                        "54.07"
                    ],
                    [
                        "-89.47",
                        "52.42"
                    ],
                    [
                        "-90.23",
                        "51.87"
                    ],
                    [
                        "-90.39",
                        "51.23"
                    ],
                    [
                        "-89.29",
                        "50.47"
                    ],
                    [
                        "-87.38",
                        "49.72"
                    ],
                    [
                        "-85.91",
                        "48.91"
                    ],
                    [
                        "-84.52",
                        "47.94"
                    ],
                    [
                        "-83.10",
                        "47.20"
                    ],
                    [
                        "-78.83",
                        "46.00"
                    ],
                    [
                        "-76.44",
                        "46.07"
                    ],
                    [
                        "-75.24",
                        "46.20"
                    ],
                    [
                        "-74.44",
                        "46.50"
                    ],
                    [
                        "-71.41",
                        "47.98"
                    ],
                    [
                        "-68.40",
                        "49.55"
                    ],
                    [
                        "-66.87",
                        "50.61"
                    ],
                    [
                        "-65.79",
                        "51.84"
                    ],
                    [
                        "-65.21",
                        "53.65"
                    ],
                    [
                        "-64.51",
                        "55.24"
                    ],
                    [
                        "-65.09",
                        "56.58"
                    ]
                ]
            },
            "properties": {
                "forecastId": null,
                "geometryId": null,
                "tag": "1C",
                "forecastHour": 0,
                "hazard": "FZLVL",
                "frequency": null,
                "severity": null,
                "status": "NRML",
                "base": null,
                "top": null,
                "fzlBase": null,
                "fzlTop": null,
                "level": "080",
                "product": "ZULU",
                "rawAirSigmet": null,
                "validTimeTo": "2026-08-20T15:00:00.000",
                "validTimeFrom": [
                    "2026-08-20T14:45"
                ]
            }
        },
        {
            "type": "Feature",
            "geometry": {
                "type": "Polygon",
                "coordinates": [
                    [
                        [
                            "-97.67",
                            "42.23"
                        ],
                        [
                            "-96.64",
                            "41.73"
                        ],
                        [
                            "-95.74",
                            "40.74"
                        ],
                        [
                            "-94.93",
                            "40.00"
                        ],
                        [
                            "-94.32",
                            "39.72"
                        ],
                        [
                            "-93.64",
                            "39.82"
                        ],
                        [
                            "-93.14",
                            "40.15"
                        ],
                        [
                            "-92.10",
                            "41.23"
                        ],
                        [
                            "-90.95",
                            "40.98"
                        ],
                        [
                            "-90.71",
                            "40.65"
                        ],
                        [
                            "-90.26",
                            "40.13"
                        ],
                        [
                            "-88.88",
                            "39.99"
                        ],
                        [
                            "-87.50",
                            "40.24"
                        ],
                        [
                            "-86.50",
                            "40.57"
                        ],
                        [
                            "-85.54",
                            "41.15"
                        ],
                        [
                            "-85.04",
                            "41.28"
                        ],
                        [
                            "-84.47",
                            "41.08"
                        ],
                        [
                            "-83.81",
                            "40.69"
                        ],
                        [
                            "-83.66",
                            "40.29"
                        ],
                        [
                            "-83.45",
                            "39.70"
                        ],
                        [
                            "-83.97",
                            "39.11"
                        ],
                        [
                            "-85.35",
                            "38.51"
                        ],
                        [
                            "-86.44",
                            "37.79"
                        ],
                        [
                            "-87.23",
                            "37.34"
                        ],
                        [
                            "-88.02",
                            "36.76"
                        ],
                        [
                            "-89.73",
                            "36.44"
                        ],
                        [
                            "-90.97",
                            "35.79"
                        ],
                        [
                            "-91.53",
                            "35.96"
                        ],
                        [
                            "-91.83",
                            "36.89"
                        ],
                        [
                            "-92.92",
                            "37.15"
                        ],
                        [
                            "-94.59",
                            "38.05"
                        ],
                        [
                            "-95.80",
                            "38.48"
                        ],
                        [
                            "-97.75",
                            "38.26"
                        ],
                        [
                            "-98.98",
                            "38.07"
                        ],
                        [
                            "-99.68",
                            "38.68"
                        ],
                        [
                            "-99.95",
                            "39.65"
                        ],
                        [
                            "-99.74",
                            "40.27"
                        ],
                        [
                            "-99.50",
                            "41.20"
                        ],
                        [
                            "-98.81",
                            "41.95"
                        ],
                        [
                            "-97.67",
                            "42.23"
                        ]
                    ]
                ]
            },
            "properties": {
                "forecastId": null,
                "geometryId": null,
                "tag": "3E",
                "forecastHour": 0,
                "hazard": "IFR",
                "frequency": null,
                "severity": null,
                "status": "NRML",
                "base": null,
                "top": null,
                "fzlBase": null,
                "fzlTop": null,
                "level": null,
                "product": "SIERRA",
                "rawAirSigmet": "CIG BLW 010 VIS BLW 3SM BR FG",
                "validTimeTo": "2026-08-20T15:00:00.000",
                "validTimeFrom": [
                    "2026-08-20T14:45"
                ]
            }
        },
        {
            "type": "Feature",
            "geometry": {
                "type": "Polygon",
                "coordinates": [
                    [
                        [
                            "-73.03",
                            "23.30"
                        ],
                        [
                            "-72.64",
                            "23.21"
                        ],
                        [
                            "-72.50",
                            "23.11"
                        ],
                        [
                            "-72.30",
                            "22.87"
                        ],
                        [
                            "-72.23",
                            "22.69"
                        ],
                        [
                            "-72.21",
                            "22.32"
                        ],
                        [
                            "-72.27",
                            "21.96"
                        ],
                        [
                            "-72.46",
                            "21.62"
                        ],
                        [
                            "-72.54",
                            "21.56"
                        ],
                        [
                            "-72.95",
                            "21.49"
                        ],
                        [
                            "-73.33",
                            "21.60"
                        ],
                        [
                            "-73.68",
                            "21.80"
                        ],
                        [
                            "-73.69",
                            "21.82"
                        ],
                        [
                            "-74.00",
                            "22.22"
                        ],
                        [
                            "-74.00",
                            "22.35"
                        ],
                        [
                            "-73.98",
                            "22.59"
                        ],
                        [
                            "-73.95",
                            "22.65"
                        ],
                        [
                            "-73.76",
                            "22.92"
                        ],
                        [
                            "-73.46",
                            "23.17"
                        ],
                        [
                            "-73.29",
                            "23.23"
                        ],
                        [
                            "-73.03",
                            "23.30"
                        ]
                    ]
                ]
            },
            "properties": {
                "forecastId": null,
                "geometryId": null,
                "tag": "1C",
                "forecastHour": 0,
                "hazard": "FZLVL",
                "frequency": null,
                "severity": null,
                "status": "NRML",
                "base": null,
                "top": null,
                "fzlBase": null,
                "fzlTop": null,
                "level": "160",
                "product": "ZULU",
                "rawAirSigmet": null,
                "validTimeTo": "2026-08-20T15:00:00.000",
                "validTimeFrom": [
                    "2026-08-20T14:45"
                ]
            }
        },
        {
            "type": "Feature",
            "geometry": {
                "type": "Polygon",
                "coordinates": [
                    [
                        [
                            "-75.11",
                            "43.01"
                        ],
                        [
                            "-74.36",
                            "42.72"
                        ],
                        [
                            "-73.98",
                            "42.34"
                        ],
                        [
                            "-74.51",
                            "41.64"
                        ],
                        [
                            "-75.04",
                            "41.06"
                        ],
                        [
                            "-75.39",
                            "39.95"
                        ],
                        [
                            "-76.17",
                            "39.19"
                        ],
                        [
                            "-77.18",
                            "38.28"
                        ],
                        [
                            "-77.70",
                            "38.35"
                        ],
                        [
                            "-76.96",
                            "39.35"
                        ],
                        [
                            "-76.95",
                            "39.77"
                        ],
                        [
                            "-77.64",
                            "39.87"
                        ],
                        [
                            "-78.38",
                            "39.52"
                        ],
                        [
                            "-79.33",
                            "39.17"
                        ],
                        [
                            "-80.08",
                            "38.43"
                        ],
                        [
                            "-81.06",
                            "37.84"
                        ],
                        [
                            "-81.36",
                            "37.93"
                        ],
                        [
                            "-82.19",
                            "38.22"
                        ],
                        [
                            "-83.22",
                            "38.91"
                        ],
                        [
                            "-83.62",
                            "39.51"
                        ],
                        [
                            "-83.65",
                            "40.10"
                        ],
                        [
                            "-83.26",
                            "40.72"
                        ],
                        [
                            "-82.37",
                            "41.37"
                        ],
                        [
                            "-81.03",
                            "41.88"
                        ],
                        [
                            "-79.83",
                            "42.40"
                        ],
                        [
                            "-78.11",
                            "42.56"
                        ],
                        [
                            "-75.99",
                            "42.92"
                        ],
                        [
                            "-75.11",
                            "43.01"
                        ]
                    ]
                ]
            },
            "properties": {
                "forecastId": null,
                "geometryId": null,
                "tag": "1C",
                "forecastHour": 0,
                "hazard": "ICE",
                "frequency": null,
                "severity": "MOD",
                "status": "NRML",
                "base": "FZL",
                "top": "270",
                "fzlBase": "130",
                "fzlTop": "150",
                "level": null,
                "product": "ZULU",
                "rawAirSigmet": "ICE",
                "validTimeTo": "2026-08-20T15:00:00.000",
                "validTimeFrom": [
                    "2026-08-20T14:45"
                ]
            }
        },
        {
            "type": "Feature",
            "geometry": {
                "type": "Polygon",
                "coordinates": [
                    [
                        [
                            "-70.48",
                            "29.83"
                        ],
                        [
                            "-70.53",
                            "29.82"
                        ],
                        [
                            "-70.94",
                            "29.54"
                        ],
                        [
                            "-71.03",
                            "29.45"
                        ],
                        [
                            "-71.23",
                            "29.21"
                        ],
                        [
                            "-71.44",
                            "28.87"
                        ],
                        [
                            "-71.56",
                            "28.52"
                        ],
                        [
                            "-71.47",
                            "28.14"
                        ],
                        [
                            "-71.32",
                            "28.01"
                        ],
                        [
                            "-70.93",
                            "27.88"
                        ],
                        [
                            "-70.52",
                            "27.82"
                        ],
                        [
                            "-70.10",
                            "27.81"
                        ],
                        [
                            "-69.74",
                            "27.86"
                        ],
                        [
                            "-69.67",
                            "27.87"
                        ],
                        [
                            "-69.20",
                            "28.08"
                        ],
                        [
                            "-69.12",
                            "28.13"
                        ],
                        [
                            "-68.81",
                            "28.44"
                        ],
                        [
                            "-68.65",
                            "28.79"
                        ],
                        [
                            "-68.70",
                            "29.17"
                        ],
                        [
                            "-68.92",
                            "29.35"
                        ],
                        [
                            "-69.29",
                            "29.60"
                        ],
                        [
                            "-69.41",
                            "29.66"
                        ],
                        [
                            "-69.68",
                            "29.77"
                        ],
                        [
                            "-70.09",
                            "29.87"
                        ],
                        [
                            "-70.48",
                            "29.83"
                        ]
                    ]
                ]
            },
            "properties": {
                "forecastId": null,
                "geometryId": null,
                "tag": "1C",
                "forecastHour": 0,
                "hazard": "FZLVL",
                "frequency": null,
                "severity": null,
                "status": "NRML",
                "base": null,
                "top": null,
                "fzlBase": null,
                "fzlTop": null,
                "level": "160",
                "product": "ZULU",
                "rawAirSigmet": null,
                "validTimeTo": "2026-08-20T15:00:00.000",
                "validTimeFrom": [
                    "2026-08-20T14:45"
                ]
            }
        },
        {
            "type": "Feature",
            "geometry": {
                "type": "Polygon",
                "coordinates": [
                    [
                        [
                            "-69.96",
                            "46.34"
                        ],
                        [
                            "-69.18",
                            "44.72"
                        ],
                        [
                            "-69.99",
                            "43.60"
                        ],
                        [
                            "-72.18",
                            "42.97"
                        ],
                        [
                            "-76.23",
                            "40.28"
                        ],
                        [
                            "-81.87",
                            "37.39"
                        ],
                        [
                            "-85.39",
                            "36.67"
                        ],
                        [
                            "-87.07",
                            "37.46"
                        ],
                        [
                            "-86.81",
                            "37.98"
                        ],
                        [
                            "-85.72",
                            "39.47"
                        ],
                        [
                            "-82.68",
                            "41.74"
                        ],
                        [
                            "-79.12",
                            "42.86"
                        ],
                        [
                            "-78.75",
                            "42.86"
                        ],
                        [
                            "-79.02",
                            "43.54"
                        ],
                        [
                            "-76.80",
                            "43.76"
                        ],
                        [
                            "-74.50",
                            "45.02"
                        ],
                        [
                            "-71.10",
                            "45.24"
                        ],
                        [
                            "-69.96",
                            "46.34"
                        ]
                    ]
                ]
            },
            "properties": {
                "forecastId": null,
                "geometryId": null,
                "tag": "2W",
                "forecastHour": 0,
                "hazard": "TURB-HI",
                "frequency": null,
                "severity": "MOD",
                "status": "NRML",
                "base": "290",
                "top": "400",
                "fzlBase": null,
                "fzlTop": null,
                "level": null,
                "product": "TANGO",
                "rawAirSigmet": null,
                "validTimeTo": "2026-08-20T15:00:00.000",
                "validTimeFrom": [
                    "2026-08-20T14:45"
                ]
            }
        },
        {
            "type": "Feature",
            "geometry": {
                "type": "Polygon",
                "coordinates": [
                    [
                        [
                            "-67.02",
                            "44.73"
                        ],
                        [
                            "-66.81",
                            "44.59"
                        ],
                        [
                            "-67.00",
                            "43.55"
                        ],
                        [
                            "-67.88",
                            "43.48"
                        ],
                        [
                            "-68.43",
                            "43.63"
                        ],
                        [
                            "-68.09",
                            "44.20"
                        ],
                        [
                            "-67.48",
                            "44.66"
                        ],
                        [
                            "-67.02",
                            "44.73"
                        ]
                    ]
                ]
            },
            "properties": {
                "forecastId": null,
                "geometryId": null,
                "tag": "4E",
                "forecastHour": 0,
                "hazard": "IFR",
                "frequency": null,
                "severity": null,
                "status": "NRML",
                "base": null,
                "top": null,
                "fzlBase": null,
                "fzlTop": null,
                "level": null,
                "product": "SIERRA",
                "rawAirSigmet": "CIG BLW 010 VIS BLW 3SM BR FG",
                "validTimeTo": "2026-08-20T15:00:00.000",
                "validTimeFrom": [
                    "2026-08-20T14:45"
                ]
            }
        },
        {
            "type": "Feature",
            "geometry": {
                "type": "Polygon",
                "coordinates": [
                    [
                        [
                            "-68.71",
                            "34.34"
                        ],
                        [
                            "-68.65",
                            "34.29"
                        ],
                        [
                            "-68.44",
                            "33.93"
                        ],
                        [
                            "-68.32",
                            "33.83"
                        ],
                        [
                            "-67.93",
                            "33.60"
                        ],
                        [
                            "-67.50",
                            "33.56"
                        ],
                        [
                            "-67.13",
                            "33.71"
                        ],
                        [
                            "-66.94",
                            "34.02"
                        ],
                        [
                            "-66.93",
                            "34.04"
                        ],
                        [
                            "-66.93",
                            "34.05"
                        ],
                        [
                            "-67.31",
                            "34.32"
                        ],
                        [
                            "-67.73",
                            "34.44"
                        ],
                        [
                            "-68.16",
                            "34.50"
                        ],
                        [
                            "-68.63",
                            "34.41"
                        ],
                        [
                            "-68.71",
                            "34.34"
                        ]
                    ]
                ]
            },
            "properties": {
                "forecastId": null,
                "geometryId": null,
                "tag": "1C",
                "forecastHour": 0,
                "hazard": "FZLVL",
                "frequency": null,
                "severity": null,
                "status": "NRML",
                "base": null,
                "top": null,
                "fzlBase": null,
                "fzlTop": null,
                "level": "160",
                "product": "ZULU",
                "rawAirSigmet": null,
                "validTimeTo": "2026-08-20T15:00:00.000",
                "validTimeFrom": [
                    "2026-08-20T14:45"
                ]
            }
        },
        {
            "type": "Feature",
            "geometry": {
                "type": "Polygon",
                "coordinates": [
                    [
                        [
                            "-123.14",
                            "38.49"
                        ],
                        [
                            "-122.19",
                            "38.21"
                        ],
                        [
                            "-122.10",
                            "38.21"
                        ],
                        [
                            "-122.12",
                            "37.99"
                        ],
                        [
                            "-122.19",
                            "37.76"
                        ],
                        [
                            "-122.10",
                            "37.64"
                        ],
                        [
                            "-122.13",
                            "37.39"
                        ],
                        [
                            "-122.18",
                            "37.28"
                        ],
                        [
                            "-121.93",
                            "36.93"
                        ],
                        [
                            "-121.56",
                            "36.87"
                        ],
                        [
                            "-121.81",
                            "36.61"
                        ],
                        [
                            "-122.75",
                            "37.93"
                        ],
                        [
                            "-123.14",
                            "38.49"
                        ]
                    ]
                ]
            },
            "properties": {
                "forecastId": null,
                "geometryId": null,
                "tag": "6E",
                "forecastHour": 0,
                "hazard": "MT_OBSC",
                "frequency": null,
                "severity": null,
                "status": "NRML",
                "base": null,
                "top": null,
                "fzlBase": null,
                "fzlTop": null,
                "level": null,
                "product": "SIERRA",
                "rawAirSigmet": "MTNS OBSC BY CLDS BR FG",
                "validTimeTo": "2026-08-20T15:00:00.000",
                "validTimeFrom": [
                    "2026-08-20T14:45"
                ]
            }
        },
        {
            "type": "Feature",
            "geometry": {
                "type": "LineString",
                "coordinates": [
                    [
                        "-84.03",
                        "19.29"
                    ],
                    [
                        "-84.04",
                        "19.66"
                    ],
                    [
                        "-84.12",
                        "20.03"
                    ],
                    [
                        "-84.14",
                        "20.07"
                    ],
                    [
                        "-84.40",
                        "20.42"
                    ],
                    [
                        "-84.49",
                        "20.50"
                    ],
                    [
                        "-84.87",
                        "20.66"
                    ],
                    [
                        "-85.26",
                        "20.66"
                    ],
                    [
                        "-85.66",
                        "20.52"
                    ],
                    [
                        "-85.68",
                        "20.50"
                    ],
                    [
                        "-86.06",
                        "20.27"
                    ],
                    [
                        "-86.27",
                        "20.18"
                    ],
                    [
                        "-86.47",
                        "20.09"
                    ],
                    [
                        "-86.86",
                        "19.95"
                    ],
                    [
                        "-87.07",
                        "19.86"
                    ],
                    [
                        "-87.26",
                        "19.76"
                    ],
                    [
                        "-87.63",
                        "19.52"
                    ]
                ]
            },
            "properties": {
                "forecastId": null,
                "geometryId": null,
                "tag": "1C",
                "forecastHour": 0,
                "hazard": "FZLVL",
                "frequency": null,
                "severity": null,
                "status": "NRML",
                "base": null,
                "top": null,
                "fzlBase": null,
                "fzlTop": null,
                "level": "160",
                "product": "ZULU",
                "rawAirSigmet": null,
                "validTimeTo": "2026-08-20T15:00:00.000",
                "validTimeFrom": [
                    "2026-08-20T14:45"
                ]
            }
        },
        {
            "type": "Feature",
            "geometry": {
                "type": "Polygon",
                "coordinates": [
                    [
                        [
                            "-94.55",
                            "48.95"
                        ],
                        [
                            "-93.51",
                            "48.64"
                        ],
                        [
                            "-90.01",
                            "48.14"
                        ],
                        [
                            "-88.30",
                            "48.27"
                        ],
                        [
                            "-87.30",
                            "47.84"
                        ],
                        [
                            "-87.91",
                            "47.49"
                        ],
                        [
                            "-88.93",
                            "47.37"
                        ],
                        [
                            "-89.80",
                            "46.94"
                        ],
                        [
                            "-91.13",
                            "45.98"
                        ],
                        [
                            "-93.45",
                            "45.22"
                        ],
                        [
                            "-94.68",
                            "45.20"
                        ],
                        [
                            "-95.62",
                            "45.58"
                        ],
                        [
                            "-95.77",
                            "46.39"
                        ],
                        [
                            "-95.17",
                            "46.92"
                        ],
                        [
                            "-94.58",
                            "47.92"
                        ],
                        [
                            "-94.55",
                            "48.95"
                        ]
                    ]
                ]
            },
            "properties": {
                "forecastId": null,
                "geometryId": null,
                "tag": "6E",
                "forecastHour": 0,
                "hazard": "IFR",
                "frequency": null,
                "severity": null,
                "status": "NRML",
                "base": null,
                "top": null,
                "fzlBase": null,
                "fzlTop": null,
                "level": null,
                "product": "SIERRA",
                "rawAirSigmet": "CIG BLW 010 VIS BLW 3SM PCPN BR",
                "validTimeTo": "2026-08-20T15:00:00.000",
                "validTimeFrom": [
                    "2026-08-20T14:45"
                ]
            }
        },
        {
            "type": "Feature",
            "geometry": {
                "type": "LineString",
                "coordinates": [
                    [
                        "-108.34",
                        "19.09"
                    ],
                    [
                        "-108.15",
                        "20.21"
                    ],
                    [
                        "-107.84",
                        "20.77"
                    ],
                    [
                        "-107.12",
                        "21.02"
                    ],
                    [
                        "-105.68",
                        "20.78"
                    ],
                    [
                        "-105.08",
                        "20.02"
                    ],
                    [
                        "-103.90",
                        "19.78"
                    ],
                    [
                        "-103.36",
                        "20.56"
                    ],
                    [
                        "-102.86",
                        "21.66"
                    ],
                    [
                        "-101.68",
                        "21.79"
                    ],
                    [
                        "-100.12",
                        "22.02"
                    ],
                    [
                        "-98.55",
                        "22.13"
                    ],
                    [
                        "-98.09",
                        "21.83"
                    ],
                    [
                        "-97.99",
                        "21.14"
                    ],
                    [
                        "-97.33",
                        "20.41"
                    ],
                    [
                        "-96.95",
                        "19.70"
                    ]
                ]
            },
            "properties": {
                "forecastId": null,
                "geometryId": null,
                "tag": "1C",
                "forecastHour": 0,
                "hazard": "FZLVL",
                "frequency": null,
                "severity": null,
                "status": "NRML",
                "base": null,
                "top": null,
                "fzlBase": null,
                "fzlTop": null,
                "level": "160",
                "product": "ZULU",
                "rawAirSigmet": null,
                "validTimeTo": "2026-08-20T15:00:00.000",
                "validTimeFrom": [
                    "2026-08-20T14:45"
                ]
            }
        },
        {
            "type": "Feature",
            "geometry": {
                "type": "Polygon",
                "coordinates": [
                    [
                        [
                            "-124.26",
                            "42.06"
                        ],
                        [
                            "-124.07",
                            "41.57"
                        ],
                        [
                            "-124.01",
                            "41.14"
                        ],
                        [
                            "-124.23",
                            "40.74"
                        ],
                        [
                            "-124.26",
                            "42.06"
                        ]
                    ]
                ]
            },
            "properties": {
                "forecastId": null,
                "geometryId": null,
                "tag": "1E",
                "forecastHour": 0,
                "hazard": "MT_OBSC",
                "frequency": null,
                "severity": null,
                "status": "NRML",
                "base": null,
                "top": null,
                "fzlBase": null,
                "fzlTop": null,
                "level": null,
                "product": "SIERRA",
                "rawAirSigmet": "MTNS OBSC BY CLDS BR FG",
                "validTimeTo": "2026-08-20T15:00:00.000",
                "validTimeFrom": [
                    "2026-08-20T14:45"
                ]
            }
        },
        {
            "type": "Feature",
            "geometry": {
                "type": "LineString",
                "coordinates": [
                    [
                        "-136.59",
                        "53.37"
                    ],
                    [
                        "-136.02",
                        "53.34"
                    ],
                    [
                        "-135.76",
                        "53.30"
                    ],
                    [
                        "-135.43",
                        "53.26"
                    ],
                    [
                        "-134.85",
                        "53.21"
                    ],
                    [
                        "-134.35",
                        "53.33"
                    ],
                    [
                        "-134.12",
                        "53.60"
                    ],
                    [
                        "-134.03",
                        "53.80"
                    ],
                    [
                        "-134.02",
                        "53.95"
                    ],
                    [
                        "-134.03",
                        "54.27"
                    ],
                    [
                        "-134.01",
                        "54.60"
                    ]
                ]
            },
            "properties": {
                "forecastId": null,
                "geometryId": null,
                "tag": "1C",
                "forecastHour": 0,
                "hazard": "FZLVL",
                "frequency": null,
                "severity": null,
                "status": "NRML",
                "base": null,
                "top": null,
                "fzlBase": null,
                "fzlTop": null,
                "level": "120",
                "product": "ZULU",
                "rawAirSigmet": null,
                "validTimeTo": "2026-08-20T15:00:00.000",
                "validTimeFrom": [
                    "2026-08-20T14:45"
                ]
            }
        },
        {
            "type": "Feature",
            "geometry": {
                "type": "Polygon",
                "coordinates": [
                    [
                        [
                            "-77.54",
                            "42.08"
                        ],
                        [
                            "-77.16",
                            "41.83"
                        ],
                        [
                            "-76.91",
                            "41.55"
                        ],
                        [
                            "-77.00",
                            "40.74"
                        ],
                        [
                            "-77.62",
                            "40.40"
                        ],
                        [
                            "-78.46",
                            "40.25"
                        ],
                        [
                            "-79.09",
                            "40.06"
                        ],
                        [
                            "-79.56",
                            "39.57"
                        ],
                        [
                            "-80.13",
                            "38.78"
                        ],
                        [
                            "-81.06",
                            "37.44"
                        ],
                        [
                            "-81.96",
                            "36.20"
                        ],
                        [
                            "-83.06",
                            "35.72"
                        ],
                        [
                            "-83.75",
                            "35.87"
                        ],
                        [
                            "-84.38",
                            "36.28"
                        ],
                        [
                            "-84.62",
                            "36.69"
                        ],
                        [
                            "-84.32",
                            "37.13"
                        ],
                        [
                            "-83.81",
                            "37.67"
                        ],
                        [
                            "-83.39",
                            "38.39"
                        ],
                        [
                            "-83.15",
                            "39.34"
                        ],
                        [
                            "-82.85",
                            "39.84"
                        ],
                        [
                            "-81.89",
                            "40.62"
                        ],
                        [
                            "-81.43",
                            "41.06"
                        ],
                        [
                            "-80.28",
                            "41.60"
                        ],
                        [
                            "-79.31",
                            "41.91"
                        ],
                        [
                            "-78.34",
                            "42.07"
                        ],
                        [
                            "-77.54",
                            "42.08"
                        ]
                    ]
                ]
            },
            "properties": {
                "forecastId": null,
                "geometryId": null,
                "tag": "1E",
                "forecastHour": 0,
                "hazard": "IFR",
                "frequency": null,
                "severity": null,
                "status": "NRML",
                "base": null,
                "top": null,
                "fzlBase": null,
                "fzlTop": null,
                "level": null,
                "product": "SIERRA",
                "rawAirSigmet": "CIG BLW 010 VIS BLW 3SM PCPN BR",
                "validTimeTo": "2026-08-20T15:00:00.000",
                "validTimeFrom": [
                    "2026-08-20T14:45"
                ]
            }
        },
        {
            "type": "Feature",
            "geometry": {
                "type": "Polygon",
                "coordinates": [
                    [
                        [
                            "-81.45",
                            "29.92"
                        ],
                        [
                            "-80.81",
                            "29.52"
                        ],
                        [
                            "-80.71",
                            "28.27"
                        ],
                        [
                            "-81.18",
                            "27.79"
                        ],
                        [
                            "-81.88",
                            "27.69"
                        ],
                        [
                            "-82.54",
                            "27.42"
                        ],
                        [
                            "-83.08",
                            "27.04"
                        ],
                        [
                            "-83.58",
                            "26.84"
                        ],
                        [
                            "-83.60",
                            "27.25"
                        ],
                        [
                            "-84.00",
                            "28.10"
                        ],
                        [
                            "-84.83",
                            "29.19"
                        ],
                        [
                            "-84.04",
                            "29.36"
                        ],
                        [
                            "-83.74",
                            "28.87"
                        ],
                        [
                            "-82.78",
                            "28.50"
                        ],
                        [
                            "-82.37",
                            "28.21"
                        ],
                        [
                            "-81.79",
                            "28.72"
                        ],
                        [
                            "-82.12",
                            "29.03"
                        ],
                        [
                            "-82.39",
                            "29.29"
                        ],
                        [
                            "-81.45",
                            "29.92"
                        ]
                    ]
                ]
            },
            "properties": {
                "forecastId": null,
                "geometryId": null,
                "tag": "4C",
                "forecastHour": 0,
                "hazard": "ICE",
                "frequency": null,
                "severity": "MOD",
                "status": "NRML",
                "base": "150",
                "top": "260",
                "fzlBase": null,
                "fzlTop": null,
                "level": null,
                "product": "ZULU",
                "rawAirSigmet": "ICE",
                "validTimeTo": "2026-08-20T15:00:00.000",
                "validTimeFrom": [
                    "2026-08-20T14:45"
                ]
            }
        }
    ],
    "metadata": {
        "creationTime": "2026-08-20T15:40"
    }
}