{
    "type": "FeatureCollection",
    "features": [
        {
            "type": "Feature",
            "geometry": {
                "type": "Polygon",
                "coordinates": [
                    [
                        [
                            "-100.13",
                            "39.90"
                        ],
                        [
                            "-98.80",
                            "39.88"
                        ],
                        [
                            "-98.20",
                            "39.53"
                        ],
                        [
                            "-98.29",
                            "38.67"
                        ],
                        [
                            "-99.22",
                            "38.05"
                        ],
                        [
                            "-100.30",
                            "37.98"
                        ],
                        [
                            "-101.29",
                            "37.42"
                        ],
                        [
                            "-102.47",
                            "37.28"
                        ],
                        [
                            "-102.96",
                            "37.93"
                        ],
                        [
                            "-102.66",
                            "38.82"
                        ],
                        [
                            "-101.55",
                            "39.55"
                        ],
                        [
                            "-100.13",
                            "39.90"
                        ]
                    ]
                ]
            },
            "properties": {
                "forecastId": null,
                "geometryId": null,
                "tag": "1C",
                "forecastHour": 3,
                "hazard": "ICE",
                "frequency": null,
                "severity": "MOD",
                "status": "NRML",
                "base": "160",
                "top": "270",
                "fzlBase": null,
                "fzlTop": null,
                "level": null,
                "product": "ZULU",
                "rawAirSigmet": "ICE",
                "validTimeTo": "2026-07-28T12:00:00.000",
                "validTimeFrom": [
                    "2026-07-28T09:37"
                ]
            }
        },
        {
            "type": "Feature",
            "geometry": {
                "type": "Polygon",
                "coordinates": [
                    [
                        [
                            "-122.80",
                            "48.95"
                        ],
                        [
                            "-121.93",
                            "48.94"
                        ],
                        [
                            "-121.56",
                            "48.63"
                        ],
                        [
                            "-121.08",
                            "47.31"
                        ],
                        [
                            "-121.86",
                            "45.31"
                        ],
                        [
                            "-122.39",
                            "44.07"
                        ],
                        [
                            "-123.04",
                            "42.99"
                        ],
                        [
                            "-123.84",
                            "42.80"
                        ],
                        [
                            "-124.30",
                            "42.45"
                        ],
                        [
                            "-124.41",
                            "43.07"
                        ],
                        [
                            "-124.01",
                            "44.71"
                        ],
                        [
                            "-124.18",
                            "47.08"
                        ],
                        [
                            "-124.68",
                            "48.50"
                        ],
                        [
                            "-123.61",
                            "48.15"
                        ],
                        [
                            "-122.80",
                            "48.95"
                        ]
                    ]
                ]
            },
            "properties": {
                "forecastId": null,
                "geometryId": null,
                "tag": "3E",
                "forecastHour": 3,
                "hazard": "MT_OBSC",
                "frequency": null,
                "severity": null,
                "status": "NRML",
                "base": null,
                "top": null,
                "fzlBase": null,
                "fzlTop": null,
                "level": null,
                "product": "SIERRA",
                "rawAirSigmet": "MTNS OBSC BY CLDS BR FG",
                "validTimeTo": "2026-07-28T12:00:00.000",
                "validTimeFrom": [
                    "2026-07-28T08:45"
                ]
            }
        },
        {
            "type": "Feature",
            "geometry": {
                "type": "Polygon",
                "coordinates": [
                    [
                        [
                            "-124.06",
                            "42.19"
                        ],
                        [
                            "-123.59",
                            "41.35"
                        ],
                        [
                            "-123.75",
                            "40.80"
                        ],
                        [
                            "-123.47",
                            "40.15"
                        ],
                        [
                            "-123.98",
                            "40.16"
                        ],
                        [
                            "-124.20",
                            "40.64"
                        ],
                        [
                            "-124.28",
                            "42.11"
                        ],
                        [
                            "-124.06",
                            "42.19"
                        ]
                    ]
                ]
            },
            "properties": {
                "forecastId": null,
                "geometryId": null,
                "tag": "4E",
                "forecastHour": 3,
                "hazard": "MT_OBSC",
                "frequency": null,
                "severity": null,
                "status": "NRML",
                "base": null,
                "top": null,
                "fzlBase": null,
                "fzlTop": null,
                "level": null,
                "product": "SIERRA",
                "rawAirSigmet": "MTNS OBSC BY CLDS BR FG",
                "validTimeTo": "2026-07-28T12:00:00.000",
                "validTimeFrom": [
                    "2026-07-28T08:45"
                ]
            }
        },
        {
            "type": "Feature",
            "geometry": {
                "type": "Polygon",
                "coordinates": [
                    [
                        [
                            "-77.20",
                            "37.35"
                        ],
                        [
                            "-76.22",
                            "36.75"
                        ],
                        [
                            "-76.06",
                            "36.11"
                        ],
                        [
                            "-76.35",
                            "35.25"
                        ],
                        [
                            "-76.97",
                            "34.55"
                        ],
                        [
                            "-78.20",
                            "33.97"
                        ],
                        [
                            "-80.86",
                            "32.75"
                        ],
                        [
                            "-82.85",
                            "32.91"
                        ],
                        [
                            "-83.64",
                            "33.89"
                        ],
                        [
                            "-84.16",
                            "34.69"
                        ],
                        [
                            "-84.20",
                            "35.58"
                        ],
                        [
                            "-83.54",
                            "36.10"
                        ],
                        [
                            "-81.74",
                            "35.40"
                        ],
                        [
                            "-80.23",
                            "35.02"
                        ],
                        [
                            "-79.58",
                            "35.67"
                        ],
                        [
                            "-78.57",
                            "36.59"
                        ],
                        [
                            "-77.20",
                            "37.35"
                        ]
                    ]
                ]
            },
            "properties": {
                "forecastId": null,
                "geometryId": null,
                "tag": "7E",
                "forecastHour": 3,
                "hazard": "IFR",
                "frequency": null,
                "severity": null,
                "status": "NRML",
                "base": null,
                "top": null,
                "fzlBase": null,
                "fzlTop": null,
                "level": null,
                "product": "SIERRA",
                "rawAirSigmet": "CIG BLW 010 VIS BLW 3SM BR FG",
                "validTimeTo": "2026-07-28T12:00:00.000",
                "validTimeFrom": [
                    "2026-07-28T08:45"
                ]
            }
        },
        {
            "type": "Feature",
            "geometry": {
                "type": "Polygon",
                "coordinates": [
                    [
                        [
                            "-99.93",
                            "49.01"
                        ],
                        [
                            "-100.03",
                            "47.83"
                        ],
                        [
                            "-103.19",
                            "47.43"
                        ],
                        [
                            "-107.09",
                            "46.64"
                        ],
                        [
                            "-109.68",
                            "45.41"
                        ],
                        [
                            "-111.60",
                            "45.15"
                        ],
                        [
                            "-116.32",
                            "44.52"
                        ],
                        [
                            "-117.96",
                            "45.25"
                        ],
                        [
                            "-111.00",
                            "48.93"
                        ],
                        [
                            "-104.86",
                            "48.93"
                        ],
                        [
                            "-99.93",
                            "49.01"
                        ]
                    ]
                ]
            },
            "properties": {
                "forecastId": null,
                "geometryId": null,
                "tag": "1W",
                "forecastHour": 3,
                "hazard": "TURB-HI",
                "frequency": null,
                "severity": "MOD",
                "status": "NRML",
                "base": "290",
                "top": "420",
                "fzlBase": null,
                "fzlTop": null,
                "level": null,
                "product": "TANGO",
                "rawAirSigmet": null,
                "validTimeTo": "2026-07-28T12:00:00.000",
                "validTimeFrom": [
                    "2026-07-28T10:53"
                ]
            }
        },
        {
            "type": "Feature",
            "geometry": {
                "type": "Polygon",
                "coordinates": [
                    [
                        [
                            "-113.26",
                            "49.08"
                        ],
                        [
                            "-111.31",
                            "47.47"
                        ],
                        [
                            "-109.78",
                            "48.50"
                        ],
                        [
                            "-107.75",
                            "45.88"
                        ],
                        [
                            "-108.68",
                            "45.18"
                        ],
                        [
                            "-109.94",
                            "45.02"
                        ],
                        [
                            "-111.16",
                            "43.63"
                        ],
                        [
                            "-112.51",
                            "43.02"
                        ],
                        [
                            "-113.73",
                            "42.57"
                        ],
                        [
                            "-114.87",
                            "41.51"
                        ],
                        [
                            "-115.23",
                            "40.50"
                        ],
                        [
                            "-115.97",
                            "39.93"
                        ],
                        [
                            "-116.42",
                            "40.00"
                        ],
                        [
                            "-116.59",
                            "40.72"
                        ],
                        [
                            "-117.40",
                            "41.01"
                        ],
                        [
                            "-118.84",
                            "41.30"
                        ],
                        [
                            "-120.38",
                            "41.71"
                        ],
                        [
                            "-121.15",
                            "42.32"
                        ],
                        [
                            "-121.21",
                            "43.17"
                        ],
                        [
                            "-121.50",
                            "44.67"
                        ],
                        [
                            "-121.55",
                            "45.20"
                        ],
                        [
                            "-120.77",
                            "46.44"
                        ],
                        [
                            "-119.38",
                            "47.67"
                        ],
                        [
                            "-119.42",
                            "49.00"
                        ],
                        [
                            "-115.88",
                            "49.02"
                        ],
                        [
                            "-113.26",
                            "49.08"
                        ]
                    ]
                ]
            },
            "properties": {
                "forecastId": null,
                "geometryId": null,
                "tag": "1E",
                "forecastHour": 3,
                "hazard": "MT_OBSC",
                "frequency": null,
                "severity": null,
                "status": "NRML",
                "base": null,
                "top": null,
                "fzlBase": null,
                "fzlTop": null,
                "level": null,
                "product": "SIERRA",
                "rawAirSigmet": "FU HZ",
                "validTimeTo": "2026-07-28T12:00:00.000",
                "validTimeFrom": [
                    "2026-07-28T08:45"
                ]
            }
        },
        {
            "type": "Feature",
            "geometry": {
                "type": "Polygon",
                "coordinates": [
                    [
                        [
                            "-81.32",
                            "39.84"
                        ],
                        [
                            "-80.44",
                            "39.71"
                        ],
                        [
                            "-80.00",
                            "39.39"
                        ],
                        [
                            "-80.59",
                            "38.69"
                        ],
                        [
                            "-80.73",
                            "38.42"
                        ],
                        [
                            "-80.86",
                            "37.95"
                        ],
                        [
                            "-81.61",
                            "37.69"
                        ],
                        [
                            "-82.55",
                            "37.07"
                        ],
                        [
                            "-83.46",
                            "36.92"
                        ],
                        [
                            "-84.60",
                            "37.13"
                        ],
                        [
                            "-85.72",
                            "36.85"
                        ],
                        [
                            "-86.60",
                            "37.07"
                        ],
                        [
                            "-87.10",
                            "37.97"
                        ],
                        [
                            "-86.26",
                            "38.18"
                        ],
                        [
                            "-84.65",
                            "39.16"
                        ],
                        [
                            "-82.28",
                            "39.27"
                        ],
                        [
                            "-81.32",
                            "39.84"
                        ]
                    ]
                ]
            },
            "properties": {
                "forecastId": null,
                "geometryId": null,
                "tag": "2W",
                "forecastHour": 3,
                "hazard": "LLWS",
                "frequency": null,
                "severity": null,
                "status": "NRML",
                "base": null,
                "top": null,
                "fzlBase": null,
                "fzlTop": null,
                "level": null,
                "product": "TANGO",
                "rawAirSigmet": "AIR SPEED LOSS OR GAIN OF 20KTS OR MORE BELOW 2000 FT AGL",
                "validTimeTo": "2026-07-28T12:00:00.000",
                "validTimeFrom": [
                    "2026-07-28T10:53"
                ]
            }
        },
        {
            "type": "Feature",
            "geometry": {
                "type": "LineString",
                "coordinates": [
                    [
                        "-135.03",
                        "44.49"
                    ],
                    [
                        "-133.22",
                        "44.81"
                    ],
                    [
                        "-131.17",
                        "44.89"
                    ],
                    [
                        "-129.57",
                        "45.15"
                    ],
                    [
                        "-128.39",
                        "45.48"
                    ],
                    [
                        "-125.39",
                        "46.17"
                    ],
                    [
                        "-123.76",
                        "47.03"
                    ],
                    [
                        "-122.14",
                        "48.04"
                    ],
                    [
                        "-120.81",
                        "48.64"
                    ],
                    [
                        "-118.86",
                        "49.73"
                    ],
                    [
                        "-117.58",
                        "50.74"
                    ],
                    [
                        "-117.02",
                        "51.35"
                    ],
                    [
                        "-116.74",
                        "52.10"
                    ],
                    [
                        "-116.54",
                        "52.62"
                    ],
                    [
                        "-115.86",
                        "52.80"
                    ],
                    [
                        "-114.71",
                        "52.73"
                    ],
                    [
                        "-113.46",
                        "52.99"
                    ],
                    [
                        "-112.39",
                        "53.41"
                    ],
                    [
                        "-110.92",
                        "53.72"
                    ],
                    [
                        "-106.94",
                        "54.88"
                    ],
                    [
                        "-105.29",
                        "54.87"
                    ],
                    [
                        "-104.18",
                        "54.52"
                    ],
                    [
                        "-102.35",
                        "53.87"
                    ],
                    [
                        "-101.41",
                        "53.66"
                    ],
                    [
                        "-100.29",
                        "53.08"
                    ],
                    [
                        "-99.65",
                        "52.95"
                    ],
                    [
                        "-99.44",
                        "53.72"
                    ],
                    [
                        "-99.48",
                        "55.36"
                    ],
                    [
                        "-98.26",
                        "55.30"
                    ],
                    [
                        "-97.67",
                        "54.51"
                    ],
                    [
                        "-94.93",
                        "52.81"
                    ],
                    [
                        "-93.50",
                        "51.75"
                    ],
                    [
                        "-92.11",
                        "50.47"
                    ],
                    [
                        "-88.95",
                        "48.84"
                    ],
                    [
                        "-87.88",
                        "48.66"
                    ],
                    [
                        "-86.69",
                        "48.92"
                    ],
                    [
                        "-84.64",
                        "49.32"
                    ],
                    [
                        "-82.29",
                        "49.11"
                    ],
                    [
                        "-80.75",
                        "49.51"
                    ],
                    [
                        "-78.63",
                        "50.01"
                    ],
                    [
                        "-77.98",
                        "49.52"
                    ],
                    [
                        "-77.57",
                        "48.75"
                    ],
                    [
                        "-76.88",
                        "48.22"
                    ],
                    [
                        "-75.91",
                        "47.93"
                    ],
                    [
                        "-73.61",
                        "47.43"
                    ],
                    [
                        "-72.98",
                        "47.43"
                    ],
                    [
                        "-71.87",
                        "47.87"
                    ],
                    [
                        "-70.83",
                        "47.86"
                    ],
                    [
                        "-70.24",
                        "47.29"
                    ],
                    [
                        "-69.88",
                        "46.67"
                    ],
                    [
                        "-68.77",
                        "46.39"
                    ],
                    [
                        "-67.81",
                        "46.36"
                    ],
                    [
                        "-66.79",
                        "46.57"
                    ],
                    [
                        "-64.34",
                        "49.20"
                    ],
                    [
                        "-63.68",
                        "49.55"
                    ],
                    [
                        "-62.54",
                        "49.74"
                    ],
                    [
                        "-60.12",
                        "49.40"
                    ]
                ]
            },
            "properties": {
                "forecastId": null,
                "geometryId": null,
                "tag": "1C",
                "forecastHour": 3,
                "hazard": "FZLVL",
                "frequency": null,
                "severity": null,
                "status": "NRML",
                "base": null,
                "top": null,
                "fzlBase": null,
                "fzlTop": null,
                "level": "120",
                "product": "ZULU",
                "rawAirSigmet": null,
                "validTimeTo": "2026-07-28T12:00:00.000",
                "validTimeFrom": [
                    "2026-07-28T09:37"
                ]
            }
        },
        {
            "type": "Feature",
            "geometry": {
                "type": "Polygon",
                "coordinates": [
                    [
                        [
                            "-69.99",
                            "43.73"
                        ],
                        [
                            "-68.90",
                            "43.25"
                        ],
                        [
                            "-68.41",
                            "42.50"
                        ],
                        [
                            "-68.36",
                            "41.55"
                        ],
                        [
                            "-68.56",
                            "41.08"
                        ],
                        [
                            "-69.19",
                            "40.58"
                        ],
                        [
                            "-70.03",
                            "40.66"
                        ],
                        [
                            "-71.09",
                            "40.83"
                        ],
                        [
                            "-71.92",
                            "40.80"
                        ],
                        [
                            "-73.64",
                            "40.17"
                        ],
                        [
                            "-73.73",
                            "40.01"
                        ],
                        [
                            "-74.12",
                            "39.62"
                        ],
                        [
                            "-74.87",
                            "39.04"
                        ],
                        [
                            "-75.60",
                            "38.72"
                        ],
                        [
                            "-75.91",
                            "38.97"
                        ],
                        [
                            "-75.78",
                            "39.65"
                        ],
                        [
                            "-75.47",
                            "40.42"
                        ],
                        [
                            "-74.82",
                            "40.91"
                        ],
                        [
                            "-74.30",
                            "41.53"
                        ],
                        [
                            "-73.81",
                            "42.10"
                        ],
                        [
                            "-73.23",
                            "42.62"
                        ],
                        [
                            "-72.40",
                            "43.01"
                        ],
                        [
                            "-71.26",
                            "43.20"
                        ],
                        [
                            "-69.99",
                            "43.73"
                        ]
                    ]
                ]
            },
            "properties": {
                "forecastId": null,
                "geometryId": null,
                "tag": "6E",
                "forecastHour": 3,
                "hazard": "IFR",
                "frequency": null,
                "severity": null,
                "status": "NRML",
                "base": null,
                "top": null,
                "fzlBase": null,
                "fzlTop": null,
                "level": null,
                "product": "SIERRA",
                "rawAirSigmet": "CIG BLW 010 VIS BLW 3SM BR",
                "validTimeTo": "2026-07-28T12:00:00.000",
                "validTimeFrom": [
                    "2026-07-28T08:45"
                ]
            }
        },
        {
            "type": "Feature",
            "geometry": {
                "type": "LineString",
                "coordinates": [
                    [
                        "-92.11",
                        "58.35"
                    ],
                    [
                        "-91.70",
                        "57.51"
                    ],
                    [
                        "-91.09",
                        "57.09"
                    ],
                    [
                        "-90.08",
                        "56.71"
                    ],
                    [
                        "-89.32",
                        "56.18"
                    ],
                    [
                        "-89.04",
                        "55.39"
                    ],
                    [
                        "-87.94",
                        "55.03"
                    ],
                    [
                        "-86.42",
                        "54.95"
                    ],
                    [
                        "-84.67",
                        "55.09"
                    ],
                    [
                        "-83.18",
                        "54.82"
                    ],
                    [
                        "-81.46",
                        "54.73"
                    ],
                    [
                        "-80.30",
                        "54.56"
                    ],
                    [
                        "-79.40",
                        "54.11"
                    ],
                    [
                        "-77.70",
                        "53.10"
                    ],
                    [
                        "-76.59",
                        "52.72"
                    ],
                    [
                        "-74.86",
                        "52.82"
                    ],
                    [
                        "-72.65",
                        "53.07"
                    ],
                    [
                        "-70.82",
                        "53.80"
                    ],
                    [
                        "-69.72",
                        "54.06"
                    ],
                    [
                        "-68.88",
                        "54.50"
                    ],
                    [
                        "-68.28",
                        "55.32"
                    ],
                    [
                        "-67.88",
                        "56.28"
                    ],
                    [
                        "-67.46",
                        "56.86"
                    ]
                ]
            },
            "properties": {
                "forecastId": null,
                "geometryId": null,
                "tag": "1C",
                "forecastHour": 3,
                "hazard": "FZLVL",
                "frequency": null,
                "severity": null,
                "status": "NRML",
                "base": null,
                "top": null,
                "fzlBase": null,
                "fzlTop": null,
                "level": "080",
                "product": "ZULU",
                "rawAirSigmet": null,
                "validTimeTo": "2026-07-28T12:00:00.000",
                "validTimeFrom": [
                    "2026-07-28T09:37"
                ]
            }
        },
        {
            "type": "Feature",
            "geometry": {
                "type": "Polygon",
                "coordinates": [
                    [
                        [
                            "-79.91",
                            "26.14"
                        ],
                        [
                            "-79.78",
                            "25.88"
                        ],
                        [
                            "-79.56",
                            "25.72"
                        ],
                        [
                            "-79.29",
                            "25.46"
                        ],
                        [
                            "-79.19",
                            "25.39"
                        ],
                        [
                            "-78.82",
                            "25.14"
                        ],
                        [
                            "-78.64",
                            "25.02"
                        ],
                        [
                            "-78.84",
                            "24.68"
                        ],
                        [
                            "-78.88",
                            "24.66"
                        ],
                        [
                            "-79.32",
                            "24.41"
                        ],
                        [
                            "-79.43",
                            "24.37"
                        ],
                        [
                            "-79.73",
                            "24.31"
                        ],
                        [
                            "-80.12",
                            "24.43"
                        ],
                        [
                            "-80.13",
                            "24.44"
                        ],
                        [
                            "-80.13",
                            "24.81"
                        ],
                        [
                            "-80.09",
                            "25.17"
                        ],
                        [
                            "-80.07",
                            "25.54"
                        ],
                        [
                            "-80.05",
                            "25.91"
                        ],
                        [
                            "-79.91",
                            "26.14"
                        ]
                    ]
                ]
            },
            "properties": {
                "forecastId": null,
                "geometryId": null,
                "tag": "1C",
                "forecastHour": 3,
                "hazard": "FZLVL",
                "frequency": null,
                "severity": null,
                "status": "NRML",
                "base": null,
                "top": null,
                "fzlBase": null,
                "fzlTop": null,
                "level": "160",
                "product": "ZULU",
                "rawAirSigmet": null,
                "validTimeTo": "2026-07-28T12:00:00.000",
                "validTimeFrom": [
                    "2026-07-28T09:37"
                ]
            }
        },
        {
            "type": "Feature",
            "geometry": {
                "type": "Polygon",
                "coordinates": [
                    [
                        [
                            "-114.81",
                            "38.79"
                        ],
                        [
                            "-114.14",
                            "38.61"
                        ],
                        [
                            "-114.62",
                            "37.72"
                        ],
                        [
                            "-115.90",
                            "36.00"
                        ],
                        [
                            "-117.03",
                            "34.64"
                        ],
                        [
                            "-117.39",
                            "33.08"
                        ],
                        [
                            "-117.51",
                            "32.29"
                        ],
                        [
                            "-119.44",
                            "30.87"
                        ],
                        [
                            "-119.66",
                            "32.84"
                        ],
                        [
                            "-118.50",
                            "35.47"
                        ],
                        [
                            "-117.00",
                            "37.36"
                        ],
                        [
                            "-115.68",
                            "38.57"
                        ],
                        [
                            "-114.81",
                            "38.79"
                        ]
                    ]
                ]
            },
            "properties": {
                "forecastId": null,
                "geometryId": null,
                "tag": "3W",
                "forecastHour": 3,
                "hazard": "TURB-HI",
                "frequency": null,
                "severity": "MOD",
                "status": "NRML",
                "base": "370",
                "top": "440",
                "fzlBase": null,
                "fzlTop": null,
                "level": null,
                "product": "TANGO",
                "rawAirSigmet": null,
                "validTimeTo": "2026-07-28T12:00:00.000",
                "validTimeFrom": [
                    "2026-07-28T10:53"
                ]
            }
        },
        {
            "type": "Feature",
            "geometry": {
                "type": "Polygon",
                "coordinates": [
                    [
                        [
                            "-110.87",
                            "35.60"
                        ],
                        [
                            "-109.77",
                            "35.46"
                        ],
                        [
                            "-109.24",
                            "34.58"
                        ],
                        [
                            "-109.63",
                            "33.78"
                        ],
                        [
                            "-110.24",
                            "33.31"
                        ],
                        [
                            "-110.58",
                            "32.81"
                        ],
                        [
                            "-110.35",
                            "32.13"
                        ],
                        [
                            "-110.25",
                            "31.29"
                        ],
                        [
                            "-111.06",
                            "31.30"
                        ],
                        [
                            "-113.61",
                            "32.14"
                        ],
                        [
                            "-113.43",
                            "32.72"
                        ],
                        [
                            "-112.46",
                            "33.81"
                        ],
                        [
                            "-111.84",
                            "34.98"
                        ],
                        [
                            "-110.87",
                            "35.60"
                        ]
                    ]
                ]
            },
            "properties": {
                "forecastId": null,
                "geometryId": null,
                "tag": "3C",
                "forecastHour": 3,
                "hazard": "ICE",
                "frequency": null,
                "severity": "MOD",
                "status": "NRML",
                "base": "160",
                "top": "270",
                "fzlBase": null,
                "fzlTop": null,
                "level": null,
                "product": "ZULU",
                "rawAirSigmet": "ICE",
                "validTimeTo": "2026-07-28T12:00:00.000",
                "validTimeFrom": [
                    "2026-07-28T09:37"
                ]
            }
        },
        {
            "type": "Feature",
            "geometry": {
                "type": "LineString",
                "coordinates": [
                    [
                        "-131.24",
                        "34.40"
                    ],
                    [
                        "-128.37",
                        "35.33"
                    ],
                    [
                        "-125.91",
                        "36.22"
                    ],
                    [
                        "-124.48",
                        "36.79"
                    ],
                    [
                        "-123.40",
                        "37.58"
                    ],
                    [
                        "-121.90",
                        "39.54"
                    ],
                    [
                        "-121.11",
                        "40.24"
                    ],
                    [
                        "-119.24",
                        "40.81"
                    ],
                    [
                        "-117.62",
                        "42.00"
                    ],
                    [
                        "-107.72",
                        "43.74"
                    ],
                    [
                        "-106.43",
                        "43.47"
                    ],
                    [
                        "-105.26",
                        "43.91"
                    ],
                    [
                        "-103.87",
                        "44.60"
                    ],
                    [
                        "-103.07",
                        "44.82"
                    ],
                    [
                        "-102.36",
                        "44.63"
                    ],
                    [
                        "-98.75",
                        "41.97"
                    ],
                    [
                        "-96.48",
                        "41.77"
                    ],
                    [
                        "-95.21",
                        "41.35"
                    ],
                    [
                        "-94.07",
                        "40.72"
                    ],
                    [
                        "-92.66",
                        "40.33"
                    ],
                    [
                        "-89.96",
                        "39.55"
                    ],
                    [
                        "-88.50",
                        "40.88"
                    ],
                    [
                        "-87.50",
                        "41.50"
                    ],
                    [
                        "-86.13",
                        "41.52"
                    ],
                    [
                        "-84.77",
                        "41.04"
                    ],
                    [
                        "-83.65",
                        "40.18"
                    ],
                    [
                        "-82.82",
                        "39.34"
                    ],
                    [
                        "-83.66",
                        "38.37"
                    ],
                    [
                        "-85.56",
                        "37.45"
                    ],
                    [
                        "-87.30",
                        "35.70"
                    ],
                    [
                        "-87.75",
                        "35.29"
                    ],
                    [
                        "-87.85",
                        "34.50"
                    ],
                    [
                        "-86.95",
                        "33.50"
                    ],
                    [
                        "-86.29",
                        "32.65"
                    ],
                    [
                        "-85.16",
                        "31.99"
                    ],
                    [
                        "-83.00",
                        "31.29"
                    ],
                    [
                        "-83.39",
                        "30.07"
                    ],
                    [
                        "-84.27",
                        "29.46"
                    ],
                    [
                        "-85.83",
                        "28.95"
                    ],
                    [
                        "-87.10",
                        "28.99"
                    ],
                    [
                        "-88.48",
                        "29.35"
                    ],
                    [
                        "-89.00",
                        "28.85"
                    ],
                    [
                        "-88.72",
                        "28.34"
                    ],
                    [
                        "-87.87",
                        "27.86"
                    ],
                    [
                        "-86.72",
                        "28.09"
                    ],
                    [
                        "-85.23",
                        "28.40"
                    ],
                    [
                        "-83.70",
                        "28.54"
                    ],
                    [
                        "-82.93",
                        "29.50"
                    ],
                    [
                        "-81.70",
                        "29.96"
                    ],
                    [
                        "-80.94",
                        "29.87"
                    ],
                    [
                        "-80.36",
                        "29.49"
                    ],
                    [
                        "-80.63",
                        "28.53"
                    ],
                    [
                        "-81.86",
                        "27.02"
                    ],
                    [
                        "-82.84",
                        "26.50"
                    ],
                    [
                        "-84.37",
                        "26.27"
                    ],
                    [
                        "-85.66",
                        "25.82"
                    ],
                    [
                        "-86.58",
                        "25.83"
                    ],
                    [
                        "-87.22",
                        "26.14"
                    ],
                    [
                        "-87.97",
                        "26.90"
                    ],
                    [
                        "-88.70",
                        "27.03"
                    ],
                    [
                        "-89.27",
                        "26.83"
                    ],
                    [
                        "-90.21",
                        "26.42"
                    ],
                    [
                        "-91.34",
                        "26.20"
                    ],
                    [
                        "-92.49",
                        "25.51"
                    ],
                    [
                        "-93.85",
                        "25.19"
                    ],
                    [
                        "-94.50",
                        "24.97"
                    ],
                    [
                        "-94.88",
                        "24.47"
                    ],
                    [
                        "-94.86",
                        "22.78"
                    ],
                    [
                        "-96.57",
                        "21.40"
                    ],
                    [
                        "-97.28",
                        "20.76"
                    ],
                    [
                        "-97.69",
                        "19.69"
                    ]
                ]
            },
            "properties": {
                "forecastId": null,
                "geometryId": null,
                "tag": "1C",
                "forecastHour": 3,
                "hazard": "FZLVL",
                "frequency": null,
                "severity": null,
                "status": "NRML",
                "base": null,
                "top": null,
                "fzlBase": null,
                "fzlTop": null,
                "level": "160",
                "product": "ZULU",
                "rawAirSigmet": null,
                "validTimeTo": "2026-07-28T12:00:00.000",
                "validTimeFrom": [
                    "2026-07-28T09:37"
                ]
            }
        },
        {
            "type": "Feature",
            "geometry": {
                "type": "Polygon",
                "coordinates": [
                    [
                        [
                            "-79.57",
                            "36.52"
                        ],
                        [
                            "-78.91",
                            "36.35"
                        ],
                        [
                            "-78.86",
                            "35.54"
                        ],
                        [
                            "-79.53",
                            "34.50"
                        ],
                        [
                            "-80.44",
                            "33.78"
                        ],
                        [
                            "-81.91",
                            "33.54"
                        ],
                        [
                            "-83.02",
                            "33.02"
                        ],
                        [
                            "-83.86",
                            "32.35"
                        ],
                        [
                            "-84.62",
                            "32.20"
                        ],
                        [
                            "-85.28",
                            "32.96"
                        ],
                        [
                            "-84.77",
                            "34.14"
                        ],
                        [
                            "-84.03",
                            "34.77"
                        ],
                        [
                            "-82.60",
                            "35.43"
                        ],
                        [
                            "-81.64",
                            "35.67"
                        ],
                        [
                            "-80.29",
                            "36.02"
                        ],
                        [
                            "-79.57",
                            "36.52"
                        ]
                    ]
                ]
            },
            "properties": {
                "forecastId": null,
                "geometryId": null,
                "tag": "6C",
                "forecastHour": 3,
                "hazard": "ICE",
                "frequency": null,
                "severity": "MOD",
                "status": "NEW",
                "base": "160",
                "top": "260",
                "fzlBase": null,
                "fzlTop": null,
                "level": null,
                "product": "ZULU",
                "rawAirSigmet": "ICE",
                "validTimeTo": "2026-07-28T12:00:00.000",
                "validTimeFrom": [
                    "2026-07-28T09:37"
                ]
            }
        },
        {
            "type": "Feature",
            "geometry": {
                "type": "Polygon",
                "coordinates": [
                    [
                        [
                            "-74.73",
                            "44.95"
                        ],
                        [
                            "-73.28",
                            "44.68"
                        ],
                        [
                            "-71.90",
                            "44.23"
                        ],
                        [
                            "-70.89",
                            "43.75"
                        ],
                        [
                            "-71.61",
                            "43.15"
                        ],
                        [
                            "-74.29",
                            "41.72"
                        ],
                        [
                            "-76.41",
                            "40.64"
                        ],
                        [
                            "-77.55",
                            "40.28"
                        ],
                        [
                            "-78.53",
                            "39.18"
                        ],
                        [
                            "-79.40",
                            "38.07"
                        ],
                        [
                            "-80.93",
                            "36.36"
                        ],
                        [
                            "-83.19",
                            "35.20"
                        ],
                        [
                            "-84.76",
                            "35.65"
                        ],
                        [
                            "-84.96",
                            "36.84"
                        ],
                        [
                            "-83.55",
                            "37.82"
                        ],
                        [
                            "-82.03",
                            "38.79"
                        ],
                        [
                            "-80.75",
                            "40.12"
                        ],
                        [
                            "-78.95",
                            "42.27"
                        ],
                        [
                            "-77.30",
                            "42.88"
                        ],
                        [
                            "-76.13",
                            "43.25"
                        ],
                        [
                            "-74.73",
                            "44.95"
                        ]
                    ]
                ]
            },
            "properties": {
                "forecastId": null,
                "geometryId": null,
                "tag": "2E",
                "forecastHour": 3,
                "hazard": "MT_OBSC",
                "frequency": null,
                "severity": null,
                "status": "NRML",
                "base": null,
                "top": null,
                "fzlBase": null,
                "fzlTop": null,
                "level": null,
                "product": "SIERRA",
                "rawAirSigmet": "MTNS OBSC BY CLDS PCPN BR",
                "validTimeTo": "2026-07-28T12:00:00.000",
                "validTimeFrom": [
                    "2026-07-28T08:45"
                ]
            }
        },
        {
            "type": "Feature",
            "geometry": {
                "type": "Polygon",
                "coordinates": [
                    [
                        [
                            "-79.23",
                            "43.62"
                        ],
                        [
                            "-78.36",
                            "43.48"
                        ],
                        [
                            "-77.84",
                            "42.96"
                        ],
                        [
                            "-77.80",
                            "42.30"
                        ],
                        [
                            "-77.68",
                            "41.18"
                        ],
                        [
                            "-78.08",
                            "40.39"
                        ],
                        [
                            "-78.85",
                            "39.48"
                        ],
                        [
                            "-79.13",
                            "38.34"
                        ],
                        [
                            "-79.71",
                            "37.77"
                        ],
                        [
                            "-80.80",
                            "37.45"
                        ],
                        [
                            "-82.06",
                            "37.21"
                        ],
                        [
                            "-82.55",
                            "38.29"
                        ],
                        [
                            "-80.84",
                            "42.28"
                        ],
                        [
                            "-78.99",
                            "42.95"
                        ],
                        [
                            "-79.23",
                            "43.62"
                        ]
                    ]
                ]
            },
            "properties": {
                "forecastId": null,
                "geometryId": null,
                "tag": "4E",
                "forecastHour": 3,
                "hazard": "IFR",
                "frequency": null,
                "severity": null,
                "status": "NRML",
                "base": null,
                "top": null,
                "fzlBase": null,
                "fzlTop": null,
                "level": null,
                "product": "SIERRA",
                "rawAirSigmet": "CIG BLW 010 VIS BLW 3SM PCPN BR",
                "validTimeTo": "2026-07-28T12:00:00.000",
                "validTimeFrom": [
                    "2026-07-28T08:45"
                ]
            }
        },
        {
            "type": "Feature",
            "geometry": {
                "type": "Polygon",
                "coordinates": [
                    [
                        [
                            "-87.22",
                            "35.13"
                        ],
                        [
                            "-86.71",
                            "34.71"
                        ],
                        [
                            "-84.71",
                            "31.73"
                        ],
                        [
                            "-84.29",
                            "31.02"
                        ],
                        [
                            "-85.82",
                            "31.24"
                        ],
                        [
                            "-86.45",
                            "31.55"
                        ],
                        [
                            "-86.60",
                            "32.53"
                        ],
                        [
                            "-87.11",
                            "32.87"
                        ],
                        [
                            "-87.65",
                            "33.57"
                        ],
                        [
                            "-87.70",
                            "34.50"
                        ],
                        [
                            "-87.22",
                            "35.13"
                        ]
                    ]
                ]
            },
            "properties": {
                "forecastId": null,
                "geometryId": null,
                "tag": "3E",
                "forecastHour": 3,
                "hazard": "IFR",
                "frequency": null,
                "severity": null,
                "status": "NRML",
                "base": null,
                "top": null,
                "fzlBase": null,
                "fzlTop": null,
                "level": null,
                "product": "SIERRA",
                "rawAirSigmet": "CIG BLW 010 VIS BLW 3SM BR FG",
                "validTimeTo": "2026-07-28T12:00:00.000",
                "validTimeFrom": [
                    "2026-07-28T08:45"
                ]
            }
        },
        {
            "type": "Feature",
            "geometry": {
                "type": "Polygon",
                "coordinates": [
                    [
                        [
                            "-76.45",
                            "32.63"
                        ],
                        [
                            "-75.59",
                            "32.59"
                        ],
                        [
                            "-74.77",
                            "32.33"
                        ],
                        [
                            "-74.36",
                            "32.18"
                        ],
                        [
                            "-74.43",
                            "31.51"
                        ],
                        [
                            "-74.73",
                            "31.18"
                        ],
                        [
                            "-75.03",
                            "30.85"
                        ],
                        [
                            "-75.54",
                            "30.35"
                        ],
                        [
                            "-76.02",
                            "30.00"
                        ],
                        [
                            "-76.49",
                            "29.73"
                        ],
                        [
                            "-76.95",
                            "29.52"
                        ],
                        [
                            "-77.80",
                            "29.45"
                        ],
                        [
                            "-78.19",
                            "29.75"
                        ],
                        [
                            "-78.20",
                            "30.49"
                        ],
                        [
                            "-78.22",
                            "31.22"
                        ],
                        [
                            "-77.88",
                            "31.92"
                        ],
                        [
                            "-77.44",
                            "32.24"
                        ],
                        [
                            "-76.91",
                            "32.51"
                        ],
                        [
                            "-76.45",
                            "32.63"
                        ]
                    ]
                ]
            },
            "properties": {
                "forecastId": null,
                "geometryId": null,
                "tag": "1C",
                "forecastHour": 3,
                "hazard": "FZLVL",
                "frequency": null,
                "severity": null,
                "status": "NRML",
                "base": null,
                "top": null,
                "fzlBase": null,
                "fzlTop": null,
                "level": "160",
                "product": "ZULU",
                "rawAirSigmet": null,
                "validTimeTo": "2026-07-28T12:00:00.000",
                "validTimeFrom": [
                    "2026-07-28T09:37"
                ]
            }
        },
        {
            "type": "Feature",
            "geometry": {
                "type": "Polygon",
                "coordinates": [
                    [
                        [
                            "-120.77",
                            "22.17"
                        ],
                        [
                            "-121.34",
                            "21.72"
                        ],
                        [
                            "-121.79",
                            "21.28"
                        ],
                        [
                            "-122.10",
                            "20.89"
                        ],
                        [
                            "-122.24",
                            "20.43"
                        ],
                        [
                            "-121.99",
                            "19.74"
                        ],
                        [
                            "-121.43",
                            "19.61"
                        ],
                        [
                            "-121.09",
                            "19.91"
                        ],
                        [
                            "-120.76",
                            "20.34"
                        ],
                        [
                            "-120.48",
                            "20.76"
                        ],
                        [
                            "-120.21",
                            "21.38"
                        ],
                        [
                            "-120.01",
                            "21.95"
                        ],
                        [
                            "-119.66",
                            "22.39"
                        ],
                        [
                            "-120.41",
                            "22.35"
                        ],
                        [
                            "-120.77",
                            "22.17"
                        ]
                    ]
                ]
            },
            "properties": {
                "forecastId": null,
                "geometryId": null,
                "tag": "1C",
                "forecastHour": 3,
                "hazard": "FZLVL",
                "frequency": null,
                "severity": null,
                "status": "NRML",
                "base": null,
                "top": null,
                "fzlBase": null,
                "fzlTop": null,
                "level": "160",
                "product": "ZULU",
                "rawAirSigmet": null,
                "validTimeTo": "2026-07-28T12:00:00.000",
                "validTimeFrom": [
                    "2026-07-28T09:37"
                ]
            }
        },
        {
            "type": "Feature",
            "geometry": {
                "type": "Polygon",
                "coordinates": [
                    [
                        [
                            "-118.60",
                            "34.09"
                        ],
                        [
                            "-118.19",
                            "34.07"
                        ],
                        [
                            "-116.78",
                            "33.21"
                        ],
                        [
                            "-116.82",
                            "32.63"
                        ],
                        [
                            "-119.93",
                            "31.05"
                        ],
                        [
                            "-120.24",
                            "32.03"
                        ],
                        [
                            "-120.08",
                            "33.06"
                        ],
                        [
                            "-119.26",
                            "33.41"
                        ],
                        [
                            "-118.74",
                            "33.68"
                        ],
                        [
                            "-118.60",
                            "34.09"
                        ]
                    ]
                ]
            },
            "properties": {
                "forecastId": null,
                "geometryId": null,
                "tag": "1E",
                "forecastHour": 3,
                "hazard": "IFR",
                "frequency": null,
                "severity": null,
                "status": "NRML",
                "base": null,
                "top": null,
                "fzlBase": null,
                "fzlTop": null,
                "level": null,
                "product": "SIERRA",
                "rawAirSigmet": "CIG BLW 010 VIS BLW 3SM BR FG",
                "validTimeTo": "2026-07-28T12:00:00.000",
                "validTimeFrom": [
                    "2026-07-28T08:45"
                ]
            }
        },
        {
            "type": "Feature",
            "geometry": {
                "type": "Polygon",
                "coordinates": [
                    [
                        [
                            "-94.95",
                            "49.23"
                        ],
                        [
                            "-94.59",
                            "48.74"
                        ],
                        [
                            "-92.63",
                            "48.53"
                        ],
                        [
                            "-90.34",
                            "47.52"
                        ],
                        [
                            "-86.22",
                            "45.31"
                        ],
                        [
                            "-82.42",
                            "43.43"
                        ],
                        [
                            "-82.59",
                            "42.82"
                        ],
                        [
                            "-82.76",
                            "42.45"
                        ],
                        [
                            "-83.13",
                            "42.23"
                        ],
                        [
                            "-82.91",
                            "41.75"
                        ],
                        [
                            "-82.47",
                            "41.70"
                        ],
                        [
                            "-81.35",
                            "42.11"
                        ],
                        [
                            "-80.17",
                            "42.39"
                        ],
                        [
                            "-78.38",
                            "40.15"
                        ],
                        [
                            "-78.23",
                            "38.73"
                        ],
                        [
                            "-78.09",
                            "37.04"
                        ],
                        [
                            "-78.43",
                            "35.88"
                        ],
                        [
                            "-79.65",
                            "34.66"
                        ],
                        [
                            "-80.40",
                            "34.31"
                        ],
                        [
                            "-81.09",
                            "34.18"
                        ],
                        [
                            "-81.62",
                            "34.07"
                        ],
                        [
                            "-83.82",
                            "34.29"
                        ],
                        [
                            "-85.37",
                            "34.55"
                        ],
                        [
                            "-85.92",
                            "34.98"
                        ],
                        [
                            "-85.96",
                            "35.82"
                        ],
                        [
                            "-85.09",
                            "36.58"
                        ],
                        [
                            "-83.65",
                            "37.59"
                        ],
                        [
                            "-83.02",
                            "39.82"
                        ],
                        [
                            "-84.40",
                            "41.12"
                        ],
                        [
                            "-88.26",
                            "43.42"
                        ],
                        [
                            "-94.07",
                            "46.06"
                        ],
                        [
                            "-99.94",
                            "47.80"
                        ],
                        [
                            "-99.94",
                            "49.04"
                        ],
                        [
                            "-99.44",
                            "48.99"
                        ],
                        [
                            "-95.60",
                            "48.98"
                        ],
                        [
                            "-94.95",
                            "49.23"
                        ]
                    ]
                ]
            },
            "properties": {
                "forecastId": null,
                "geometryId": null,
                "tag": "2W",
                "forecastHour": 3,
                "hazard": "TURB-HI",
                "frequency": null,
                "severity": "MOD",
                "status": "AMD",
                "base": "270",
                "top": "430",
                "fzlBase": null,
                "fzlTop": null,
                "level": null,
                "product": "TANGO",
                "rawAirSigmet": null,
                "validTimeTo": "2026-07-28T12:00:00.000",
                "validTimeFrom": [
                    "2026-07-28T10:53"
                ]
            }
        },
        {
            "type": "Feature",
            "geometry": {
                "type": "Polygon",
                "coordinates": [
                    [
                        [
                            "-96.39",
                            "43.73"
                        ],
                        [
                            "-94.46",
                            "43.54"
                        ],
                        [
                            "-93.29",
                            "43.11"
                        ],
                        [
                            "-92.91",
                            "42.22"
                        ],
                        [
                            "-93.59",
                            "41.77"
                        ],
                        [
                            "-95.11",
                            "42.03"
                        ],
                        [
                            "-96.85",
                            "42.04"
                        ],
                        [
                            "-98.12",
                            "42.58"
                        ],
                        [
                            "-97.84",
                            "43.35"
                        ],
                        [
                            "-96.39",
                            "43.73"
                        ]
                    ]
                ]
            },
            "properties": {
                "forecastId": null,
                "geometryId": null,
                "tag": "5C",
                "forecastHour": 3,
                "hazard": "ICE",
                "frequency": null,
                "severity": "MOD",
                "status": "NRML",
                "base": "160",
                "top": "270",
                "fzlBase": null,
                "fzlTop": null,
                "level": null,
                "product": "ZULU",
                "rawAirSigmet": "ICE",
                "validTimeTo": "2026-07-28T12:00:00.000",
                "validTimeFrom": [
                    "2026-07-28T09:37"
                ]
            }
        },
        {
            "type": "Feature",
            "geometry": {
                "type": "Polygon",
                "coordinates": [
                    [
                        [
                            "-94.98",
                            "49.13"
                        ],
                        [
                            "-93.42",
                            "48.57"
                        ],
                        [
                            "-90.19",
                            "47.99"
                        ],
                        [
                            "-89.14",
                            "47.96"
                        ],
                        [
                            "-88.29",
                            "48.33"
                        ],
                        [
                            "-87.25",
                            "47.86"
                        ],
                        [
                            "-87.84",
                            "46.56"
                        ],
                        [
                            "-88.58",
                            "46.02"
                        ],
                        [
                            "-88.94",
                            "45.93"
                        ],
                        [
                            "-89.72",
                            "45.88"
                        ],
                        [
                            "-90.55",
                            "45.78"
                        ],
                        [
                            "-91.70",
                            "45.63"
                        ],
                        [
                            "-92.71",
                            "45.31"
                        ],
                        [
                            "-93.34",
                            "45.37"
                        ],
                        [
                            "-94.32",
                            "45.36"
                        ],
                        [
                            "-94.65",
                            "44.91"
                        ],
                        [
                            "-94.70",
                            "44.45"
                        ],
                        [
                            "-95.43",
                            "44.35"
                        ],
                        [
                            "-96.09",
                            "45.51"
                        ],
                        [
                            "-98.07",
                            "46.52"
                        ],
                        [
                            "-99.15",
                            "46.56"
                        ],
                        [
                            "-99.73",
                            "46.64"
                        ],
                        [
                            "-100.78",
                            "46.86"
                        ],
                        [
                            "-101.50",
                            "47.58"
                        ],
                        [
                            "-101.60",
                            "48.07"
                        ],
                        [
                            "-102.09",
                            "48.91"
                        ],
                        [
                            "-97.52",
                            "49.09"
                        ],
                        [
                            "-94.98",
                            "49.13"
                        ]
                    ]
                ]
            },
            "properties": {
                "forecastId": null,
                "geometryId": null,
                "tag": "5E",
                "forecastHour": 3,
                "hazard": "IFR",
                "frequency": null,
                "severity": null,
                "status": "NRML",
                "base": null,
                "top": null,
                "fzlBase": null,
                "fzlTop": null,
                "level": null,
                "product": "SIERRA",
                "rawAirSigmet": "CIG BLW 010 VIS BLW 3SM BR FG",
                "validTimeTo": "2026-07-28T12:00:00.000",
                "validTimeFrom": [
                    "2026-07-28T08:45"
                ]
            }
        },
        {
            "type": "Feature",
            "geometry": {
                "type": "LineString",
                "coordinates": [
                    [
                        "-98.61",
                        "19.67"
                    ],
                    [
                        "-99.27",
                        "20.08"
                    ],
                    [
                        "-101.25",
                        "20.28"
                    ],
                    [
                        "-102.41",
                        "20.68"
                    ],
                    [
                        "-104.12",
                        "21.09"
                    ],
                    [
                        "-105.22",
                        "21.73"
                    ],
                    [
                        "-107.36",
                        "23.45"
                    ],
                    [
                        "-107.97",
                        "23.64"
                    ],
                    [
                        "-109.04",
                        "23.49"
                    ],
                    [
                        "-110.05",
                        "22.59"
                    ],
                    [
                        "-110.57",
                        "22.47"
                    ],
                    [
                        "-111.18",
                        "22.90"
                    ],
                    [
                        "-112.20",
                        "23.66"
                    ],
                    [
                        "-113.88",
                        "23.96"
                    ],
                    [
                        "-115.13",
                        "24.37"
                    ],
                    [
                        "-116.89",
                        "24.37"
                    ],
                    [
                        "-118.29",
                        "23.89"
                    ],
                    [
                        "-119.64",
                        "23.07"
                    ],
                    [
                        "-119.65",
                        "22.45"
                    ],
                    [
                        "-119.20",
                        "22.46"
                    ],
                    [
                        "-117.46",
                        "22.18"
                    ],
                    [
                        "-116.61",
                        "21.02"
                    ],
                    [
                        "-114.08",
                        "20.21"
                    ],
                    [
                        "-113.38",
                        "19.70"
                    ],
                    [
                        "-114.05",
                        "19.24"
                    ],
                    [
                        "-114.62",
                        "18.94"
                    ],
                    [
                        "-114.83",
                        "18.34"
                    ]
                ]
            },
            "properties": {
                "forecastId": null,
                "geometryId": null,
                "tag": "1C",
                "forecastHour": 3,
                "hazard": "FZLVL",
                "frequency": null,
                "severity": null,
                "status": "NRML",
                "base": null,
                "top": null,
                "fzlBase": null,
                "fzlTop": null,
                "level": "160",
                "product": "ZULU",
                "rawAirSigmet": null,
                "validTimeTo": "2026-07-28T12:00:00.000",
                "validTimeFrom": [
                    "2026-07-28T09:37"
                ]
            }
        },
        {
            "type": "Feature",
            "geometry": {
                "type": "Polygon",
                "coordinates": [
                    [
                        [
                            "-118.09",
                            "34.16"
                        ],
                        [
                            "-117.66",
                            "33.82"
                        ],
                        [
                            "-117.25",
                            "33.53"
                        ],
                        [
                            "-116.85",
                            "32.75"
                        ],
                        [
                            "-117.17",
                            "32.77"
                        ],
                        [
                            "-118.29",
                            "33.81"
                        ],
                        [
                            "-118.09",
                            "34.16"
                        ]
                    ]
                ]
            },
            "properties": {
                "forecastId": null,
                "geometryId": null,
                "tag": "5E",
                "forecastHour": 3,
                "hazard": "MT_OBSC",
                "frequency": null,
                "severity": null,
                "status": "NRML",
                "base": null,
                "top": null,
                "fzlBase": null,
                "fzlTop": null,
                "level": null,
                "product": "SIERRA",
                "rawAirSigmet": "MTNS OBSC BY CLDS BR FG",
                "validTimeTo": "2026-07-28T12:00:00.000",
                "validTimeFrom": [
                    "2026-07-28T08:45"
                ]
            }
        },
        {
            "type": "Feature",
            "geometry": {
                "type": "Polygon",
                "coordinates": [
                    [
                        [
                            "-125.55",
                            "48.56"
                        ],
                        [
                            "-124.42",
                            "48.38"
                        ],
                        [
                            "-123.42",
                            "46.70"
                        ],
                        [
                            "-123.45",
                            "43.52"
                        ],
                        [
                            "-124.16",
                            "42.44"
                        ],
                        [
                            "-123.62",
                            "41.31"
                        ],
                        [
                            "-123.71",
                            "40.42"
                        ],
                        [
                            "-124.37",
                            "39.81"
                        ],
                        [
                            "-124.48",
                            "39.28"
                        ],
                        [
                            "-124.10",
                            "39.03"
                        ],
                        [
                            "-124.02",
                            "39.42"
                        ],
                        [
                            "-123.86",
                            "39.64"
                        ],
                        [
                            "-123.69",
                            "39.54"
                        ],
                        [
                            "-123.39",
                            "39.40"
                        ],
                        [
                            "-123.25",
                            "39.06"
                        ],
                        [
                            "-123.31",
                            "38.85"
                        ],
                        [
                            "-122.86",
                            "38.19"
                        ],
                        [
                            "-122.72",
                            "38.06"
                        ],
                        [
                            "-122.08",
                            "37.98"
                        ],
                        [
                            "-121.77",
                            "37.69"
                        ],
                        [
                            "-121.78",
                            "37.37"
                        ],
                        [
                            "-121.81",
                            "37.17"
                        ],
                        [
                            "-121.80",
                            "36.71"
                        ],
                        [
                            "-120.94",
                            "35.39"
                        ],
                        [
                            "-120.40",
                            "34.91"
                        ],
                        [
                            "-120.08",
                            "34.53"
                        ],
                        [
                            "-120.58",
                            "34.17"
                        ],
                        [
                            "-121.66",
                            "34.09"
                        ],
                        [
                            "-122.50",
                            "34.83"
                        ],
                        [
                            "-123.07",
                            "35.53"
                        ],
                        [
                            "-123.83",
                            "35.29"
                        ],
                        [
                            "-124.30",
                            "36.03"
                        ],
                        [
                            "-126.99",
                            "39.73"
                        ],
                        [
                            "-126.70",
                            "43.06"
                        ],
                        [
                            "-125.88",
                            "45.17"
                        ],
                        [
                            "-125.28",
                            "46.57"
                        ],
                        [
                            "-125.55",
                            "48.56"
                        ]
                    ]
                ]
            },
            "properties": {
                "forecastId": null,
                "geometryId": null,
                "tag": "1E",
                "forecastHour": 3,
                "hazard": "IFR",
                "frequency": null,
                "severity": null,
                "status": "NRML",
                "base": null,
                "top": null,
                "fzlBase": null,
                "fzlTop": null,
                "level": null,
                "product": "SIERRA",
                "rawAirSigmet": "CIG BLW 010 VIS BLW 3SM BR FG",
                "validTimeTo": "2026-07-28T12:00:00.000",
                "validTimeFrom": [
                    "2026-07-28T08:45"
                ]
            }
        },
        {
            "type": "Feature",
            "geometry": {
                "type": "Polygon",
                "coordinates": [
                    [
                        [
                            "-118.10",
                            "45.48"
                        ],
                        [
                            "-116.96",
                            "45.38"
                        ],
                        [
                            "-116.17",
                            "44.92"
                        ],
                        [
                            "-115.99",
                            "44.56"
                        ],
                        [
                            "-115.98",
                            "44.14"
                        ],
                        [
                            "-115.10",
                            "43.51"
                        ],
                        [
                            "-114.20",
                            "43.49"
                        ],
                        [
                            "-112.74",
                            "44.06"
                        ],
                        [
                            "-112.18",
                            "44.36"
                        ],
                        [
                            "-111.43",
                            "44.51"
                        ],
                        [
                            "-111.08",
                            "44.15"
                        ],
                        [
                            "-111.39",
                            "43.53"
                        ],
                        [
                            "-112.20",
                            "42.77"
                        ],
                        [
                            "-112.59",
                            "42.53"
                        ],
                        [
                            "-113.24",
                            "42.33"
                        ],
                        [
                            "-114.48",
                            "42.16"
                        ],
                        [
                            "-115.05",
                            "42.17"
                        ],
                        [
                            "-116.49",
                            "42.23"
                        ],
                        [
                            "-117.75",
                            "42.47"
                        ],
                        [
                            "-118.60",
                            "42.49"
                        ],
                        [
                            "-119.88",
                            "42.23"
                        ],
                        [
                            "-120.63",
                            "42.36"
                        ],
                        [
                            "-120.97",
                            "42.62"
                        ],
                        [
                            "-121.61",
                            "43.45"
                        ],
                        [
                            "-121.25",
                            "44.28"
                        ],
                        [
                            "-120.23",
                            "44.94"
                        ],
                        [
                            "-119.04",
                            "45.35"
                        ],
                        [
                            "-118.10",
                            "45.48"
                        ]
                    ]
                ]
            },
            "properties": {
                "forecastId": null,
                "geometryId": null,
                "tag": "2E",
                "forecastHour": 3,
                "hazard": "IFR",
                "frequency": null,
                "severity": null,
                "status": "NRML",
                "base": null,
                "top": null,
                "fzlBase": null,
                "fzlTop": null,
                "level": null,
                "product": "SIERRA",
                "rawAirSigmet": "CIG BLW 010 VIS BLW 3SM HZ FU",
                "validTimeTo": "2026-07-28T12:00:00.000",
                "validTimeFrom": [
                    "2026-07-28T08:45"
                ]
            }
        },
        {
            "type": "Feature",
            "geometry": {
                "type": "Polygon",
                "coordinates": [
                    [
                        [
                            "-85.09",
                            "44.93"
                        ],
                        [
                            "-82.96",
                            "44.83"
                        ],
                        [
                            "-82.25",
                            "44.45"
                        ],
                        [
                            "-82.06",
                            "43.64"
                        ],
                        [
                            "-82.20",
                            "43.26"
                        ],
                        [
                            "-82.57",
                            "42.82"
                        ],
                        [
                            "-82.94",
                            "42.48"
                        ],
                        [
                            "-83.09",
                            "41.79"
                        ],
                        [
                            "-82.52",
                            "41.62"
                        ],
                        [
                            "-81.75",
                            "42.00"
                        ],
                        [
                            "-80.85",
                            "42.25"
                        ],
                        [
                            "-82.53",
                            "38.47"
                        ],
                        [
                            "-85.15",
                            "38.97"
                        ],
                        [
                            "-86.58",
                            "39.50"
                        ],
                        [
                            "-88.07",
                            "40.48"
                        ],
                        [
                            "-88.71",
                            "41.50"
                        ],
                        [
                            "-88.58",
                            "41.94"
                        ],
                        [
                            "-87.73",
                            "42.80"
                        ],
                        [
                            "-86.53",
                            "44.24"
                        ],
                        [
                            "-85.93",
                            "44.51"
                        ],
                        [
                            "-85.09",
                            "44.93"
                        ]
                    ]
                ]
            },
            "properties": {
                "forecastId": null,
                "geometryId": null,
                "tag": "4E",
                "forecastHour": 3,
                "hazard": "IFR",
                "frequency": null,
                "severity": null,
                "status": "NRML",
                "base": null,
                "top": null,
                "fzlBase": null,
                "fzlTop": null,
                "level": null,
                "product": "SIERRA",
                "rawAirSigmet": "CIG BLW 010 VIS BLW 3SM BR",
                "validTimeTo": "2026-07-28T12:00:00.000",
                "validTimeFrom": [
                    "2026-07-28T08:45"
                ]
            }
        },
        {
            "type": "Feature",
            "geometry": {
                "type": "Polygon",
                "coordinates": [
                    [
                        [
                            "-73.20",
                            "26.91"
                        ],
                        [
                            "-73.19",
                            "26.91"
                        ],
                        [
                            "-72.83",
                            "26.68"
                        ],
                        [
                            "-72.66",
                            "26.46"
                        ],
                        [
                            "-72.71",
                            "26.10"
                        ],
                        [
                            "-72.96",
                            "25.97"
                        ],
                        [
                            "-73.38",
                            "25.83"
                        ],
                        [
                            "-73.39",
                            "25.83"
                        ],
                        [
                            "-73.81",
                            "25.81"
                        ],
                        [
                            "-74.22",
                            "25.83"
                        ],
                        [
                            "-74.61",
                            "25.94"
                        ],
                        [
                            "-74.67",
                            "26.01"
                        ],
                        [
                            "-74.58",
                            "26.37"
                        ],
                        [
                            "-74.53",
                            "26.42"
                        ],
                        [
                            "-74.22",
                            "26.69"
                        ],
                        [
                            "-74.05",
                            "26.78"
                        ],
                        [
                            "-73.61",
                            "26.92"
                        ],
                        [
                            "-73.21",
                            "26.92"
                        ],
                        [
                            "-73.20",
                            "26.91"
                        ]
                    ]
                ]
            },
            "properties": {
                "forecastId": null,
                "geometryId": null,
                "tag": "1C",
                "forecastHour": 3,
                "hazard": "FZLVL",
                "frequency": null,
                "severity": null,
                "status": "NRML",
                "base": null,
                "top": null,
                "fzlBase": null,
                "fzlTop": null,
                "level": "160",
                "product": "ZULU",
                "rawAirSigmet": null,
                "validTimeTo": "2026-07-28T12:00:00.000",
                "validTimeFrom": [
                    "2026-07-28T09:37"
                ]
            }
        },
        {
            "type": "Feature",
            "geometry": {
                "type": "LineString",
                "coordinates": [
                    [
                        "-136.79",
                        "48.39"
                    ],
                    [
                        "-135.43",
                        "48.85"
                    ],
                    [
                        "-133.55",
                        "49.35"
                    ],
                    [
                        "-132.76",
                        "49.86"
                    ],
                    [
                        "-132.62",
                        "50.52"
                    ],
                    [
                        "-132.87",
                        "51.31"
                    ],
                    [
                        "-132.54",
                        "51.85"
                    ],
                    [
                        "-131.74",
                        "52.07"
                    ],
                    [
                        "-130.91",
                        "51.85"
                    ],
                    [
                        "-129.94",
                        "50.64"
                    ],
                    [
                        "-128.57",
                        "49.85"
                    ],
                    [
                        "-128.11",
                        "50.05"
                    ],
                    [
                        "-128.11",
                        "50.61"
                    ],
                    [
                        "-127.64",
                        "51.74"
                    ],
                    [
                        "-126.90",
                        "52.78"
                    ],
                    [
                        "-126.95",
                        "53.65"
                    ],
                    [
                        "-127.38",
                        "54.34"
                    ],
                    [
                        "-127.97",
                        "55.22"
                    ],
                    [
                        "-127.14",
                        "55.74"
                    ],
                    [
                        "-127.12",
                        "56.29"
                    ]
                ]
            },
            "properties": {
                "forecastId": null,
                "geometryId": null,
                "tag": "1C",
                "forecastHour": 3,
                "hazard": "FZLVL",
                "frequency": null,
                "severity": null,
                "status": "NRML",
                "base": null,
                "top": null,
                "fzlBase": null,
                "fzlTop": null,
                "level": "080",
                "product": "ZULU",
                "rawAirSigmet": null,
                "validTimeTo": "2026-07-28T12:00:00.000",
                "validTimeFrom": [
                    "2026-07-28T09:37"
                ]
            }
        },
        {
            "type": "Feature",
            "geometry": {
                "type": "LineString",
                "coordinates": [
                    [
                        "-124.64",
                        "16.61"
                    ],
                    [
                        "-124.39",
                        "17.77"
                    ],
                    [
                        "-124.47",
                        "19.09"
                    ],
                    [
                        "-124.32",
                        "20.14"
                    ],
                    [
                        "-123.81",
                        "21.24"
                    ],
                    [
                        "-123.55",
                        "22.04"
                    ],
                    [
                        "-123.35",
                        "23.20"
                    ],
                    [
                        "-123.42",
                        "24.68"
                    ],
                    [
                        "-123.62",
                        "25.78"
                    ],
                    [
                        "-123.93",
                        "27.08"
                    ],
                    [
                        "-125.21",
                        "27.15"
                    ],
                    [
                        "-126.45",
                        "27.06"
                    ],
                    [
                        "-127.50",
                        "27.81"
                    ],
                    [
                        "-128.45",
                        "28.18"
                    ],
                    [
                        "-129.40",
                        "28.51"
                    ]
                ]
            },
            "properties": {
                "forecastId": null,
                "geometryId": null,
                "tag": "1C",
                "forecastHour": 3,
                "hazard": "FZLVL",
                "frequency": null,
                "severity": null,
                "status": "NRML",
                "base": null,
                "top": null,
                "fzlBase": null,
                "fzlTop": null,
                "level": "160",
                "product": "ZULU",
                "rawAirSigmet": null,
                "validTimeTo": "2026-07-28T12:00:00.000",
                "validTimeFrom": [
                    "2026-07-28T09:37"
                ]
            }
        }
    ],
    "metadata": {
        "creationTime": "2026-07-28T12:02"
    }
}