{
    "type": "FeatureCollection",
    "features": [
        {
            "type": "Feature",
            "geometry": {
                "type": "Polygon",
                "coordinates": [
                    [
                        [
                            "-77.87",
                            "36.21"
                        ],
                        [
                            "-77.16",
                            "35.25"
                        ],
                        [
                            "-77.84",
                            "34.35"
                        ],
                        [
                            "-78.95",
                            "33.94"
                        ],
                        [
                            "-80.01",
                            "33.33"
                        ],
                        [
                            "-80.94",
                            "32.36"
                        ],
                        [
                            "-81.39",
                            "31.31"
                        ],
                        [
                            "-81.54",
                            "30.15"
                        ],
                        [
                            "-81.85",
                            "29.68"
                        ],
                        [
                            "-82.92",
                            "29.78"
                        ],
                        [
                            "-83.41",
                            "30.59"
                        ],
                        [
                            "-84.68",
                            "30.34"
                        ],
                        [
                            "-85.31",
                            "30.65"
                        ],
                        [
                            "-84.63",
                            "33.40"
                        ],
                        [
                            "-83.81",
                            "34.21"
                        ],
                        [
                            "-81.71",
                            "34.77"
                        ],
                        [
                            "-79.92",
                            "35.69"
                        ],
                        [
                            "-78.91",
                            "36.16"
                        ],
                        [
                            "-77.87",
                            "36.21"
                        ]
                    ]
                ]
            },
            "properties": {
                "forecastId": null,
                "geometryId": null,
                "tag": "5E",
                "forecastHour": 3,
                "hazard": "IFR",
                "frequency": null,
                "severity": null,
                "status": "NRML",
                "base": null,
                "top": null,
                "fzlBase": null,
                "fzlTop": null,
                "level": null,
                "product": "SIERRA",
                "rawAirSigmet": "CIG BLW 010 VIS BLW 3SM BR FG",
                "validTimeTo": "2026-08-09T12:00:00.000",
                "validTimeFrom": [
                    "2026-08-09T08:45"
                ]
            }
        },
        {
            "type": "Feature",
            "geometry": {
                "type": "Polygon",
                "coordinates": [
                    [
                        [
                            "-89.40",
                            "39.39"
                        ],
                        [
                            "-86.10",
                            "39.12"
                        ],
                        [
                            "-83.31",
                            "38.53"
                        ],
                        [
                            "-83.11",
                            "36.95"
                        ],
                        [
                            "-85.54",
                            "36.08"
                        ],
                        [
                            "-92.10",
                            "36.02"
                        ],
                        [
                            "-93.86",
                            "37.61"
                        ],
                        [
                            "-92.97",
                            "38.89"
                        ],
                        [
                            "-89.40",
                            "39.39"
                        ]
                    ]
                ]
            },
            "properties": {
                "forecastId": null,
                "geometryId": null,
                "tag": "1W",
                "forecastHour": 3,
                "hazard": "TURB-HI",
                "frequency": null,
                "severity": "MOD",
                "status": "NRML",
                "base": "240",
                "top": "380",
                "fzlBase": null,
                "fzlTop": null,
                "level": null,
                "product": "TANGO",
                "rawAirSigmet": null,
                "validTimeTo": "2026-08-09T12:00:00.000",
                "validTimeFrom": [
                    "2026-08-09T13:03"
                ]
            }
        },
        {
            "type": "Feature",
            "geometry": {
                "type": "Polygon",
                "coordinates": [
                    [
                        [
                            "-93.06",
                            "47.19"
                        ],
                        [
                            "-91.18",
                            "46.80"
                        ],
                        [
                            "-88.96",
                            "45.55"
                        ],
                        [
                            "-88.25",
                            "44.34"
                        ],
                        [
                            "-87.90",
                            "42.98"
                        ],
                        [
                            "-87.94",
                            "41.21"
                        ],
                        [
                            "-88.37",
                            "40.18"
                        ],
                        [
                            "-90.15",
                            "39.75"
                        ],
                        [
                            "-91.88",
                            "40.03"
                        ],
                        [
                            "-90.81",
                            "41.93"
                        ],
                        [
                            "-90.94",
                            "43.35"
                        ],
                        [
                            "-92.28",
                            "44.46"
                        ],
                        [
                            "-93.87",
                            "45.34"
                        ],
                        [
                            "-94.59",
                            "46.16"
                        ],
                        [
                            "-94.90",
                            "47.10"
                        ],
                        [
                            "-93.06",
                            "47.19"
                        ]
                    ]
                ]
            },
            "properties": {
                "forecastId": null,
                "geometryId": null,
                "tag": "3W",
                "forecastHour": 3,
                "hazard": "TURB-HI",
                "frequency": null,
                "severity": "MOD",
                "status": "NRML",
                "base": "250",
                "top": "400",
                "fzlBase": null,
                "fzlTop": null,
                "level": null,
                "product": "TANGO",
                "rawAirSigmet": null,
                "validTimeTo": "2026-08-09T12:00:00.000",
                "validTimeFrom": [
                    "2026-08-09T13:03"
                ]
            }
        },
        {
            "type": "Feature",
            "geometry": {
                "type": "Polygon",
                "coordinates": [
                    [
                        [
                            "-85.65",
                            "23.43"
                        ],
                        [
                            "-85.10",
                            "23.03"
                        ],
                        [
                            "-85.09",
                            "23.02"
                        ],
                        [
                            "-85.20",
                            "22.41"
                        ],
                        [
                            "-85.44",
                            "22.15"
                        ],
                        [
                            "-86.07",
                            "22.32"
                        ],
                        [
                            "-86.05",
                            "22.68"
                        ],
                        [
                            "-85.80",
                            "23.25"
                        ],
                        [
                            "-85.65",
                            "23.43"
                        ]
                    ]
                ]
            },
            "properties": {
                "forecastId": null,
                "geometryId": null,
                "tag": "1C",
                "forecastHour": 3,
                "hazard": "FZLVL",
                "frequency": null,
                "severity": null,
                "status": "NRML",
                "base": null,
                "top": null,
                "fzlBase": null,
                "fzlTop": null,
                "level": "160",
                "product": "ZULU",
                "rawAirSigmet": null,
                "validTimeTo": "2026-08-09T12:00:00.000",
                "validTimeFrom": [
                    "2026-08-09T12:23"
                ]
            }
        },
        {
            "type": "Feature",
            "geometry": {
                "type": "LineString",
                "coordinates": [
                    [
                        "-86.37",
                        "16.03"
                    ],
                    [
                        "-86.48",
                        "16.75"
                    ],
                    [
                        "-87.08",
                        "17.49"
                    ],
                    [
                        "-88.28",
                        "18.14"
                    ],
                    [
                        "-88.51",
                        "19.06"
                    ],
                    [
                        "-87.88",
                        "19.91"
                    ],
                    [
                        "-87.22",
                        "20.28"
                    ],
                    [
                        "-86.41",
                        "19.98"
                    ],
                    [
                        "-85.42",
                        "19.25"
                    ],
                    [
                        "-84.27",
                        "19.94"
                    ],
                    [
                        "-83.15",
                        "19.93"
                    ],
                    [
                        "-82.16",
                        "19.91"
                    ],
                    [
                        "-81.72",
                        "20.33"
                    ],
                    [
                        "-82.17",
                        "21.43"
                    ],
                    [
                        "-83.16",
                        "22.61"
                    ],
                    [
                        "-83.28",
                        "23.34"
                    ],
                    [
                        "-82.96",
                        "24.05"
                    ],
                    [
                        "-82.71",
                        "24.94"
                    ],
                    [
                        "-83.20",
                        "25.42"
                    ],
                    [
                        "-84.72",
                        "25.05"
                    ],
                    [
                        "-85.15",
                        "24.89"
                    ],
                    [
                        "-85.67",
                        "25.23"
                    ],
                    [
                        "-86.17",
                        "26.52"
                    ],
                    [
                        "-86.89",
                        "27.71"
                    ],
                    [
                        "-87.51",
                        "28.93"
                    ],
                    [
                        "-87.51",
                        "29.92"
                    ],
                    [
                        "-87.22",
                        "31.05"
                    ],
                    [
                        "-86.65",
                        "31.92"
                    ],
                    [
                        "-86.07",
                        "32.31"
                    ],
                    [
                        "-84.87",
                        "32.33"
                    ],
                    [
                        "-83.80",
                        "32.01"
                    ],
                    [
                        "-82.31",
                        "30.94"
                    ],
                    [
                        "-81.71",
                        "30.26"
                    ],
                    [
                        "-80.76",
                        "29.62"
                    ],
                    [
                        "-79.80",
                        "29.22"
                    ],
                    [
                        "-77.90",
                        "28.84"
                    ],
                    [
                        "-74.48",
                        "28.98"
                    ],
                    [
                        "-71.64",
                        "29.63"
                    ],
                    [
                        "-70.04",
                        "30.05"
                    ],
                    [
                        "-69.40",
                        "30.15"
                    ],
                    [
                        "-68.10",
                        "29.90"
                    ],
                    [
                        "-67.45",
                        "27.17"
                    ],
                    [
                        "-67.52",
                        "25.83"
                    ],
                    [
                        "-68.05",
                        "24.37"
                    ],
                    [
                        "-68.64",
                        "22.93"
                    ],
                    [
                        "-69.34",
                        "21.66"
                    ],
                    [
                        "-69.31",
                        "19.01"
                    ],
                    [
                        "-69.49",
                        "17.86"
                    ],
                    [
                        "-68.95",
                        "16.79"
                    ],
                    [
                        "-67.58",
                        "15.83"
                    ],
                    [
                        "-66.30",
                        "15.31"
                    ]
                ]
            },
            "properties": {
                "forecastId": null,
                "geometryId": null,
                "tag": "1C",
                "forecastHour": 3,
                "hazard": "FZLVL",
                "frequency": null,
                "severity": null,
                "status": "NRML",
                "base": null,
                "top": null,
                "fzlBase": null,
                "fzlTop": null,
                "level": "160",
                "product": "ZULU",
                "rawAirSigmet": null,
                "validTimeTo": "2026-08-09T12:00:00.000",
                "validTimeFrom": [
                    "2026-08-09T12:23"
                ]
            }
        },
        {
            "type": "Feature",
            "geometry": {
                "type": "Polygon",
                "coordinates": [
                    [
                        [
                            "-69.29",
                            "47.77"
                        ],
                        [
                            "-68.53",
                            "45.61"
                        ],
                        [
                            "-71.78",
                            "42.93"
                        ],
                        [
                            "-73.60",
                            "42.10"
                        ],
                        [
                            "-76.63",
                            "40.32"
                        ],
                        [
                            "-77.78",
                            "40.18"
                        ],
                        [
                            "-78.94",
                            "39.13"
                        ],
                        [
                            "-79.03",
                            "38.34"
                        ],
                        [
                            "-79.20",
                            "37.43"
                        ],
                        [
                            "-80.88",
                            "35.29"
                        ],
                        [
                            "-84.40",
                            "33.62"
                        ],
                        [
                            "-85.15",
                            "34.92"
                        ],
                        [
                            "-85.06",
                            "36.71"
                        ],
                        [
                            "-81.99",
                            "38.74"
                        ],
                        [
                            "-80.21",
                            "40.80"
                        ],
                        [
                            "-79.12",
                            "42.18"
                        ],
                        [
                            "-77.76",
                            "42.64"
                        ],
                        [
                            "-76.35",
                            "43.05"
                        ],
                        [
                            "-74.72",
                            "44.85"
                        ],
                        [
                            "-73.42",
                            "45.03"
                        ],
                        [
                            "-71.43",
                            "45.55"
                        ],
                        [
                            "-69.29",
                            "47.77"
                        ]
                    ]
                ]
            },
            "properties": {
                "forecastId": null,
                "geometryId": null,
                "tag": "4E",
                "forecastHour": 3,
                "hazard": "MT_OBSC",
                "frequency": null,
                "severity": null,
                "status": "NRML",
                "base": null,
                "top": null,
                "fzlBase": null,
                "fzlTop": null,
                "level": null,
                "product": "SIERRA",
                "rawAirSigmet": "MTNS OBSC BY CLDS BR FG",
                "validTimeTo": "2026-08-09T12:00:00.000",
                "validTimeFrom": [
                    "2026-08-09T08:45"
                ]
            }
        },
        {
            "type": "Feature",
            "geometry": {
                "type": "Polygon",
                "coordinates": [
                    [
                        [
                            "-105.57",
                            "38.71"
                        ],
                        [
                            "-104.80",
                            "38.65"
                        ],
                        [
                            "-103.65",
                            "37.61"
                        ],
                        [
                            "-102.82",
                            "37.24"
                        ],
                        [
                            "-103.21",
                            "36.09"
                        ],
                        [
                            "-103.76",
                            "35.17"
                        ],
                        [
                            "-104.56",
                            "34.17"
                        ],
                        [
                            "-105.67",
                            "33.80"
                        ],
                        [
                            "-106.84",
                            "33.62"
                        ],
                        [
                            "-107.61",
                            "33.67"
                        ],
                        [
                            "-108.27",
                            "34.23"
                        ],
                        [
                            "-109.36",
                            "35.72"
                        ],
                        [
                            "-109.14",
                            "36.52"
                        ],
                        [
                            "-107.91",
                            "36.93"
                        ],
                        [
                            "-106.88",
                            "37.32"
                        ],
                        [
                            "-106.34",
                            "38.35"
                        ],
                        [
                            "-105.57",
                            "38.71"
                        ]
                    ]
                ]
            },
            "properties": {
                "forecastId": null,
                "geometryId": null,
                "tag": "2W",
                "forecastHour": 3,
                "hazard": "TURB-LO",
                "frequency": null,
                "severity": "MOD",
                "status": "NRML",
                "base": "SFC",
                "top": "120",
                "fzlBase": null,
                "fzlTop": null,
                "level": null,
                "product": "TANGO",
                "rawAirSigmet": null,
                "validTimeTo": "2026-08-09T12:00:00.000",
                "validTimeFrom": [
                    "2026-08-09T13:03"
                ]
            }
        },
        {
            "type": "Feature",
            "geometry": {
                "type": "Polygon",
                "coordinates": [
                    [
                        [
                            "-107.82",
                            "45.75"
                        ],
                        [
                            "-103.66",
                            "45.50"
                        ],
                        [
                            "-103.85",
                            "44.29"
                        ],
                        [
                            "-105.99",
                            "42.90"
                        ],
                        [
                            "-108.70",
                            "41.66"
                        ],
                        [
                            "-110.73",
                            "42.04"
                        ],
                        [
                            "-111.35",
                            "43.22"
                        ],
                        [
                            "-111.23",
                            "44.51"
                        ],
                        [
                            "-110.12",
                            "45.37"
                        ],
                        [
                            "-107.82",
                            "45.75"
                        ]
                    ]
                ]
            },
            "properties": {
                "forecastId": null,
                "geometryId": null,
                "tag": "1W",
                "forecastHour": 3,
                "hazard": "TURB-LO",
                "frequency": null,
                "severity": "MOD",
                "status": "NRML",
                "base": "SFC",
                "top": "180",
                "fzlBase": null,
                "fzlTop": null,
                "level": null,
                "product": "TANGO",
                "rawAirSigmet": null,
                "validTimeTo": "2026-08-09T12:00:00.000",
                "validTimeFrom": [
                    "2026-08-09T13:03"
                ]
            }
        },
        {
            "type": "Feature",
            "geometry": {
                "type": "LineString",
                "coordinates": [
                    [
                        "-107.13",
                        "16.08"
                    ],
                    [
                        "-107.04",
                        "16.12"
                    ],
                    [
                        "-106.46",
                        "16.31"
                    ],
                    [
                        "-105.88",
                        "16.42"
                    ],
                    [
                        "-105.29",
                        "16.46"
                    ]
                ]
            },
            "properties": {
                "forecastId": null,
                "geometryId": null,
                "tag": "1C",
                "forecastHour": 3,
                "hazard": "FZLVL",
                "frequency": null,
                "severity": null,
                "status": "NRML",
                "base": null,
                "top": null,
                "fzlBase": null,
                "fzlTop": null,
                "level": "160",
                "product": "ZULU",
                "rawAirSigmet": null,
                "validTimeTo": "2026-08-09T12:00:00.000",
                "validTimeFrom": [
                    "2026-08-09T12:23"
                ]
            }
        },
        {
            "type": "Feature",
            "geometry": {
                "type": "Polygon",
                "coordinates": [
                    [
                        [
                            "-95.14",
                            "43.58"
                        ],
                        [
                            "-93.46",
                            "43.33"
                        ],
                        [
                            "-91.93",
                            "42.67"
                        ],
                        [
                            "-91.18",
                            "41.45"
                        ],
                        [
                            "-93.06",
                            "40.03"
                        ],
                        [
                            "-93.80",
                            "38.99"
                        ],
                        [
                            "-95.02",
                            "37.27"
                        ],
                        [
                            "-95.82",
                            "36.38"
                        ],
                        [
                            "-97.54",
                            "36.04"
                        ],
                        [
                            "-99.10",
                            "35.69"
                        ],
                        [
                            "-101.37",
                            "35.59"
                        ],
                        [
                            "-102.87",
                            "35.39"
                        ],
                        [
                            "-103.93",
                            "35.56"
                        ],
                        [
                            "-104.57",
                            "35.99"
                        ],
                        [
                            "-104.34",
                            "36.83"
                        ],
                        [
                            "-102.30",
                            "37.89"
                        ],
                        [
                            "-101.23",
                            "38.76"
                        ],
                        [
                            "-99.60",
                            "40.18"
                        ],
                        [
                            "-98.30",
                            "41.51"
                        ],
                        [
                            "-97.13",
                            "43.11"
                        ],
                        [
                            "-95.14",
                            "43.58"
                        ]
                    ]
                ]
            },
            "properties": {
                "forecastId": null,
                "geometryId": null,
                "tag": "1W",
                "forecastHour": 3,
                "hazard": "LLWS",
                "frequency": null,
                "severity": null,
                "status": "NRML",
                "base": null,
                "top": null,
                "fzlBase": null,
                "fzlTop": null,
                "level": null,
                "product": "TANGO",
                "rawAirSigmet": "AIR SPEED LOSS OR GAIN OF 20KTS OR MORE BELOW 2000 FT AGL",
                "validTimeTo": "2026-08-09T12:00:00.000",
                "validTimeFrom": [
                    "2026-08-09T13:03"
                ]
            }
        },
        {
            "type": "Feature",
            "geometry": {
                "type": "Polygon",
                "coordinates": [
                    [
                        [
                            "-88.71",
                            "40.37"
                        ],
                        [
                            "-87.92",
                            "39.58"
                        ],
                        [
                            "-88.08",
                            "38.76"
                        ],
                        [
                            "-89.05",
                            "38.27"
                        ],
                        [
                            "-89.01",
                            "37.03"
                        ],
                        [
                            "-90.04",
                            "36.55"
                        ],
                        [
                            "-91.41",
                            "37.25"
                        ],
                        [
                            "-91.22",
                            "38.21"
                        ],
                        [
                            "-90.24",
                            "39.20"
                        ],
                        [
                            "-89.72",
                            "40.26"
                        ],
                        [
                            "-88.71",
                            "40.37"
                        ]
                    ]
                ]
            },
            "properties": {
                "forecastId": null,
                "geometryId": null,
                "tag": "8E",
                "forecastHour": 3,
                "hazard": "IFR",
                "frequency": null,
                "severity": null,
                "status": "NRML",
                "base": null,
                "top": null,
                "fzlBase": null,
                "fzlTop": null,
                "level": null,
                "product": "SIERRA",
                "rawAirSigmet": "CIG BLW 010 VIS BLW 3SM BR FG",
                "validTimeTo": "2026-08-09T12:00:00.000",
                "validTimeFrom": [
                    "2026-08-09T08:45"
                ]
            }
        },
        {
            "type": "Feature",
            "geometry": {
                "type": "Polygon",
                "coordinates": [
                    [
                        [
                            "-125.34",
                            "48.67"
                        ],
                        [
                            "-124.65",
                            "48.01"
                        ],
                        [
                            "-124.36",
                            "47.58"
                        ],
                        [
                            "-123.98",
                            "47.21"
                        ],
                        [
                            "-123.05",
                            "46.93"
                        ],
                        [
                            "-122.81",
                            "46.73"
                        ],
                        [
                            "-122.44",
                            "46.43"
                        ],
                        [
                            "-122.27",
                            "46.10"
                        ],
                        [
                            "-123.10",
                            "45.72"
                        ],
                        [
                            "-123.63",
                            "45.61"
                        ],
                        [
                            "-124.04",
                            "45.22"
                        ],
                        [
                            "-124.27",
                            "44.58"
                        ],
                        [
                            "-123.78",
                            "43.82"
                        ],
                        [
                            "-123.66",
                            "43.24"
                        ],
                        [
                            "-124.23",
                            "42.72"
                        ],
                        [
                            "-124.39",
                            "41.94"
                        ],
                        [
                            "-124.25",
                            "41.35"
                        ],
                        [
                            "-124.04",
                            "40.71"
                        ],
                        [
                            "-124.52",
                            "39.92"
                        ],
                        [
                            "-125.53",
                            "40.08"
                        ],
                        [
                            "-126.41",
                            "40.50"
                        ],
                        [
                            "-126.88",
                            "41.14"
                        ],
                        [
                            "-126.49",
                            "45.05"
                        ],
                        [
                            "-127.99",
                            "48.30"
                        ],
                        [
                            "-125.34",
                            "48.67"
                        ]
                    ]
                ]
            },
            "properties": {
                "forecastId": null,
                "geometryId": null,
                "tag": "2E",
                "forecastHour": 3,
                "hazard": "IFR",
                "frequency": null,
                "severity": null,
                "status": "NRML",
                "base": null,
                "top": null,
                "fzlBase": null,
                "fzlTop": null,
                "level": null,
                "product": "SIERRA",
                "rawAirSigmet": "CIG BLW 010 VIS BLW 3SM BR",
                "validTimeTo": "2026-08-09T12:00:00.000",
                "validTimeFrom": [
                    "2026-08-09T08:45"
                ]
            }
        },
        {
            "type": "Feature",
            "geometry": {
                "type": "LineString",
                "coordinates": [
                    [
                        "-55.74",
                        "28.97"
                    ],
                    [
                        "-56.43",
                        "29.31"
                    ],
                    [
                        "-57.51",
                        "30.22"
                    ],
                    [
                        "-57.88",
                        "30.94"
                    ],
                    [
                        "-58.09",
                        "32.10"
                    ],
                    [
                        "-58.17",
                        "33.16"
                    ],
                    [
                        "-58.00",
                        "34.01"
                    ],
                    [
                        "-56.81",
                        "34.96"
                    ],
                    [
                        "-55.38",
                        "35.40"
                    ],
                    [
                        "-54.17",
                        "35.63"
                    ],
                    [
                        "-53.22",
                        "35.78"
                    ],
                    [
                        "-51.85",
                        "35.92"
                    ],
                    [
                        "-50.29",
                        "35.99"
                    ],
                    [
                        "-49.16",
                        "35.97"
                    ],
                    [
                        "-48.10",
                        "35.95"
                    ],
                    [
                        "-47.07",
                        "35.92"
                    ]
                ]
            },
            "properties": {
                "forecastId": null,
                "geometryId": null,
                "tag": "1C",
                "forecastHour": 3,
                "hazard": "FZLVL",
                "frequency": null,
                "severity": null,
                "status": "NRML",
                "base": null,
                "top": null,
                "fzlBase": null,
                "fzlTop": null,
                "level": "160",
                "product": "ZULU",
                "rawAirSigmet": null,
                "validTimeTo": "2026-08-09T12:00:00.000",
                "validTimeFrom": [
                    "2026-08-09T12:23"
                ]
            }
        },
        {
            "type": "Feature",
            "geometry": {
                "type": "Polygon",
                "coordinates": [
                    [
                        [
                            "-125.03",
                            "48.56"
                        ],
                        [
                            "-124.19",
                            "48.39"
                        ],
                        [
                            "-123.50",
                            "48.12"
                        ],
                        [
                            "-123.63",
                            "47.65"
                        ],
                        [
                            "-122.36",
                            "47.05"
                        ],
                        [
                            "-121.93",
                            "46.63"
                        ],
                        [
                            "-122.11",
                            "46.09"
                        ],
                        [
                            "-122.50",
                            "45.79"
                        ],
                        [
                            "-123.03",
                            "45.40"
                        ],
                        [
                            "-123.60",
                            "44.96"
                        ],
                        [
                            "-123.66",
                            "44.07"
                        ],
                        [
                            "-123.11",
                            "43.41"
                        ],
                        [
                            "-123.68",
                            "42.93"
                        ],
                        [
                            "-123.95",
                            "42.04"
                        ],
                        [
                            "-123.73",
                            "41.24"
                        ],
                        [
                            "-123.85",
                            "40.55"
                        ],
                        [
                            "-124.22",
                            "40.65"
                        ],
                        [
                            "-124.28",
                            "41.82"
                        ],
                        [
                            "-124.35",
                            "42.89"
                        ],
                        [
                            "-124.07",
                            "44.58"
                        ],
                        [
                            "-124.27",
                            "46.90"
                        ],
                        [
                            "-125.03",
                            "48.56"
                        ]
                    ]
                ]
            },
            "properties": {
                "forecastId": null,
                "geometryId": null,
                "tag": "3E",
                "forecastHour": 3,
                "hazard": "MT_OBSC",
                "frequency": null,
                "severity": null,
                "status": "NRML",
                "base": null,
                "top": null,
                "fzlBase": null,
                "fzlTop": null,
                "level": null,
                "product": "SIERRA",
                "rawAirSigmet": "MTNS OBSC BY CLDS BR",
                "validTimeTo": "2026-08-09T12:00:00.000",
                "validTimeFrom": [
                    "2026-08-09T08:45"
                ]
            }
        },
        {
            "type": "Feature",
            "geometry": {
                "type": "Polygon",
                "coordinates": [
                    [
                        [
                            "-67.41",
                            "45.38"
                        ],
                        [
                            "-67.03",
                            "44.93"
                        ],
                        [
                            "-66.95",
                            "42.08"
                        ],
                        [
                            "-66.90",
                            "40.17"
                        ],
                        [
                            "-68.21",
                            "39.60"
                        ],
                        [
                            "-68.83",
                            "39.86"
                        ],
                        [
                            "-69.42",
                            "40.54"
                        ],
                        [
                            "-69.15",
                            "40.87"
                        ],
                        [
                            "-67.99",
                            "42.02"
                        ],
                        [
                            "-68.48",
                            "42.70"
                        ],
                        [
                            "-69.31",
                            "43.58"
                        ],
                        [
                            "-69.61",
                            "44.43"
                        ],
                        [
                            "-67.41",
                            "45.38"
                        ]
                    ]
                ]
            },
            "properties": {
                "forecastId": null,
                "geometryId": null,
                "tag": "1E",
                "forecastHour": 3,
                "hazard": "IFR",
                "frequency": null,
                "severity": null,
                "status": "NRML",
                "base": null,
                "top": null,
                "fzlBase": null,
                "fzlTop": null,
                "level": null,
                "product": "SIERRA",
                "rawAirSigmet": "CIG BLW 010 VIS BLW 3SM BR",
                "validTimeTo": "2026-08-09T12:00:00.000",
                "validTimeFrom": [
                    "2026-08-09T08:45"
                ]
            }
        },
        {
            "type": "Feature",
            "geometry": {
                "type": "Polygon",
                "coordinates": [
                    [
                        [
                            "-132.81",
                            "35.47"
                        ],
                        [
                            "-134.75",
                            "33.99"
                        ],
                        [
                            "-135.50",
                            "32.93"
                        ],
                        [
                            "-135.87",
                            "31.87"
                        ],
                        [
                            "-135.92",
                            "30.33"
                        ],
                        [
                            "-135.46",
                            "28.26"
                        ],
                        [
                            "-135.04",
                            "27.13"
                        ],
                        [
                            "-134.06",
                            "26.26"
                        ],
                        [
                            "-132.60",
                            "25.32"
                        ],
                        [
                            "-130.84",
                            "22.02"
                        ],
                        [
                            "-129.93",
                            "21.51"
                        ],
                        [
                            "-129.12",
                            "21.39"
                        ],
                        [
                            "-128.11",
                            "21.83"
                        ],
                        [
                            "-127.43",
                            "22.35"
                        ],
                        [
                            "-124.85",
                            "25.00"
                        ],
                        [
                            "-124.51",
                            "25.76"
                        ],
                        [
                            "-124.43",
                            "27.03"
                        ],
                        [
                            "-124.92",
                            "28.20"
                        ],
                        [
                            "-125.78",
                            "28.78"
                        ],
                        [
                            "-127.76",
                            "29.64"
                        ],
                        [
                            "-128.59",
                            "30.43"
                        ],
                        [
                            "-129.12",
                            "31.84"
                        ],
                        [
                            "-128.96",
                            "32.56"
                        ],
                        [
                            "-128.08",
                            "33.38"
                        ],
                        [
                            "-126.61",
                            "33.88"
                        ],
                        [
                            "-125.06",
                            "34.68"
                        ],
                        [
                            "-123.87",
                            "36.05"
                        ],
                        [
                            "-123.80",
                            "37.08"
                        ],
                        [
                            "-124.30",
                            "37.36"
                        ],
                        [
                            "-125.38",
                            "37.49"
                        ],
                        [
                            "-127.99",
                            "37.31"
                        ],
                        [
                            "-130.61",
                            "36.57"
                        ],
                        [
                            "-132.81",
                            "35.47"
                        ]
                    ]
                ]
            },
            "properties": {
                "forecastId": null,
                "geometryId": null,
                "tag": "1C",
                "forecastHour": 3,
                "hazard": "FZLVL",
                "frequency": null,
                "severity": null,
                "status": "NRML",
                "base": null,
                "top": null,
                "fzlBase": null,
                "fzlTop": null,
                "level": "160",
                "product": "ZULU",
                "rawAirSigmet": null,
                "validTimeTo": "2026-08-09T12:00:00.000",
                "validTimeFrom": [
                    "2026-08-09T12:23"
                ]
            }
        },
        {
            "type": "Feature",
            "geometry": {
                "type": "Polygon",
                "coordinates": [
                    [
                        [
                            "-123.67",
                            "38.55"
                        ],
                        [
                            "-122.76",
                            "38.38"
                        ],
                        [
                            "-122.53",
                            "38.07"
                        ],
                        [
                            "-122.26",
                            "37.62"
                        ],
                        [
                            "-121.99",
                            "37.17"
                        ],
                        [
                            "-121.86",
                            "36.74"
                        ],
                        [
                            "-121.76",
                            "36.36"
                        ],
                        [
                            "-121.55",
                            "35.92"
                        ],
                        [
                            "-121.30",
                            "35.61"
                        ],
                        [
                            "-120.93",
                            "35.36"
                        ],
                        [
                            "-120.47",
                            "34.87"
                        ],
                        [
                            "-120.09",
                            "34.57"
                        ],
                        [
                            "-119.59",
                            "34.25"
                        ],
                        [
                            "-119.17",
                            "34.14"
                        ],
                        [
                            "-118.59",
                            "33.94"
                        ],
                        [
                            "-117.87",
                            "33.74"
                        ],
                        [
                            "-117.32",
                            "33.40"
                        ],
                        [
                            "-117.19",
                            "32.78"
                        ],
                        [
                            "-117.13",
                            "32.23"
                        ],
                        [
                            "-120.79",
                            "30.69"
                        ],
                        [
                            "-123.39",
                            "34.74"
                        ],
                        [
                            "-123.71",
                            "35.11"
                        ],
                        [
                            "-123.42",
                            "35.42"
                        ],
                        [
                            "-123.05",
                            "35.99"
                        ],
                        [
                            "-123.18",
                            "36.65"
                        ],
                        [
                            "-123.75",
                            "37.50"
                        ],
                        [
                            "-124.05",
                            "38.04"
                        ],
                        [
                            "-123.95",
                            "38.41"
                        ],
                        [
                            "-123.67",
                            "38.55"
                        ]
                    ]
                ]
            },
            "properties": {
                "forecastId": null,
                "geometryId": null,
                "tag": "3E",
                "forecastHour": 3,
                "hazard": "IFR",
                "frequency": null,
                "severity": null,
                "status": "NRML",
                "base": null,
                "top": null,
                "fzlBase": null,
                "fzlTop": null,
                "level": null,
                "product": "SIERRA",
                "rawAirSigmet": "CIG BLW 010 VIS BLW 3SM BR",
                "validTimeTo": "2026-08-09T12:00:00.000",
                "validTimeFrom": [
                    "2026-08-09T08:45"
                ]
            }
        },
        {
            "type": "Feature",
            "geometry": {
                "type": "Polygon",
                "coordinates": [
                    [
                        [
                            "-123.24",
                            "38.68"
                        ],
                        [
                            "-123.09",
                            "38.65"
                        ],
                        [
                            "-122.64",
                            "38.52"
                        ],
                        [
                            "-122.20",
                            "37.80"
                        ],
                        [
                            "-121.72",
                            "36.98"
                        ],
                        [
                            "-121.28",
                            "36.34"
                        ],
                        [
                            "-121.04",
                            "35.92"
                        ],
                        [
                            "-120.45",
                            "35.25"
                        ],
                        [
                            "-120.08",
                            "34.76"
                        ],
                        [
                            "-119.71",
                            "34.64"
                        ],
                        [
                            "-118.67",
                            "34.19"
                        ],
                        [
                            "-117.95",
                            "33.99"
                        ],
                        [
                            "-117.21",
                            "33.41"
                        ],
                        [
                            "-116.76",
                            "32.77"
                        ],
                        [
                            "-117.26",
                            "32.78"
                        ],
                        [
                            "-118.39",
                            "33.91"
                        ],
                        [
                            "-120.59",
                            "34.50"
                        ],
                        [
                            "-121.93",
                            "36.63"
                        ],
                        [
                            "-122.65",
                            "37.76"
                        ],
                        [
                            "-122.87",
                            "38.08"
                        ],
                        [
                            "-123.24",
                            "38.68"
                        ]
                    ]
                ]
            },
            "properties": {
                "forecastId": null,
                "geometryId": null,
                "tag": "2E",
                "forecastHour": 3,
                "hazard": "MT_OBSC",
                "frequency": null,
                "severity": null,
                "status": "NRML",
                "base": null,
                "top": null,
                "fzlBase": null,
                "fzlTop": null,
                "level": null,
                "product": "SIERRA",
                "rawAirSigmet": "MTNS OBSC BY CLDS BR",
                "validTimeTo": "2026-08-09T12:00:00.000",
                "validTimeFrom": [
                    "2026-08-09T08:45"
                ]
            }
        },
        {
            "type": "Feature",
            "geometry": {
                "type": "Polygon",
                "coordinates": [
                    [
                        [
                            "-80.55",
                            "38.50"
                        ],
                        [
                            "-79.46",
                            "38.38"
                        ],
                        [
                            "-78.88",
                            "38.24"
                        ],
                        [
                            "-79.49",
                            "37.83"
                        ],
                        [
                            "-80.76",
                            "37.26"
                        ],
                        [
                            "-81.67",
                            "36.73"
                        ],
                        [
                            "-82.59",
                            "36.39"
                        ],
                        [
                            "-83.43",
                            "36.25"
                        ],
                        [
                            "-83.65",
                            "35.60"
                        ],
                        [
                            "-84.66",
                            "35.10"
                        ],
                        [
                            "-85.51",
                            "35.18"
                        ],
                        [
                            "-85.14",
                            "35.87"
                        ],
                        [
                            "-86.17",
                            "36.32"
                        ],
                        [
                            "-84.68",
                            "37.39"
                        ],
                        [
                            "-82.80",
                            "37.77"
                        ],
                        [
                            "-82.19",
                            "38.07"
                        ],
                        [
                            "-80.55",
                            "38.50"
                        ]
                    ]
                ]
            },
            "properties": {
                "forecastId": null,
                "geometryId": null,
                "tag": "1W",
                "forecastHour": 3,
                "hazard": "ICE",
                "frequency": null,
                "severity": "MOD",
                "status": "NEW",
                "base": "150",
                "top": "260",
                "fzlBase": null,
                "fzlTop": null,
                "level": null,
                "product": "ZULU",
                "rawAirSigmet": "ICE",
                "validTimeTo": "2026-08-09T12:00:00.000",
                "validTimeFrom": [
                    "2026-08-09T12:23"
                ]
            }
        },
        {
            "type": "Feature",
            "geometry": {
                "type": "Polygon",
                "coordinates": [
                    [
                        [
                            "-113.54",
                            "46.52"
                        ],
                        [
                            "-112.95",
                            "46.48"
                        ],
                        [
                            "-112.16",
                            "45.92"
                        ],
                        [
                            "-111.33",
                            "45.42"
                        ],
                        [
                            "-110.26",
                            "45.51"
                        ],
                        [
                            "-109.59",
                            "45.39"
                        ],
                        [
                            "-109.81",
                            "44.69"
                        ],
                        [
                            "-110.66",
                            "44.42"
                        ],
                        [
                            "-111.60",
                            "44.06"
                        ],
                        [
                            "-112.91",
                            "43.99"
                        ],
                        [
                            "-113.66",
                            "45.06"
                        ],
                        [
                            "-114.02",
                            "45.67"
                        ],
                        [
                            "-114.00",
                            "46.36"
                        ],
                        [
                            "-113.54",
                            "46.52"
                        ]
                    ]
                ]
            },
            "properties": {
                "forecastId": null,
                "geometryId": null,
                "tag": "6E",
                "forecastHour": 3,
                "hazard": "IFR",
                "frequency": null,
                "severity": null,
                "status": "NRML",
                "base": null,
                "top": null,
                "fzlBase": null,
                "fzlTop": null,
                "level": null,
                "product": "SIERRA",
                "rawAirSigmet": "VIS BLW 3SM HZ FU",
                "validTimeTo": "2026-08-09T12:00:00.000",
                "validTimeFrom": [
                    "2026-08-09T08:45"
                ]
            }
        },
        {
            "type": "Feature",
            "geometry": {
                "type": "LineString",
                "coordinates": [
                    [
                        "-111.71",
                        "60.30"
                    ],
                    [
                        "-111.05",
                        "59.51"
                    ],
                    [
                        "-110.50",
                        "58.84"
                    ],
                    [
                        "-110.35",
                        "58.73"
                    ],
                    [
                        "-109.00",
                        "57.98"
                    ],
                    [
                        "-108.80",
                        "57.89"
                    ],
                    [
                        "-107.26",
                        "57.60"
                    ],
                    [
                        "-105.75",
                        "57.60"
                    ],
                    [
                        "-104.24",
                        "57.86"
                    ],
                    [
                        "-103.67",
                        "58.04"
                    ],
                    [
                        "-102.68",
                        "58.43"
                    ],
                    [
                        "-101.75",
                        "58.81"
                    ],
                    [
                        "-101.00",
                        "59.36"
                    ],
                    [
                        "-100.47",
                        "59.59"
                    ],
                    [
                        "-100.87",
                        "60.31"
                    ],
                    [
                        "-100.91",
                        "60.42"
                    ],
                    [
                        "-102.44",
                        "61.26"
                    ],
                    [
                        "-102.46",
                        "61.28"
                    ]
                ]
            },
            "properties": {
                "forecastId": null,
                "geometryId": null,
                "tag": "1C",
                "forecastHour": 3,
                "hazard": "FZLVL",
                "frequency": null,
                "severity": null,
                "status": "NRML",
                "base": null,
                "top": null,
                "fzlBase": null,
                "fzlTop": null,
                "level": "080",
                "product": "ZULU",
                "rawAirSigmet": null,
                "validTimeTo": "2026-08-09T12:00:00.000",
                "validTimeFrom": [
                    "2026-08-09T12:23"
                ]
            }
        },
        {
            "type": "Feature",
            "geometry": {
                "type": "Polygon",
                "coordinates": [
                    [
                        [
                            "-119.27",
                            "42.85"
                        ],
                        [
                            "-118.20",
                            "42.11"
                        ],
                        [
                            "-117.47",
                            "42.32"
                        ],
                        [
                            "-116.45",
                            "42.66"
                        ],
                        [
                            "-116.27",
                            "42.19"
                        ],
                        [
                            "-116.63",
                            "41.58"
                        ],
                        [
                            "-118.45",
                            "40.68"
                        ],
                        [
                            "-119.96",
                            "40.08"
                        ],
                        [
                            "-121.89",
                            "40.87"
                        ],
                        [
                            "-121.91",
                            "42.57"
                        ],
                        [
                            "-121.37",
                            "42.79"
                        ],
                        [
                            "-120.33",
                            "42.35"
                        ],
                        [
                            "-119.27",
                            "42.85"
                        ]
                    ]
                ]
            },
            "properties": {
                "forecastId": null,
                "geometryId": null,
                "tag": "10E",
                "forecastHour": 3,
                "hazard": "IFR",
                "frequency": null,
                "severity": null,
                "status": "NRML",
                "base": null,
                "top": null,
                "fzlBase": null,
                "fzlTop": null,
                "level": null,
                "product": "SIERRA",
                "rawAirSigmet": "VIS BLW 3SM HZ FU",
                "validTimeTo": "2026-08-09T12:00:00.000",
                "validTimeFrom": [
                    "2026-08-09T08:45"
                ]
            }
        },
        {
            "type": "Feature",
            "geometry": {
                "type": "Polygon",
                "coordinates": [
                    [
                        [
                            "-116.76",
                            "49.01"
                        ],
                        [
                            "-112.69",
                            "49.00"
                        ],
                        [
                            "-112.84",
                            "48.51"
                        ],
                        [
                            "-114.20",
                            "48.11"
                        ],
                        [
                            "-114.86",
                            "47.40"
                        ],
                        [
                            "-116.32",
                            "47.37"
                        ],
                        [
                            "-118.18",
                            "46.43"
                        ],
                        [
                            "-119.76",
                            "46.94"
                        ],
                        [
                            "-120.75",
                            "47.93"
                        ],
                        [
                            "-120.01",
                            "48.97"
                        ],
                        [
                            "-116.76",
                            "49.01"
                        ]
                    ]
                ]
            },
            "properties": {
                "forecastId": null,
                "geometryId": null,
                "tag": "4E",
                "forecastHour": 3,
                "hazard": "IFR",
                "frequency": null,
                "severity": null,
                "status": "NRML",
                "base": null,
                "top": null,
                "fzlBase": null,
                "fzlTop": null,
                "level": null,
                "product": "SIERRA",
                "rawAirSigmet": "VIS BLW 3SM HZ FU",
                "validTimeTo": "2026-08-09T12:00:00.000",
                "validTimeFrom": [
                    "2026-08-09T08:45"
                ]
            }
        },
        {
            "type": "Feature",
            "geometry": {
                "type": "Polygon",
                "coordinates": [
                    [
                        [
                            "-96.75",
                            "44.15"
                        ],
                        [
                            "-95.92",
                            "42.95"
                        ],
                        [
                            "-96.72",
                            "41.89"
                        ],
                        [
                            "-98.38",
                            "41.57"
                        ],
                        [
                            "-99.59",
                            "41.48"
                        ],
                        [
                            "-100.63",
                            "41.80"
                        ],
                        [
                            "-100.77",
                            "42.43"
                        ],
                        [
                            "-98.70",
                            "43.43"
                        ],
                        [
                            "-97.78",
                            "44.09"
                        ],
                        [
                            "-96.75",
                            "44.15"
                        ]
                    ]
                ]
            },
            "properties": {
                "forecastId": null,
                "geometryId": null,
                "tag": "9E",
                "forecastHour": 3,
                "hazard": "IFR",
                "frequency": null,
                "severity": null,
                "status": "NRML",
                "base": null,
                "top": null,
                "fzlBase": null,
                "fzlTop": null,
                "level": null,
                "product": "SIERRA",
                "rawAirSigmet": "CIG BLW 010 VIS BLW 3SM BR FG",
                "validTimeTo": "2026-08-09T12:00:00.000",
                "validTimeFrom": [
                    "2026-08-09T08:45"
                ]
            }
        },
        {
            "type": "Feature",
            "geometry": {
                "type": "Polygon",
                "coordinates": [
                    [
                        [
                            "-124.95",
                            "41.82"
                        ],
                        [
                            "-124.40",
                            "41.49"
                        ],
                        [
                            "-124.34",
                            "40.63"
                        ],
                        [
                            "-124.24",
                            "39.89"
                        ],
                        [
                            "-124.06",
                            "39.16"
                        ],
                        [
                            "-124.20",
                            "38.21"
                        ],
                        [
                            "-124.71",
                            "37.57"
                        ],
                        [
                            "-125.17",
                            "37.71"
                        ],
                        [
                            "-125.43",
                            "38.33"
                        ],
                        [
                            "-125.86",
                            "39.50"
                        ],
                        [
                            "-125.86",
                            "40.80"
                        ],
                        [
                            "-125.54",
                            "41.62"
                        ],
                        [
                            "-124.95",
                            "41.82"
                        ]
                    ]
                ]
            },
            "properties": {
                "forecastId": null,
                "geometryId": null,
                "tag": "1W",
                "forecastHour": 3,
                "hazard": "SFC_WND",
                "frequency": null,
                "severity": null,
                "status": "NRML",
                "base": null,
                "top": null,
                "fzlBase": null,
                "fzlTop": null,
                "level": null,
                "product": "TANGO",
                "rawAirSigmet": "USTAINED SFC WINDS GREATER THAN 30 KTS",
                "validTimeTo": "2026-08-09T12:00:00.000",
                "validTimeFrom": [
                    "2026-08-09T13:03"
                ]
            }
        },
        {
            "type": "Feature",
            "geometry": {
                "type": "Polygon",
                "coordinates": [
                    [
                        [
                            "-87.64",
                            "57.45"
                        ],
                        [
                            "-88.12",
                            "56.69"
                        ],
                        [
                            "-87.99",
                            "56.60"
                        ],
                        [
                            "-87.79",
                            "56.64"
                        ],
                        [
                            "-86.53",
                            "57.26"
                        ],
                        [
                            "-87.44",
                            "57.55"
                        ],
                        [
                            "-87.64",
                            "57.45"
                        ]
                    ]
                ]
            },
            "properties": {
                "forecastId": null,
                "geometryId": null,
                "tag": "1C",
                "forecastHour": 3,
                "hazard": "FZLVL",
                "frequency": null,
                "severity": null,
                "status": "NRML",
                "base": null,
                "top": null,
                "fzlBase": null,
                "fzlTop": null,
                "level": "080",
                "product": "ZULU",
                "rawAirSigmet": null,
                "validTimeTo": "2026-08-09T12:00:00.000",
                "validTimeFrom": [
                    "2026-08-09T12:23"
                ]
            }
        },
        {
            "type": "Feature",
            "geometry": {
                "type": "LineString",
                "coordinates": [
                    [
                        "-146.31",
                        "47.26"
                    ],
                    [
                        "-145.96",
                        "47.38"
                    ],
                    [
                        "-143.75",
                        "48.26"
                    ],
                    [
                        "-142.49",
                        "48.48"
                    ],
                    [
                        "-141.56",
                        "48.09"
                    ],
                    [
                        "-140.29",
                        "46.44"
                    ],
                    [
                        "-138.51",
                        "45.67"
                    ],
                    [
                        "-136.17",
                        "45.81"
                    ],
                    [
                        "-134.13",
                        "46.10"
                    ],
                    [
                        "-132.90",
                        "46.37"
                    ],
                    [
                        "-131.73",
                        "46.90"
                    ],
                    [
                        "-130.06",
                        "48.04"
                    ],
                    [
                        "-128.31",
                        "49.24"
                    ],
                    [
                        "-126.71",
                        "49.88"
                    ],
                    [
                        "-124.79",
                        "50.29"
                    ],
                    [
                        "-121.77",
                        "50.69"
                    ],
                    [
                        "-115.92",
                        "51.36"
                    ],
                    [
                        "-114.47",
                        "51.46"
                    ],
                    [
                        "-113.08",
                        "51.39"
                    ],
                    [
                        "-110.56",
                        "50.93"
                    ],
                    [
                        "-109.00",
                        "50.68"
                    ],
                    [
                        "-105.85",
                        "50.41"
                    ],
                    [
                        "-104.03",
                        "50.08"
                    ],
                    [
                        "-100.87",
                        "49.32"
                    ],
                    [
                        "-96.99",
                        "48.25"
                    ],
                    [
                        "-95.06",
                        "47.78"
                    ],
                    [
                        "-92.02",
                        "47.29"
                    ],
                    [
                        "-86.90",
                        "46.35"
                    ],
                    [
                        "-85.24",
                        "46.37"
                    ],
                    [
                        "-83.01",
                        "46.63"
                    ],
                    [
                        "-79.17",
                        "47.07"
                    ],
                    [
                        "-77.27",
                        "47.32"
                    ],
                    [
                        "-74.72",
                        "47.93"
                    ],
                    [
                        "-67.64",
                        "50.39"
                    ],
                    [
                        "-65.65",
                        "51.65"
                    ],
                    [
                        "-64.43",
                        "52.38"
                    ],
                    [
                        "-63.09",
                        "52.83"
                    ],
                    [
                        "-61.08",
                        "53.15"
                    ],
                    [
                        "-59.89",
                        "53.01"
                    ],
                    [
                        "-58.54",
                        "52.65"
                    ],
                    [
                        "-56.83",
                        "51.87"
                    ],
                    [
                        "-54.33",
                        "50.58"
                    ],
                    [
                        "-52.83",
                        "49.93"
                    ],
                    [
                        "-50.70",
                        "49.26"
                    ]
                ]
            },
            "properties": {
                "forecastId": null,
                "geometryId": null,
                "tag": "1C",
                "forecastHour": 3,
                "hazard": "FZLVL",
                "frequency": null,
                "severity": null,
                "status": "NRML",
                "base": null,
                "top": null,
                "fzlBase": null,
                "fzlTop": null,
                "level": "120",
                "product": "ZULU",
                "rawAirSigmet": null,
                "validTimeTo": "2026-08-09T12:00:00.000",
                "validTimeFrom": [
                    "2026-08-09T12:23"
                ]
            }
        },
        {
            "type": "Feature",
            "geometry": {
                "type": "Polygon",
                "coordinates": [
                    [
                        [
                            "-119.82",
                            "48.99"
                        ],
                        [
                            "-116.79",
                            "48.97"
                        ],
                        [
                            "-113.10",
                            "48.98"
                        ],
                        [
                            "-111.41",
                            "47.43"
                        ],
                        [
                            "-109.73",
                            "48.53"
                        ],
                        [
                            "-108.60",
                            "46.97"
                        ],
                        [
                            "-105.28",
                            "42.04"
                        ],
                        [
                            "-104.77",
                            "41.13"
                        ],
                        [
                            "-104.41",
                            "39.98"
                        ],
                        [
                            "-104.89",
                            "39.63"
                        ],
                        [
                            "-105.32",
                            "39.79"
                        ],
                        [
                            "-105.24",
                            "40.44"
                        ],
                        [
                            "-105.74",
                            "41.33"
                        ],
                        [
                            "-106.42",
                            "41.46"
                        ],
                        [
                            "-107.34",
                            "41.03"
                        ],
                        [
                            "-107.99",
                            "41.34"
                        ],
                        [
                            "-108.75",
                            "41.72"
                        ],
                        [
                            "-108.86",
                            "42.41"
                        ],
                        [
                            "-110.57",
                            "42.44"
                        ],
                        [
                            "-111.76",
                            "42.44"
                        ],
                        [
                            "-113.80",
                            "42.27"
                        ],
                        [
                            "-114.39",
                            "41.94"
                        ],
                        [
                            "-115.28",
                            "41.92"
                        ],
                        [
                            "-116.56",
                            "41.53"
                        ],
                        [
                            "-116.98",
                            "41.06"
                        ],
                        [
                            "-118.28",
                            "40.34"
                        ],
                        [
                            "-119.39",
                            "39.97"
                        ],
                        [
                            "-120.47",
                            "40.07"
                        ],
                        [
                            "-121.45",
                            "40.73"
                        ],
                        [
                            "-122.08",
                            "40.90"
                        ],
                        [
                            "-121.97",
                            "41.58"
                        ],
                        [
                            "-122.27",
                            "41.98"
                        ],
                        [
                            "-121.79",
                            "42.44"
                        ],
                        [
                            "-120.72",
                            "43.16"
                        ],
                        [
                            "-120.41",
                            "43.87"
                        ],
                        [
                            "-120.71",
                            "44.21"
                        ],
                        [
                            "-121.27",
                            "44.95"
                        ],
                        [
                            "-121.65",
                            "45.48"
                        ],
                        [
                            "-121.17",
                            "45.63"
                        ],
                        [
                            "-120.52",
                            "46.00"
                        ],
                        [
                            "-119.95",
                            "46.51"
                        ],
                        [
                            "-120.45",
                            "47.39"
                        ],
                        [
                            "-120.94",
                            "48.15"
                        ],
                        [
                            "-119.82",
                            "48.99"
                        ]
                    ]
                ]
            },
            "properties": {
                "forecastId": null,
                "geometryId": null,
                "tag": "1E",
                "forecastHour": 3,
                "hazard": "MT_OBSC",
                "frequency": null,
                "severity": null,
                "status": "NRML",
                "base": null,
                "top": null,
                "fzlBase": null,
                "fzlTop": null,
                "level": null,
                "product": "SIERRA",
                "rawAirSigmet": "FU HZ",
                "validTimeTo": "2026-08-09T12:00:00.000",
                "validTimeFrom": [
                    "2026-08-09T08:45"
                ]
            }
        },
        {
            "type": "Feature",
            "geometry": {
                "type": "LineString",
                "coordinates": [
                    [
                        "-93.93",
                        "17.31"
                    ],
                    [
                        "-95.41",
                        "17.05"
                    ],
                    [
                        "-96.97",
                        "17.18"
                    ],
                    [
                        "-97.92",
                        "17.97"
                    ],
                    [
                        "-98.57",
                        "18.77"
                    ],
                    [
                        "-99.53",
                        "19.89"
                    ],
                    [
                        "-99.61",
                        "20.76"
                    ],
                    [
                        "-99.20",
                        "21.19"
                    ],
                    [
                        "-98.28",
                        "21.55"
                    ],
                    [
                        "-96.90",
                        "21.76"
                    ],
                    [
                        "-95.97",
                        "21.75"
                    ],
                    [
                        "-95.01",
                        "21.41"
                    ],
                    [
                        "-93.84",
                        "20.75"
                    ],
                    [
                        "-93.09",
                        "20.30"
                    ],
                    [
                        "-92.94",
                        "19.52"
                    ],
                    [
                        "-93.81",
                        "18.51"
                    ],
                    [
                        "-93.95",
                        "17.72"
                    ],
                    [
                        "-93.25",
                        "17.68"
                    ],
                    [
                        "-92.03",
                        "18.15"
                    ],
                    [
                        "-90.67",
                        "18.14"
                    ],
                    [
                        "-89.93",
                        "17.81"
                    ],
                    [
                        "-89.77",
                        "17.02"
                    ]
                ]
            },
            "properties": {
                "forecastId": null,
                "geometryId": null,
                "tag": "1C",
                "forecastHour": 3,
                "hazard": "FZLVL",
                "frequency": null,
                "severity": null,
                "status": "NRML",
                "base": null,
                "top": null,
                "fzlBase": null,
                "fzlTop": null,
                "level": "160",
                "product": "ZULU",
                "rawAirSigmet": null,
                "validTimeTo": "2026-08-09T12:00:00.000",
                "validTimeFrom": [
                    "2026-08-09T12:23"
                ]
            }
        },
        {
            "type": "Feature",
            "geometry": {
                "type": "Polygon",
                "coordinates": [
                    [
                        [
                            "-70.43",
                            "45.74"
                        ],
                        [
                            "-69.54",
                            "45.32"
                        ],
                        [
                            "-71.57",
                            "43.60"
                        ],
                        [
                            "-72.13",
                            "42.91"
                        ],
                        [
                            "-72.73",
                            "42.62"
                        ],
                        [
                            "-74.71",
                            "41.73"
                        ],
                        [
                            "-77.36",
                            "41.42"
                        ],
                        [
                            "-78.98",
                            "40.47"
                        ],
                        [
                            "-78.83",
                            "38.68"
                        ],
                        [
                            "-79.24",
                            "37.94"
                        ],
                        [
                            "-79.98",
                            "37.46"
                        ],
                        [
                            "-80.75",
                            "36.59"
                        ],
                        [
                            "-81.84",
                            "36.14"
                        ],
                        [
                            "-83.42",
                            "35.58"
                        ],
                        [
                            "-84.19",
                            "35.66"
                        ],
                        [
                            "-84.85",
                            "36.34"
                        ],
                        [
                            "-84.75",
                            "37.25"
                        ],
                        [
                            "-83.90",
                            "37.73"
                        ],
                        [
                            "-82.92",
                            "38.30"
                        ],
                        [
                            "-81.84",
                            "38.84"
                        ],
                        [
                            "-80.97",
                            "39.58"
                        ],
                        [
                            "-80.18",
                            "40.37"
                        ],
                        [
                            "-80.39",
                            "41.11"
                        ],
                        [
                            "-80.41",
                            "41.79"
                        ],
                        [
                            "-79.29",
                            "42.37"
                        ],
                        [
                            "-78.79",
                            "42.48"
                        ],
                        [
                            "-77.65",
                            "42.85"
                        ],
                        [
                            "-76.92",
                            "43.60"
                        ],
                        [
                            "-76.46",
                            "43.97"
                        ],
                        [
                            "-75.93",
                            "44.36"
                        ],
                        [
                            "-75.54",
                            "44.65"
                        ],
                        [
                            "-74.65",
                            "45.06"
                        ],
                        [
                            "-73.32",
                            "44.99"
                        ],
                        [
                            "-71.48",
                            "45.01"
                        ],
                        [
                            "-71.39",
                            "45.29"
                        ],
                        [
                            "-70.90",
                            "45.32"
                        ],
                        [
                            "-70.43",
                            "45.74"
                        ]
                    ]
                ]
            },
            "properties": {
                "forecastId": null,
                "geometryId": null,
                "tag": "7E",
                "forecastHour": 3,
                "hazard": "IFR",
                "frequency": null,
                "severity": null,
                "status": "NRML",
                "base": null,
                "top": null,
                "fzlBase": null,
                "fzlTop": null,
                "level": null,
                "product": "SIERRA",
                "rawAirSigmet": "CIG BLW 010 VIS BLW 3SM BR FG",
                "validTimeTo": "2026-08-09T12:00:00.000",
                "validTimeFrom": [
                    "2026-08-09T08:45"
                ]
            }
        },
        {
            "type": "Feature",
            "geometry": {
                "type": "LineString",
                "coordinates": [
                    [
                        "-147.11",
                        "36.01"
                    ],
                    [
                        "-146.91",
                        "36.09"
                    ],
                    [
                        "-137.53",
                        "39.14"
                    ],
                    [
                        "-136.20",
                        "39.48"
                    ],
                    [
                        "-134.69",
                        "39.66"
                    ],
                    [
                        "-132.60",
                        "39.39"
                    ],
                    [
                        "-130.45",
                        "39.70"
                    ],
                    [
                        "-128.09",
                        "40.84"
                    ],
                    [
                        "-125.31",
                        "41.83"
                    ],
                    [
                        "-123.56",
                        "42.24"
                    ],
                    [
                        "-121.92",
                        "42.49"
                    ],
                    [
                        "-119.43",
                        "42.45"
                    ],
                    [
                        "-117.63",
                        "42.70"
                    ],
                    [
                        "-115.66",
                        "43.14"
                    ],
                    [
                        "-112.51",
                        "43.68"
                    ],
                    [
                        "-108.87",
                        "43.64"
                    ],
                    [
                        "-105.39",
                        "43.65"
                    ],
                    [
                        "-103.52",
                        "43.51"
                    ],
                    [
                        "-102.42",
                        "43.30"
                    ],
                    [
                        "-100.32",
                        "42.38"
                    ],
                    [
                        "-99.08",
                        "41.63"
                    ],
                    [
                        "-98.33",
                        "40.98"
                    ],
                    [
                        "-97.88",
                        "40.21"
                    ],
                    [
                        "-97.69",
                        "39.26"
                    ],
                    [
                        "-97.19",
                        "37.15"
                    ],
                    [
                        "-96.74",
                        "35.57"
                    ],
                    [
                        "-97.08",
                        "34.48"
                    ],
                    [
                        "-97.66",
                        "33.91"
                    ],
                    [
                        "-99.00",
                        "32.66"
                    ],
                    [
                        "-99.33",
                        "31.87"
                    ],
                    [
                        "-99.35",
                        "30.51"
                    ],
                    [
                        "-99.54",
                        "29.40"
                    ],
                    [
                        "-100.21",
                        "28.62"
                    ],
                    [
                        "-100.99",
                        "28.45"
                    ],
                    [
                        "-102.19",
                        "28.66"
                    ],
                    [
                        "-103.32",
                        "29.46"
                    ],
                    [
                        "-104.42",
                        "30.08"
                    ],
                    [
                        "-105.38",
                        "30.26"
                    ],
                    [
                        "-106.51",
                        "30.34"
                    ],
                    [
                        "-107.70",
                        "30.12"
                    ],
                    [
                        "-109.12",
                        "29.31"
                    ],
                    [
                        "-110.09",
                        "28.94"
                    ],
                    [
                        "-111.37",
                        "28.93"
                    ],
                    [
                        "-113.15",
                        "29.58"
                    ],
                    [
                        "-114.91",
                        "30.03"
                    ],
                    [
                        "-116.10",
                        "30.08"
                    ],
                    [
                        "-116.89",
                        "29.71"
                    ],
                    [
                        "-117.05",
                        "28.75"
                    ],
                    [
                        "-116.81",
                        "27.63"
                    ],
                    [
                        "-115.89",
                        "25.93"
                    ],
                    [
                        "-115.50",
                        "24.08"
                    ],
                    [
                        "-115.40",
                        "22.42"
                    ],
                    [
                        "-114.87",
                        "21.04"
                    ],
                    [
                        "-114.18",
                        "20.46"
                    ],
                    [
                        "-112.87",
                        "20.23"
                    ],
                    [
                        "-111.68",
                        "19.73"
                    ],
                    [
                        "-110.89",
                        "18.26"
                    ],
                    [
                        "-110.19",
                        "16.98"
                    ],
                    [
                        "-109.28",
                        "15.97"
                    ]
                ]
            },
            "properties": {
                "forecastId": null,
                "geometryId": null,
                "tag": "1C",
                "forecastHour": 3,
                "hazard": "FZLVL",
                "frequency": null,
                "severity": null,
                "status": "NRML",
                "base": null,
                "top": null,
                "fzlBase": null,
                "fzlTop": null,
                "level": "160",
                "product": "ZULU",
                "rawAirSigmet": null,
                "validTimeTo": "2026-08-09T12:00:00.000",
                "validTimeFrom": [
                    "2026-08-09T12:23"
                ]
            }
        }
    ],
    "metadata": {
        "creationTime": "2026-08-09T13:06"
    }
}