{
    "type": "FeatureCollection",
    "features": [
        {
            "type": "Feature",
            "geometry": {
                "type": "Polygon",
                "coordinates": [
                    [
                        [
                            "-87.90",
                            "29.16"
                        ],
                        [
                            "-87.49",
                            "29.09"
                        ],
                        [
                            "-87.42",
                            "29.02"
                        ],
                        [
                            "-87.41",
                            "28.65"
                        ],
                        [
                            "-87.52",
                            "28.29"
                        ],
                        [
                            "-87.55",
                            "28.20"
                        ],
                        [
                            "-87.72",
                            "27.93"
                        ],
                        [
                            "-87.83",
                            "27.57"
                        ],
                        [
                            "-87.79",
                            "27.21"
                        ],
                        [
                            "-87.77",
                            "26.84"
                        ],
                        [
                            "-88.06",
                            "26.54"
                        ],
                        [
                            "-88.41",
                            "26.87"
                        ],
                        [
                            "-88.26",
                            "27.23"
                        ],
                        [
                            "-88.12",
                            "27.59"
                        ],
                        [
                            "-88.16",
                            "27.95"
                        ],
                        [
                            "-88.34",
                            "28.33"
                        ],
                        [
                            "-88.36",
                            "28.40"
                        ],
                        [
                            "-88.40",
                            "28.70"
                        ],
                        [
                            "-88.33",
                            "28.92"
                        ],
                        [
                            "-88.20",
                            "29.05"
                        ],
                        [
                            "-87.90",
                            "29.16"
                        ]
                    ]
                ]
            },
            "properties": {
                "forecastId": null,
                "geometryId": null,
                "tag": "1C",
                "forecastHour": 6,
                "hazard": "FZLVL",
                "frequency": null,
                "severity": null,
                "status": "NRML",
                "base": null,
                "top": null,
                "fzlBase": null,
                "fzlTop": null,
                "level": "160",
                "product": "ZULU",
                "rawAirSigmet": null,
                "validTimeTo": "2026-08-30T21:00:00.000",
                "validTimeFrom": [
                    "2026-08-30T16:58"
                ]
            }
        },
        {
            "type": "Feature",
            "geometry": {
                "type": "Polygon",
                "coordinates": [
                    [
                        [
                            "-70.29",
                            "46.53"
                        ],
                        [
                            "-68.46",
                            "45.51"
                        ],
                        [
                            "-70.35",
                            "44.07"
                        ],
                        [
                            "-71.10",
                            "43.75"
                        ],
                        [
                            "-71.71",
                            "43.18"
                        ],
                        [
                            "-72.63",
                            "42.75"
                        ],
                        [
                            "-73.22",
                            "42.38"
                        ],
                        [
                            "-74.77",
                            "41.51"
                        ],
                        [
                            "-76.40",
                            "41.21"
                        ],
                        [
                            "-78.90",
                            "41.45"
                        ],
                        [
                            "-79.56",
                            "41.49"
                        ],
                        [
                            "-78.99",
                            "42.31"
                        ],
                        [
                            "-75.99",
                            "43.22"
                        ],
                        [
                            "-74.63",
                            "44.92"
                        ],
                        [
                            "-71.58",
                            "45.47"
                        ],
                        [
                            "-70.29",
                            "46.53"
                        ]
                    ]
                ]
            },
            "properties": {
                "forecastId": null,
                "geometryId": null,
                "tag": "5E",
                "forecastHour": 6,
                "hazard": "MT_OBSC",
                "frequency": null,
                "severity": null,
                "status": "NRML",
                "base": null,
                "top": null,
                "fzlBase": null,
                "fzlTop": null,
                "level": null,
                "product": "SIERRA",
                "rawAirSigmet": "MTNS OBSC BY CLDS PCPN BR",
                "validTimeTo": "2026-08-30T21:00:00.000",
                "validTimeFrom": [
                    "2026-08-30T14:45"
                ]
            }
        },
        {
            "type": "Feature",
            "geometry": {
                "type": "Polygon",
                "coordinates": [
                    [
                        [
                            "-74.76",
                            "43.18"
                        ],
                        [
                            "-74.46",
                            "42.83"
                        ],
                        [
                            "-74.84",
                            "42.33"
                        ],
                        [
                            "-75.20",
                            "42.40"
                        ],
                        [
                            "-75.40",
                            "42.57"
                        ],
                        [
                            "-75.47",
                            "42.80"
                        ],
                        [
                            "-75.42",
                            "43.08"
                        ],
                        [
                            "-74.76",
                            "43.18"
                        ]
                    ]
                ]
            },
            "properties": {
                "forecastId": null,
                "geometryId": null,
                "tag": "1W",
                "forecastHour": 6,
                "hazard": "TURB-LO",
                "frequency": null,
                "severity": "MOD",
                "status": "NRML",
                "base": "SFC",
                "top": "050",
                "fzlBase": null,
                "fzlTop": null,
                "level": null,
                "product": "TANGO",
                "rawAirSigmet": null,
                "validTimeTo": "2026-08-30T21:00:00.000",
                "validTimeFrom": [
                    "2026-08-30T18:36"
                ]
            }
        },
        {
            "type": "Feature",
            "geometry": {
                "type": "LineString",
                "coordinates": [
                    [
                        "-92.78",
                        "19.69"
                    ],
                    [
                        "-92.67",
                        "20.13"
                    ],
                    [
                        "-92.32",
                        "20.84"
                    ],
                    [
                        "-91.61",
                        "21.13"
                    ],
                    [
                        "-90.70",
                        "21.25"
                    ],
                    [
                        "-90.40",
                        "21.99"
                    ],
                    [
                        "-89.87",
                        "22.54"
                    ],
                    [
                        "-88.65",
                        "23.09"
                    ],
                    [
                        "-86.98",
                        "23.44"
                    ],
                    [
                        "-85.78",
                        "24.14"
                    ],
                    [
                        "-84.21",
                        "24.06"
                    ],
                    [
                        "-82.61",
                        "23.77"
                    ],
                    [
                        "-80.83",
                        "23.93"
                    ],
                    [
                        "-79.43",
                        "23.54"
                    ],
                    [
                        "-78.78",
                        "23.67"
                    ],
                    [
                        "-78.24",
                        "24.39"
                    ],
                    [
                        "-78.73",
                        "25.76"
                    ],
                    [
                        "-78.91",
                        "26.69"
                    ],
                    [
                        "-77.34",
                        "26.93"
                    ],
                    [
                        "-75.85",
                        "27.47"
                    ],
                    [
                        "-74.31",
                        "27.70"
                    ],
                    [
                        "-72.14",
                        "27.25"
                    ],
                    [
                        "-70.73",
                        "27.65"
                    ],
                    [
                        "-69.50",
                        "28.51"
                    ],
                    [
                        "-68.52",
                        "29.51"
                    ],
                    [
                        "-68.34",
                        "30.34"
                    ],
                    [
                        "-67.61",
                        "30.74"
                    ],
                    [
                        "-66.04",
                        "30.66"
                    ]
                ]
            },
            "properties": {
                "forecastId": null,
                "geometryId": null,
                "tag": "1C",
                "forecastHour": 6,
                "hazard": "FZLVL",
                "frequency": null,
                "severity": null,
                "status": "NRML",
                "base": null,
                "top": null,
                "fzlBase": null,
                "fzlTop": null,
                "level": "160",
                "product": "ZULU",
                "rawAirSigmet": null,
                "validTimeTo": "2026-08-30T21:00:00.000",
                "validTimeFrom": [
                    "2026-08-30T16:58"
                ]
            }
        },
        {
            "type": "Feature",
            "geometry": {
                "type": "Polygon",
                "coordinates": [
                    [
                        [
                            "-112.94",
                            "31.55"
                        ],
                        [
                            "-112.52",
                            "31.58"
                        ],
                        [
                            "-112.43",
                            "31.52"
                        ],
                        [
                            "-112.21",
                            "31.18"
                        ],
                        [
                            "-112.16",
                            "30.82"
                        ],
                        [
                            "-112.21",
                            "30.44"
                        ],
                        [
                            "-112.30",
                            "30.10"
                        ],
                        [
                            "-112.33",
                            "30.07"
                        ],
                        [
                            "-112.68",
                            "29.80"
                        ],
                        [
                            "-113.12",
                            "29.95"
                        ],
                        [
                            "-113.15",
                            "29.97"
                        ],
                        [
                            "-113.43",
                            "30.31"
                        ],
                        [
                            "-113.46",
                            "30.67"
                        ],
                        [
                            "-113.35",
                            "31.05"
                        ],
                        [
                            "-113.31",
                            "31.12"
                        ],
                        [
                            "-113.04",
                            "31.45"
                        ],
                        [
                            "-112.94",
                            "31.55"
                        ]
                    ]
                ]
            },
            "properties": {
                "forecastId": null,
                "geometryId": null,
                "tag": "1C",
                "forecastHour": 6,
                "hazard": "FZLVL",
                "frequency": null,
                "severity": null,
                "status": "NRML",
                "base": null,
                "top": null,
                "fzlBase": null,
                "fzlTop": null,
                "level": "160",
                "product": "ZULU",
                "rawAirSigmet": null,
                "validTimeTo": "2026-08-30T21:00:00.000",
                "validTimeFrom": [
                    "2026-08-30T16:58"
                ]
            }
        },
        {
            "type": "Feature",
            "geometry": {
                "type": "Polygon",
                "coordinates": [
                    [
                        [
                            "-99.30",
                            "43.85"
                        ],
                        [
                            "-98.42",
                            "43.43"
                        ],
                        [
                            "-98.04",
                            "42.86"
                        ],
                        [
                            "-96.91",
                            "42.43"
                        ],
                        [
                            "-96.75",
                            "41.58"
                        ],
                        [
                            "-96.42",
                            "41.03"
                        ],
                        [
                            "-95.92",
                            "41.03"
                        ],
                        [
                            "-94.46",
                            "41.36"
                        ],
                        [
                            "-92.77",
                            "41.13"
                        ],
                        [
                            "-91.80",
                            "40.66"
                        ],
                        [
                            "-90.54",
                            "39.80"
                        ],
                        [
                            "-88.17",
                            "39.15"
                        ],
                        [
                            "-85.78",
                            "38.62"
                        ],
                        [
                            "-82.32",
                            "38.16"
                        ],
                        [
                            "-81.65",
                            "37.70"
                        ],
                        [
                            "-81.11",
                            "37.71"
                        ],
                        [
                            "-80.08",
                            "37.96"
                        ],
                        [
                            "-78.53",
                            "37.95"
                        ],
                        [
                            "-76.79",
                            "37.81"
                        ],
                        [
                            "-75.08",
                            "37.53"
                        ],
                        [
                            "-74.76",
                            "36.97"
                        ],
                        [
                            "-75.77",
                            "36.63"
                        ],
                        [
                            "-77.46",
                            "35.94"
                        ],
                        [
                            "-79.22",
                            "35.01"
                        ],
                        [
                            "-81.52",
                            "34.55"
                        ],
                        [
                            "-82.49",
                            "33.98"
                        ],
                        [
                            "-83.31",
                            "33.26"
                        ],
                        [
                            "-86.80",
                            "31.83"
                        ],
                        [
                            "-88.39",
                            "30.37"
                        ],
                        [
                            "-89.19",
                            "29.85"
                        ],
                        [
                            "-90.27",
                            "29.49"
                        ],
                        [
                            "-90.84",
                            "28.93"
                        ],
                        [
                            "-90.84",
                            "28.43"
                        ],
                        [
                            "-89.87",
                            "26.77"
                        ],
                        [
                            "-90.14",
                            "25.54"
                        ],
                        [
                            "-91.07",
                            "25.00"
                        ],
                        [
                            "-92.37",
                            "24.95"
                        ],
                        [
                            "-93.42",
                            "25.18"
                        ],
                        [
                            "-94.62",
                            "26.27"
                        ],
                        [
                            "-96.21",
                            "27.38"
                        ],
                        [
                            "-97.38",
                            "27.49"
                        ],
                        [
                            "-98.82",
                            "27.35"
                        ],
                        [
                            "-100.51",
                            "27.54"
                        ],
                        [
                            "-101.61",
                            "27.92"
                        ],
                        [
                            "-102.84",
                            "28.71"
                        ],
                        [
                            "-103.76",
                            "28.96"
                        ],
                        [
                            "-104.74",
                            "29.52"
                        ],
                        [
                            "-105.54",
                            "30.20"
                        ],
                        [
                            "-106.09",
                            "31.17"
                        ],
                        [
                            "-106.63",
                            "31.95"
                        ],
                        [
                            "-107.46",
                            "32.38"
                        ],
                        [
                            "-109.53",
                            "32.65"
                        ],
                        [
                            "-109.74",
                            "33.29"
                        ],
                        [
                            "-108.81",
                            "33.93"
                        ],
                        [
                            "-108.16",
                            "34.73"
                        ],
                        [
                            "-107.72",
                            "35.70"
                        ],
                        [
                            "-106.85",
                            "36.26"
                        ],
                        [
                            "-106.66",
                            "36.84"
                        ],
                        [
                            "-106.94",
                            "37.45"
                        ],
                        [
                            "-106.73",
                            "38.24"
                        ],
                        [
                            "-106.02",
                            "38.70"
                        ],
                        [
                            "-105.04",
                            "39.11"
                        ],
                        [
                            "-103.91",
                            "38.86"
                        ],
                        [
                            "-103.14",
                            "38.97"
                        ],
                        [
                            "-102.73",
                            "39.34"
                        ],
                        [
                            "-102.14",
                            "40.24"
                        ],
                        [
                            "-101.54",
                            "41.16"
                        ],
                        [
                            "-101.39",
                            "41.98"
                        ],
                        [
                            "-100.51",
                            "43.07"
                        ],
                        [
                            "-99.30",
                            "43.85"
                        ]
                    ]
                ]
            },
            "properties": {
                "forecastId": null,
                "geometryId": null,
                "tag": "1C",
                "forecastHour": 6,
                "hazard": "FZLVL",
                "frequency": null,
                "severity": null,
                "status": "NRML",
                "base": null,
                "top": null,
                "fzlBase": null,
                "fzlTop": null,
                "level": "160",
                "product": "ZULU",
                "rawAirSigmet": null,
                "validTimeTo": "2026-08-30T21:00:00.000",
                "validTimeFrom": [
                    "2026-08-30T16:58"
                ]
            }
        },
        {
            "type": "Feature",
            "geometry": {
                "type": "Polygon",
                "coordinates": [
                    [
                        [
                            "-108.11",
                            "49.02"
                        ],
                        [
                            "-107.73",
                            "47.35"
                        ],
                        [
                            "-107.64",
                            "45.88"
                        ],
                        [
                            "-108.33",
                            "45.47"
                        ],
                        [
                            "-108.93",
                            "45.14"
                        ],
                        [
                            "-108.36",
                            "44.17"
                        ],
                        [
                            "-108.66",
                            "43.54"
                        ],
                        [
                            "-109.26",
                            "43.48"
                        ],
                        [
                            "-110.00",
                            "43.67"
                        ],
                        [
                            "-110.52",
                            "43.93"
                        ],
                        [
                            "-110.84",
                            "44.44"
                        ],
                        [
                            "-111.21",
                            "45.22"
                        ],
                        [
                            "-112.36",
                            "46.62"
                        ],
                        [
                            "-112.86",
                            "47.72"
                        ],
                        [
                            "-113.75",
                            "48.97"
                        ],
                        [
                            "-108.11",
                            "49.02"
                        ]
                    ]
                ]
            },
            "properties": {
                "forecastId": null,
                "geometryId": null,
                "tag": "4W",
                "forecastHour": 6,
                "hazard": "TURB-HI",
                "frequency": null,
                "severity": "MOD",
                "status": "NRML",
                "base": "180",
                "top": "350",
                "fzlBase": null,
                "fzlTop": null,
                "level": null,
                "product": "TANGO",
                "rawAirSigmet": null,
                "validTimeTo": "2026-08-30T21:00:00.000",
                "validTimeFrom": [
                    "2026-08-30T18:36"
                ]
            }
        },
        {
            "type": "Feature",
            "geometry": {
                "type": "Polygon",
                "coordinates": [
                    [
                        [
                            "-76.33",
                            "43.97"
                        ],
                        [
                            "-75.00",
                            "43.26"
                        ],
                        [
                            "-74.83",
                            "42.18"
                        ],
                        [
                            "-75.48",
                            "41.22"
                        ],
                        [
                            "-77.18",
                            "40.93"
                        ],
                        [
                            "-78.59",
                            "40.24"
                        ],
                        [
                            "-80.55",
                            "40.01"
                        ],
                        [
                            "-82.22",
                            "40.15"
                        ],
                        [
                            "-83.30",
                            "40.83"
                        ],
                        [
                            "-83.07",
                            "41.54"
                        ],
                        [
                            "-81.77",
                            "41.89"
                        ],
                        [
                            "-80.86",
                            "42.36"
                        ],
                        [
                            "-79.31",
                            "42.63"
                        ],
                        [
                            "-79.00",
                            "43.43"
                        ],
                        [
                            "-77.06",
                            "43.60"
                        ],
                        [
                            "-76.33",
                            "43.97"
                        ]
                    ]
                ]
            },
            "properties": {
                "forecastId": null,
                "geometryId": null,
                "tag": "4C",
                "forecastHour": 6,
                "hazard": "ICE",
                "frequency": null,
                "severity": "MOD",
                "status": "NRML",
                "base": "FZL",
                "top": "210",
                "fzlBase": "110",
                "fzlTop": "140",
                "level": null,
                "product": "ZULU",
                "rawAirSigmet": "ICE",
                "validTimeTo": "2026-08-30T21:00:00.000",
                "validTimeFrom": [
                    "2026-08-30T16:58"
                ]
            }
        },
        {
            "type": "Feature",
            "geometry": {
                "type": "Polygon",
                "coordinates": [
                    [
                        [
                            "-122.60",
                            "48.96"
                        ],
                        [
                            "-120.38",
                            "48.95"
                        ],
                        [
                            "-120.78",
                            "48.36"
                        ],
                        [
                            "-121.19",
                            "47.28"
                        ],
                        [
                            "-122.84",
                            "46.86"
                        ],
                        [
                            "-124.18",
                            "47.10"
                        ],
                        [
                            "-124.66",
                            "48.31"
                        ],
                        [
                            "-122.60",
                            "48.96"
                        ]
                    ]
                ]
            },
            "properties": {
                "forecastId": null,
                "geometryId": null,
                "tag": "1E",
                "forecastHour": 6,
                "hazard": "MT_OBSC",
                "frequency": null,
                "severity": null,
                "status": "NRML",
                "base": null,
                "top": null,
                "fzlBase": null,
                "fzlTop": null,
                "level": null,
                "product": "SIERRA",
                "rawAirSigmet": "MTNS OBSC BY CLDS BR",
                "validTimeTo": "2026-08-30T21:00:00.000",
                "validTimeFrom": [
                    "2026-08-30T14:45"
                ]
            }
        },
        {
            "type": "Feature",
            "geometry": {
                "type": "Polygon",
                "coordinates": [
                    [
                        [
                            "-75.81",
                            "37.34"
                        ],
                        [
                            "-75.59",
                            "37.24"
                        ],
                        [
                            "-75.40",
                            "36.93"
                        ],
                        [
                            "-75.83",
                            "36.31"
                        ],
                        [
                            "-76.54",
                            "35.88"
                        ],
                        [
                            "-77.55",
                            "35.50"
                        ],
                        [
                            "-78.45",
                            "35.11"
                        ],
                        [
                            "-79.67",
                            "34.67"
                        ],
                        [
                            "-81.28",
                            "33.72"
                        ],
                        [
                            "-81.60",
                            "33.47"
                        ],
                        [
                            "-82.67",
                            "32.75"
                        ],
                        [
                            "-83.18",
                            "32.31"
                        ],
                        [
                            "-84.05",
                            "31.89"
                        ],
                        [
                            "-84.86",
                            "31.47"
                        ],
                        [
                            "-85.06",
                            "31.42"
                        ],
                        [
                            "-86.08",
                            "31.09"
                        ],
                        [
                            "-86.78",
                            "30.87"
                        ],
                        [
                            "-87.42",
                            "30.90"
                        ],
                        [
                            "-87.67",
                            "31.12"
                        ],
                        [
                            "-87.07",
                            "31.75"
                        ],
                        [
                            "-85.83",
                            "32.34"
                        ],
                        [
                            "-84.71",
                            "32.77"
                        ],
                        [
                            "-83.06",
                            "33.63"
                        ],
                        [
                            "-81.82",
                            "34.70"
                        ],
                        [
                            "-80.59",
                            "35.60"
                        ],
                        [
                            "-79.36",
                            "36.33"
                        ],
                        [
                            "-78.76",
                            "36.57"
                        ],
                        [
                            "-78.34",
                            "36.77"
                        ],
                        [
                            "-78.00",
                            "36.88"
                        ],
                        [
                            "-77.61",
                            "37.08"
                        ],
                        [
                            "-77.37",
                            "37.14"
                        ],
                        [
                            "-76.74",
                            "37.20"
                        ],
                        [
                            "-76.18",
                            "37.28"
                        ],
                        [
                            "-75.81",
                            "37.34"
                        ]
                    ]
                ]
            },
            "properties": {
                "forecastId": null,
                "geometryId": null,
                "tag": "1W",
                "forecastHour": 6,
                "hazard": "TURB-HI",
                "frequency": null,
                "severity": "MOD",
                "status": "NRML",
                "base": "300",
                "top": "450",
                "fzlBase": null,
                "fzlTop": null,
                "level": null,
                "product": "TANGO",
                "rawAirSigmet": null,
                "validTimeTo": "2026-08-30T21:00:00.000",
                "validTimeFrom": [
                    "2026-08-30T18:36"
                ]
            }
        },
        {
            "type": "Feature",
            "geometry": {
                "type": "LineString",
                "coordinates": [
                    [
                        "-135.23",
                        "44.96"
                    ],
                    [
                        "-132.39",
                        "46.06"
                    ],
                    [
                        "-130.90",
                        "46.35"
                    ],
                    [
                        "-129.71",
                        "46.31"
                    ],
                    [
                        "-128.71",
                        "46.00"
                    ],
                    [
                        "-127.31",
                        "45.95"
                    ],
                    [
                        "-126.16",
                        "46.12"
                    ],
                    [
                        "-124.74",
                        "46.61"
                    ],
                    [
                        "-122.61",
                        "46.97"
                    ],
                    [
                        "-121.34",
                        "46.98"
                    ],
                    [
                        "-120.26",
                        "46.69"
                    ],
                    [
                        "-118.87",
                        "45.61"
                    ],
                    [
                        "-117.84",
                        "44.84"
                    ],
                    [
                        "-116.65",
                        "44.65"
                    ],
                    [
                        "-115.29",
                        "44.46"
                    ],
                    [
                        "-114.27",
                        "44.56"
                    ],
                    [
                        "-112.40",
                        "44.66"
                    ],
                    [
                        "-111.18",
                        "44.29"
                    ],
                    [
                        "-110.38",
                        "44.23"
                    ],
                    [
                        "-109.21",
                        "44.75"
                    ],
                    [
                        "-107.98",
                        "45.10"
                    ],
                    [
                        "-105.77",
                        "45.93"
                    ],
                    [
                        "-105.34",
                        "46.58"
                    ],
                    [
                        "-105.38",
                        "47.30"
                    ],
                    [
                        "-105.22",
                        "49.43"
                    ],
                    [
                        "-104.69",
                        "50.28"
                    ],
                    [
                        "-103.75",
                        "50.71"
                    ],
                    [
                        "-101.38",
                        "53.26"
                    ],
                    [
                        "-100.79",
                        "53.68"
                    ],
                    [
                        "-100.98",
                        "54.44"
                    ],
                    [
                        "-100.35",
                        "55.23"
                    ],
                    [
                        "-99.17",
                        "55.29"
                    ],
                    [
                        "-94.45",
                        "56.02"
                    ],
                    [
                        "-92.95",
                        "55.91"
                    ],
                    [
                        "-91.66",
                        "55.36"
                    ],
                    [
                        "-90.16",
                        "54.18"
                    ],
                    [
                        "-88.84",
                        "52.89"
                    ],
                    [
                        "-87.68",
                        "51.93"
                    ],
                    [
                        "-86.82",
                        "51.77"
                    ],
                    [
                        "-86.09",
                        "51.96"
                    ],
                    [
                        "-85.73",
                        "52.77"
                    ],
                    [
                        "-85.04",
                        "53.73"
                    ],
                    [
                        "-84.14",
                        "54.14"
                    ],
                    [
                        "-82.86",
                        "54.41"
                    ],
                    [
                        "-82.01",
                        "54.14"
                    ],
                    [
                        "-81.47",
                        "52.72"
                    ],
                    [
                        "-80.39",
                        "51.40"
                    ],
                    [
                        "-79.58",
                        "49.64"
                    ],
                    [
                        "-79.17",
                        "47.79"
                    ],
                    [
                        "-79.02",
                        "47.26"
                    ],
                    [
                        "-78.30",
                        "46.53"
                    ],
                    [
                        "-76.33",
                        "45.40"
                    ],
                    [
                        "-74.74",
                        "44.32"
                    ],
                    [
                        "-73.24",
                        "43.18"
                    ],
                    [
                        "-71.33",
                        "42.40"
                    ],
                    [
                        "-69.71",
                        "42.31"
                    ],
                    [
                        "-68.25",
                        "42.52"
                    ],
                    [
                        "-65.94",
                        "42.75"
                    ],
                    [
                        "-64.03",
                        "43.48"
                    ],
                    [
                        "-62.16",
                        "43.91"
                    ]
                ]
            },
            "properties": {
                "forecastId": null,
                "geometryId": null,
                "tag": "1C",
                "forecastHour": 6,
                "hazard": "FZLVL",
                "frequency": null,
                "severity": null,
                "status": "NRML",
                "base": null,
                "top": null,
                "fzlBase": null,
                "fzlTop": null,
                "level": "120",
                "product": "ZULU",
                "rawAirSigmet": null,
                "validTimeTo": "2026-08-30T21:00:00.000",
                "validTimeFrom": [
                    "2026-08-30T16:58"
                ]
            }
        },
        {
            "type": "Feature",
            "geometry": {
                "type": "Polygon",
                "coordinates": [
                    [
                        [
                            "-120.62",
                            "39.22"
                        ],
                        [
                            "-120.53",
                            "38.69"
                        ],
                        [
                            "-120.23",
                            "38.03"
                        ],
                        [
                            "-120.29",
                            "37.51"
                        ],
                        [
                            "-120.98",
                            "38.36"
                        ],
                        [
                            "-120.98",
                            "39.21"
                        ],
                        [
                            "-120.62",
                            "39.22"
                        ]
                    ]
                ]
            },
            "properties": {
                "forecastId": null,
                "geometryId": null,
                "tag": "7E",
                "forecastHour": 6,
                "hazard": "MT_OBSC",
                "frequency": null,
                "severity": null,
                "status": "NRML",
                "base": null,
                "top": null,
                "fzlBase": null,
                "fzlTop": null,
                "level": null,
                "product": "SIERRA",
                "rawAirSigmet": "FU HZ",
                "validTimeTo": "2026-08-30T21:00:00.000",
                "validTimeFrom": [
                    "2026-08-30T14:45"
                ]
            }
        },
        {
            "type": "Feature",
            "geometry": {
                "type": "Polygon",
                "coordinates": [
                    [
                        [
                            "-121.10",
                            "37.01"
                        ],
                        [
                            "-120.69",
                            "36.42"
                        ],
                        [
                            "-121.31",
                            "35.65"
                        ],
                        [
                            "-121.85",
                            "36.41"
                        ],
                        [
                            "-121.22",
                            "36.57"
                        ],
                        [
                            "-121.10",
                            "37.01"
                        ]
                    ]
                ]
            },
            "properties": {
                "forecastId": null,
                "geometryId": null,
                "tag": "7E",
                "forecastHour": 6,
                "hazard": "MT_OBSC",
                "frequency": null,
                "severity": null,
                "status": "NRML",
                "base": null,
                "top": null,
                "fzlBase": null,
                "fzlTop": null,
                "level": null,
                "product": "SIERRA",
                "rawAirSigmet": "FU HZ",
                "validTimeTo": "2026-08-30T21:00:00.000",
                "validTimeFrom": [
                    "2026-08-30T14:45"
                ]
            }
        },
        {
            "type": "Feature",
            "geometry": {
                "type": "Polygon",
                "coordinates": [
                    [
                        [
                            "-71.16",
                            "44.98"
                        ],
                        [
                            "-70.79",
                            "44.96"
                        ],
                        [
                            "-70.27",
                            "44.70"
                        ],
                        [
                            "-70.06",
                            "44.32"
                        ],
                        [
                            "-69.99",
                            "44.10"
                        ],
                        [
                            "-70.88",
                            "44.04"
                        ],
                        [
                            "-71.44",
                            "44.31"
                        ],
                        [
                            "-71.83",
                            "44.45"
                        ],
                        [
                            "-71.65",
                            "44.80"
                        ],
                        [
                            "-71.37",
                            "44.97"
                        ],
                        [
                            "-71.16",
                            "44.98"
                        ]
                    ]
                ]
            },
            "properties": {
                "forecastId": null,
                "geometryId": null,
                "tag": "1W",
                "forecastHour": 6,
                "hazard": "TURB-LO",
                "frequency": null,
                "severity": "MOD",
                "status": "NRML",
                "base": "SFC",
                "top": "050",
                "fzlBase": null,
                "fzlTop": null,
                "level": null,
                "product": "TANGO",
                "rawAirSigmet": null,
                "validTimeTo": "2026-08-30T21:00:00.000",
                "validTimeFrom": [
                    "2026-08-30T18:36"
                ]
            }
        },
        {
            "type": "Feature",
            "geometry": {
                "type": "Polygon",
                "coordinates": [
                    [
                        [
                            "-107.91",
                            "41.81"
                        ],
                        [
                            "-106.18",
                            "41.27"
                        ],
                        [
                            "-105.44",
                            "40.44"
                        ],
                        [
                            "-105.28",
                            "40.43"
                        ],
                        [
                            "-106.26",
                            "39.41"
                        ],
                        [
                            "-107.41",
                            "39.16"
                        ],
                        [
                            "-108.15",
                            "39.60"
                        ],
                        [
                            "-108.57",
                            "41.22"
                        ],
                        [
                            "-107.91",
                            "41.81"
                        ]
                    ]
                ]
            },
            "properties": {
                "forecastId": null,
                "geometryId": null,
                "tag": "2E",
                "forecastHour": 6,
                "hazard": "MT_OBSC",
                "frequency": null,
                "severity": null,
                "status": "NRML",
                "base": null,
                "top": null,
                "fzlBase": null,
                "fzlTop": null,
                "level": null,
                "product": "SIERRA",
                "rawAirSigmet": "MTNS OBSC BY CLDS PCPN BR",
                "validTimeTo": "2026-08-30T21:00:00.000",
                "validTimeFrom": [
                    "2026-08-30T14:45"
                ]
            }
        },
        {
            "type": "Feature",
            "geometry": {
                "type": "LineString",
                "coordinates": [
                    [
                        "-130.95",
                        "33.51"
                    ],
                    [
                        "-129.43",
                        "33.18"
                    ],
                    [
                        "-128.86",
                        "32.51"
                    ],
                    [
                        "-128.66",
                        "31.84"
                    ],
                    [
                        "-124.53",
                        "30.07"
                    ],
                    [
                        "-123.33",
                        "29.78"
                    ],
                    [
                        "-122.83",
                        "29.03"
                    ],
                    [
                        "-123.96",
                        "27.21"
                    ],
                    [
                        "-119.26",
                        "26.91"
                    ],
                    [
                        "-118.01",
                        "26.19"
                    ],
                    [
                        "-117.16",
                        "25.48"
                    ],
                    [
                        "-116.20",
                        "25.57"
                    ],
                    [
                        "-115.46",
                        "26.35"
                    ],
                    [
                        "-113.41",
                        "26.26"
                    ],
                    [
                        "-112.56",
                        "26.75"
                    ],
                    [
                        "-111.93",
                        "26.06"
                    ],
                    [
                        "-112.12",
                        "25.61"
                    ],
                    [
                        "-112.82",
                        "25.22"
                    ],
                    [
                        "-113.01",
                        "24.60"
                    ],
                    [
                        "-112.81",
                        "23.89"
                    ],
                    [
                        "-111.92",
                        "23.39"
                    ],
                    [
                        "-111.35",
                        "23.92"
                    ],
                    [
                        "-111.26",
                        "25.38"
                    ],
                    [
                        "-110.14",
                        "25.35"
                    ],
                    [
                        "-108.50",
                        "26.54"
                    ],
                    [
                        "-107.57",
                        "25.82"
                    ],
                    [
                        "-107.32",
                        "24.44"
                    ],
                    [
                        "-107.84",
                        "23.89"
                    ],
                    [
                        "-108.72",
                        "24.19"
                    ],
                    [
                        "-109.29",
                        "24.12"
                    ],
                    [
                        "-109.48",
                        "23.54"
                    ],
                    [
                        "-109.01",
                        "22.46"
                    ],
                    [
                        "-108.67",
                        "21.29"
                    ],
                    [
                        "-107.52",
                        "21.02"
                    ],
                    [
                        "-106.34",
                        "20.75"
                    ],
                    [
                        "-104.69",
                        "20.87"
                    ],
                    [
                        "-103.23",
                        "19.48"
                    ]
                ]
            },
            "properties": {
                "forecastId": null,
                "geometryId": null,
                "tag": "1C",
                "forecastHour": 6,
                "hazard": "FZLVL",
                "frequency": null,
                "severity": null,
                "status": "NRML",
                "base": null,
                "top": null,
                "fzlBase": null,
                "fzlTop": null,
                "level": "160",
                "product": "ZULU",
                "rawAirSigmet": null,
                "validTimeTo": "2026-08-30T21:00:00.000",
                "validTimeFrom": [
                    "2026-08-30T16:58"
                ]
            }
        },
        {
            "type": "Feature",
            "geometry": {
                "type": "LineString",
                "coordinates": [
                    [
                        "-138.46",
                        "51.67"
                    ],
                    [
                        "-138.16",
                        "51.83"
                    ],
                    [
                        "-138.03",
                        "51.90"
                    ],
                    [
                        "-137.62",
                        "52.17"
                    ],
                    [
                        "-137.32",
                        "52.33"
                    ],
                    [
                        "-137.19",
                        "52.41"
                    ],
                    [
                        "-136.75",
                        "52.62"
                    ],
                    [
                        "-136.30",
                        "52.81"
                    ],
                    [
                        "-135.93",
                        "52.94"
                    ],
                    [
                        "-135.83",
                        "52.98"
                    ],
                    [
                        "-135.36",
                        "53.14"
                    ],
                    [
                        "-134.88",
                        "53.29"
                    ],
                    [
                        "-134.40",
                        "53.44"
                    ],
                    [
                        "-133.92",
                        "53.58"
                    ],
                    [
                        "-133.47",
                        "53.71"
                    ],
                    [
                        "-133.43",
                        "53.72"
                    ],
                    [
                        "-132.96",
                        "53.90"
                    ],
                    [
                        "-132.51",
                        "54.12"
                    ],
                    [
                        "-132.29",
                        "54.24"
                    ],
                    [
                        "-132.07",
                        "54.36"
                    ],
                    [
                        "-131.61",
                        "54.56"
                    ],
                    [
                        "-131.12",
                        "54.72"
                    ],
                    [
                        "-130.94",
                        "54.78"
                    ],
                    [
                        "-130.66",
                        "54.92"
                    ],
                    [
                        "-130.30",
                        "55.20"
                    ],
                    [
                        "-130.25",
                        "55.26"
                    ],
                    [
                        "-129.95",
                        "55.57"
                    ],
                    [
                        "-129.90",
                        "55.71"
                    ],
                    [
                        "-129.78",
                        "55.92"
                    ]
                ]
            },
            "properties": {
                "forecastId": null,
                "geometryId": null,
                "tag": "1C",
                "forecastHour": 6,
                "hazard": "FZLVL",
                "frequency": null,
                "severity": null,
                "status": "NRML",
                "base": null,
                "top": null,
                "fzlBase": null,
                "fzlTop": null,
                "level": "080",
                "product": "ZULU",
                "rawAirSigmet": null,
                "validTimeTo": "2026-08-30T21:00:00.000",
                "validTimeFrom": [
                    "2026-08-30T16:58"
                ]
            }
        },
        {
            "type": "Feature",
            "geometry": {
                "type": "Polygon",
                "coordinates": [
                    [
                        [
                            "-125.11",
                            "48.52"
                        ],
                        [
                            "-124.17",
                            "48.23"
                        ],
                        [
                            "-123.33",
                            "48.26"
                        ],
                        [
                            "-123.70",
                            "47.60"
                        ],
                        [
                            "-124.98",
                            "47.26"
                        ],
                        [
                            "-125.79",
                            "46.42"
                        ],
                        [
                            "-127.02",
                            "46.13"
                        ],
                        [
                            "-127.29",
                            "47.08"
                        ],
                        [
                            "-128.04",
                            "48.30"
                        ],
                        [
                            "-125.11",
                            "48.52"
                        ]
                    ]
                ]
            },
            "properties": {
                "forecastId": null,
                "geometryId": null,
                "tag": "6C",
                "forecastHour": 6,
                "hazard": "ICE",
                "frequency": null,
                "severity": "MOD",
                "status": "NRML",
                "base": "FZL",
                "top": "210",
                "fzlBase": "100",
                "fzlTop": "120",
                "level": null,
                "product": "ZULU",
                "rawAirSigmet": "ICE",
                "validTimeTo": "2026-08-30T21:00:00.000",
                "validTimeFrom": [
                    "2026-08-30T16:58"
                ]
            }
        },
        {
            "type": "Feature",
            "geometry": {
                "type": "Polygon",
                "coordinates": [
                    [
                        [
                            "-105.23",
                            "38.60"
                        ],
                        [
                            "-104.16",
                            "38.36"
                        ],
                        [
                            "-101.94",
                            "37.80"
                        ],
                        [
                            "-101.12",
                            "37.00"
                        ],
                        [
                            "-100.32",
                            "36.63"
                        ],
                        [
                            "-100.23",
                            "36.26"
                        ],
                        [
                            "-100.67",
                            "35.57"
                        ],
                        [
                            "-101.06",
                            "35.09"
                        ],
                        [
                            "-101.46",
                            "34.55"
                        ],
                        [
                            "-101.61",
                            "33.97"
                        ],
                        [
                            "-101.33",
                            "33.08"
                        ],
                        [
                            "-100.97",
                            "32.45"
                        ],
                        [
                            "-101.20",
                            "31.68"
                        ],
                        [
                            "-101.71",
                            "30.18"
                        ],
                        [
                            "-101.83",
                            "29.17"
                        ],
                        [
                            "-103.93",
                            "28.79"
                        ],
                        [
                            "-106.29",
                            "31.82"
                        ],
                        [
                            "-107.99",
                            "31.67"
                        ],
                        [
                            "-110.94",
                            "31.26"
                        ],
                        [
                            "-112.18",
                            "31.90"
                        ],
                        [
                            "-111.31",
                            "32.93"
                        ],
                        [
                            "-109.88",
                            "34.15"
                        ],
                        [
                            "-108.54",
                            "35.00"
                        ],
                        [
                            "-107.55",
                            "36.13"
                        ],
                        [
                            "-106.80",
                            "37.21"
                        ],
                        [
                            "-105.84",
                            "38.23"
                        ],
                        [
                            "-105.83",
                            "38.35"
                        ],
                        [
                            "-105.23",
                            "38.60"
                        ]
                    ]
                ]
            },
            "properties": {
                "forecastId": null,
                "geometryId": null,
                "tag": "2W",
                "forecastHour": 6,
                "hazard": "TURB-LO",
                "frequency": null,
                "severity": "MOD",
                "status": "NRML",
                "base": "SFC",
                "top": "100",
                "fzlBase": null,
                "fzlTop": null,
                "level": null,
                "product": "TANGO",
                "rawAirSigmet": null,
                "validTimeTo": "2026-08-30T21:00:00.000",
                "validTimeFrom": [
                    "2026-08-30T18:36"
                ]
            }
        },
        {
            "type": "Feature",
            "geometry": {
                "type": "LineString",
                "coordinates": [
                    [
                        "-72.10",
                        "57.33"
                    ],
                    [
                        "-71.89",
                        "55.76"
                    ],
                    [
                        "-71.75",
                        "55.04"
                    ],
                    [
                        "-72.70",
                        "54.81"
                    ],
                    [
                        "-73.95",
                        "54.57"
                    ],
                    [
                        "-74.45",
                        "53.79"
                    ],
                    [
                        "-74.77",
                        "52.82"
                    ],
                    [
                        "-75.51",
                        "52.31"
                    ],
                    [
                        "-76.19",
                        "51.59"
                    ],
                    [
                        "-75.87",
                        "50.76"
                    ],
                    [
                        "-74.76",
                        "49.57"
                    ],
                    [
                        "-73.28",
                        "48.64"
                    ],
                    [
                        "-72.26",
                        "48.07"
                    ],
                    [
                        "-71.45",
                        "47.85"
                    ],
                    [
                        "-69.88",
                        "47.51"
                    ],
                    [
                        "-68.53",
                        "47.42"
                    ],
                    [
                        "-66.01",
                        "47.39"
                    ],
                    [
                        "-63.49",
                        "47.45"
                    ],
                    [
                        "-61.69",
                        "48.02"
                    ],
                    [
                        "-60.55",
                        "48.30"
                    ]
                ]
            },
            "properties": {
                "forecastId": null,
                "geometryId": null,
                "tag": "1C",
                "forecastHour": 6,
                "hazard": "FZLVL",
                "frequency": null,
                "severity": null,
                "status": "NRML",
                "base": null,
                "top": null,
                "fzlBase": null,
                "fzlTop": null,
                "level": "080",
                "product": "ZULU",
                "rawAirSigmet": null,
                "validTimeTo": "2026-08-30T21:00:00.000",
                "validTimeFrom": [
                    "2026-08-30T16:58"
                ]
            }
        },
        {
            "type": "Feature",
            "geometry": {
                "type": "Polygon",
                "coordinates": [
                    [
                        [
                            "-67.62",
                            "45.91"
                        ],
                        [
                            "-66.80",
                            "44.89"
                        ],
                        [
                            "-67.02",
                            "42.58"
                        ],
                        [
                            "-68.10",
                            "42.29"
                        ],
                        [
                            "-69.27",
                            "42.82"
                        ],
                        [
                            "-71.23",
                            "42.65"
                        ],
                        [
                            "-72.87",
                            "42.97"
                        ],
                        [
                            "-74.37",
                            "44.05"
                        ],
                        [
                            "-76.11",
                            "44.38"
                        ],
                        [
                            "-75.18",
                            "45.13"
                        ],
                        [
                            "-72.53",
                            "45.18"
                        ],
                        [
                            "-71.60",
                            "45.33"
                        ],
                        [
                            "-70.28",
                            "45.86"
                        ],
                        [
                            "-69.15",
                            "45.73"
                        ],
                        [
                            "-67.62",
                            "45.91"
                        ]
                    ]
                ]
            },
            "properties": {
                "forecastId": null,
                "geometryId": null,
                "tag": "4C",
                "forecastHour": 6,
                "hazard": "ICE",
                "frequency": null,
                "severity": "MOD",
                "status": "AMD",
                "base": "FZL",
                "top": "210",
                "fzlBase": "110",
                "fzlTop": "140",
                "level": null,
                "product": "ZULU",
                "rawAirSigmet": "ICE",
                "validTimeTo": "2026-08-30T21:00:00.000",
                "validTimeFrom": [
                    "2026-08-30T16:58"
                ]
            }
        },
        {
            "type": "Feature",
            "geometry": {
                "type": "Polygon",
                "coordinates": [
                    [
                        [
                            "-105.68",
                            "47.92"
                        ],
                        [
                            "-102.86",
                            "47.87"
                        ],
                        [
                            "-101.37",
                            "46.03"
                        ],
                        [
                            "-100.45",
                            "44.33"
                        ],
                        [
                            "-100.29",
                            "42.88"
                        ],
                        [
                            "-100.97",
                            "40.87"
                        ],
                        [
                            "-101.65",
                            "40.05"
                        ],
                        [
                            "-103.13",
                            "39.98"
                        ],
                        [
                            "-105.62",
                            "40.03"
                        ],
                        [
                            "-106.81",
                            "40.92"
                        ],
                        [
                            "-108.56",
                            "41.84"
                        ],
                        [
                            "-109.77",
                            "41.99"
                        ],
                        [
                            "-110.32",
                            "42.14"
                        ],
                        [
                            "-111.22",
                            "42.80"
                        ],
                        [
                            "-111.35",
                            "43.91"
                        ],
                        [
                            "-110.38",
                            "44.85"
                        ],
                        [
                            "-108.47",
                            "45.24"
                        ],
                        [
                            "-106.82",
                            "46.03"
                        ],
                        [
                            "-105.68",
                            "47.92"
                        ]
                    ]
                ]
            },
            "properties": {
                "forecastId": null,
                "geometryId": null,
                "tag": "3W",
                "forecastHour": 6,
                "hazard": "TURB-LO",
                "frequency": null,
                "severity": "MOD",
                "status": "NRML",
                "base": "SFC",
                "top": "160",
                "fzlBase": null,
                "fzlTop": null,
                "level": null,
                "product": "TANGO",
                "rawAirSigmet": null,
                "validTimeTo": "2026-08-30T21:00:00.000",
                "validTimeFrom": [
                    "2026-08-30T18:36"
                ]
            }
        },
        {
            "type": "Feature",
            "geometry": {
                "type": "Polygon",
                "coordinates": [
                    [
                        [
                            "-88.33",
                            "48.32"
                        ],
                        [
                            "-85.05",
                            "46.92"
                        ],
                        [
                            "-84.70",
                            "46.38"
                        ],
                        [
                            "-83.17",
                            "45.51"
                        ],
                        [
                            "-84.05",
                            "44.95"
                        ],
                        [
                            "-85.83",
                            "44.90"
                        ],
                        [
                            "-87.67",
                            "45.68"
                        ],
                        [
                            "-88.72",
                            "46.56"
                        ],
                        [
                            "-90.08",
                            "46.71"
                        ],
                        [
                            "-91.60",
                            "47.21"
                        ],
                        [
                            "-91.85",
                            "47.77"
                        ],
                        [
                            "-91.05",
                            "48.04"
                        ],
                        [
                            "-89.50",
                            "48.05"
                        ],
                        [
                            "-88.33",
                            "48.32"
                        ]
                    ]
                ]
            },
            "properties": {
                "forecastId": null,
                "geometryId": null,
                "tag": "2C",
                "forecastHour": 6,
                "hazard": "ICE",
                "frequency": null,
                "severity": "MOD",
                "status": "NRML",
                "base": "FZL",
                "top": "260",
                "fzlBase": "130",
                "fzlTop": "150",
                "level": null,
                "product": "ZULU",
                "rawAirSigmet": "ICE",
                "validTimeTo": "2026-08-30T21:00:00.000",
                "validTimeFrom": [
                    "2026-08-30T16:58"
                ]
            }
        },
        {
            "type": "Feature",
            "geometry": {
                "type": "Polygon",
                "coordinates": [
                    [
                        [
                            "-124.25",
                            "48.54"
                        ],
                        [
                            "-124.87",
                            "47.75"
                        ],
                        [
                            "-125.85",
                            "46.86"
                        ],
                        [
                            "-127.16",
                            "46.09"
                        ],
                        [
                            "-127.93",
                            "47.35"
                        ],
                        [
                            "-126.81",
                            "48.46"
                        ],
                        [
                            "-124.25",
                            "48.54"
                        ]
                    ]
                ]
            },
            "properties": {
                "forecastId": null,
                "geometryId": null,
                "tag": "7E",
                "forecastHour": 6,
                "hazard": "IFR",
                "frequency": null,
                "severity": null,
                "status": "NRML",
                "base": null,
                "top": null,
                "fzlBase": null,
                "fzlTop": null,
                "level": null,
                "product": "SIERRA",
                "rawAirSigmet": "CIG BLW 010 VIS BLW 3SM PCPN BR",
                "validTimeTo": "2026-08-30T21:00:00.000",
                "validTimeFrom": [
                    "2026-08-30T14:45"
                ]
            }
        },
        {
            "type": "Feature",
            "geometry": {
                "type": "Polygon",
                "coordinates": [
                    [
                        [
                            "-124.77",
                            "42.70"
                        ],
                        [
                            "-124.49",
                            "42.67"
                        ],
                        [
                            "-124.37",
                            "42.56"
                        ],
                        [
                            "-124.48",
                            "42.40"
                        ],
                        [
                            "-124.28",
                            "42.01"
                        ],
                        [
                            "-124.36",
                            "41.32"
                        ],
                        [
                            "-124.82",
                            "41.08"
                        ],
                        [
                            "-125.15",
                            "41.06"
                        ],
                        [
                            "-125.38",
                            "41.27"
                        ],
                        [
                            "-125.56",
                            "41.81"
                        ],
                        [
                            "-125.41",
                            "42.30"
                        ],
                        [
                            "-124.77",
                            "42.70"
                        ]
                    ]
                ]
            },
            "properties": {
                "forecastId": null,
                "geometryId": null,
                "tag": "1W",
                "forecastHour": 6,
                "hazard": "SFC_WND",
                "frequency": null,
                "severity": null,
                "status": "NRML",
                "base": null,
                "top": null,
                "fzlBase": null,
                "fzlTop": null,
                "level": null,
                "product": "TANGO",
                "rawAirSigmet": "USTAINED SFC WINDS GREATER THAN 30 KTS",
                "validTimeTo": "2026-08-30T21:00:00.000",
                "validTimeFrom": [
                    "2026-08-30T18:36"
                ]
            }
        },
        {
            "type": "Feature",
            "geometry": {
                "type": "Polygon",
                "coordinates": [
                    [
                        [
                            "-114.77",
                            "48.99"
                        ],
                        [
                            "-114.02",
                            "48.96"
                        ],
                        [
                            "-113.38",
                            "48.90"
                        ],
                        [
                            "-111.94",
                            "48.94"
                        ],
                        [
                            "-111.96",
                            "48.24"
                        ],
                        [
                            "-112.30",
                            "47.39"
                        ],
                        [
                            "-114.18",
                            "46.92"
                        ],
                        [
                            "-115.87",
                            "47.31"
                        ],
                        [
                            "-116.37",
                            "48.57"
                        ],
                        [
                            "-116.49",
                            "48.98"
                        ],
                        [
                            "-114.77",
                            "48.99"
                        ]
                    ]
                ]
            },
            "properties": {
                "forecastId": null,
                "geometryId": null,
                "tag": "5W",
                "forecastHour": 6,
                "hazard": "TURB-LO",
                "frequency": null,
                "severity": "MOD",
                "status": "NRML",
                "base": "SFC",
                "top": "180",
                "fzlBase": null,
                "fzlTop": null,
                "level": null,
                "product": "TANGO",
                "rawAirSigmet": null,
                "validTimeTo": "2026-08-30T21:00:00.000",
                "validTimeFrom": [
                    "2026-08-30T18:36"
                ]
            }
        },
        {
            "type": "Feature",
            "geometry": {
                "type": "Polygon",
                "coordinates": [
                    [
                        [
                            "-84.02",
                            "30.47"
                        ],
                        [
                            "-83.59",
                            "30.48"
                        ],
                        [
                            "-83.17",
                            "30.43"
                        ],
                        [
                            "-82.76",
                            "30.33"
                        ],
                        [
                            "-82.48",
                            "30.16"
                        ],
                        [
                            "-82.37",
                            "29.98"
                        ],
                        [
                            "-82.32",
                            "29.78"
                        ],
                        [
                            "-82.40",
                            "29.42"
                        ],
                        [
                            "-82.44",
                            "29.33"
                        ],
                        [
                            "-82.60",
                            "29.07"
                        ],
                        [
                            "-82.82",
                            "28.72"
                        ],
                        [
                            "-82.95",
                            "28.48"
                        ],
                        [
                            "-83.07",
                            "28.38"
                        ],
                        [
                            "-83.40",
                            "28.14"
                        ],
                        [
                            "-83.81",
                            "28.22"
                        ],
                        [
                            "-84.21",
                            "28.35"
                        ],
                        [
                            "-84.62",
                            "28.47"
                        ],
                        [
                            "-84.66",
                            "28.49"
                        ],
                        [
                            "-85.01",
                            "28.72"
                        ],
                        [
                            "-85.16",
                            "28.89"
                        ],
                        [
                            "-85.15",
                            "29.25"
                        ],
                        [
                            "-84.99",
                            "29.61"
                        ],
                        [
                            "-84.93",
                            "29.71"
                        ],
                        [
                            "-84.76",
                            "29.96"
                        ],
                        [
                            "-84.46",
                            "30.27"
                        ],
                        [
                            "-84.41",
                            "30.30"
                        ],
                        [
                            "-84.02",
                            "30.47"
                        ]
                    ]
                ]
            },
            "properties": {
                "forecastId": null,
                "geometryId": null,
                "tag": "1C",
                "forecastHour": 6,
                "hazard": "FZLVL",
                "frequency": null,
                "severity": null,
                "status": "NRML",
                "base": null,
                "top": null,
                "fzlBase": null,
                "fzlTop": null,
                "level": "160",
                "product": "ZULU",
                "rawAirSigmet": null,
                "validTimeTo": "2026-08-30T21:00:00.000",
                "validTimeFrom": [
                    "2026-08-30T16:58"
                ]
            }
        },
        {
            "type": "Feature",
            "geometry": {
                "type": "Polygon",
                "coordinates": [
                    [
                        [
                            "-67.87",
                            "56.01"
                        ],
                        [
                            "-67.33",
                            "55.96"
                        ],
                        [
                            "-66.80",
                            "55.88"
                        ],
                        [
                            "-66.27",
                            "55.79"
                        ],
                        [
                            "-65.88",
                            "55.73"
                        ],
                        [
                            "-65.75",
                            "55.68"
                        ],
                        [
                            "-65.78",
                            "55.40"
                        ],
                        [
                            "-65.87",
                            "55.37"
                        ],
                        [
                            "-66.40",
                            "55.16"
                        ],
                        [
                            "-66.52",
                            "55.14"
                        ],
                        [
                            "-67.08",
                            "55.11"
                        ],
                        [
                            "-67.64",
                            "55.11"
                        ],
                        [
                            "-68.11",
                            "55.05"
                        ],
                        [
                            "-68.22",
                            "55.05"
                        ],
                        [
                            "-68.77",
                            "55.03"
                        ],
                        [
                            "-69.32",
                            "55.05"
                        ],
                        [
                            "-69.67",
                            "55.22"
                        ],
                        [
                            "-69.38",
                            "55.51"
                        ],
                        [
                            "-69.11",
                            "55.68"
                        ],
                        [
                            "-68.90",
                            "55.77"
                        ],
                        [
                            "-68.46",
                            "55.94"
                        ],
                        [
                            "-68.10",
                            "55.99"
                        ],
                        [
                            "-67.87",
                            "56.01"
                        ]
                    ]
                ]
            },
            "properties": {
                "forecastId": null,
                "geometryId": null,
                "tag": "1C",
                "forecastHour": 6,
                "hazard": "FZLVL",
                "frequency": null,
                "severity": null,
                "status": "NRML",
                "base": null,
                "top": null,
                "fzlBase": null,
                "fzlTop": null,
                "level": "080",
                "product": "ZULU",
                "rawAirSigmet": null,
                "validTimeTo": "2026-08-30T21:00:00.000",
                "validTimeFrom": [
                    "2026-08-30T16:58"
                ]
            }
        },
        {
            "type": "Feature",
            "geometry": {
                "type": "Polygon",
                "coordinates": [
                    [
                        [
                            "-110.53",
                            "29.54"
                        ],
                        [
                            "-110.11",
                            "29.58"
                        ],
                        [
                            "-110.04",
                            "29.57"
                        ],
                        [
                            "-109.65",
                            "29.24"
                        ],
                        [
                            "-109.65",
                            "28.87"
                        ],
                        [
                            "-109.97",
                            "28.50"
                        ],
                        [
                            "-110.01",
                            "28.47"
                        ],
                        [
                            "-110.36",
                            "28.29"
                        ],
                        [
                            "-110.77",
                            "28.19"
                        ],
                        [
                            "-111.18",
                            "28.20"
                        ],
                        [
                            "-111.48",
                            "28.32"
                        ],
                        [
                            "-111.64",
                            "28.48"
                        ],
                        [
                            "-111.77",
                            "28.66"
                        ],
                        [
                            "-111.83",
                            "29.02"
                        ],
                        [
                            "-111.74",
                            "29.15"
                        ],
                        [
                            "-111.34",
                            "29.34"
                        ],
                        [
                            "-110.93",
                            "29.44"
                        ],
                        [
                            "-110.67",
                            "29.51"
                        ],
                        [
                            "-110.53",
                            "29.54"
                        ]
                    ]
                ]
            },
            "properties": {
                "forecastId": null,
                "geometryId": null,
                "tag": "1C",
                "forecastHour": 6,
                "hazard": "FZLVL",
                "frequency": null,
                "severity": null,
                "status": "NRML",
                "base": null,
                "top": null,
                "fzlBase": null,
                "fzlTop": null,
                "level": "160",
                "product": "ZULU",
                "rawAirSigmet": null,
                "validTimeTo": "2026-08-30T21:00:00.000",
                "validTimeFrom": [
                    "2026-08-30T16:58"
                ]
            }
        },
        {
            "type": "Feature",
            "geometry": {
                "type": "Polygon",
                "coordinates": [
                    [
                        [
                            "-88.39",
                            "48.41"
                        ],
                        [
                            "-85.92",
                            "47.38"
                        ],
                        [
                            "-84.89",
                            "46.88"
                        ],
                        [
                            "-84.14",
                            "46.15"
                        ],
                        [
                            "-83.15",
                            "45.67"
                        ],
                        [
                            "-82.46",
                            "45.77"
                        ],
                        [
                            "-82.30",
                            "44.14"
                        ],
                        [
                            "-83.65",
                            "44.06"
                        ],
                        [
                            "-83.70",
                            "44.99"
                        ],
                        [
                            "-84.11",
                            "45.41"
                        ],
                        [
                            "-84.82",
                            "45.75"
                        ],
                        [
                            "-85.65",
                            "46.54"
                        ],
                        [
                            "-86.13",
                            "46.99"
                        ],
                        [
                            "-87.42",
                            "46.89"
                        ],
                        [
                            "-87.42",
                            "46.89"
                        ],
                        [
                            "-88.57",
                            "46.73"
                        ],
                        [
                            "-88.81",
                            "47.16"
                        ],
                        [
                            "-90.53",
                            "47.25"
                        ],
                        [
                            "-91.33",
                            "46.58"
                        ],
                        [
                            "-91.99",
                            "46.78"
                        ],
                        [
                            "-90.69",
                            "47.68"
                        ],
                        [
                            "-89.34",
                            "48.05"
                        ],
                        [
                            "-88.39",
                            "48.41"
                        ]
                    ]
                ]
            },
            "properties": {
                "forecastId": null,
                "geometryId": null,
                "tag": "1E",
                "forecastHour": 6,
                "hazard": "IFR",
                "frequency": null,
                "severity": null,
                "status": "NRML",
                "base": null,
                "top": null,
                "fzlBase": null,
                "fzlTop": null,
                "level": null,
                "product": "SIERRA",
                "rawAirSigmet": "CIG BLW 010 VIS BLW 3SM BR FG",
                "validTimeTo": "2026-08-30T21:00:00.000",
                "validTimeFrom": [
                    "2026-08-30T14:45"
                ]
            }
        },
        {
            "type": "Feature",
            "geometry": {
                "type": "Polygon",
                "coordinates": [
                    [
                        [
                            "-121.51",
                            "35.43"
                        ],
                        [
                            "-121.08",
                            "34.99"
                        ],
                        [
                            "-120.69",
                            "34.63"
                        ],
                        [
                            "-120.36",
                            "34.44"
                        ],
                        [
                            "-120.24",
                            "34.27"
                        ],
                        [
                            "-120.67",
                            "33.68"
                        ],
                        [
                            "-121.45",
                            "34.07"
                        ],
                        [
                            "-121.91",
                            "34.37"
                        ],
                        [
                            "-122.28",
                            "35.01"
                        ],
                        [
                            "-122.12",
                            "35.33"
                        ],
                        [
                            "-121.89",
                            "35.42"
                        ],
                        [
                            "-121.51",
                            "35.43"
                        ]
                    ]
                ]
            },
            "properties": {
                "forecastId": null,
                "geometryId": null,
                "tag": "5E",
                "forecastHour": 6,
                "hazard": "IFR",
                "frequency": null,
                "severity": null,
                "status": "NRML",
                "base": null,
                "top": null,
                "fzlBase": null,
                "fzlTop": null,
                "level": null,
                "product": "SIERRA",
                "rawAirSigmet": "CIG BLW 010 VIS BLW 3SM BR FG",
                "validTimeTo": "2026-08-30T21:00:00.000",
                "validTimeFrom": [
                    "2026-08-30T14:45"
                ]
            }
        }
    ],
    "metadata": {
        "creationTime": "2026-08-30T19:43"
    }
}