{
    "type": "FeatureCollection",
    "features": [
        {
            "type": "Feature",
            "geometry": {
                "type": "Polygon",
                "coordinates": [
                    [
                        [
                            "-124.70",
                            "42.89"
                        ],
                        [
                            "-124.19",
                            "42.63"
                        ],
                        [
                            "-123.90",
                            "41.53"
                        ],
                        [
                            "-124.31",
                            "41.00"
                        ],
                        [
                            "-124.87",
                            "41.02"
                        ],
                        [
                            "-125.20",
                            "41.75"
                        ],
                        [
                            "-125.16",
                            "42.60"
                        ],
                        [
                            "-124.70",
                            "42.89"
                        ]
                    ]
                ]
            },
            "properties": {
                "forecastId": null,
                "geometryId": null,
                "tag": "7E",
                "forecastHour": 3,
                "hazard": "IFR",
                "frequency": null,
                "severity": null,
                "status": "NRML",
                "base": null,
                "top": null,
                "fzlBase": null,
                "fzlTop": null,
                "level": null,
                "product": "SIERRA",
                "rawAirSigmet": "CIG BLW 010 VIS BLW 3SM BR",
                "validTimeTo": "2026-09-05T00:00:00.000",
                "validTimeFrom": [
                    "2026-09-04T20:45"
                ]
            }
        },
        {
            "type": "Feature",
            "geometry": {
                "type": "LineString",
                "coordinates": [
                    [
                        "-86.52",
                        "58.23"
                    ],
                    [
                        "-85.53",
                        "57.12"
                    ],
                    [
                        "-84.50",
                        "56.29"
                    ],
                    [
                        "-83.05",
                        "55.15"
                    ],
                    [
                        "-81.49",
                        "54.52"
                    ],
                    [
                        "-80.82",
                        "53.93"
                    ],
                    [
                        "-80.57",
                        "53.31"
                    ],
                    [
                        "-80.29",
                        "52.61"
                    ],
                    [
                        "-79.21",
                        "52.35"
                    ],
                    [
                        "-77.60",
                        "52.40"
                    ],
                    [
                        "-76.70",
                        "52.68"
                    ],
                    [
                        "-76.38",
                        "52.57"
                    ],
                    [
                        "-76.94",
                        "52.07"
                    ],
                    [
                        "-78.08",
                        "50.87"
                    ],
                    [
                        "-78.65",
                        "50.46"
                    ],
                    [
                        "-78.88",
                        "49.60"
                    ],
                    [
                        "-76.57",
                        "47.47"
                    ],
                    [
                        "-75.29",
                        "46.49"
                    ],
                    [
                        "-74.27",
                        "45.45"
                    ],
                    [
                        "-73.33",
                        "44.21"
                    ],
                    [
                        "-72.08",
                        "43.28"
                    ],
                    [
                        "-71.16",
                        "42.93"
                    ],
                    [
                        "-69.85",
                        "42.76"
                    ],
                    [
                        "-68.30",
                        "42.98"
                    ],
                    [
                        "-66.59",
                        "43.96"
                    ],
                    [
                        "-65.03",
                        "44.56"
                    ],
                    [
                        "-63.42",
                        "45.05"
                    ],
                    [
                        "-61.69",
                        "45.26"
                    ]
                ]
            },
            "properties": {
                "forecastId": null,
                "geometryId": null,
                "tag": "1C",
                "forecastHour": 3,
                "hazard": "FZLVL",
                "frequency": null,
                "severity": null,
                "status": "NRML",
                "base": null,
                "top": null,
                "fzlBase": null,
                "fzlTop": null,
                "level": "120",
                "product": "ZULU",
                "rawAirSigmet": null,
                "validTimeTo": "2026-09-05T00:00:00.000",
                "validTimeFrom": [
                    "2026-09-04T20:45"
                ]
            }
        },
        {
            "type": "Feature",
            "geometry": {
                "type": "Polygon",
                "coordinates": [
                    [
                        [
                            "-94.53",
                            "43.14"
                        ],
                        [
                            "-94.05",
                            "43.22"
                        ],
                        [
                            "-93.58",
                            "43.20"
                        ],
                        [
                            "-93.16",
                            "43.12"
                        ],
                        [
                            "-93.10",
                            "43.11"
                        ],
                        [
                            "-92.63",
                            "42.87"
                        ],
                        [
                            "-92.52",
                            "42.77"
                        ],
                        [
                            "-92.38",
                            "42.42"
                        ],
                        [
                            "-92.43",
                            "42.07"
                        ],
                        [
                            "-92.66",
                            "41.78"
                        ],
                        [
                            "-92.74",
                            "41.73"
                        ],
                        [
                            "-93.13",
                            "41.55"
                        ],
                        [
                            "-93.60",
                            "41.46"
                        ],
                        [
                            "-94.07",
                            "41.46"
                        ],
                        [
                            "-94.53",
                            "41.59"
                        ],
                        [
                            "-94.76",
                            "41.74"
                        ],
                        [
                            "-95.00",
                            "42.02"
                        ],
                        [
                            "-95.04",
                            "42.09"
                        ],
                        [
                            "-95.08",
                            "42.44"
                        ],
                        [
                            "-95.00",
                            "42.68"
                        ],
                        [
                            "-94.96",
                            "42.79"
                        ],
                        [
                            "-94.55",
                            "43.13"
                        ],
                        [
                            "-94.53",
                            "43.14"
                        ]
                    ]
                ]
            },
            "properties": {
                "forecastId": null,
                "geometryId": null,
                "tag": "1C",
                "forecastHour": 3,
                "hazard": "FZLVL",
                "frequency": null,
                "severity": null,
                "status": "NRML",
                "base": null,
                "top": null,
                "fzlBase": null,
                "fzlTop": null,
                "level": "160",
                "product": "ZULU",
                "rawAirSigmet": null,
                "validTimeTo": "2026-09-05T00:00:00.000",
                "validTimeFrom": [
                    "2026-09-04T20:45"
                ]
            }
        },
        {
            "type": "Feature",
            "geometry": {
                "type": "Polygon",
                "coordinates": [
                    [
                        [
                            "-77.94",
                            "42.50"
                        ],
                        [
                            "-77.28",
                            "41.84"
                        ],
                        [
                            "-78.37",
                            "39.27"
                        ],
                        [
                            "-79.30",
                            "38.91"
                        ],
                        [
                            "-80.07",
                            "39.41"
                        ],
                        [
                            "-79.94",
                            "40.99"
                        ],
                        [
                            "-79.02",
                            "42.25"
                        ],
                        [
                            "-77.94",
                            "42.50"
                        ]
                    ]
                ]
            },
            "properties": {
                "forecastId": null,
                "geometryId": null,
                "tag": "1E",
                "forecastHour": 3,
                "hazard": "MT_OBSC",
                "frequency": null,
                "severity": null,
                "status": "NRML",
                "base": null,
                "top": null,
                "fzlBase": null,
                "fzlTop": null,
                "level": null,
                "product": "SIERRA",
                "rawAirSigmet": "MTNS OBSC BY CLDS BR",
                "validTimeTo": "2026-09-05T00:00:00.000",
                "validTimeFrom": [
                    "2026-09-04T20:45"
                ]
            }
        },
        {
            "type": "Feature",
            "geometry": {
                "type": "Polygon",
                "coordinates": [
                    [
                        [
                            "-120.20",
                            "39.76"
                        ],
                        [
                            "-119.78",
                            "38.62"
                        ],
                        [
                            "-119.48",
                            "37.98"
                        ],
                        [
                            "-120.29",
                            "38.26"
                        ],
                        [
                            "-120.98",
                            "39.63"
                        ],
                        [
                            "-120.20",
                            "39.76"
                        ]
                    ]
                ]
            },
            "properties": {
                "forecastId": null,
                "geometryId": null,
                "tag": "2E",
                "forecastHour": 3,
                "hazard": "MT_OBSC",
                "frequency": null,
                "severity": null,
                "status": "NRML",
                "base": null,
                "top": null,
                "fzlBase": null,
                "fzlTop": null,
                "level": null,
                "product": "SIERRA",
                "rawAirSigmet": "MTNS OBSC BY CLDS PCPN BR",
                "validTimeTo": "2026-09-05T00:00:00.000",
                "validTimeFrom": [
                    "2026-09-04T20:45"
                ]
            }
        },
        {
            "type": "Feature",
            "geometry": {
                "type": "Polygon",
                "coordinates": [
                    [
                        [
                            "-69.31",
                            "47.65"
                        ],
                        [
                            "-68.91",
                            "46.53"
                        ],
                        [
                            "-69.54",
                            "45.90"
                        ],
                        [
                            "-71.07",
                            "44.96"
                        ],
                        [
                            "-71.68",
                            "45.31"
                        ],
                        [
                            "-69.31",
                            "47.65"
                        ]
                    ]
                ]
            },
            "properties": {
                "forecastId": null,
                "geometryId": null,
                "tag": "4E",
                "forecastHour": 3,
                "hazard": "MT_OBSC",
                "frequency": null,
                "severity": null,
                "status": "NRML",
                "base": null,
                "top": null,
                "fzlBase": null,
                "fzlTop": null,
                "level": null,
                "product": "SIERRA",
                "rawAirSigmet": "MTNS OBSC BY CLDS PCPN BR",
                "validTimeTo": "2026-09-05T00:00:00.000",
                "validTimeFrom": [
                    "2026-09-04T20:45"
                ]
            }
        },
        {
            "type": "Feature",
            "geometry": {
                "type": "Polygon",
                "coordinates": [
                    [
                        [
                            "-112.22",
                            "42.70"
                        ],
                        [
                            "-110.68",
                            "42.02"
                        ],
                        [
                            "-109.08",
                            "41.06"
                        ],
                        [
                            "-108.99",
                            "40.11"
                        ],
                        [
                            "-109.50",
                            "38.92"
                        ],
                        [
                            "-109.92",
                            "38.40"
                        ],
                        [
                            "-111.65",
                            "36.50"
                        ],
                        [
                            "-112.50",
                            "35.30"
                        ],
                        [
                            "-113.25",
                            "34.86"
                        ],
                        [
                            "-114.08",
                            "34.75"
                        ],
                        [
                            "-115.25",
                            "35.74"
                        ],
                        [
                            "-116.11",
                            "36.96"
                        ],
                        [
                            "-116.93",
                            "38.03"
                        ],
                        [
                            "-117.14",
                            "39.26"
                        ],
                        [
                            "-116.03",
                            "40.42"
                        ],
                        [
                            "-114.70",
                            "41.33"
                        ],
                        [
                            "-113.70",
                            "41.88"
                        ],
                        [
                            "-112.68",
                            "42.67"
                        ],
                        [
                            "-112.22",
                            "42.70"
                        ]
                    ]
                ]
            },
            "properties": {
                "forecastId": null,
                "geometryId": null,
                "tag": "2W",
                "forecastHour": 3,
                "hazard": "TURB-LO",
                "frequency": null,
                "severity": "MOD",
                "status": "NRML",
                "base": "SFC",
                "top": "150",
                "fzlBase": null,
                "fzlTop": null,
                "level": null,
                "product": "TANGO",
                "rawAirSigmet": null,
                "validTimeTo": "2026-09-05T00:00:00.000",
                "validTimeFrom": [
                    "2026-09-04T20:51"
                ]
            }
        },
        {
            "type": "Feature",
            "geometry": {
                "type": "Polygon",
                "coordinates": [
                    [
                        [
                            "-122.10",
                            "49.06"
                        ],
                        [
                            "-118.86",
                            "48.88"
                        ],
                        [
                            "-119.39",
                            "48.11"
                        ],
                        [
                            "-120.52",
                            "47.44"
                        ],
                        [
                            "-122.44",
                            "46.45"
                        ],
                        [
                            "-126.59",
                            "43.78"
                        ],
                        [
                            "-126.54",
                            "44.92"
                        ],
                        [
                            "-126.90",
                            "45.79"
                        ],
                        [
                            "-124.91",
                            "47.20"
                        ],
                        [
                            "-123.50",
                            "48.19"
                        ],
                        [
                            "-123.22",
                            "48.96"
                        ],
                        [
                            "-122.10",
                            "49.06"
                        ]
                    ]
                ]
            },
            "properties": {
                "forecastId": null,
                "geometryId": null,
                "tag": "3W",
                "forecastHour": 3,
                "hazard": "TURB-HI",
                "frequency": null,
                "severity": "MOD",
                "status": "NRML",
                "base": "210",
                "top": "340",
                "fzlBase": null,
                "fzlTop": null,
                "level": null,
                "product": "TANGO",
                "rawAirSigmet": null,
                "validTimeTo": "2026-09-05T00:00:00.000",
                "validTimeFrom": [
                    "2026-09-04T20:51"
                ]
            }
        },
        {
            "type": "Feature",
            "geometry": {
                "type": "Polygon",
                "coordinates": [
                    [
                        [
                            "-102.72",
                            "33.74"
                        ],
                        [
                            "-102.81",
                            "33.64"
                        ],
                        [
                            "-103.02",
                            "33.36"
                        ],
                        [
                            "-103.18",
                            "32.99"
                        ],
                        [
                            "-103.19",
                            "32.89"
                        ],
                        [
                            "-103.23",
                            "32.62"
                        ],
                        [
                            "-103.23",
                            "32.26"
                        ],
                        [
                            "-103.16",
                            "31.90"
                        ],
                        [
                            "-103.12",
                            "31.84"
                        ],
                        [
                            "-102.68",
                            "31.71"
                        ],
                        [
                            "-102.27",
                            "31.91"
                        ],
                        [
                            "-102.22",
                            "31.95"
                        ],
                        [
                            "-101.86",
                            "32.29"
                        ],
                        [
                            "-101.83",
                            "32.33"
                        ],
                        [
                            "-101.60",
                            "32.70"
                        ],
                        [
                            "-101.47",
                            "33.01"
                        ],
                        [
                            "-101.46",
                            "33.07"
                        ],
                        [
                            "-101.48",
                            "33.43"
                        ],
                        [
                            "-101.50",
                            "33.52"
                        ],
                        [
                            "-101.66",
                            "33.78"
                        ],
                        [
                            "-101.98",
                            "34.13"
                        ],
                        [
                            "-102.41",
                            "34.04"
                        ],
                        [
                            "-102.72",
                            "33.74"
                        ]
                    ]
                ]
            },
            "properties": {
                "forecastId": null,
                "geometryId": null,
                "tag": "1C",
                "forecastHour": 3,
                "hazard": "FZLVL",
                "frequency": null,
                "severity": null,
                "status": "NRML",
                "base": null,
                "top": null,
                "fzlBase": null,
                "fzlTop": null,
                "level": "160",
                "product": "ZULU",
                "rawAirSigmet": null,
                "validTimeTo": "2026-09-05T00:00:00.000",
                "validTimeFrom": [
                    "2026-09-04T20:45"
                ]
            }
        },
        {
            "type": "Feature",
            "geometry": {
                "type": "Polygon",
                "coordinates": [
                    [
                        [
                            "-115.55",
                            "47.77"
                        ],
                        [
                            "-114.56",
                            "46.87"
                        ],
                        [
                            "-114.39",
                            "45.31"
                        ],
                        [
                            "-115.40",
                            "43.90"
                        ],
                        [
                            "-117.82",
                            "42.46"
                        ],
                        [
                            "-120.02",
                            "43.15"
                        ],
                        [
                            "-120.71",
                            "44.38"
                        ],
                        [
                            "-118.80",
                            "46.85"
                        ],
                        [
                            "-117.28",
                            "47.74"
                        ],
                        [
                            "-115.55",
                            "47.77"
                        ]
                    ]
                ]
            },
            "properties": {
                "forecastId": null,
                "geometryId": null,
                "tag": "1W",
                "forecastHour": 3,
                "hazard": "TURB-HI",
                "frequency": null,
                "severity": "MOD",
                "status": "NRML",
                "base": "180",
                "top": "300",
                "fzlBase": null,
                "fzlTop": null,
                "level": null,
                "product": "TANGO",
                "rawAirSigmet": null,
                "validTimeTo": "2026-09-05T00:00:00.000",
                "validTimeFrom": [
                    "2026-09-04T20:51"
                ]
            }
        },
        {
            "type": "Feature",
            "geometry": {
                "type": "Polygon",
                "coordinates": [
                    [
                        [
                            "-77.48",
                            "30.04"
                        ],
                        [
                            "-78.54",
                            "30.17"
                        ],
                        [
                            "-79.85",
                            "30.29"
                        ],
                        [
                            "-80.76",
                            "29.33"
                        ],
                        [
                            "-80.44",
                            "28.57"
                        ],
                        [
                            "-79.32",
                            "28.04"
                        ],
                        [
                            "-78.45",
                            "27.58"
                        ],
                        [
                            "-76.87",
                            "27.28"
                        ],
                        [
                            "-75.60",
                            "27.46"
                        ],
                        [
                            "-74.64",
                            "28.18"
                        ],
                        [
                            "-74.68",
                            "28.96"
                        ],
                        [
                            "-75.33",
                            "29.79"
                        ],
                        [
                            "-76.38",
                            "30.41"
                        ],
                        [
                            "-77.48",
                            "30.04"
                        ]
                    ]
                ]
            },
            "properties": {
                "forecastId": null,
                "geometryId": null,
                "tag": "1C",
                "forecastHour": 3,
                "hazard": "FZLVL",
                "frequency": null,
                "severity": null,
                "status": "NRML",
                "base": null,
                "top": null,
                "fzlBase": null,
                "fzlTop": null,
                "level": "160",
                "product": "ZULU",
                "rawAirSigmet": null,
                "validTimeTo": "2026-09-05T00:00:00.000",
                "validTimeFrom": [
                    "2026-09-04T20:45"
                ]
            }
        },
        {
            "type": "Feature",
            "geometry": {
                "type": "LineString",
                "coordinates": [
                    [
                        "-64.27",
                        "56.16"
                    ],
                    [
                        "-64.16",
                        "55.83"
                    ],
                    [
                        "-64.06",
                        "55.70"
                    ],
                    [
                        "-63.87",
                        "55.48"
                    ],
                    [
                        "-63.68",
                        "55.26"
                    ],
                    [
                        "-63.55",
                        "55.11"
                    ],
                    [
                        "-63.35",
                        "54.77"
                    ],
                    [
                        "-63.34",
                        "54.73"
                    ],
                    [
                        "-63.31",
                        "54.44"
                    ],
                    [
                        "-63.29",
                        "54.11"
                    ],
                    [
                        "-63.16",
                        "53.82"
                    ],
                    [
                        "-63.12",
                        "53.77"
                    ],
                    [
                        "-62.75",
                        "53.47"
                    ],
                    [
                        "-62.56",
                        "53.36"
                    ],
                    [
                        "-62.31",
                        "53.23"
                    ],
                    [
                        "-61.85",
                        "53.02"
                    ],
                    [
                        "-61.47",
                        "52.87"
                    ],
                    [
                        "-61.38",
                        "52.82"
                    ],
                    [
                        "-60.92",
                        "52.62"
                    ],
                    [
                        "-60.46",
                        "52.44"
                    ],
                    [
                        "-60.01",
                        "52.31"
                    ],
                    [
                        "-59.98",
                        "52.30"
                    ],
                    [
                        "-59.47",
                        "52.20"
                    ],
                    [
                        "-59.20",
                        "52.18"
                    ],
                    [
                        "-58.95",
                        "52.15"
                    ]
                ]
            },
            "properties": {
                "forecastId": null,
                "geometryId": null,
                "tag": "1C",
                "forecastHour": 3,
                "hazard": "FZLVL",
                "frequency": null,
                "severity": null,
                "status": "NRML",
                "base": null,
                "top": null,
                "fzlBase": null,
                "fzlTop": null,
                "level": "080",
                "product": "ZULU",
                "rawAirSigmet": null,
                "validTimeTo": "2026-09-05T00:00:00.000",
                "validTimeFrom": [
                    "2026-09-04T20:45"
                ]
            }
        },
        {
            "type": "Feature",
            "geometry": {
                "type": "Polygon",
                "coordinates": [
                    [
                        [
                            "-113.21",
                            "48.17"
                        ],
                        [
                            "-112.22",
                            "47.57"
                        ],
                        [
                            "-111.87",
                            "46.42"
                        ],
                        [
                            "-112.47",
                            "45.47"
                        ],
                        [
                            "-113.34",
                            "44.55"
                        ],
                        [
                            "-114.20",
                            "43.81"
                        ],
                        [
                            "-114.93",
                            "43.13"
                        ],
                        [
                            "-115.47",
                            "42.68"
                        ],
                        [
                            "-116.16",
                            "42.09"
                        ],
                        [
                            "-116.83",
                            "41.78"
                        ],
                        [
                            "-117.81",
                            "41.74"
                        ],
                        [
                            "-118.63",
                            "41.89"
                        ],
                        [
                            "-119.43",
                            "42.54"
                        ],
                        [
                            "-119.28",
                            "43.64"
                        ],
                        [
                            "-119.00",
                            "44.46"
                        ],
                        [
                            "-118.68",
                            "45.49"
                        ],
                        [
                            "-118.31",
                            "46.36"
                        ],
                        [
                            "-117.54",
                            "46.73"
                        ],
                        [
                            "-116.49",
                            "46.59"
                        ],
                        [
                            "-114.94",
                            "47.52"
                        ],
                        [
                            "-114.05",
                            "48.04"
                        ],
                        [
                            "-113.21",
                            "48.17"
                        ]
                    ]
                ]
            },
            "properties": {
                "forecastId": null,
                "geometryId": null,
                "tag": "1C",
                "forecastHour": 3,
                "hazard": "ICE",
                "frequency": null,
                "severity": "MOD",
                "status": "NRML",
                "base": "FZL",
                "top": "190",
                "fzlBase": "100",
                "fzlTop": "130",
                "level": null,
                "product": "ZULU",
                "rawAirSigmet": "ICE",
                "validTimeTo": "2026-09-05T00:00:00.000",
                "validTimeFrom": [
                    "2026-09-04T20:45"
                ]
            }
        },
        {
            "type": "Feature",
            "geometry": {
                "type": "Polygon",
                "coordinates": [
                    [
                        [
                            "-120.10",
                            "40.23"
                        ],
                        [
                            "-118.85",
                            "40.04"
                        ],
                        [
                            "-117.55",
                            "38.84"
                        ],
                        [
                            "-116.72",
                            "37.94"
                        ],
                        [
                            "-115.96",
                            "36.72"
                        ],
                        [
                            "-116.37",
                            "35.98"
                        ],
                        [
                            "-117.24",
                            "35.63"
                        ],
                        [
                            "-118.54",
                            "35.74"
                        ],
                        [
                            "-119.60",
                            "37.06"
                        ],
                        [
                            "-120.86",
                            "38.80"
                        ],
                        [
                            "-121.15",
                            "39.62"
                        ],
                        [
                            "-120.10",
                            "40.23"
                        ]
                    ]
                ]
            },
            "properties": {
                "forecastId": null,
                "geometryId": null,
                "tag": "3W",
                "forecastHour": 3,
                "hazard": "TURB-LO",
                "frequency": null,
                "severity": "MOD",
                "status": "NRML",
                "base": "SFC",
                "top": "180",
                "fzlBase": null,
                "fzlTop": null,
                "level": null,
                "product": "TANGO",
                "rawAirSigmet": null,
                "validTimeTo": "2026-09-05T00:00:00.000",
                "validTimeFrom": [
                    "2026-09-04T20:51"
                ]
            }
        },
        {
            "type": "Feature",
            "geometry": {
                "type": "Polygon",
                "coordinates": [
                    [
                        [
                            "-104.13",
                            "47.26"
                        ],
                        [
                            "-103.52",
                            "46.46"
                        ],
                        [
                            "-103.54",
                            "45.48"
                        ],
                        [
                            "-103.44",
                            "44.58"
                        ],
                        [
                            "-102.30",
                            "43.91"
                        ],
                        [
                            "-102.14",
                            "43.28"
                        ],
                        [
                            "-102.09",
                            "41.90"
                        ],
                        [
                            "-102.44",
                            "41.42"
                        ],
                        [
                            "-102.07",
                            "39.99"
                        ],
                        [
                            "-102.69",
                            "38.72"
                        ],
                        [
                            "-103.73",
                            "38.04"
                        ],
                        [
                            "-104.65",
                            "37.92"
                        ],
                        [
                            "-105.41",
                            "38.37"
                        ],
                        [
                            "-106.21",
                            "39.45"
                        ],
                        [
                            "-107.41",
                            "40.72"
                        ],
                        [
                            "-108.74",
                            "41.29"
                        ],
                        [
                            "-110.32",
                            "42.27"
                        ],
                        [
                            "-109.85",
                            "44.33"
                        ],
                        [
                            "-110.23",
                            "45.74"
                        ],
                        [
                            "-110.00",
                            "46.74"
                        ],
                        [
                            "-105.93",
                            "47.12"
                        ],
                        [
                            "-104.13",
                            "47.26"
                        ]
                    ]
                ]
            },
            "properties": {
                "forecastId": null,
                "geometryId": null,
                "tag": "5W",
                "forecastHour": 3,
                "hazard": "TURB-LO",
                "frequency": null,
                "severity": "MOD",
                "status": "NRML",
                "base": "SFC",
                "top": "180",
                "fzlBase": null,
                "fzlTop": null,
                "level": null,
                "product": "TANGO",
                "rawAirSigmet": null,
                "validTimeTo": "2026-09-05T00:00:00.000",
                "validTimeFrom": [
                    "2026-09-04T20:51"
                ]
            }
        },
        {
            "type": "Feature",
            "geometry": {
                "type": "Polygon",
                "coordinates": [
                    [
                        [
                            "-69.35",
                            "47.53"
                        ],
                        [
                            "-67.79",
                            "47.43"
                        ],
                        [
                            "-67.81",
                            "46.55"
                        ],
                        [
                            "-68.71",
                            "46.21"
                        ],
                        [
                            "-70.46",
                            "45.42"
                        ],
                        [
                            "-71.01",
                            "45.58"
                        ],
                        [
                            "-69.35",
                            "47.53"
                        ]
                    ]
                ]
            },
            "properties": {
                "forecastId": null,
                "geometryId": null,
                "tag": "2C",
                "forecastHour": 3,
                "hazard": "ICE",
                "frequency": null,
                "severity": "MOD",
                "status": "NRML",
                "base": "110",
                "top": "200",
                "fzlBase": null,
                "fzlTop": null,
                "level": null,
                "product": "ZULU",
                "rawAirSigmet": "ICE",
                "validTimeTo": "2026-09-05T00:00:00.000",
                "validTimeFrom": [
                    "2026-09-04T20:45"
                ]
            }
        },
        {
            "type": "Feature",
            "geometry": {
                "type": "Polygon",
                "coordinates": [
                    [
                        [
                            "-119.48",
                            "49.02"
                        ],
                        [
                            "-120.02",
                            "48.21"
                        ],
                        [
                            "-119.54",
                            "46.70"
                        ],
                        [
                            "-119.52",
                            "44.54"
                        ],
                        [
                            "-120.62",
                            "43.63"
                        ],
                        [
                            "-122.59",
                            "42.76"
                        ],
                        [
                            "-123.89",
                            "43.23"
                        ],
                        [
                            "-124.75",
                            "44.54"
                        ],
                        [
                            "-125.08",
                            "45.44"
                        ],
                        [
                            "-125.10",
                            "46.06"
                        ],
                        [
                            "-123.94",
                            "46.98"
                        ],
                        [
                            "-122.81",
                            "47.64"
                        ],
                        [
                            "-122.25",
                            "48.52"
                        ],
                        [
                            "-122.38",
                            "48.87"
                        ],
                        [
                            "-119.48",
                            "49.02"
                        ]
                    ]
                ]
            },
            "properties": {
                "forecastId": null,
                "geometryId": null,
                "tag": "3C",
                "forecastHour": 3,
                "hazard": "ICE",
                "frequency": null,
                "severity": "MOD",
                "status": "NRML",
                "base": "080",
                "top": "180",
                "fzlBase": null,
                "fzlTop": null,
                "level": null,
                "product": "ZULU",
                "rawAirSigmet": "ICE",
                "validTimeTo": "2026-09-05T00:00:00.000",
                "validTimeFrom": [
                    "2026-09-04T20:45"
                ]
            }
        },
        {
            "type": "Feature",
            "geometry": {
                "type": "Polygon",
                "coordinates": [
                    [
                        [
                            "-69.43",
                            "43.08"
                        ],
                        [
                            "-68.49",
                            "42.99"
                        ],
                        [
                            "-67.04",
                            "42.61"
                        ],
                        [
                            "-67.03",
                            "39.82"
                        ],
                        [
                            "-68.39",
                            "39.99"
                        ],
                        [
                            "-69.53",
                            "40.35"
                        ],
                        [
                            "-70.13",
                            "41.61"
                        ],
                        [
                            "-70.16",
                            "42.59"
                        ],
                        [
                            "-69.43",
                            "43.08"
                        ]
                    ]
                ]
            },
            "properties": {
                "forecastId": null,
                "geometryId": null,
                "tag": "6E",
                "forecastHour": 3,
                "hazard": "IFR",
                "frequency": null,
                "severity": null,
                "status": "NRML",
                "base": null,
                "top": null,
                "fzlBase": null,
                "fzlTop": null,
                "level": null,
                "product": "SIERRA",
                "rawAirSigmet": "CIG BLW 010 VIS BLW 3SM BR",
                "validTimeTo": "2026-09-05T00:00:00.000",
                "validTimeFrom": [
                    "2026-09-04T20:45"
                ]
            }
        },
        {
            "type": "Feature",
            "geometry": {
                "type": "Polygon",
                "coordinates": [
                    [
                        [
                            "-66.72",
                            "36.63"
                        ],
                        [
                            "-66.22",
                            "36.80"
                        ],
                        [
                            "-65.78",
                            "36.74"
                        ],
                        [
                            "-65.37",
                            "36.55"
                        ],
                        [
                            "-64.98",
                            "36.31"
                        ],
                        [
                            "-64.82",
                            "36.25"
                        ],
                        [
                            "-65.09",
                            "35.93"
                        ],
                        [
                            "-65.09",
                            "35.93"
                        ],
                        [
                            "-65.58",
                            "35.79"
                        ],
                        [
                            "-65.93",
                            "35.71"
                        ],
                        [
                            "-66.06",
                            "35.70"
                        ],
                        [
                            "-66.48",
                            "35.79"
                        ],
                        [
                            "-66.51",
                            "35.81"
                        ],
                        [
                            "-66.82",
                            "36.23"
                        ],
                        [
                            "-66.83",
                            "36.23"
                        ],
                        [
                            "-66.77",
                            "36.59"
                        ],
                        [
                            "-66.72",
                            "36.63"
                        ]
                    ]
                ]
            },
            "properties": {
                "forecastId": null,
                "geometryId": null,
                "tag": "1C",
                "forecastHour": 3,
                "hazard": "FZLVL",
                "frequency": null,
                "severity": null,
                "status": "NRML",
                "base": null,
                "top": null,
                "fzlBase": null,
                "fzlTop": null,
                "level": "160",
                "product": "ZULU",
                "rawAirSigmet": null,
                "validTimeTo": "2026-09-05T00:00:00.000",
                "validTimeFrom": [
                    "2026-09-04T20:45"
                ]
            }
        },
        {
            "type": "Feature",
            "geometry": {
                "type": "Polygon",
                "coordinates": [
                    [
                        [
                            "-93.18",
                            "29.19"
                        ],
                        [
                            "-93.33",
                            "29.03"
                        ],
                        [
                            "-93.43",
                            "28.83"
                        ],
                        [
                            "-93.48",
                            "28.46"
                        ],
                        [
                            "-93.45",
                            "28.10"
                        ],
                        [
                            "-93.35",
                            "27.82"
                        ],
                        [
                            "-93.31",
                            "27.73"
                        ],
                        [
                            "-92.94",
                            "27.40"
                        ],
                        [
                            "-92.85",
                            "27.36"
                        ],
                        [
                            "-92.54",
                            "27.26"
                        ],
                        [
                            "-92.13",
                            "27.21"
                        ],
                        [
                            "-91.72",
                            "27.21"
                        ],
                        [
                            "-91.30",
                            "27.29"
                        ],
                        [
                            "-91.19",
                            "27.33"
                        ],
                        [
                            "-90.88",
                            "27.52"
                        ],
                        [
                            "-90.76",
                            "27.68"
                        ],
                        [
                            "-90.71",
                            "28.05"
                        ],
                        [
                            "-90.83",
                            "28.42"
                        ],
                        [
                            "-90.85",
                            "28.44"
                        ],
                        [
                            "-91.22",
                            "28.79"
                        ],
                        [
                            "-91.25",
                            "28.82"
                        ],
                        [
                            "-91.66",
                            "29.04"
                        ],
                        [
                            "-91.97",
                            "29.17"
                        ],
                        [
                            "-92.08",
                            "29.23"
                        ],
                        [
                            "-92.49",
                            "29.35"
                        ],
                        [
                            "-92.91",
                            "29.33"
                        ],
                        [
                            "-93.18",
                            "29.19"
                        ]
                    ]
                ]
            },
            "properties": {
                "forecastId": null,
                "geometryId": null,
                "tag": "1C",
                "forecastHour": 3,
                "hazard": "FZLVL",
                "frequency": null,
                "severity": null,
                "status": "NRML",
                "base": null,
                "top": null,
                "fzlBase": null,
                "fzlTop": null,
                "level": "160",
                "product": "ZULU",
                "rawAirSigmet": null,
                "validTimeTo": "2026-09-05T00:00:00.000",
                "validTimeFrom": [
                    "2026-09-04T20:45"
                ]
            }
        },
        {
            "type": "Feature",
            "geometry": {
                "type": "Polygon",
                "coordinates": [
                    [
                        [
                            "-93.61",
                            "48.59"
                        ],
                        [
                            "-90.34",
                            "48.01"
                        ],
                        [
                            "-89.25",
                            "47.43"
                        ],
                        [
                            "-87.40",
                            "46.82"
                        ],
                        [
                            "-86.29",
                            "45.88"
                        ],
                        [
                            "-84.55",
                            "44.79"
                        ],
                        [
                            "-84.53",
                            "43.99"
                        ],
                        [
                            "-85.46",
                            "44.13"
                        ],
                        [
                            "-87.20",
                            "44.43"
                        ],
                        [
                            "-88.84",
                            "44.90"
                        ],
                        [
                            "-90.18",
                            "45.69"
                        ],
                        [
                            "-92.73",
                            "46.46"
                        ],
                        [
                            "-93.53",
                            "47.78"
                        ],
                        [
                            "-93.61",
                            "48.59"
                        ]
                    ]
                ]
            },
            "properties": {
                "forecastId": null,
                "geometryId": null,
                "tag": "4E",
                "forecastHour": 3,
                "hazard": "IFR",
                "frequency": null,
                "severity": null,
                "status": "NRML",
                "base": null,
                "top": null,
                "fzlBase": null,
                "fzlTop": null,
                "level": null,
                "product": "SIERRA",
                "rawAirSigmet": "CIG BLW 010 VIS BLW 3SM PCPN BR",
                "validTimeTo": "2026-09-05T00:00:00.000",
                "validTimeFrom": [
                    "2026-09-04T20:45"
                ]
            }
        },
        {
            "type": "Feature",
            "geometry": {
                "type": "Polygon",
                "coordinates": [
                    [
                        [
                            "-124.04",
                            "46.06"
                        ],
                        [
                            "-122.57",
                            "45.92"
                        ],
                        [
                            "-121.09",
                            "45.26"
                        ],
                        [
                            "-120.77",
                            "44.29"
                        ],
                        [
                            "-121.93",
                            "43.20"
                        ],
                        [
                            "-123.29",
                            "42.14"
                        ],
                        [
                            "-123.76",
                            "40.73"
                        ],
                        [
                            "-124.34",
                            "40.64"
                        ],
                        [
                            "-124.49",
                            "42.79"
                        ],
                        [
                            "-124.06",
                            "44.49"
                        ],
                        [
                            "-124.04",
                            "46.06"
                        ]
                    ]
                ]
            },
            "properties": {
                "forecastId": null,
                "geometryId": null,
                "tag": "5E",
                "forecastHour": 3,
                "hazard": "MT_OBSC",
                "frequency": null,
                "severity": null,
                "status": "NRML",
                "base": null,
                "top": null,
                "fzlBase": null,
                "fzlTop": null,
                "level": null,
                "product": "SIERRA",
                "rawAirSigmet": "MTNS OBSC BY CLDS PCPN BR",
                "validTimeTo": "2026-09-05T00:00:00.000",
                "validTimeFrom": [
                    "2026-09-04T20:45"
                ]
            }
        },
        {
            "type": "Feature",
            "geometry": {
                "type": "Polygon",
                "coordinates": [
                    [
                        [
                            "-121.50",
                            "56.04"
                        ],
                        [
                            "-121.57",
                            "56.01"
                        ],
                        [
                            "-121.74",
                            "55.70"
                        ],
                        [
                            "-121.39",
                            "55.42"
                        ],
                        [
                            "-121.36",
                            "55.40"
                        ],
                        [
                            "-120.87",
                            "55.48"
                        ],
                        [
                            "-120.83",
                            "55.49"
                        ],
                        [
                            "-120.63",
                            "55.82"
                        ],
                        [
                            "-120.85",
                            "56.11"
                        ],
                        [
                            "-121.05",
                            "56.13"
                        ],
                        [
                            "-121.50",
                            "56.04"
                        ]
                    ]
                ]
            },
            "properties": {
                "forecastId": null,
                "geometryId": null,
                "tag": "1C",
                "forecastHour": 3,
                "hazard": "FZLVL",
                "frequency": null,
                "severity": null,
                "status": "NRML",
                "base": null,
                "top": null,
                "fzlBase": null,
                "fzlTop": null,
                "level": "080",
                "product": "ZULU",
                "rawAirSigmet": null,
                "validTimeTo": "2026-09-05T00:00:00.000",
                "validTimeFrom": [
                    "2026-09-04T20:45"
                ]
            }
        },
        {
            "type": "Feature",
            "geometry": {
                "type": "LineString",
                "coordinates": [
                    [
                        "-128.85",
                        "56.05"
                    ],
                    [
                        "-128.90",
                        "55.41"
                    ],
                    [
                        "-128.98",
                        "54.76"
                    ],
                    [
                        "-129.24",
                        "54.07"
                    ],
                    [
                        "-129.92",
                        "53.31"
                    ],
                    [
                        "-130.27",
                        "52.84"
                    ],
                    [
                        "-130.73",
                        "52.19"
                    ],
                    [
                        "-131.35",
                        "51.60"
                    ],
                    [
                        "-131.95",
                        "50.97"
                    ],
                    [
                        "-132.45",
                        "50.45"
                    ],
                    [
                        "-133.06",
                        "49.75"
                    ],
                    [
                        "-133.50",
                        "49.25"
                    ],
                    [
                        "-134.22",
                        "48.51"
                    ],
                    [
                        "-134.63",
                        "48.07"
                    ],
                    [
                        "-135.25",
                        "47.31"
                    ],
                    [
                        "-136.02",
                        "46.74"
                    ]
                ]
            },
            "properties": {
                "forecastId": null,
                "geometryId": null,
                "tag": "1C",
                "forecastHour": 3,
                "hazard": "FZLVL",
                "frequency": null,
                "severity": null,
                "status": "NRML",
                "base": null,
                "top": null,
                "fzlBase": null,
                "fzlTop": null,
                "level": "120",
                "product": "ZULU",
                "rawAirSigmet": null,
                "validTimeTo": "2026-09-05T00:00:00.000",
                "validTimeFrom": [
                    "2026-09-04T20:45"
                ]
            }
        },
        {
            "type": "Feature",
            "geometry": {
                "type": "Polygon",
                "coordinates": [
                    [
                        [
                            "-72.47",
                            "29.77"
                        ],
                        [
                            "-72.68",
                            "29.71"
                        ],
                        [
                            "-73.14",
                            "29.51"
                        ],
                        [
                            "-73.17",
                            "29.50"
                        ],
                        [
                            "-73.59",
                            "29.19"
                        ],
                        [
                            "-73.64",
                            "29.11"
                        ],
                        [
                            "-73.88",
                            "28.86"
                        ],
                        [
                            "-73.81",
                            "28.48"
                        ],
                        [
                            "-73.75",
                            "28.46"
                        ],
                        [
                            "-73.35",
                            "28.36"
                        ],
                        [
                            "-72.94",
                            "28.32"
                        ],
                        [
                            "-72.65",
                            "28.31"
                        ],
                        [
                            "-72.52",
                            "28.31"
                        ],
                        [
                            "-72.09",
                            "28.35"
                        ],
                        [
                            "-71.65",
                            "28.49"
                        ],
                        [
                            "-71.58",
                            "28.52"
                        ],
                        [
                            "-71.29",
                            "28.85"
                        ],
                        [
                            "-71.28",
                            "29.22"
                        ],
                        [
                            "-71.44",
                            "29.52"
                        ],
                        [
                            "-71.54",
                            "29.63"
                        ],
                        [
                            "-71.81",
                            "29.82"
                        ],
                        [
                            "-72.23",
                            "29.84"
                        ],
                        [
                            "-72.47",
                            "29.77"
                        ]
                    ]
                ]
            },
            "properties": {
                "forecastId": null,
                "geometryId": null,
                "tag": "1C",
                "forecastHour": 3,
                "hazard": "FZLVL",
                "frequency": null,
                "severity": null,
                "status": "NRML",
                "base": null,
                "top": null,
                "fzlBase": null,
                "fzlTop": null,
                "level": "160",
                "product": "ZULU",
                "rawAirSigmet": null,
                "validTimeTo": "2026-09-05T00:00:00.000",
                "validTimeFrom": [
                    "2026-09-04T20:45"
                ]
            }
        },
        {
            "type": "Feature",
            "geometry": {
                "type": "Polygon",
                "coordinates": [
                    [
                        [
                            "-89.51",
                            "31.29"
                        ],
                        [
                            "-89.48",
                            "31.25"
                        ],
                        [
                            "-89.24",
                            "30.92"
                        ],
                        [
                            "-89.07",
                            "30.79"
                        ],
                        [
                            "-88.67",
                            "30.53"
                        ],
                        [
                            "-88.66",
                            "30.53"
                        ],
                        [
                            "-88.25",
                            "30.38"
                        ],
                        [
                            "-87.83",
                            "30.36"
                        ],
                        [
                            "-87.45",
                            "30.48"
                        ],
                        [
                            "-87.40",
                            "30.52"
                        ],
                        [
                            "-87.15",
                            "30.83"
                        ],
                        [
                            "-87.37",
                            "30.99"
                        ],
                        [
                            "-87.72",
                            "31.22"
                        ],
                        [
                            "-87.78",
                            "31.23"
                        ],
                        [
                            "-88.20",
                            "31.33"
                        ],
                        [
                            "-88.62",
                            "31.39"
                        ],
                        [
                            "-89.04",
                            "31.40"
                        ],
                        [
                            "-89.47",
                            "31.33"
                        ],
                        [
                            "-89.51",
                            "31.29"
                        ]
                    ]
                ]
            },
            "properties": {
                "forecastId": null,
                "geometryId": null,
                "tag": "1C",
                "forecastHour": 3,
                "hazard": "FZLVL",
                "frequency": null,
                "severity": null,
                "status": "NRML",
                "base": null,
                "top": null,
                "fzlBase": null,
                "fzlTop": null,
                "level": "160",
                "product": "ZULU",
                "rawAirSigmet": null,
                "validTimeTo": "2026-09-05T00:00:00.000",
                "validTimeFrom": [
                    "2026-09-04T20:45"
                ]
            }
        },
        {
            "type": "Feature",
            "geometry": {
                "type": "Polygon",
                "coordinates": [
                    [
                        [
                            "-87.85",
                            "28.31"
                        ],
                        [
                            "-87.98",
                            "27.85"
                        ],
                        [
                            "-88.19",
                            "27.23"
                        ],
                        [
                            "-88.29",
                            "26.50"
                        ],
                        [
                            "-88.05",
                            "26.12"
                        ],
                        [
                            "-87.37",
                            "25.72"
                        ],
                        [
                            "-87.21",
                            "25.71"
                        ],
                        [
                            "-86.57",
                            "26.05"
                        ],
                        [
                            "-86.30",
                            "26.40"
                        ],
                        [
                            "-85.98",
                            "26.97"
                        ],
                        [
                            "-85.90",
                            "27.47"
                        ],
                        [
                            "-85.95",
                            "27.84"
                        ],
                        [
                            "-86.28",
                            "28.45"
                        ],
                        [
                            "-86.68",
                            "28.74"
                        ],
                        [
                            "-87.51",
                            "28.77"
                        ],
                        [
                            "-87.85",
                            "28.31"
                        ]
                    ]
                ]
            },
            "properties": {
                "forecastId": null,
                "geometryId": null,
                "tag": "1C",
                "forecastHour": 3,
                "hazard": "FZLVL",
                "frequency": null,
                "severity": null,
                "status": "NRML",
                "base": null,
                "top": null,
                "fzlBase": null,
                "fzlTop": null,
                "level": "160",
                "product": "ZULU",
                "rawAirSigmet": null,
                "validTimeTo": "2026-09-05T00:00:00.000",
                "validTimeFrom": [
                    "2026-09-04T20:45"
                ]
            }
        },
        {
            "type": "Feature",
            "geometry": {
                "type": "LineString",
                "coordinates": [
                    [
                        "-130.45",
                        "31.93"
                    ],
                    [
                        "-128.86",
                        "31.99"
                    ],
                    [
                        "-126.64",
                        "32.51"
                    ],
                    [
                        "-124.28",
                        "32.95"
                    ],
                    [
                        "-123.22",
                        "33.20"
                    ],
                    [
                        "-122.13",
                        "33.21"
                    ],
                    [
                        "-120.01",
                        "33.37"
                    ],
                    [
                        "-118.08",
                        "34.10"
                    ],
                    [
                        "-117.08",
                        "34.39"
                    ],
                    [
                        "-116.58",
                        "34.76"
                    ],
                    [
                        "-115.97",
                        "35.38"
                    ],
                    [
                        "-115.26",
                        "35.57"
                    ],
                    [
                        "-114.17",
                        "35.43"
                    ],
                    [
                        "-112.91",
                        "35.58"
                    ],
                    [
                        "-111.82",
                        "35.47"
                    ],
                    [
                        "-111.18",
                        "34.93"
                    ],
                    [
                        "-109.97",
                        "33.96"
                    ],
                    [
                        "-109.27",
                        "34.03"
                    ],
                    [
                        "-108.60",
                        "34.47"
                    ],
                    [
                        "-107.44",
                        "35.66"
                    ],
                    [
                        "-106.79",
                        "36.36"
                    ],
                    [
                        "-106.63",
                        "37.11"
                    ],
                    [
                        "-107.24",
                        "38.14"
                    ],
                    [
                        "-107.32",
                        "39.00"
                    ],
                    [
                        "-107.03",
                        "39.80"
                    ],
                    [
                        "-106.18",
                        "41.07"
                    ],
                    [
                        "-105.34",
                        "41.71"
                    ],
                    [
                        "-104.04",
                        "41.87"
                    ],
                    [
                        "-102.18",
                        "44.03"
                    ],
                    [
                        "-100.92",
                        "44.14"
                    ],
                    [
                        "-100.08",
                        "43.85"
                    ],
                    [
                        "-99.29",
                        "43.26"
                    ],
                    [
                        "-98.77",
                        "42.54"
                    ],
                    [
                        "-98.44",
                        "41.02"
                    ],
                    [
                        "-97.75",
                        "40.65"
                    ],
                    [
                        "-96.55",
                        "40.64"
                    ],
                    [
                        "-94.75",
                        "39.77"
                    ],
                    [
                        "-93.67",
                        "39.50"
                    ],
                    [
                        "-92.25",
                        "39.45"
                    ],
                    [
                        "-90.51",
                        "39.97"
                    ],
                    [
                        "-88.26",
                        "40.05"
                    ],
                    [
                        "-86.04",
                        "39.53"
                    ],
                    [
                        "-83.92",
                        "38.93"
                    ],
                    [
                        "-81.88",
                        "38.44"
                    ],
                    [
                        "-81.13",
                        "38.22"
                    ],
                    [
                        "-80.57",
                        "37.62"
                    ],
                    [
                        "-79.91",
                        "37.08"
                    ],
                    [
                        "-78.63",
                        "36.92"
                    ],
                    [
                        "-77.96",
                        "36.31"
                    ],
                    [
                        "-78.30",
                        "35.60"
                    ],
                    [
                        "-77.61",
                        "35.19"
                    ],
                    [
                        "-76.68",
                        "34.97"
                    ],
                    [
                        "-75.44",
                        "34.08"
                    ],
                    [
                        "-74.21",
                        "32.96"
                    ],
                    [
                        "-73.09",
                        "31.70"
                    ],
                    [
                        "-70.16",
                        "30.06"
                    ],
                    [
                        "-68.80",
                        "28.86"
                    ],
                    [
                        "-67.41",
                        "28.70"
                    ],
                    [
                        "-66.48",
                        "28.89"
                    ]
                ]
            },
            "properties": {
                "forecastId": null,
                "geometryId": null,
                "tag": "1C",
                "forecastHour": 3,
                "hazard": "FZLVL",
                "frequency": null,
                "severity": null,
                "status": "NRML",
                "base": null,
                "top": null,
                "fzlBase": null,
                "fzlTop": null,
                "level": "160",
                "product": "ZULU",
                "rawAirSigmet": null,
                "validTimeTo": "2026-09-05T00:00:00.000",
                "validTimeFrom": [
                    "2026-09-04T20:45"
                ]
            }
        },
        {
            "type": "Feature",
            "geometry": {
                "type": "Polygon",
                "coordinates": [
                    [
                        [
                            "-120.90",
                            "34.69"
                        ],
                        [
                            "-120.39",
                            "34.09"
                        ],
                        [
                            "-119.42",
                            "33.22"
                        ],
                        [
                            "-119.70",
                            "32.81"
                        ],
                        [
                            "-120.17",
                            "32.95"
                        ],
                        [
                            "-121.21",
                            "33.50"
                        ],
                        [
                            "-121.58",
                            "33.77"
                        ],
                        [
                            "-121.45",
                            "34.51"
                        ],
                        [
                            "-120.90",
                            "34.69"
                        ]
                    ]
                ]
            },
            "properties": {
                "forecastId": null,
                "geometryId": null,
                "tag": "8E",
                "forecastHour": 3,
                "hazard": "IFR",
                "frequency": null,
                "severity": null,
                "status": "NRML",
                "base": null,
                "top": null,
                "fzlBase": null,
                "fzlTop": null,
                "level": null,
                "product": "SIERRA",
                "rawAirSigmet": "CIG BLW 010 VIS BLW 3SM BR",
                "validTimeTo": "2026-09-05T00:00:00.000",
                "validTimeFrom": [
                    "2026-09-04T20:45"
                ]
            }
        },
        {
            "type": "Feature",
            "geometry": {
                "type": "LineString",
                "coordinates": [
                    [
                        "-132.50",
                        "38.02"
                    ],
                    [
                        "-130.98",
                        "37.70"
                    ],
                    [
                        "-129.87",
                        "37.70"
                    ],
                    [
                        "-128.60",
                        "38.14"
                    ],
                    [
                        "-126.05",
                        "38.29"
                    ],
                    [
                        "-123.94",
                        "38.17"
                    ],
                    [
                        "-122.33",
                        "38.36"
                    ],
                    [
                        "-120.60",
                        "38.71"
                    ],
                    [
                        "-119.27",
                        "39.90"
                    ],
                    [
                        "-118.22",
                        "40.52"
                    ],
                    [
                        "-117.46",
                        "41.28"
                    ],
                    [
                        "-114.32",
                        "43.87"
                    ],
                    [
                        "-113.34",
                        "45.22"
                    ],
                    [
                        "-111.93",
                        "46.85"
                    ],
                    [
                        "-111.35",
                        "47.46"
                    ],
                    [
                        "-111.04",
                        "48.18"
                    ],
                    [
                        "-110.77",
                        "50.29"
                    ],
                    [
                        "-110.93",
                        "51.39"
                    ],
                    [
                        "-110.56",
                        "52.15"
                    ],
                    [
                        "-107.71",
                        "52.93"
                    ],
                    [
                        "-107.11",
                        "53.58"
                    ],
                    [
                        "-106.01",
                        "54.02"
                    ],
                    [
                        "-103.11",
                        "54.68"
                    ],
                    [
                        "-100.49",
                        "55.28"
                    ],
                    [
                        "-97.70",
                        "55.31"
                    ],
                    [
                        "-96.39",
                        "56.70"
                    ],
                    [
                        "-95.58",
                        "57.47"
                    ],
                    [
                        "-94.44",
                        "57.88"
                    ],
                    [
                        "-93.08",
                        "57.57"
                    ],
                    [
                        "-91.62",
                        "57.74"
                    ],
                    [
                        "-90.43",
                        "58.13"
                    ],
                    [
                        "-88.69",
                        "58.29"
                    ]
                ]
            },
            "properties": {
                "forecastId": null,
                "geometryId": null,
                "tag": "1C",
                "forecastHour": 3,
                "hazard": "FZLVL",
                "frequency": null,
                "severity": null,
                "status": "NRML",
                "base": null,
                "top": null,
                "fzlBase": null,
                "fzlTop": null,
                "level": "120",
                "product": "ZULU",
                "rawAirSigmet": null,
                "validTimeTo": "2026-09-05T00:00:00.000",
                "validTimeFrom": [
                    "2026-09-04T20:45"
                ]
            }
        },
        {
            "type": "Feature",
            "geometry": {
                "type": "Polygon",
                "coordinates": [
                    [
                        [
                            "-123.29",
                            "38.45"
                        ],
                        [
                            "-122.84",
                            "38.26"
                        ],
                        [
                            "-122.40",
                            "37.54"
                        ],
                        [
                            "-122.62",
                            "37.23"
                        ],
                        [
                            "-123.07",
                            "37.55"
                        ],
                        [
                            "-123.58",
                            "38.24"
                        ],
                        [
                            "-123.29",
                            "38.45"
                        ]
                    ]
                ]
            },
            "properties": {
                "forecastId": null,
                "geometryId": null,
                "tag": "9E",
                "forecastHour": 3,
                "hazard": "IFR",
                "frequency": null,
                "severity": null,
                "status": "NRML",
                "base": null,
                "top": null,
                "fzlBase": null,
                "fzlTop": null,
                "level": null,
                "product": "SIERRA",
                "rawAirSigmet": "CIG BLW 010 VIS BLW 3SM BR",
                "validTimeTo": "2026-09-05T00:00:00.000",
                "validTimeFrom": [
                    "2026-09-04T20:45"
                ]
            }
        },
        {
            "type": "Feature",
            "geometry": {
                "type": "Polygon",
                "coordinates": [
                    [
                        [
                            "-124.95",
                            "47.20"
                        ],
                        [
                            "-125.17",
                            "46.37"
                        ],
                        [
                            "-125.01",
                            "45.83"
                        ],
                        [
                            "-124.45",
                            "45.04"
                        ],
                        [
                            "-124.46",
                            "44.11"
                        ],
                        [
                            "-125.78",
                            "44.05"
                        ],
                        [
                            "-126.60",
                            "44.63"
                        ],
                        [
                            "-127.10",
                            "43.90"
                        ],
                        [
                            "-127.13",
                            "43.14"
                        ],
                        [
                            "-126.64",
                            "42.56"
                        ],
                        [
                            "-125.66",
                            "42.32"
                        ],
                        [
                            "-124.48",
                            "42.35"
                        ],
                        [
                            "-123.70",
                            "43.00"
                        ],
                        [
                            "-122.36",
                            "43.91"
                        ],
                        [
                            "-121.33",
                            "45.16"
                        ],
                        [
                            "-120.80",
                            "46.84"
                        ],
                        [
                            "-120.92",
                            "47.25"
                        ],
                        [
                            "-122.03",
                            "47.59"
                        ],
                        [
                            "-123.04",
                            "47.73"
                        ],
                        [
                            "-123.89",
                            "47.76"
                        ],
                        [
                            "-124.55",
                            "47.52"
                        ],
                        [
                            "-124.95",
                            "47.20"
                        ]
                    ]
                ]
            },
            "properties": {
                "forecastId": null,
                "geometryId": null,
                "tag": "1C",
                "forecastHour": 3,
                "hazard": "FZLVL",
                "frequency": null,
                "severity": null,
                "status": "NRML",
                "base": null,
                "top": null,
                "fzlBase": null,
                "fzlTop": null,
                "level": "080",
                "product": "ZULU",
                "rawAirSigmet": null,
                "validTimeTo": "2026-09-05T00:00:00.000",
                "validTimeFrom": [
                    "2026-09-04T20:45"
                ]
            }
        },
        {
            "type": "Feature",
            "geometry": {
                "type": "Polygon",
                "coordinates": [
                    [
                        [
                            "-98.18",
                            "29.17"
                        ],
                        [
                            "-98.33",
                            "28.82"
                        ],
                        [
                            "-98.34",
                            "28.80"
                        ],
                        [
                            "-98.33",
                            "28.79"
                        ],
                        [
                            "-98.14",
                            "28.44"
                        ],
                        [
                            "-97.90",
                            "28.28"
                        ],
                        [
                            "-97.52",
                            "28.09"
                        ],
                        [
                            "-97.48",
                            "28.07"
                        ],
                        [
                            "-97.07",
                            "28.03"
                        ],
                        [
                            "-96.81",
                            "28.10"
                        ],
                        [
                            "-96.66",
                            "28.15"
                        ],
                        [
                            "-96.25",
                            "28.44"
                        ],
                        [
                            "-96.22",
                            "28.47"
                        ],
                        [
                            "-96.08",
                            "28.83"
                        ],
                        [
                            "-96.13",
                            "29.20"
                        ],
                        [
                            "-96.25",
                            "29.36"
                        ],
                        [
                            "-96.67",
                            "29.49"
                        ],
                        [
                            "-97.09",
                            "29.51"
                        ],
                        [
                            "-97.51",
                            "29.48"
                        ],
                        [
                            "-97.93",
                            "29.34"
                        ],
                        [
                            "-98.18",
                            "29.17"
                        ]
                    ]
                ]
            },
            "properties": {
                "forecastId": null,
                "geometryId": null,
                "tag": "1C",
                "forecastHour": 3,
                "hazard": "FZLVL",
                "frequency": null,
                "severity": null,
                "status": "NRML",
                "base": null,
                "top": null,
                "fzlBase": null,
                "fzlTop": null,
                "level": "160",
                "product": "ZULU",
                "rawAirSigmet": null,
                "validTimeTo": "2026-09-05T00:00:00.000",
                "validTimeFrom": [
                    "2026-09-04T20:45"
                ]
            }
        }
    ],
    "metadata": {
        "creationTime": "2026-09-04T23:55"
    }
}