{
    "type": "FeatureCollection",
    "features": [
        {
            "type": "Feature",
            "geometry": {
                "type": "Polygon",
                "coordinates": [
                    [
                        [
                            "-125.02",
                            "48.62"
                        ],
                        [
                            "-123.74",
                            "48.31"
                        ],
                        [
                            "-123.34",
                            "47.48"
                        ],
                        [
                            "-122.73",
                            "47.02"
                        ],
                        [
                            "-122.97",
                            "46.79"
                        ],
                        [
                            "-123.48",
                            "46.02"
                        ],
                        [
                            "-123.98",
                            "44.79"
                        ],
                        [
                            "-124.23",
                            "42.51"
                        ],
                        [
                            "-123.77",
                            "41.15"
                        ],
                        [
                            "-124.29",
                            "40.35"
                        ],
                        [
                            "-123.91",
                            "39.52"
                        ],
                        [
                            "-123.72",
                            "38.70"
                        ],
                        [
                            "-122.69",
                            "38.47"
                        ],
                        [
                            "-122.09",
                            "38.13"
                        ],
                        [
                            "-121.99",
                            "37.81"
                        ],
                        [
                            "-121.76",
                            "37.26"
                        ],
                        [
                            "-121.24",
                            "36.87"
                        ],
                        [
                            "-120.94",
                            "36.44"
                        ],
                        [
                            "-120.89",
                            "36.13"
                        ],
                        [
                            "-121.06",
                            "36.08"
                        ],
                        [
                            "-121.49",
                            "36.43"
                        ],
                        [
                            "-121.68",
                            "36.40"
                        ],
                        [
                            "-121.62",
                            "36.23"
                        ],
                        [
                            "-121.35",
                            "35.96"
                        ],
                        [
                            "-119.96",
                            "34.80"
                        ],
                        [
                            "-118.65",
                            "34.33"
                        ],
                        [
                            "-117.38",
                            "33.56"
                        ],
                        [
                            "-116.91",
                            "32.92"
                        ],
                        [
                            "-116.77",
                            "32.48"
                        ],
                        [
                            "-120.75",
                            "30.69"
                        ],
                        [
                            "-124.16",
                            "35.90"
                        ],
                        [
                            "-126.71",
                            "38.79"
                        ],
                        [
                            "-126.96",
                            "39.77"
                        ],
                        [
                            "-126.43",
                            "45.05"
                        ],
                        [
                            "-127.93",
                            "48.29"
                        ],
                        [
                            "-127.17",
                            "48.37"
                        ],
                        [
                            "-126.32",
                            "47.69"
                        ],
                        [
                            "-125.40",
                            "47.93"
                        ],
                        [
                            "-125.62",
                            "48.53"
                        ],
                        [
                            "-125.02",
                            "48.62"
                        ]
                    ]
                ]
            },
            "properties": {
                "forecastId": null,
                "geometryId": null,
                "tag": "3E",
                "forecastHour": 3,
                "hazard": "IFR",
                "frequency": null,
                "severity": null,
                "status": "NRML",
                "base": null,
                "top": null,
                "fzlBase": null,
                "fzlTop": null,
                "level": null,
                "product": "SIERRA",
                "rawAirSigmet": "CIG BLW 010 VIS BLW 3SM BR",
                "validTimeTo": "2026-08-08T12:00:00.000",
                "validTimeFrom": [
                    "2026-08-08T10:50"
                ]
            }
        },
        {
            "type": "Feature",
            "geometry": {
                "type": "LineString",
                "coordinates": [
                    [
                        "-108.62",
                        "58.00"
                    ],
                    [
                        "-107.77",
                        "56.63"
                    ],
                    [
                        "-106.20",
                        "56.68"
                    ],
                    [
                        "-104.47",
                        "56.89"
                    ],
                    [
                        "-102.23",
                        "56.14"
                    ],
                    [
                        "-100.63",
                        "55.26"
                    ],
                    [
                        "-99.93",
                        "54.77"
                    ],
                    [
                        "-98.77",
                        "54.37"
                    ],
                    [
                        "-96.61",
                        "53.92"
                    ],
                    [
                        "-93.93",
                        "53.65"
                    ],
                    [
                        "-92.92",
                        "53.36"
                    ],
                    [
                        "-92.12",
                        "53.23"
                    ],
                    [
                        "-91.30",
                        "53.41"
                    ],
                    [
                        "-90.76",
                        "53.99"
                    ],
                    [
                        "-91.21",
                        "54.71"
                    ],
                    [
                        "-91.21",
                        "55.55"
                    ],
                    [
                        "-91.68",
                        "56.39"
                    ],
                    [
                        "-92.69",
                        "56.66"
                    ],
                    [
                        "-94.44",
                        "56.83"
                    ],
                    [
                        "-96.68",
                        "57.24"
                    ],
                    [
                        "-97.71",
                        "57.70"
                    ],
                    [
                        "-98.21",
                        "58.35"
                    ]
                ]
            },
            "properties": {
                "forecastId": null,
                "geometryId": null,
                "tag": "1C",
                "forecastHour": 3,
                "hazard": "FZLVL",
                "frequency": null,
                "severity": null,
                "status": "NRML",
                "base": null,
                "top": null,
                "fzlBase": null,
                "fzlTop": null,
                "level": "080",
                "product": "ZULU",
                "rawAirSigmet": null,
                "validTimeTo": "2026-08-08T12:00:00.000",
                "validTimeFrom": [
                    "2026-08-08T08:45"
                ]
            }
        },
        {
            "type": "Feature",
            "geometry": {
                "type": "Polygon",
                "coordinates": [
                    [
                        [
                            "-113.15",
                            "48.97"
                        ],
                        [
                            "-111.41",
                            "47.43"
                        ],
                        [
                            "-109.80",
                            "48.53"
                        ],
                        [
                            "-108.40",
                            "46.68"
                        ],
                        [
                            "-105.57",
                            "42.45"
                        ],
                        [
                            "-105.06",
                            "41.61"
                        ],
                        [
                            "-105.80",
                            "41.23"
                        ],
                        [
                            "-106.47",
                            "41.33"
                        ],
                        [
                            "-108.23",
                            "41.30"
                        ],
                        [
                            "-108.84",
                            "41.43"
                        ],
                        [
                            "-110.15",
                            "41.92"
                        ],
                        [
                            "-111.08",
                            "42.07"
                        ],
                        [
                            "-113.25",
                            "41.85"
                        ],
                        [
                            "-114.03",
                            "41.58"
                        ],
                        [
                            "-115.00",
                            "41.48"
                        ],
                        [
                            "-116.51",
                            "41.77"
                        ],
                        [
                            "-117.95",
                            "42.05"
                        ],
                        [
                            "-118.86",
                            "41.79"
                        ],
                        [
                            "-119.29",
                            "41.04"
                        ],
                        [
                            "-120.26",
                            "40.93"
                        ],
                        [
                            "-121.20",
                            "41.04"
                        ],
                        [
                            "-121.69",
                            "41.27"
                        ],
                        [
                            "-122.18",
                            "41.77"
                        ],
                        [
                            "-122.27",
                            "42.34"
                        ],
                        [
                            "-122.04",
                            "42.69"
                        ],
                        [
                            "-121.30",
                            "42.98"
                        ],
                        [
                            "-120.83",
                            "43.33"
                        ],
                        [
                            "-120.41",
                            "43.80"
                        ],
                        [
                            "-120.72",
                            "44.31"
                        ],
                        [
                            "-120.99",
                            "44.73"
                        ],
                        [
                            "-121.48",
                            "44.98"
                        ],
                        [
                            "-121.92",
                            "45.36"
                        ],
                        [
                            "-121.19",
                            "45.52"
                        ],
                        [
                            "-120.65",
                            "45.66"
                        ],
                        [
                            "-120.02",
                            "45.74"
                        ],
                        [
                            "-119.39",
                            "45.99"
                        ],
                        [
                            "-119.68",
                            "46.56"
                        ],
                        [
                            "-120.22",
                            "47.36"
                        ],
                        [
                            "-120.81",
                            "47.88"
                        ],
                        [
                            "-120.46",
                            "48.05"
                        ],
                        [
                            "-120.94",
                            "48.85"
                        ],
                        [
                            "-116.83",
                            "48.96"
                        ],
                        [
                            "-113.15",
                            "48.97"
                        ]
                    ]
                ]
            },
            "properties": {
                "forecastId": null,
                "geometryId": null,
                "tag": "1E",
                "forecastHour": 3,
                "hazard": "MT_OBSC",
                "frequency": null,
                "severity": null,
                "status": "NRML",
                "base": null,
                "top": null,
                "fzlBase": null,
                "fzlTop": null,
                "level": null,
                "product": "SIERRA",
                "rawAirSigmet": "FU HZ",
                "validTimeTo": "2026-08-08T12:00:00.000",
                "validTimeFrom": [
                    "2026-08-08T10:50"
                ]
            }
        },
        {
            "type": "Feature",
            "geometry": {
                "type": "Polygon",
                "coordinates": [
                    [
                        [
                            "-107.01",
                            "55.33"
                        ],
                        [
                            "-107.01",
                            "55.33"
                        ],
                        [
                            "-106.47",
                            "55.05"
                        ],
                        [
                            "-106.42",
                            "55.02"
                        ],
                        [
                            "-105.88",
                            "55.07"
                        ],
                        [
                            "-105.87",
                            "55.08"
                        ],
                        [
                            "-105.88",
                            "55.08"
                        ],
                        [
                            "-106.32",
                            "55.37"
                        ],
                        [
                            "-106.47",
                            "55.42"
                        ],
                        [
                            "-107.01",
                            "55.34"
                        ],
                        [
                            "-107.01",
                            "55.33"
                        ]
                    ]
                ]
            },
            "properties": {
                "forecastId": null,
                "geometryId": null,
                "tag": "1C",
                "forecastHour": 3,
                "hazard": "FZLVL",
                "frequency": null,
                "severity": null,
                "status": "NRML",
                "base": null,
                "top": null,
                "fzlBase": null,
                "fzlTop": null,
                "level": "080",
                "product": "ZULU",
                "rawAirSigmet": null,
                "validTimeTo": "2026-08-08T12:00:00.000",
                "validTimeFrom": [
                    "2026-08-08T08:45"
                ]
            }
        },
        {
            "type": "Feature",
            "geometry": {
                "type": "Polygon",
                "coordinates": [
                    [
                        [
                            "-79.55",
                            "39.00"
                        ],
                        [
                            "-78.50",
                            "38.18"
                        ],
                        [
                            "-78.45",
                            "37.39"
                        ],
                        [
                            "-81.32",
                            "37.33"
                        ],
                        [
                            "-81.64",
                            "38.28"
                        ],
                        [
                            "-80.83",
                            "38.99"
                        ],
                        [
                            "-79.55",
                            "39.00"
                        ]
                    ]
                ]
            },
            "properties": {
                "forecastId": null,
                "geometryId": null,
                "tag": "5E",
                "forecastHour": 3,
                "hazard": "IFR",
                "frequency": null,
                "severity": null,
                "status": "NRML",
                "base": null,
                "top": null,
                "fzlBase": null,
                "fzlTop": null,
                "level": null,
                "product": "SIERRA",
                "rawAirSigmet": "CIG BLW 010 VIS BLW 3SM BR FG",
                "validTimeTo": "2026-08-08T12:00:00.000",
                "validTimeFrom": [
                    "2026-08-08T10:50"
                ]
            }
        },
        {
            "type": "Feature",
            "geometry": {
                "type": "Polygon",
                "coordinates": [
                    [
                        [
                            "-110.89",
                            "56.65"
                        ],
                        [
                            "-110.84",
                            "56.35"
                        ],
                        [
                            "-110.45",
                            "56.12"
                        ],
                        [
                            "-110.36",
                            "56.07"
                        ],
                        [
                            "-109.87",
                            "55.98"
                        ],
                        [
                            "-109.31",
                            "55.91"
                        ],
                        [
                            "-108.76",
                            "55.91"
                        ],
                        [
                            "-108.34",
                            "56.19"
                        ],
                        [
                            "-108.62",
                            "56.48"
                        ],
                        [
                            "-108.87",
                            "56.52"
                        ],
                        [
                            "-109.45",
                            "56.63"
                        ],
                        [
                            "-109.89",
                            "56.72"
                        ],
                        [
                            "-110.02",
                            "56.74"
                        ],
                        [
                            "-110.59",
                            "56.77"
                        ],
                        [
                            "-110.89",
                            "56.65"
                        ]
                    ]
                ]
            },
            "properties": {
                "forecastId": null,
                "geometryId": null,
                "tag": "1C",
                "forecastHour": 3,
                "hazard": "FZLVL",
                "frequency": null,
                "severity": null,
                "status": "NRML",
                "base": null,
                "top": null,
                "fzlBase": null,
                "fzlTop": null,
                "level": "080",
                "product": "ZULU",
                "rawAirSigmet": null,
                "validTimeTo": "2026-08-08T12:00:00.000",
                "validTimeFrom": [
                    "2026-08-08T08:45"
                ]
            }
        },
        {
            "type": "Feature",
            "geometry": {
                "type": "LineString",
                "coordinates": [
                    [
                        "-135.90",
                        "46.46"
                    ],
                    [
                        "-132.84",
                        "47.74"
                    ],
                    [
                        "-131.33",
                        "48.72"
                    ],
                    [
                        "-129.47",
                        "49.69"
                    ],
                    [
                        "-128.01",
                        "50.51"
                    ],
                    [
                        "-126.44",
                        "51.20"
                    ],
                    [
                        "-124.75",
                        "51.85"
                    ],
                    [
                        "-123.37",
                        "52.27"
                    ],
                    [
                        "-121.90",
                        "52.25"
                    ],
                    [
                        "-120.54",
                        "52.44"
                    ],
                    [
                        "-119.59",
                        "52.77"
                    ],
                    [
                        "-117.95",
                        "53.29"
                    ],
                    [
                        "-116.99",
                        "53.30"
                    ],
                    [
                        "-115.90",
                        "53.06"
                    ],
                    [
                        "-113.51",
                        "52.69"
                    ],
                    [
                        "-110.05",
                        "51.97"
                    ],
                    [
                        "-108.02",
                        "51.45"
                    ],
                    [
                        "-105.85",
                        "51.15"
                    ],
                    [
                        "-103.60",
                        "50.76"
                    ],
                    [
                        "-101.69",
                        "50.54"
                    ],
                    [
                        "-99.76",
                        "50.14"
                    ],
                    [
                        "-98.03",
                        "49.28"
                    ],
                    [
                        "-96.88",
                        "48.38"
                    ],
                    [
                        "-95.50",
                        "47.64"
                    ],
                    [
                        "-93.82",
                        "47.21"
                    ],
                    [
                        "-91.52",
                        "46.81"
                    ],
                    [
                        "-88.91",
                        "46.62"
                    ],
                    [
                        "-86.63",
                        "46.60"
                    ],
                    [
                        "-84.76",
                        "47.02"
                    ],
                    [
                        "-83.02",
                        "47.62"
                    ],
                    [
                        "-82.17",
                        "48.09"
                    ],
                    [
                        "-81.58",
                        "48.12"
                    ],
                    [
                        "-80.07",
                        "47.49"
                    ],
                    [
                        "-78.62",
                        "48.31"
                    ],
                    [
                        "-77.35",
                        "49.50"
                    ],
                    [
                        "-76.43",
                        "50.75"
                    ],
                    [
                        "-75.41",
                        "51.61"
                    ],
                    [
                        "-73.86",
                        "52.38"
                    ],
                    [
                        "-72.09",
                        "53.02"
                    ],
                    [
                        "-69.42",
                        "52.64"
                    ],
                    [
                        "-67.53",
                        "52.27"
                    ],
                    [
                        "-65.12",
                        "52.30"
                    ],
                    [
                        "-63.03",
                        "52.76"
                    ],
                    [
                        "-58.96",
                        "52.13"
                    ]
                ]
            },
            "properties": {
                "forecastId": null,
                "geometryId": null,
                "tag": "1C",
                "forecastHour": 3,
                "hazard": "FZLVL",
                "frequency": null,
                "severity": null,
                "status": "NRML",
                "base": null,
                "top": null,
                "fzlBase": null,
                "fzlTop": null,
                "level": "120",
                "product": "ZULU",
                "rawAirSigmet": null,
                "validTimeTo": "2026-08-08T12:00:00.000",
                "validTimeFrom": [
                    "2026-08-08T08:45"
                ]
            }
        },
        {
            "type": "Feature",
            "geometry": {
                "type": "LineString",
                "coordinates": [
                    [
                        "-73.64",
                        "18.11"
                    ],
                    [
                        "-73.84",
                        "18.51"
                    ],
                    [
                        "-73.85",
                        "18.52"
                    ],
                    [
                        "-74.21",
                        "18.70"
                    ],
                    [
                        "-74.59",
                        "18.73"
                    ],
                    [
                        "-74.95",
                        "18.67"
                    ],
                    [
                        "-74.99",
                        "18.66"
                    ],
                    [
                        "-75.39",
                        "18.59"
                    ],
                    [
                        "-75.77",
                        "18.66"
                    ],
                    [
                        "-76.14",
                        "18.74"
                    ],
                    [
                        "-76.54",
                        "18.66"
                    ],
                    [
                        "-76.71",
                        "18.54"
                    ]
                ]
            },
            "properties": {
                "forecastId": null,
                "geometryId": null,
                "tag": "1C",
                "forecastHour": 3,
                "hazard": "FZLVL",
                "frequency": null,
                "severity": null,
                "status": "NRML",
                "base": null,
                "top": null,
                "fzlBase": null,
                "fzlTop": null,
                "level": "160",
                "product": "ZULU",
                "rawAirSigmet": null,
                "validTimeTo": "2026-08-08T12:00:00.000",
                "validTimeFrom": [
                    "2026-08-08T08:45"
                ]
            }
        },
        {
            "type": "Feature",
            "geometry": {
                "type": "Polygon",
                "coordinates": [
                    [
                        [
                            "-127.97",
                            "37.01"
                        ],
                        [
                            "-128.33",
                            "36.68"
                        ],
                        [
                            "-128.66",
                            "36.25"
                        ],
                        [
                            "-128.91",
                            "35.59"
                        ],
                        [
                            "-128.90",
                            "35.15"
                        ],
                        [
                            "-128.63",
                            "34.83"
                        ],
                        [
                            "-127.99",
                            "34.59"
                        ],
                        [
                            "-127.24",
                            "34.58"
                        ],
                        [
                            "-126.78",
                            "34.84"
                        ],
                        [
                            "-126.51",
                            "35.26"
                        ],
                        [
                            "-126.28",
                            "35.93"
                        ],
                        [
                            "-126.16",
                            "36.43"
                        ],
                        [
                            "-126.08",
                            "36.84"
                        ],
                        [
                            "-126.26",
                            "37.44"
                        ],
                        [
                            "-126.74",
                            "37.51"
                        ],
                        [
                            "-127.59",
                            "37.26"
                        ],
                        [
                            "-127.97",
                            "37.01"
                        ]
                    ]
                ]
            },
            "properties": {
                "forecastId": null,
                "geometryId": null,
                "tag": "1C",
                "forecastHour": 3,
                "hazard": "FZLVL",
                "frequency": null,
                "severity": null,
                "status": "NRML",
                "base": null,
                "top": null,
                "fzlBase": null,
                "fzlTop": null,
                "level": "160",
                "product": "ZULU",
                "rawAirSigmet": null,
                "validTimeTo": "2026-08-08T12:00:00.000",
                "validTimeFrom": [
                    "2026-08-08T08:45"
                ]
            }
        },
        {
            "type": "Feature",
            "geometry": {
                "type": "Polygon",
                "coordinates": [
                    [
                        [
                            "-73.34",
                            "45.01"
                        ],
                        [
                            "-72.64",
                            "44.38"
                        ],
                        [
                            "-72.28",
                            "43.82"
                        ],
                        [
                            "-72.17",
                            "42.97"
                        ],
                        [
                            "-72.59",
                            "42.30"
                        ],
                        [
                            "-73.56",
                            "41.49"
                        ],
                        [
                            "-75.82",
                            "40.02"
                        ],
                        [
                            "-79.67",
                            "39.91"
                        ],
                        [
                            "-81.49",
                            "40.16"
                        ],
                        [
                            "-82.06",
                            "40.87"
                        ],
                        [
                            "-82.34",
                            "41.49"
                        ],
                        [
                            "-81.55",
                            "42.02"
                        ],
                        [
                            "-80.17",
                            "42.29"
                        ],
                        [
                            "-79.06",
                            "42.55"
                        ],
                        [
                            "-77.28",
                            "42.98"
                        ],
                        [
                            "-76.65",
                            "43.79"
                        ],
                        [
                            "-74.99",
                            "44.96"
                        ],
                        [
                            "-73.34",
                            "45.01"
                        ]
                    ]
                ]
            },
            "properties": {
                "forecastId": null,
                "geometryId": null,
                "tag": "4E",
                "forecastHour": 3,
                "hazard": "IFR",
                "frequency": null,
                "severity": null,
                "status": "NRML",
                "base": null,
                "top": null,
                "fzlBase": null,
                "fzlTop": null,
                "level": null,
                "product": "SIERRA",
                "rawAirSigmet": "CIG BLW 010 VIS BLW 3SM BR FG",
                "validTimeTo": "2026-08-08T12:00:00.000",
                "validTimeFrom": [
                    "2026-08-08T10:50"
                ]
            }
        },
        {
            "type": "Feature",
            "geometry": {
                "type": "Polygon",
                "coordinates": [
                    [
                        [
                            "-124.24",
                            "48.42"
                        ],
                        [
                            "-123.72",
                            "48.30"
                        ],
                        [
                            "-123.34",
                            "47.48"
                        ],
                        [
                            "-122.71",
                            "47.03"
                        ],
                        [
                            "-123.02",
                            "46.73"
                        ],
                        [
                            "-123.47",
                            "46.03"
                        ],
                        [
                            "-123.84",
                            "44.11"
                        ],
                        [
                            "-123.78",
                            "40.53"
                        ],
                        [
                            "-123.44",
                            "39.36"
                        ],
                        [
                            "-123.03",
                            "38.66"
                        ],
                        [
                            "-122.46",
                            "38.54"
                        ],
                        [
                            "-122.09",
                            "38.15"
                        ],
                        [
                            "-121.97",
                            "37.77"
                        ],
                        [
                            "-121.76",
                            "37.27"
                        ],
                        [
                            "-121.22",
                            "36.85"
                        ],
                        [
                            "-120.94",
                            "36.44"
                        ],
                        [
                            "-120.88",
                            "36.14"
                        ],
                        [
                            "-121.06",
                            "36.09"
                        ],
                        [
                            "-121.50",
                            "36.43"
                        ],
                        [
                            "-121.68",
                            "36.39"
                        ],
                        [
                            "-121.64",
                            "36.26"
                        ],
                        [
                            "-121.37",
                            "35.99"
                        ],
                        [
                            "-119.97",
                            "34.80"
                        ],
                        [
                            "-118.62",
                            "34.32"
                        ],
                        [
                            "-117.41",
                            "33.58"
                        ],
                        [
                            "-116.99",
                            "33.09"
                        ],
                        [
                            "-116.83",
                            "32.75"
                        ],
                        [
                            "-117.21",
                            "32.77"
                        ],
                        [
                            "-118.39",
                            "33.92"
                        ],
                        [
                            "-120.58",
                            "34.51"
                        ],
                        [
                            "-121.78",
                            "36.36"
                        ],
                        [
                            "-123.47",
                            "38.97"
                        ],
                        [
                            "-123.77",
                            "39.63"
                        ],
                        [
                            "-124.19",
                            "40.59"
                        ],
                        [
                            "-124.37",
                            "42.89"
                        ],
                        [
                            "-124.08",
                            "44.60"
                        ],
                        [
                            "-124.16",
                            "46.92"
                        ],
                        [
                            "-124.63",
                            "48.30"
                        ],
                        [
                            "-124.24",
                            "48.42"
                        ]
                    ]
                ]
            },
            "properties": {
                "forecastId": null,
                "geometryId": null,
                "tag": "6E",
                "forecastHour": 3,
                "hazard": "MT_OBSC",
                "frequency": null,
                "severity": null,
                "status": "NRML",
                "base": null,
                "top": null,
                "fzlBase": null,
                "fzlTop": null,
                "level": null,
                "product": "SIERRA",
                "rawAirSigmet": "MTNS OBSC BY CLDS BR",
                "validTimeTo": "2026-08-08T12:00:00.000",
                "validTimeFrom": [
                    "2026-08-08T10:50"
                ]
            }
        },
        {
            "type": "Feature",
            "geometry": {
                "type": "Polygon",
                "coordinates": [
                    [
                        [
                            "-88.67",
                            "40.34"
                        ],
                        [
                            "-85.14",
                            "40.25"
                        ],
                        [
                            "-83.15",
                            "39.66"
                        ],
                        [
                            "-82.43",
                            "39.36"
                        ],
                        [
                            "-80.92",
                            "38.49"
                        ],
                        [
                            "-80.69",
                            "37.12"
                        ],
                        [
                            "-81.63",
                            "35.95"
                        ],
                        [
                            "-83.38",
                            "35.89"
                        ],
                        [
                            "-85.41",
                            "37.24"
                        ],
                        [
                            "-86.38",
                            "37.45"
                        ],
                        [
                            "-88.33",
                            "37.48"
                        ],
                        [
                            "-90.99",
                            "37.96"
                        ],
                        [
                            "-91.27",
                            "38.96"
                        ],
                        [
                            "-90.31",
                            "39.48"
                        ],
                        [
                            "-88.67",
                            "40.34"
                        ]
                    ]
                ]
            },
            "properties": {
                "forecastId": null,
                "geometryId": null,
                "tag": "2W",
                "forecastHour": 3,
                "hazard": "TURB-HI",
                "frequency": null,
                "severity": "MOD",
                "status": "NRML",
                "base": "290",
                "top": "370",
                "fzlBase": null,
                "fzlTop": null,
                "level": null,
                "product": "TANGO",
                "rawAirSigmet": null,
                "validTimeTo": "2026-08-08T12:00:00.000",
                "validTimeFrom": [
                    "2026-08-08T08:45"
                ]
            }
        },
        {
            "type": "Feature",
            "geometry": {
                "type": "Polygon",
                "coordinates": [
                    [
                        [
                            "-113.27",
                            "46.88"
                        ],
                        [
                            "-112.33",
                            "46.70"
                        ],
                        [
                            "-111.68",
                            "46.23"
                        ],
                        [
                            "-111.51",
                            "45.91"
                        ],
                        [
                            "-110.43",
                            "45.87"
                        ],
                        [
                            "-109.48",
                            "45.92"
                        ],
                        [
                            "-108.92",
                            "45.59"
                        ],
                        [
                            "-108.84",
                            "45.03"
                        ],
                        [
                            "-109.88",
                            "44.62"
                        ],
                        [
                            "-110.62",
                            "44.43"
                        ],
                        [
                            "-111.14",
                            "44.27"
                        ],
                        [
                            "-111.69",
                            "44.04"
                        ],
                        [
                            "-112.43",
                            "44.12"
                        ],
                        [
                            "-113.25",
                            "44.50"
                        ],
                        [
                            "-113.78",
                            "45.10"
                        ],
                        [
                            "-114.44",
                            "45.88"
                        ],
                        [
                            "-114.57",
                            "46.37"
                        ],
                        [
                            "-113.27",
                            "46.88"
                        ]
                    ]
                ]
            },
            "properties": {
                "forecastId": null,
                "geometryId": null,
                "tag": "6E",
                "forecastHour": 3,
                "hazard": "IFR",
                "frequency": null,
                "severity": null,
                "status": "NRML",
                "base": null,
                "top": null,
                "fzlBase": null,
                "fzlTop": null,
                "level": null,
                "product": "SIERRA",
                "rawAirSigmet": "CIG BLW 010 VIS BLW 3SM HZ FU",
                "validTimeTo": "2026-08-08T12:00:00.000",
                "validTimeFrom": [
                    "2026-08-08T10:50"
                ]
            }
        },
        {
            "type": "Feature",
            "geometry": {
                "type": "Polygon",
                "coordinates": [
                    [
                        [
                            "-95.00",
                            "27.01"
                        ],
                        [
                            "-94.18",
                            "27.03"
                        ],
                        [
                            "-93.36",
                            "27.03"
                        ],
                        [
                            "-92.83",
                            "27.00"
                        ],
                        [
                            "-92.35",
                            "26.62"
                        ],
                        [
                            "-92.07",
                            "26.25"
                        ],
                        [
                            "-91.69",
                            "25.88"
                        ],
                        [
                            "-91.76",
                            "25.40"
                        ],
                        [
                            "-92.57",
                            "25.52"
                        ],
                        [
                            "-92.97",
                            "25.78"
                        ],
                        [
                            "-93.38",
                            "25.94"
                        ],
                        [
                            "-93.98",
                            "25.91"
                        ],
                        [
                            "-94.55",
                            "25.55"
                        ],
                        [
                            "-95.00",
                            "25.24"
                        ],
                        [
                            "-95.81",
                            "25.48"
                        ],
                        [
                            "-96.03",
                            "25.91"
                        ],
                        [
                            "-95.86",
                            "26.64"
                        ],
                        [
                            "-95.41",
                            "26.91"
                        ],
                        [
                            "-95.00",
                            "27.01"
                        ]
                    ]
                ]
            },
            "properties": {
                "forecastId": null,
                "geometryId": null,
                "tag": "1C",
                "forecastHour": 3,
                "hazard": "FZLVL",
                "frequency": null,
                "severity": null,
                "status": "NRML",
                "base": null,
                "top": null,
                "fzlBase": null,
                "fzlTop": null,
                "level": "160",
                "product": "ZULU",
                "rawAirSigmet": null,
                "validTimeTo": "2026-08-08T12:00:00.000",
                "validTimeFrom": [
                    "2026-08-08T08:45"
                ]
            }
        },
        {
            "type": "Feature",
            "geometry": {
                "type": "Polygon",
                "coordinates": [
                    [
                        [
                            "-109.38",
                            "44.82"
                        ],
                        [
                            "-108.40",
                            "44.81"
                        ],
                        [
                            "-107.68",
                            "44.81"
                        ],
                        [
                            "-107.58",
                            "44.76"
                        ],
                        [
                            "-107.11",
                            "44.29"
                        ],
                        [
                            "-105.57",
                            "42.02"
                        ],
                        [
                            "-105.07",
                            "41.12"
                        ],
                        [
                            "-104.28",
                            "39.60"
                        ],
                        [
                            "-103.80",
                            "38.51"
                        ],
                        [
                            "-103.54",
                            "37.76"
                        ],
                        [
                            "-103.60",
                            "36.93"
                        ],
                        [
                            "-104.02",
                            "36.07"
                        ],
                        [
                            "-104.49",
                            "35.41"
                        ],
                        [
                            "-105.03",
                            "34.80"
                        ],
                        [
                            "-105.51",
                            "34.37"
                        ],
                        [
                            "-106.16",
                            "34.09"
                        ],
                        [
                            "-107.21",
                            "33.82"
                        ],
                        [
                            "-108.24",
                            "33.34"
                        ],
                        [
                            "-108.75",
                            "32.45"
                        ],
                        [
                            "-109.12",
                            "31.39"
                        ],
                        [
                            "-110.99",
                            "31.30"
                        ],
                        [
                            "-111.53",
                            "32.86"
                        ],
                        [
                            "-111.91",
                            "34.41"
                        ],
                        [
                            "-112.39",
                            "36.30"
                        ],
                        [
                            "-112.28",
                            "37.41"
                        ],
                        [
                            "-111.77",
                            "39.23"
                        ],
                        [
                            "-111.24",
                            "40.76"
                        ],
                        [
                            "-111.36",
                            "42.33"
                        ],
                        [
                            "-111.48",
                            "42.91"
                        ],
                        [
                            "-111.49",
                            "43.44"
                        ],
                        [
                            "-111.15",
                            "44.24"
                        ],
                        [
                            "-110.57",
                            "44.63"
                        ],
                        [
                            "-109.38",
                            "44.82"
                        ]
                    ]
                ]
            },
            "properties": {
                "forecastId": null,
                "geometryId": null,
                "tag": "2W",
                "forecastHour": 3,
                "hazard": "TURB-LO",
                "frequency": null,
                "severity": "MOD",
                "status": "NRML",
                "base": "SFC",
                "top": "180",
                "fzlBase": null,
                "fzlTop": null,
                "level": null,
                "product": "TANGO",
                "rawAirSigmet": null,
                "validTimeTo": "2026-08-08T12:00:00.000",
                "validTimeFrom": [
                    "2026-08-08T08:45"
                ]
            }
        },
        {
            "type": "Feature",
            "geometry": {
                "type": "Polygon",
                "coordinates": [
                    [
                        [
                            "-121.23",
                            "49.01"
                        ],
                        [
                            "-118.82",
                            "48.95"
                        ],
                        [
                            "-119.15",
                            "47.63"
                        ],
                        [
                            "-119.36",
                            "46.65"
                        ],
                        [
                            "-120.27",
                            "45.80"
                        ],
                        [
                            "-120.99",
                            "45.31"
                        ],
                        [
                            "-122.08",
                            "45.34"
                        ],
                        [
                            "-121.96",
                            "46.79"
                        ],
                        [
                            "-121.48",
                            "48.06"
                        ],
                        [
                            "-121.23",
                            "49.01"
                        ]
                    ]
                ]
            },
            "properties": {
                "forecastId": null,
                "geometryId": null,
                "tag": "1W",
                "forecastHour": 3,
                "hazard": "TURB-LO",
                "frequency": null,
                "severity": "MOD",
                "status": "NRML",
                "base": "SFC",
                "top": "100",
                "fzlBase": null,
                "fzlTop": null,
                "level": null,
                "product": "TANGO",
                "rawAirSigmet": null,
                "validTimeTo": "2026-08-08T12:00:00.000",
                "validTimeFrom": [
                    "2026-08-08T08:45"
                ]
            }
        },
        {
            "type": "Feature",
            "geometry": {
                "type": "LineString",
                "coordinates": [
                    [
                        "-132.89",
                        "39.09"
                    ],
                    [
                        "-130.64",
                        "39.97"
                    ],
                    [
                        "-127.94",
                        "40.84"
                    ],
                    [
                        "-125.79",
                        "42.20"
                    ],
                    [
                        "-123.07",
                        "43.25"
                    ],
                    [
                        "-120.58",
                        "44.43"
                    ],
                    [
                        "-119.50",
                        "44.88"
                    ],
                    [
                        "-118.08",
                        "44.83"
                    ],
                    [
                        "-116.33",
                        "44.75"
                    ],
                    [
                        "-114.39",
                        "45.04"
                    ],
                    [
                        "-112.36",
                        "45.18"
                    ],
                    [
                        "-110.86",
                        "45.15"
                    ],
                    [
                        "-109.08",
                        "45.02"
                    ],
                    [
                        "-107.69",
                        "44.77"
                    ],
                    [
                        "-105.09",
                        "44.29"
                    ],
                    [
                        "-103.60",
                        "44.20"
                    ],
                    [
                        "-102.32",
                        "43.75"
                    ],
                    [
                        "-101.80",
                        "42.54"
                    ],
                    [
                        "-101.05",
                        "41.70"
                    ],
                    [
                        "-99.34",
                        "40.23"
                    ],
                    [
                        "-98.21",
                        "38.54"
                    ],
                    [
                        "-98.28",
                        "37.07"
                    ],
                    [
                        "-98.67",
                        "35.84"
                    ],
                    [
                        "-99.18",
                        "34.80"
                    ],
                    [
                        "-100.02",
                        "34.13"
                    ],
                    [
                        "-100.80",
                        "33.27"
                    ],
                    [
                        "-101.35",
                        "32.32"
                    ],
                    [
                        "-101.96",
                        "31.69"
                    ],
                    [
                        "-101.80",
                        "30.51"
                    ],
                    [
                        "-101.13",
                        "29.83"
                    ],
                    [
                        "-100.01",
                        "29.35"
                    ],
                    [
                        "-96.95",
                        "28.96"
                    ],
                    [
                        "-96.46",
                        "28.67"
                    ],
                    [
                        "-96.58",
                        "28.00"
                    ],
                    [
                        "-97.07",
                        "27.14"
                    ],
                    [
                        "-97.50",
                        "26.32"
                    ],
                    [
                        "-98.25",
                        "25.88"
                    ],
                    [
                        "-101.11",
                        "26.07"
                    ],
                    [
                        "-102.02",
                        "26.47"
                    ],
                    [
                        "-102.78",
                        "27.66"
                    ],
                    [
                        "-103.16",
                        "28.70"
                    ],
                    [
                        "-103.91",
                        "29.38"
                    ],
                    [
                        "-103.78",
                        "30.27"
                    ],
                    [
                        "-103.78",
                        "30.83"
                    ],
                    [
                        "-104.34",
                        "31.01"
                    ],
                    [
                        "-105.19",
                        "30.26"
                    ],
                    [
                        "-105.54",
                        "29.00"
                    ],
                    [
                        "-106.47",
                        "26.94"
                    ],
                    [
                        "-107.89",
                        "26.57"
                    ],
                    [
                        "-109.01",
                        "26.77"
                    ],
                    [
                        "-109.88",
                        "27.32"
                    ],
                    [
                        "-110.50",
                        "28.06"
                    ],
                    [
                        "-110.84",
                        "28.94"
                    ],
                    [
                        "-110.51",
                        "29.89"
                    ],
                    [
                        "-110.40",
                        "30.59"
                    ],
                    [
                        "-110.76",
                        "30.96"
                    ],
                    [
                        "-112.20",
                        "31.35"
                    ],
                    [
                        "-112.72",
                        "31.59"
                    ],
                    [
                        "-113.56",
                        "31.52"
                    ],
                    [
                        "-113.75",
                        "30.57"
                    ],
                    [
                        "-113.46",
                        "29.73"
                    ],
                    [
                        "-113.49",
                        "28.83"
                    ],
                    [
                        "-113.16",
                        "27.56"
                    ],
                    [
                        "-112.16",
                        "26.83"
                    ],
                    [
                        "-111.66",
                        "25.98"
                    ],
                    [
                        "-112.58",
                        "25.45"
                    ],
                    [
                        "-114.26",
                        "25.26"
                    ],
                    [
                        "-115.01",
                        "25.82"
                    ],
                    [
                        "-116.09",
                        "26.24"
                    ],
                    [
                        "-116.97",
                        "25.59"
                    ],
                    [
                        "-117.28",
                        "23.12"
                    ],
                    [
                        "-118.57",
                        "21.33"
                    ],
                    [
                        "-117.81",
                        "20.44"
                    ],
                    [
                        "-116.77",
                        "19.90"
                    ],
                    [
                        "-115.90",
                        "18.18"
                    ]
                ]
            },
            "properties": {
                "forecastId": null,
                "geometryId": null,
                "tag": "1C",
                "forecastHour": 3,
                "hazard": "FZLVL",
                "frequency": null,
                "severity": null,
                "status": "NRML",
                "base": null,
                "top": null,
                "fzlBase": null,
                "fzlTop": null,
                "level": "160",
                "product": "ZULU",
                "rawAirSigmet": null,
                "validTimeTo": "2026-08-08T12:00:00.000",
                "validTimeFrom": [
                    "2026-08-08T08:45"
                ]
            }
        },
        {
            "type": "Feature",
            "geometry": {
                "type": "Polygon",
                "coordinates": [
                    [
                        [
                            "-111.60",
                            "22.23"
                        ],
                        [
                            "-111.21",
                            "22.23"
                        ],
                        [
                            "-110.80",
                            "22.20"
                        ],
                        [
                            "-110.41",
                            "22.24"
                        ],
                        [
                            "-110.03",
                            "22.38"
                        ],
                        [
                            "-109.65",
                            "22.49"
                        ],
                        [
                            "-109.24",
                            "22.37"
                        ],
                        [
                            "-109.17",
                            "22.31"
                        ],
                        [
                            "-108.91",
                            "21.97"
                        ],
                        [
                            "-108.81",
                            "21.61"
                        ],
                        [
                            "-108.92",
                            "21.23"
                        ],
                        [
                            "-109.09",
                            "21.06"
                        ],
                        [
                            "-109.47",
                            "20.93"
                        ],
                        [
                            "-109.87",
                            "20.98"
                        ],
                        [
                            "-110.27",
                            "21.06"
                        ],
                        [
                            "-110.47",
                            "21.08"
                        ],
                        [
                            "-110.67",
                            "21.10"
                        ],
                        [
                            "-111.06",
                            "21.11"
                        ],
                        [
                            "-111.47",
                            "21.21"
                        ],
                        [
                            "-111.65",
                            "21.31"
                        ],
                        [
                            "-111.92",
                            "21.64"
                        ],
                        [
                            "-111.92",
                            "21.65"
                        ],
                        [
                            "-111.93",
                            "21.68"
                        ],
                        [
                            "-111.93",
                            "22.01"
                        ],
                        [
                            "-111.60",
                            "22.23"
                        ]
                    ]
                ]
            },
            "properties": {
                "forecastId": null,
                "geometryId": null,
                "tag": "1C",
                "forecastHour": 3,
                "hazard": "FZLVL",
                "frequency": null,
                "severity": null,
                "status": "NRML",
                "base": null,
                "top": null,
                "fzlBase": null,
                "fzlTop": null,
                "level": "160",
                "product": "ZULU",
                "rawAirSigmet": null,
                "validTimeTo": "2026-08-08T12:00:00.000",
                "validTimeFrom": [
                    "2026-08-08T08:45"
                ]
            }
        },
        {
            "type": "Feature",
            "geometry": {
                "type": "LineString",
                "coordinates": [
                    [
                        "-126.64",
                        "18.33"
                    ],
                    [
                        "-125.86",
                        "18.35"
                    ],
                    [
                        "-123.84",
                        "18.63"
                    ],
                    [
                        "-123.44",
                        "19.69"
                    ],
                    [
                        "-123.45",
                        "20.57"
                    ],
                    [
                        "-123.15",
                        "22.49"
                    ],
                    [
                        "-122.81",
                        "24.42"
                    ],
                    [
                        "-123.37",
                        "25.32"
                    ],
                    [
                        "-124.05",
                        "25.85"
                    ],
                    [
                        "-125.92",
                        "26.80"
                    ],
                    [
                        "-126.73",
                        "27.26"
                    ],
                    [
                        "-126.99",
                        "28.45"
                    ],
                    [
                        "-126.89",
                        "30.35"
                    ],
                    [
                        "-127.55",
                        "32.83"
                    ],
                    [
                        "-128.22",
                        "33.66"
                    ],
                    [
                        "-128.88",
                        "34.04"
                    ],
                    [
                        "-130.01",
                        "34.18"
                    ],
                    [
                        "-131.02",
                        "33.71"
                    ]
                ]
            },
            "properties": {
                "forecastId": null,
                "geometryId": null,
                "tag": "1C",
                "forecastHour": 3,
                "hazard": "FZLVL",
                "frequency": null,
                "severity": null,
                "status": "NRML",
                "base": null,
                "top": null,
                "fzlBase": null,
                "fzlTop": null,
                "level": "160",
                "product": "ZULU",
                "rawAirSigmet": null,
                "validTimeTo": "2026-08-08T12:00:00.000",
                "validTimeFrom": [
                    "2026-08-08T08:45"
                ]
            }
        },
        {
            "type": "Feature",
            "geometry": {
                "type": "Polygon",
                "coordinates": [
                    [
                        [
                            "-82.73",
                            "36.93"
                        ],
                        [
                            "-81.19",
                            "36.66"
                        ],
                        [
                            "-80.96",
                            "35.97"
                        ],
                        [
                            "-81.32",
                            "35.35"
                        ],
                        [
                            "-83.13",
                            "34.92"
                        ],
                        [
                            "-83.94",
                            "34.78"
                        ],
                        [
                            "-84.31",
                            "35.30"
                        ],
                        [
                            "-84.09",
                            "36.18"
                        ],
                        [
                            "-83.52",
                            "36.66"
                        ],
                        [
                            "-82.73",
                            "36.93"
                        ]
                    ]
                ]
            },
            "properties": {
                "forecastId": null,
                "geometryId": null,
                "tag": "8E",
                "forecastHour": 3,
                "hazard": "IFR",
                "frequency": null,
                "severity": null,
                "status": "NRML",
                "base": null,
                "top": null,
                "fzlBase": null,
                "fzlTop": null,
                "level": null,
                "product": "SIERRA",
                "rawAirSigmet": "CIG BLW 010 VIS BLW 3SM BR FG",
                "validTimeTo": "2026-08-08T12:00:00.000",
                "validTimeFrom": [
                    "2026-08-08T10:50"
                ]
            }
        },
        {
            "type": "Feature",
            "geometry": {
                "type": "Polygon",
                "coordinates": [
                    [
                        [
                            "-111.29",
                            "40.47"
                        ],
                        [
                            "-110.49",
                            "40.00"
                        ],
                        [
                            "-109.81",
                            "38.93"
                        ],
                        [
                            "-109.24",
                            "38.00"
                        ],
                        [
                            "-108.26",
                            "37.44"
                        ],
                        [
                            "-108.11",
                            "37.02"
                        ],
                        [
                            "-108.62",
                            "36.52"
                        ],
                        [
                            "-109.73",
                            "36.39"
                        ],
                        [
                            "-110.41",
                            "36.08"
                        ],
                        [
                            "-111.03",
                            "35.81"
                        ],
                        [
                            "-111.30",
                            "36.32"
                        ],
                        [
                            "-111.66",
                            "36.73"
                        ],
                        [
                            "-112.51",
                            "37.58"
                        ],
                        [
                            "-112.93",
                            "38.00"
                        ],
                        [
                            "-113.70",
                            "38.38"
                        ],
                        [
                            "-114.28",
                            "38.86"
                        ],
                        [
                            "-114.50",
                            "39.30"
                        ],
                        [
                            "-113.71",
                            "39.55"
                        ],
                        [
                            "-112.99",
                            "39.56"
                        ],
                        [
                            "-112.09",
                            "39.97"
                        ],
                        [
                            "-111.29",
                            "40.47"
                        ]
                    ]
                ]
            },
            "properties": {
                "forecastId": null,
                "geometryId": null,
                "tag": "2E",
                "forecastHour": 3,
                "hazard": "MT_OBSC",
                "frequency": null,
                "severity": null,
                "status": "NRML",
                "base": null,
                "top": null,
                "fzlBase": null,
                "fzlTop": null,
                "level": null,
                "product": "SIERRA",
                "rawAirSigmet": "FU HZ",
                "validTimeTo": "2026-08-08T12:00:00.000",
                "validTimeFrom": [
                    "2026-08-08T10:50"
                ]
            }
        },
        {
            "type": "Feature",
            "geometry": {
                "type": "Polygon",
                "coordinates": [
                    [
                        [
                            "-117.03",
                            "46.19"
                        ],
                        [
                            "-116.09",
                            "45.56"
                        ],
                        [
                            "-115.64",
                            "44.65"
                        ],
                        [
                            "-115.49",
                            "43.74"
                        ],
                        [
                            "-115.44",
                            "42.94"
                        ],
                        [
                            "-116.06",
                            "42.21"
                        ],
                        [
                            "-116.54",
                            "42.02"
                        ],
                        [
                            "-116.97",
                            "42.20"
                        ],
                        [
                            "-117.39",
                            "42.34"
                        ],
                        [
                            "-118.06",
                            "42.35"
                        ],
                        [
                            "-118.51",
                            "42.28"
                        ],
                        [
                            "-119.10",
                            "41.49"
                        ],
                        [
                            "-119.85",
                            "41.12"
                        ],
                        [
                            "-120.53",
                            "41.23"
                        ],
                        [
                            "-121.08",
                            "41.28"
                        ],
                        [
                            "-121.52",
                            "41.57"
                        ],
                        [
                            "-122.01",
                            "42.00"
                        ],
                        [
                            "-122.09",
                            "42.41"
                        ],
                        [
                            "-121.85",
                            "42.83"
                        ],
                        [
                            "-120.93",
                            "42.83"
                        ],
                        [
                            "-120.29",
                            "42.90"
                        ],
                        [
                            "-120.13",
                            "43.25"
                        ],
                        [
                            "-120.50",
                            "43.87"
                        ],
                        [
                            "-120.74",
                            "44.27"
                        ],
                        [
                            "-120.94",
                            "44.58"
                        ],
                        [
                            "-121.36",
                            "44.72"
                        ],
                        [
                            "-121.58",
                            "44.99"
                        ],
                        [
                            "-121.82",
                            "45.35"
                        ],
                        [
                            "-121.45",
                            "45.54"
                        ],
                        [
                            "-120.79",
                            "45.58"
                        ],
                        [
                            "-120.23",
                            "45.14"
                        ],
                        [
                            "-119.49",
                            "45.19"
                        ],
                        [
                            "-118.85",
                            "45.40"
                        ],
                        [
                            "-118.44",
                            "45.69"
                        ],
                        [
                            "-118.11",
                            "46.05"
                        ],
                        [
                            "-117.03",
                            "46.19"
                        ]
                    ]
                ]
            },
            "properties": {
                "forecastId": null,
                "geometryId": null,
                "tag": "7E",
                "forecastHour": 3,
                "hazard": "IFR",
                "frequency": null,
                "severity": null,
                "status": "NRML",
                "base": null,
                "top": null,
                "fzlBase": null,
                "fzlTop": null,
                "level": null,
                "product": "SIERRA",
                "rawAirSigmet": "VIS BLW 3SM HZ FU",
                "validTimeTo": "2026-08-08T12:00:00.000",
                "validTimeFrom": [
                    "2026-08-08T10:50"
                ]
            }
        },
        {
            "type": "Feature",
            "geometry": {
                "type": "Polygon",
                "coordinates": [
                    [
                        [
                            "-77.94",
                            "35.74"
                        ],
                        [
                            "-77.15",
                            "35.03"
                        ],
                        [
                            "-78.34",
                            "33.50"
                        ],
                        [
                            "-80.54",
                            "33.02"
                        ],
                        [
                            "-81.89",
                            "31.87"
                        ],
                        [
                            "-82.61",
                            "30.39"
                        ],
                        [
                            "-83.31",
                            "30.12"
                        ],
                        [
                            "-83.90",
                            "30.58"
                        ],
                        [
                            "-84.19",
                            "32.23"
                        ],
                        [
                            "-83.35",
                            "33.62"
                        ],
                        [
                            "-81.77",
                            "34.61"
                        ],
                        [
                            "-79.99",
                            "35.12"
                        ],
                        [
                            "-77.94",
                            "35.74"
                        ]
                    ]
                ]
            },
            "properties": {
                "forecastId": null,
                "geometryId": null,
                "tag": "9E",
                "forecastHour": 3,
                "hazard": "IFR",
                "frequency": null,
                "severity": null,
                "status": "NRML",
                "base": null,
                "top": null,
                "fzlBase": null,
                "fzlTop": null,
                "level": null,
                "product": "SIERRA",
                "rawAirSigmet": "CIG BLW 010 VIS BLW 3SM BR FG",
                "validTimeTo": "2026-08-08T12:00:00.000",
                "validTimeFrom": [
                    "2026-08-08T10:50"
                ]
            }
        },
        {
            "type": "Feature",
            "geometry": {
                "type": "LineString",
                "coordinates": [
                    [
                        "-85.44",
                        "19.39"
                    ],
                    [
                        "-84.48",
                        "19.91"
                    ],
                    [
                        "-83.69",
                        "20.73"
                    ],
                    [
                        "-83.27",
                        "21.87"
                    ],
                    [
                        "-82.73",
                        "22.56"
                    ],
                    [
                        "-81.31",
                        "22.74"
                    ],
                    [
                        "-80.34",
                        "23.36"
                    ],
                    [
                        "-81.04",
                        "24.19"
                    ],
                    [
                        "-82.13",
                        "24.63"
                    ],
                    [
                        "-80.43",
                        "25.94"
                    ],
                    [
                        "-79.40",
                        "26.46"
                    ],
                    [
                        "-78.18",
                        "26.77"
                    ],
                    [
                        "-76.95",
                        "27.05"
                    ],
                    [
                        "-76.42",
                        "28.08"
                    ],
                    [
                        "-75.78",
                        "29.12"
                    ],
                    [
                        "-74.83",
                        "29.52"
                    ],
                    [
                        "-73.57",
                        "28.96"
                    ],
                    [
                        "-72.75",
                        "28.81"
                    ],
                    [
                        "-72.08",
                        "28.97"
                    ],
                    [
                        "-71.14",
                        "29.60"
                    ],
                    [
                        "-70.05",
                        "30.04"
                    ],
                    [
                        "-69.59",
                        "30.12"
                    ],
                    [
                        "-69.44",
                        "29.58"
                    ],
                    [
                        "-69.48",
                        "28.56"
                    ],
                    [
                        "-68.73",
                        "28.15"
                    ],
                    [
                        "-67.83",
                        "28.16"
                    ],
                    [
                        "-66.64",
                        "28.20"
                    ]
                ]
            },
            "properties": {
                "forecastId": null,
                "geometryId": null,
                "tag": "1C",
                "forecastHour": 3,
                "hazard": "FZLVL",
                "frequency": null,
                "severity": null,
                "status": "NRML",
                "base": null,
                "top": null,
                "fzlBase": null,
                "fzlTop": null,
                "level": "160",
                "product": "ZULU",
                "rawAirSigmet": null,
                "validTimeTo": "2026-08-08T12:00:00.000",
                "validTimeFrom": [
                    "2026-08-08T08:45"
                ]
            }
        },
        {
            "type": "Feature",
            "geometry": {
                "type": "Polygon",
                "coordinates": [
                    [
                        [
                            "-117.26",
                            "49.00"
                        ],
                        [
                            "-116.32",
                            "48.99"
                        ],
                        [
                            "-115.83",
                            "48.46"
                        ],
                        [
                            "-116.47",
                            "48.04"
                        ],
                        [
                            "-117.44",
                            "47.60"
                        ],
                        [
                            "-118.38",
                            "47.05"
                        ],
                        [
                            "-119.08",
                            "46.96"
                        ],
                        [
                            "-119.75",
                            "47.32"
                        ],
                        [
                            "-120.31",
                            "48.06"
                        ],
                        [
                            "-120.57",
                            "48.54"
                        ],
                        [
                            "-120.83",
                            "48.92"
                        ],
                        [
                            "-119.06",
                            "48.96"
                        ],
                        [
                            "-117.26",
                            "49.00"
                        ]
                    ]
                ]
            },
            "properties": {
                "forecastId": null,
                "geometryId": null,
                "tag": "2E",
                "forecastHour": 3,
                "hazard": "IFR",
                "frequency": null,
                "severity": null,
                "status": "NRML",
                "base": null,
                "top": null,
                "fzlBase": null,
                "fzlTop": null,
                "level": null,
                "product": "SIERRA",
                "rawAirSigmet": "VIS BLW 3SM HZ FU",
                "validTimeTo": "2026-08-08T12:00:00.000",
                "validTimeFrom": [
                    "2026-08-08T10:50"
                ]
            }
        },
        {
            "type": "Feature",
            "geometry": {
                "type": "Polygon",
                "coordinates": [
                    [
                        [
                            "-76.34",
                            "20.70"
                        ],
                        [
                            "-76.27",
                            "20.48"
                        ],
                        [
                            "-76.21",
                            "20.31"
                        ],
                        [
                            "-75.94",
                            "20.12"
                        ],
                        [
                            "-75.56",
                            "20.00"
                        ],
                        [
                            "-75.17",
                            "20.04"
                        ],
                        [
                            "-75.02",
                            "20.15"
                        ],
                        [
                            "-75.06",
                            "20.53"
                        ],
                        [
                            "-75.08",
                            "20.56"
                        ],
                        [
                            "-75.44",
                            "20.78"
                        ],
                        [
                            "-75.82",
                            "20.87"
                        ],
                        [
                            "-76.23",
                            "20.77"
                        ],
                        [
                            "-76.34",
                            "20.70"
                        ]
                    ]
                ]
            },
            "properties": {
                "forecastId": null,
                "geometryId": null,
                "tag": "1C",
                "forecastHour": 3,
                "hazard": "FZLVL",
                "frequency": null,
                "severity": null,
                "status": "NRML",
                "base": null,
                "top": null,
                "fzlBase": null,
                "fzlTop": null,
                "level": "160",
                "product": "ZULU",
                "rawAirSigmet": null,
                "validTimeTo": "2026-08-08T12:00:00.000",
                "validTimeFrom": [
                    "2026-08-08T08:45"
                ]
            }
        },
        {
            "type": "Feature",
            "geometry": {
                "type": "LineString",
                "coordinates": [
                    [
                        "-66.26",
                        "29.78"
                    ],
                    [
                        "-67.07",
                        "29.96"
                    ],
                    [
                        "-67.43",
                        "30.25"
                    ],
                    [
                        "-67.33",
                        "30.69"
                    ],
                    [
                        "-67.03",
                        "31.10"
                    ],
                    [
                        "-66.78",
                        "31.80"
                    ],
                    [
                        "-66.69",
                        "32.52"
                    ],
                    [
                        "-66.73",
                        "33.13"
                    ],
                    [
                        "-66.87",
                        "33.67"
                    ],
                    [
                        "-66.80",
                        "34.39"
                    ],
                    [
                        "-66.62",
                        "35.10"
                    ],
                    [
                        "-66.49",
                        "35.77"
                    ],
                    [
                        "-66.41",
                        "36.16"
                    ],
                    [
                        "-66.28",
                        "36.57"
                    ],
                    [
                        "-65.87",
                        "37.16"
                    ],
                    [
                        "-65.43",
                        "37.45"
                    ],
                    [
                        "-64.84",
                        "37.71"
                    ],
                    [
                        "-64.07",
                        "37.90"
                    ]
                ]
            },
            "properties": {
                "forecastId": null,
                "geometryId": null,
                "tag": "1C",
                "forecastHour": 3,
                "hazard": "FZLVL",
                "frequency": null,
                "severity": null,
                "status": "NRML",
                "base": null,
                "top": null,
                "fzlBase": null,
                "fzlTop": null,
                "level": "160",
                "product": "ZULU",
                "rawAirSigmet": null,
                "validTimeTo": "2026-08-08T12:00:00.000",
                "validTimeFrom": [
                    "2026-08-08T08:45"
                ]
            }
        },
        {
            "type": "Feature",
            "geometry": {
                "type": "Polygon",
                "coordinates": [
                    [
                        [
                            "-68.82",
                            "45.96"
                        ],
                        [
                            "-68.53",
                            "45.54"
                        ],
                        [
                            "-69.79",
                            "44.46"
                        ],
                        [
                            "-71.58",
                            "43.20"
                        ],
                        [
                            "-72.94",
                            "42.45"
                        ],
                        [
                            "-76.20",
                            "40.63"
                        ],
                        [
                            "-76.95",
                            "40.22"
                        ],
                        [
                            "-79.83",
                            "36.73"
                        ],
                        [
                            "-80.65",
                            "35.42"
                        ],
                        [
                            "-84.37",
                            "33.59"
                        ],
                        [
                            "-85.00",
                            "34.95"
                        ],
                        [
                            "-85.07",
                            "36.65"
                        ],
                        [
                            "-82.07",
                            "38.62"
                        ],
                        [
                            "-80.26",
                            "40.70"
                        ],
                        [
                            "-79.09",
                            "42.19"
                        ],
                        [
                            "-77.58",
                            "42.68"
                        ],
                        [
                            "-76.21",
                            "43.14"
                        ],
                        [
                            "-74.68",
                            "44.89"
                        ],
                        [
                            "-74.30",
                            "44.99"
                        ],
                        [
                            "-71.74",
                            "44.87"
                        ],
                        [
                            "-70.45",
                            "45.46"
                        ],
                        [
                            "-68.82",
                            "45.96"
                        ]
                    ]
                ]
            },
            "properties": {
                "forecastId": null,
                "geometryId": null,
                "tag": "4E",
                "forecastHour": 3,
                "hazard": "MT_OBSC",
                "frequency": null,
                "severity": null,
                "status": "NRML",
                "base": null,
                "top": null,
                "fzlBase": null,
                "fzlTop": null,
                "level": null,
                "product": "SIERRA",
                "rawAirSigmet": "MTNS OBSC BY CLDS BR FG",
                "validTimeTo": "2026-08-08T12:00:00.000",
                "validTimeFrom": [
                    "2026-08-08T10:50"
                ]
            }
        },
        {
            "type": "Feature",
            "geometry": {
                "type": "Polygon",
                "coordinates": [
                    [
                        [
                            "-105.74",
                            "38.00"
                        ],
                        [
                            "-105.43",
                            "37.77"
                        ],
                        [
                            "-105.39",
                            "36.74"
                        ],
                        [
                            "-105.66",
                            "35.86"
                        ],
                        [
                            "-106.41",
                            "35.12"
                        ],
                        [
                            "-107.44",
                            "34.63"
                        ],
                        [
                            "-108.34",
                            "34.25"
                        ],
                        [
                            "-109.04",
                            "34.10"
                        ],
                        [
                            "-109.46",
                            "34.38"
                        ],
                        [
                            "-108.98",
                            "35.11"
                        ],
                        [
                            "-108.55",
                            "35.97"
                        ],
                        [
                            "-108.03",
                            "37.00"
                        ],
                        [
                            "-107.18",
                            "37.52"
                        ],
                        [
                            "-106.47",
                            "37.85"
                        ],
                        [
                            "-105.74",
                            "38.00"
                        ]
                    ]
                ]
            },
            "properties": {
                "forecastId": null,
                "geometryId": null,
                "tag": "3E",
                "forecastHour": 3,
                "hazard": "MT_OBSC",
                "frequency": null,
                "severity": null,
                "status": "NRML",
                "base": null,
                "top": null,
                "fzlBase": null,
                "fzlTop": null,
                "level": null,
                "product": "SIERRA",
                "rawAirSigmet": "FU HZ",
                "validTimeTo": "2026-08-08T12:00:00.000",
                "validTimeFrom": [
                    "2026-08-08T10:50"
                ]
            }
        },
        {
            "type": "Feature",
            "geometry": {
                "type": "Polygon",
                "coordinates": [
                    [
                        [
                            "-67.59",
                            "45.64"
                        ],
                        [
                            "-67.02",
                            "44.75"
                        ],
                        [
                            "-66.92",
                            "42.02"
                        ],
                        [
                            "-66.90",
                            "38.92"
                        ],
                        [
                            "-68.85",
                            "38.62"
                        ],
                        [
                            "-70.33",
                            "38.65"
                        ],
                        [
                            "-71.38",
                            "38.66"
                        ],
                        [
                            "-72.22",
                            "39.29"
                        ],
                        [
                            "-72.51",
                            "40.55"
                        ],
                        [
                            "-72.20",
                            "41.20"
                        ],
                        [
                            "-70.65",
                            "41.64"
                        ],
                        [
                            "-69.94",
                            "42.13"
                        ],
                        [
                            "-69.90",
                            "42.44"
                        ],
                        [
                            "-69.46",
                            "42.68"
                        ],
                        [
                            "-69.57",
                            "42.95"
                        ],
                        [
                            "-70.26",
                            "43.52"
                        ],
                        [
                            "-70.33",
                            "44.31"
                        ],
                        [
                            "-69.84",
                            "45.00"
                        ],
                        [
                            "-69.10",
                            "45.40"
                        ],
                        [
                            "-68.25",
                            "45.57"
                        ],
                        [
                            "-67.59",
                            "45.64"
                        ]
                    ]
                ]
            },
            "properties": {
                "forecastId": null,
                "geometryId": null,
                "tag": "1E",
                "forecastHour": 3,
                "hazard": "IFR",
                "frequency": null,
                "severity": null,
                "status": "NRML",
                "base": null,
                "top": null,
                "fzlBase": null,
                "fzlTop": null,
                "level": null,
                "product": "SIERRA",
                "rawAirSigmet": "CIG BLW 010 VIS BLW 3SM BR",
                "validTimeTo": "2026-08-08T12:00:00.000",
                "validTimeFrom": [
                    "2026-08-08T10:50"
                ]
            }
        },
        {
            "type": "Feature",
            "geometry": {
                "type": "Polygon",
                "coordinates": [
                    [
                        [
                            "-101.78",
                            "44.82"
                        ],
                        [
                            "-100.92",
                            "43.66"
                        ],
                        [
                            "-101.57",
                            "41.96"
                        ],
                        [
                            "-101.30",
                            "40.49"
                        ],
                        [
                            "-100.82",
                            "39.14"
                        ],
                        [
                            "-101.61",
                            "38.62"
                        ],
                        [
                            "-102.88",
                            "39.01"
                        ],
                        [
                            "-104.24",
                            "40.03"
                        ],
                        [
                            "-104.29",
                            "39.90"
                        ],
                        [
                            "-104.15",
                            "41.64"
                        ],
                        [
                            "-103.37",
                            "43.56"
                        ],
                        [
                            "-102.63",
                            "44.73"
                        ],
                        [
                            "-101.78",
                            "44.82"
                        ]
                    ]
                ]
            },
            "properties": {
                "forecastId": null,
                "geometryId": null,
                "tag": "1W",
                "forecastHour": 3,
                "hazard": "LLWS",
                "frequency": null,
                "severity": null,
                "status": "NRML",
                "base": null,
                "top": null,
                "fzlBase": null,
                "fzlTop": null,
                "level": null,
                "product": "TANGO",
                "rawAirSigmet": "AIR SPEED LOSS OR GAIN OF 20KTS OR MORE BELOW 2000 FT AGL",
                "validTimeTo": "2026-08-08T12:00:00.000",
                "validTimeFrom": [
                    "2026-08-08T08:45"
                ]
            }
        }
    ],
    "metadata": {
        "creationTime": "2026-08-08T11:35"
    }
}