{
    "type": "FeatureCollection",
    "features": [
        {
            "type": "Feature",
            "geometry": {
                "type": "Polygon",
                "coordinates": [
                    [
                        [
                            "-104.08",
                            "35.40"
                        ],
                        [
                            "-104.58",
                            "33.05"
                        ],
                        [
                            "-104.45",
                            "31.96"
                        ],
                        [
                            "-101.93",
                            "29.70"
                        ],
                        [
                            "-103.44",
                            "29.03"
                        ],
                        [
                            "-106.19",
                            "32.01"
                        ],
                        [
                            "-105.18",
                            "34.31"
                        ],
                        [
                            "-104.08",
                            "35.40"
                        ]
                    ]
                ]
            },
            "properties": {
                "forecastId": null,
                "geometryId": null,
                "tag": "2E",
                "forecastHour": 3,
                "hazard": "MT_OBSC",
                "frequency": null,
                "severity": null,
                "status": "NRML",
                "base": null,
                "top": null,
                "fzlBase": null,
                "fzlTop": null,
                "level": null,
                "product": "SIERRA",
                "rawAirSigmet": "MTNS OBSC BY CLDS PCPN",
                "validTimeTo": "2026-10-03T12:00:00.000",
                "validTimeFrom": [
                    "2026-10-03T10:48"
                ]
            }
        },
        {
            "type": "Feature",
            "geometry": {
                "type": "LineString",
                "coordinates": [
                    [
                        "-135.78",
                        "46.19"
                    ],
                    [
                        "-134.88",
                        "46.60"
                    ],
                    [
                        "-134.25",
                        "47.14"
                    ],
                    [
                        "-133.68",
                        "48.25"
                    ],
                    [
                        "-133.41",
                        "48.77"
                    ],
                    [
                        "-132.72",
                        "49.22"
                    ],
                    [
                        "-130.18",
                        "49.90"
                    ],
                    [
                        "-126.77",
                        "50.88"
                    ],
                    [
                        "-125.48",
                        "51.06"
                    ],
                    [
                        "-124.44",
                        "50.95"
                    ],
                    [
                        "-122.53",
                        "50.58"
                    ],
                    [
                        "-119.40",
                        "49.79"
                    ],
                    [
                        "-113.35",
                        "47.07"
                    ],
                    [
                        "-112.18",
                        "46.46"
                    ],
                    [
                        "-110.21",
                        "45.88"
                    ],
                    [
                        "-108.81",
                        "45.35"
                    ],
                    [
                        "-106.66",
                        "45.27"
                    ],
                    [
                        "-104.21",
                        "45.58"
                    ],
                    [
                        "-101.42",
                        "45.72"
                    ],
                    [
                        "-99.22",
                        "45.66"
                    ],
                    [
                        "-97.43",
                        "45.50"
                    ],
                    [
                        "-96.36",
                        "45.22"
                    ],
                    [
                        "-95.97",
                        "44.48"
                    ],
                    [
                        "-95.71",
                        "43.72"
                    ],
                    [
                        "-95.08",
                        "43.33"
                    ],
                    [
                        "-92.18",
                        "42.37"
                    ],
                    [
                        "-90.09",
                        "41.91"
                    ],
                    [
                        "-88.03",
                        "42.07"
                    ],
                    [
                        "-84.18",
                        "42.19"
                    ],
                    [
                        "-79.93",
                        "42.53"
                    ],
                    [
                        "-77.83",
                        "42.48"
                    ],
                    [
                        "-76.03",
                        "42.78"
                    ],
                    [
                        "-74.48",
                        "43.12"
                    ],
                    [
                        "-72.18",
                        "43.21"
                    ],
                    [
                        "-70.05",
                        "43.05"
                    ],
                    [
                        "-68.37",
                        "43.31"
                    ],
                    [
                        "-66.47",
                        "43.63"
                    ],
                    [
                        "-64.65",
                        "44.06"
                    ],
                    [
                        "-61.76",
                        "45.07"
                    ]
                ]
            },
            "properties": {
                "forecastId": null,
                "geometryId": null,
                "tag": "1C",
                "forecastHour": 3,
                "hazard": "FZLVL",
                "frequency": null,
                "severity": null,
                "status": "NRML",
                "base": null,
                "top": null,
                "fzlBase": null,
                "fzlTop": null,
                "level": "120",
                "product": "ZULU",
                "rawAirSigmet": null,
                "validTimeTo": "2026-10-03T12:00:00.000",
                "validTimeFrom": [
                    "2026-10-03T10:53"
                ]
            }
        },
        {
            "type": "Feature",
            "geometry": {
                "type": "LineString",
                "coordinates": [
                    [
                        "-100.54",
                        "58.31"
                    ],
                    [
                        "-99.95",
                        "57.59"
                    ],
                    [
                        "-98.69",
                        "57.19"
                    ],
                    [
                        "-95.56",
                        "56.68"
                    ],
                    [
                        "-92.73",
                        "56.25"
                    ],
                    [
                        "-89.89",
                        "55.58"
                    ],
                    [
                        "-87.28",
                        "54.95"
                    ],
                    [
                        "-86.23",
                        "54.49"
                    ],
                    [
                        "-85.37",
                        "53.83"
                    ],
                    [
                        "-83.29",
                        "52.88"
                    ],
                    [
                        "-81.75",
                        "51.44"
                    ],
                    [
                        "-80.21",
                        "50.27"
                    ],
                    [
                        "-80.30",
                        "49.56"
                    ],
                    [
                        "-81.78",
                        "49.45"
                    ],
                    [
                        "-83.44",
                        "49.50"
                    ],
                    [
                        "-84.47",
                        "49.15"
                    ],
                    [
                        "-84.63",
                        "48.48"
                    ],
                    [
                        "-84.38",
                        "48.09"
                    ],
                    [
                        "-83.59",
                        "47.28"
                    ],
                    [
                        "-82.80",
                        "46.84"
                    ],
                    [
                        "-81.74",
                        "46.80"
                    ],
                    [
                        "-79.54",
                        "47.67"
                    ],
                    [
                        "-78.34",
                        "48.04"
                    ],
                    [
                        "-76.93",
                        "47.79"
                    ],
                    [
                        "-74.71",
                        "46.82"
                    ],
                    [
                        "-72.44",
                        "47.10"
                    ],
                    [
                        "-69.44",
                        "47.28"
                    ],
                    [
                        "-67.17",
                        "47.85"
                    ],
                    [
                        "-64.83",
                        "48.69"
                    ],
                    [
                        "-63.16",
                        "49.82"
                    ],
                    [
                        "-60.96",
                        "50.79"
                    ],
                    [
                        "-59.44",
                        "51.03"
                    ]
                ]
            },
            "properties": {
                "forecastId": null,
                "geometryId": null,
                "tag": "1C",
                "forecastHour": 3,
                "hazard": "FZLVL",
                "frequency": null,
                "severity": null,
                "status": "NRML",
                "base": null,
                "top": null,
                "fzlBase": null,
                "fzlTop": null,
                "level": "040",
                "product": "ZULU",
                "rawAirSigmet": null,
                "validTimeTo": "2026-10-03T12:00:00.000",
                "validTimeFrom": [
                    "2026-10-03T10:53"
                ]
            }
        },
        {
            "type": "Feature",
            "geometry": {
                "type": "Polygon",
                "coordinates": [
                    [
                        [
                            "-116.64",
                            "34.30"
                        ],
                        [
                            "-115.26",
                            "32.78"
                        ],
                        [
                            "-117.22",
                            "32.41"
                        ],
                        [
                            "-117.90",
                            "33.68"
                        ],
                        [
                            "-116.64",
                            "34.30"
                        ]
                    ]
                ]
            },
            "properties": {
                "forecastId": null,
                "geometryId": null,
                "tag": "1W",
                "forecastHour": 3,
                "hazard": "TURB-LO",
                "frequency": null,
                "severity": "MOD",
                "status": "NRML",
                "base": "SFC",
                "top": "120",
                "fzlBase": null,
                "fzlTop": null,
                "level": null,
                "product": "TANGO",
                "rawAirSigmet": null,
                "validTimeTo": "2026-10-03T12:00:00.000",
                "validTimeFrom": [
                    "2026-10-03T08:45"
                ]
            }
        },
        {
            "type": "Feature",
            "geometry": {
                "type": "Polygon",
                "coordinates": [
                    [
                        [
                            "-83.51",
                            "48.58"
                        ],
                        [
                            "-83.44",
                            "48.44"
                        ],
                        [
                            "-83.33",
                            "48.23"
                        ],
                        [
                            "-83.03",
                            "47.88"
                        ],
                        [
                            "-83.02",
                            "47.86"
                        ],
                        [
                            "-82.58",
                            "47.52"
                        ],
                        [
                            "-82.56",
                            "47.51"
                        ],
                        [
                            "-82.53",
                            "47.52"
                        ],
                        [
                            "-82.03",
                            "47.77"
                        ],
                        [
                            "-81.99",
                            "47.82"
                        ],
                        [
                            "-81.91",
                            "48.15"
                        ],
                        [
                            "-81.96",
                            "48.23"
                        ],
                        [
                            "-82.28",
                            "48.51"
                        ],
                        [
                            "-82.42",
                            "48.55"
                        ],
                        [
                            "-82.91",
                            "48.65"
                        ],
                        [
                            "-83.42",
                            "48.64"
                        ],
                        [
                            "-83.51",
                            "48.58"
                        ]
                    ]
                ]
            },
            "properties": {
                "forecastId": null,
                "geometryId": null,
                "tag": "1C",
                "forecastHour": 3,
                "hazard": "FZLVL",
                "frequency": null,
                "severity": null,
                "status": "NRML",
                "base": null,
                "top": null,
                "fzlBase": null,
                "fzlTop": null,
                "level": "SFC",
                "product": "ZULU",
                "rawAirSigmet": null,
                "validTimeTo": "2026-10-03T12:00:00.000",
                "validTimeFrom": [
                    "2026-10-03T10:53"
                ]
            }
        },
        {
            "type": "Feature",
            "geometry": {
                "type": "LineString",
                "coordinates": [
                    [
                        "-127.67",
                        "56.22"
                    ],
                    [
                        "-127.19",
                        "55.98"
                    ],
                    [
                        "-127.16",
                        "55.97"
                    ],
                    [
                        "-126.57",
                        "55.85"
                    ],
                    [
                        "-125.99",
                        "55.82"
                    ],
                    [
                        "-125.48",
                        "55.94"
                    ],
                    [
                        "-125.14",
                        "56.24"
                    ],
                    [
                        "-125.08",
                        "56.35"
                    ],
                    [
                        "-124.99",
                        "56.57"
                    ]
                ]
            },
            "properties": {
                "forecastId": null,
                "geometryId": null,
                "tag": "1C",
                "forecastHour": 3,
                "hazard": "FZLVL",
                "frequency": null,
                "severity": null,
                "status": "NRML",
                "base": null,
                "top": null,
                "fzlBase": null,
                "fzlTop": null,
                "level": "SFC",
                "product": "ZULU",
                "rawAirSigmet": null,
                "validTimeTo": "2026-10-03T12:00:00.000",
                "validTimeFrom": [
                    "2026-10-03T10:53"
                ]
            }
        },
        {
            "type": "Feature",
            "geometry": {
                "type": "Polygon",
                "coordinates": [
                    [
                        [
                            "-93.04",
                            "35.40"
                        ],
                        [
                            "-92.72",
                            "35.03"
                        ],
                        [
                            "-92.90",
                            "34.54"
                        ],
                        [
                            "-93.15",
                            "34.01"
                        ],
                        [
                            "-92.95",
                            "33.32"
                        ],
                        [
                            "-93.17",
                            "32.20"
                        ],
                        [
                            "-93.37",
                            "31.78"
                        ],
                        [
                            "-93.81",
                            "31.41"
                        ],
                        [
                            "-94.71",
                            "30.99"
                        ],
                        [
                            "-95.87",
                            "31.03"
                        ],
                        [
                            "-96.43",
                            "31.51"
                        ],
                        [
                            "-96.25",
                            "31.97"
                        ],
                        [
                            "-96.09",
                            "32.44"
                        ],
                        [
                            "-96.75",
                            "32.42"
                        ],
                        [
                            "-97.26",
                            "31.47"
                        ],
                        [
                            "-97.53",
                            "30.55"
                        ],
                        [
                            "-97.67",
                            "30.03"
                        ],
                        [
                            "-97.96",
                            "29.56"
                        ],
                        [
                            "-98.58",
                            "29.09"
                        ],
                        [
                            "-98.94",
                            "29.68"
                        ],
                        [
                            "-99.30",
                            "29.19"
                        ],
                        [
                            "-99.81",
                            "28.99"
                        ],
                        [
                            "-100.55",
                            "28.89"
                        ],
                        [
                            "-100.79",
                            "29.33"
                        ],
                        [
                            "-102.39",
                            "29.12"
                        ],
                        [
                            "-103.90",
                            "28.74"
                        ],
                        [
                            "-104.40",
                            "29.49"
                        ],
                        [
                            "-103.32",
                            "29.75"
                        ],
                        [
                            "-101.98",
                            "30.24"
                        ],
                        [
                            "-101.10",
                            "31.00"
                        ],
                        [
                            "-99.34",
                            "31.52"
                        ],
                        [
                            "-97.88",
                            "32.44"
                        ],
                        [
                            "-97.31",
                            "33.09"
                        ],
                        [
                            "-96.39",
                            "33.86"
                        ],
                        [
                            "-95.09",
                            "34.78"
                        ],
                        [
                            "-95.09",
                            "34.78"
                        ],
                        [
                            "-93.90",
                            "35.12"
                        ],
                        [
                            "-93.04",
                            "35.40"
                        ]
                    ]
                ]
            },
            "properties": {
                "forecastId": null,
                "geometryId": null,
                "tag": "1C",
                "forecastHour": 3,
                "hazard": "ICE",
                "frequency": null,
                "severity": "MOD",
                "status": "AMD",
                "base": "160",
                "top": "250",
                "fzlBase": null,
                "fzlTop": null,
                "level": null,
                "product": "ZULU",
                "rawAirSigmet": "ICE",
                "validTimeTo": "2026-10-03T12:00:00.000",
                "validTimeFrom": [
                    "2026-10-03T10:53"
                ]
            }
        },
        {
            "type": "Feature",
            "geometry": {
                "type": "Polygon",
                "coordinates": [
                    [
                        [
                            "-79.33",
                            "35.29"
                        ],
                        [
                            "-78.41",
                            "34.75"
                        ],
                        [
                            "-78.78",
                            "33.91"
                        ],
                        [
                            "-79.34",
                            "33.14"
                        ],
                        [
                            "-79.64",
                            "32.86"
                        ],
                        [
                            "-80.35",
                            "32.50"
                        ],
                        [
                            "-81.09",
                            "32.23"
                        ],
                        [
                            "-81.70",
                            "31.78"
                        ],
                        [
                            "-82.64",
                            "31.97"
                        ],
                        [
                            "-82.89",
                            "32.37"
                        ],
                        [
                            "-83.18",
                            "32.63"
                        ],
                        [
                            "-82.99",
                            "33.23"
                        ],
                        [
                            "-82.27",
                            "33.83"
                        ],
                        [
                            "-81.86",
                            "34.27"
                        ],
                        [
                            "-80.78",
                            "34.86"
                        ],
                        [
                            "-79.33",
                            "35.29"
                        ]
                    ]
                ]
            },
            "properties": {
                "forecastId": null,
                "geometryId": null,
                "tag": "6C",
                "forecastHour": 3,
                "hazard": "ICE",
                "frequency": null,
                "severity": "MOD",
                "status": "AMD",
                "base": "150",
                "top": "270",
                "fzlBase": null,
                "fzlTop": null,
                "level": null,
                "product": "ZULU",
                "rawAirSigmet": "ICE",
                "validTimeTo": "2026-10-03T12:00:00.000",
                "validTimeFrom": [
                    "2026-10-03T10:53"
                ]
            }
        },
        {
            "type": "Feature",
            "geometry": {
                "type": "Polygon",
                "coordinates": [
                    [
                        [
                            "-95.75",
                            "48.06"
                        ],
                        [
                            "-94.82",
                            "47.69"
                        ],
                        [
                            "-94.40",
                            "46.89"
                        ],
                        [
                            "-95.42",
                            "44.57"
                        ],
                        [
                            "-97.40",
                            "42.71"
                        ],
                        [
                            "-98.74",
                            "41.78"
                        ],
                        [
                            "-100.13",
                            "41.94"
                        ],
                        [
                            "-99.57",
                            "43.53"
                        ],
                        [
                            "-97.56",
                            "45.02"
                        ],
                        [
                            "-96.34",
                            "46.58"
                        ],
                        [
                            "-95.75",
                            "48.06"
                        ]
                    ]
                ]
            },
            "properties": {
                "forecastId": null,
                "geometryId": null,
                "tag": "1W",
                "forecastHour": 3,
                "hazard": "LLWS",
                "frequency": null,
                "severity": null,
                "status": "NRML",
                "base": null,
                "top": null,
                "fzlBase": null,
                "fzlTop": null,
                "level": null,
                "product": "TANGO",
                "rawAirSigmet": "AIR SPEED LOSS OR GAIN OF 20KTS OR MORE BELOW 2000 FT AGL",
                "validTimeTo": "2026-10-03T12:00:00.000",
                "validTimeFrom": [
                    "2026-10-03T08:45"
                ]
            }
        },
        {
            "type": "Feature",
            "geometry": {
                "type": "Polygon",
                "coordinates": [
                    [
                        [
                            "-105.31",
                            "36.75"
                        ],
                        [
                            "-105.11",
                            "36.38"
                        ],
                        [
                            "-105.16",
                            "35.68"
                        ],
                        [
                            "-104.86",
                            "35.43"
                        ],
                        [
                            "-103.27",
                            "35.85"
                        ],
                        [
                            "-101.94",
                            "35.86"
                        ],
                        [
                            "-100.64",
                            "33.72"
                        ],
                        [
                            "-100.67",
                            "32.78"
                        ],
                        [
                            "-101.45",
                            "32.05"
                        ],
                        [
                            "-102.30",
                            "31.78"
                        ],
                        [
                            "-103.37",
                            "32.54"
                        ],
                        [
                            "-105.05",
                            "34.00"
                        ],
                        [
                            "-106.00",
                            "34.96"
                        ],
                        [
                            "-106.63",
                            "35.70"
                        ],
                        [
                            "-106.51",
                            "36.43"
                        ],
                        [
                            "-106.21",
                            "36.74"
                        ],
                        [
                            "-105.31",
                            "36.75"
                        ]
                    ]
                ]
            },
            "properties": {
                "forecastId": null,
                "geometryId": null,
                "tag": "7E",
                "forecastHour": 3,
                "hazard": "IFR",
                "frequency": null,
                "severity": null,
                "status": "AMD",
                "base": null,
                "top": null,
                "fzlBase": null,
                "fzlTop": null,
                "level": null,
                "product": "SIERRA",
                "rawAirSigmet": "CIG BLW 010 VIS BLW 3SM BR FG",
                "validTimeTo": "2026-10-03T12:00:00.000",
                "validTimeFrom": [
                    "2026-10-03T10:48"
                ]
            }
        },
        {
            "type": "Feature",
            "geometry": {
                "type": "Polygon",
                "coordinates": [
                    [
                        [
                            "-77.37",
                            "36.06"
                        ],
                        [
                            "-77.11",
                            "34.79"
                        ],
                        [
                            "-77.45",
                            "34.40"
                        ],
                        [
                            "-78.78",
                            "33.53"
                        ],
                        [
                            "-79.61",
                            "34.16"
                        ],
                        [
                            "-78.94",
                            "34.98"
                        ],
                        [
                            "-77.37",
                            "36.06"
                        ]
                    ]
                ]
            },
            "properties": {
                "forecastId": null,
                "geometryId": null,
                "tag": "5E",
                "forecastHour": 3,
                "hazard": "IFR",
                "frequency": null,
                "severity": null,
                "status": "AMD",
                "base": null,
                "top": null,
                "fzlBase": null,
                "fzlTop": null,
                "level": null,
                "product": "SIERRA",
                "rawAirSigmet": "CIG BLW 010 VIS BLW 3SM BR FG",
                "validTimeTo": "2026-10-03T12:00:00.000",
                "validTimeFrom": [
                    "2026-10-03T10:48"
                ]
            }
        },
        {
            "type": "Feature",
            "geometry": {
                "type": "Polygon",
                "coordinates": [
                    [
                        [
                            "-95.09",
                            "48.91"
                        ],
                        [
                            "-94.62",
                            "48.67"
                        ],
                        [
                            "-93.06",
                            "48.33"
                        ],
                        [
                            "-92.48",
                            "48.33"
                        ],
                        [
                            "-89.47",
                            "47.96"
                        ],
                        [
                            "-91.52",
                            "46.31"
                        ],
                        [
                            "-94.29",
                            "45.23"
                        ],
                        [
                            "-99.26",
                            "45.64"
                        ],
                        [
                            "-101.65",
                            "46.14"
                        ],
                        [
                            "-100.88",
                            "47.09"
                        ],
                        [
                            "-98.40",
                            "47.77"
                        ],
                        [
                            "-96.98",
                            "48.80"
                        ],
                        [
                            "-95.09",
                            "48.91"
                        ]
                    ]
                ]
            },
            "properties": {
                "forecastId": null,
                "geometryId": null,
                "tag": "2W",
                "forecastHour": 3,
                "hazard": "TURB-LO",
                "frequency": null,
                "severity": "MOD",
                "status": "NRML",
                "base": "050",
                "top": "160",
                "fzlBase": null,
                "fzlTop": null,
                "level": null,
                "product": "TANGO",
                "rawAirSigmet": null,
                "validTimeTo": "2026-10-03T12:00:00.000",
                "validTimeFrom": [
                    "2026-10-03T08:45"
                ]
            }
        },
        {
            "type": "Feature",
            "geometry": {
                "type": "Polygon",
                "coordinates": [
                    [
                        [
                            "-123.65",
                            "38.52"
                        ],
                        [
                            "-122.44",
                            "37.71"
                        ],
                        [
                            "-122.50",
                            "37.20"
                        ],
                        [
                            "-121.79",
                            "36.61"
                        ],
                        [
                            "-121.47",
                            "36.24"
                        ],
                        [
                            "-120.85",
                            "35.10"
                        ],
                        [
                            "-120.55",
                            "34.28"
                        ],
                        [
                            "-120.62",
                            "33.88"
                        ],
                        [
                            "-121.27",
                            "33.37"
                        ],
                        [
                            "-121.10",
                            "32.74"
                        ],
                        [
                            "-121.68",
                            "32.29"
                        ],
                        [
                            "-124.95",
                            "37.19"
                        ],
                        [
                            "-123.65",
                            "38.52"
                        ]
                    ]
                ]
            },
            "properties": {
                "forecastId": null,
                "geometryId": null,
                "tag": "9E",
                "forecastHour": 3,
                "hazard": "IFR",
                "frequency": null,
                "severity": null,
                "status": "AMD",
                "base": null,
                "top": null,
                "fzlBase": null,
                "fzlTop": null,
                "level": null,
                "product": "SIERRA",
                "rawAirSigmet": "CIG BLW 010 VIS BLW 3SM BR FG",
                "validTimeTo": "2026-10-03T12:00:00.000",
                "validTimeFrom": [
                    "2026-10-03T10:48"
                ]
            }
        },
        {
            "type": "Feature",
            "geometry": {
                "type": "LineString",
                "coordinates": [
                    [
                        "-107.80",
                        "19.14"
                    ],
                    [
                        "-107.79",
                        "19.51"
                    ],
                    [
                        "-107.80",
                        "19.87"
                    ],
                    [
                        "-107.84",
                        "20.23"
                    ],
                    [
                        "-107.93",
                        "20.59"
                    ],
                    [
                        "-108.08",
                        "20.94"
                    ],
                    [
                        "-108.33",
                        "21.27"
                    ],
                    [
                        "-108.35",
                        "21.29"
                    ],
                    [
                        "-108.74",
                        "21.45"
                    ],
                    [
                        "-109.13",
                        "21.40"
                    ],
                    [
                        "-109.31",
                        "21.19"
                    ],
                    [
                        "-109.32",
                        "20.83"
                    ],
                    [
                        "-109.28",
                        "20.46"
                    ],
                    [
                        "-109.34",
                        "20.09"
                    ],
                    [
                        "-109.37",
                        "20.05"
                    ],
                    [
                        "-109.48",
                        "19.71"
                    ],
                    [
                        "-109.67",
                        "19.33"
                    ],
                    [
                        "-109.68",
                        "19.33"
                    ],
                    [
                        "-109.78",
                        "18.95"
                    ]
                ]
            },
            "properties": {
                "forecastId": null,
                "geometryId": null,
                "tag": "1C",
                "forecastHour": 3,
                "hazard": "FZLVL",
                "frequency": null,
                "severity": null,
                "status": "NRML",
                "base": null,
                "top": null,
                "fzlBase": null,
                "fzlTop": null,
                "level": "160",
                "product": "ZULU",
                "rawAirSigmet": null,
                "validTimeTo": "2026-10-03T12:00:00.000",
                "validTimeFrom": [
                    "2026-10-03T10:53"
                ]
            }
        },
        {
            "type": "Feature",
            "geometry": {
                "type": "Polygon",
                "coordinates": [
                    [
                        [
                            "-95.09",
                            "49.28"
                        ],
                        [
                            "-93.61",
                            "48.69"
                        ],
                        [
                            "-91.69",
                            "48.21"
                        ],
                        [
                            "-89.55",
                            "47.99"
                        ],
                        [
                            "-89.92",
                            "47.31"
                        ],
                        [
                            "-89.11",
                            "47.10"
                        ],
                        [
                            "-88.35",
                            "46.94"
                        ],
                        [
                            "-87.19",
                            "46.94"
                        ],
                        [
                            "-86.81",
                            "47.01"
                        ],
                        [
                            "-86.04",
                            "46.90"
                        ],
                        [
                            "-85.47",
                            "46.38"
                        ],
                        [
                            "-85.90",
                            "45.59"
                        ],
                        [
                            "-86.73",
                            "45.60"
                        ],
                        [
                            "-88.02",
                            "45.29"
                        ],
                        [
                            "-89.88",
                            "46.19"
                        ],
                        [
                            "-90.21",
                            "45.32"
                        ],
                        [
                            "-90.47",
                            "44.87"
                        ],
                        [
                            "-91.63",
                            "45.41"
                        ],
                        [
                            "-93.18",
                            "46.28"
                        ],
                        [
                            "-94.39",
                            "46.61"
                        ],
                        [
                            "-95.76",
                            "47.19"
                        ],
                        [
                            "-97.06",
                            "47.68"
                        ],
                        [
                            "-97.80",
                            "47.62"
                        ],
                        [
                            "-97.94",
                            "48.47"
                        ],
                        [
                            "-98.04",
                            "48.61"
                        ],
                        [
                            "-98.36",
                            "48.65"
                        ],
                        [
                            "-98.58",
                            "48.33"
                        ],
                        [
                            "-98.69",
                            "47.98"
                        ],
                        [
                            "-98.69",
                            "47.66"
                        ],
                        [
                            "-98.33",
                            "46.91"
                        ],
                        [
                            "-99.22",
                            "46.66"
                        ],
                        [
                            "-100.88",
                            "46.86"
                        ],
                        [
                            "-101.53",
                            "46.21"
                        ],
                        [
                            "-99.68",
                            "46.05"
                        ],
                        [
                            "-99.67",
                            "45.62"
                        ],
                        [
                            "-100.28",
                            "45.23"
                        ],
                        [
                            "-101.43",
                            "44.96"
                        ],
                        [
                            "-102.14",
                            "44.91"
                        ],
                        [
                            "-102.64",
                            "44.93"
                        ],
                        [
                            "-103.36",
                            "45.12"
                        ],
                        [
                            "-104.43",
                            "45.64"
                        ],
                        [
                            "-104.37",
                            "46.13"
                        ],
                        [
                            "-104.00",
                            "46.31"
                        ],
                        [
                            "-103.39",
                            "46.29"
                        ],
                        [
                            "-102.82",
                            "46.14"
                        ],
                        [
                            "-102.31",
                            "46.50"
                        ],
                        [
                            "-102.55",
                            "46.93"
                        ],
                        [
                            "-102.34",
                            "47.76"
                        ],
                        [
                            "-101.93",
                            "48.05"
                        ],
                        [
                            "-101.69",
                            "48.69"
                        ],
                        [
                            "-101.70",
                            "48.91"
                        ],
                        [
                            "-96.79",
                            "48.98"
                        ],
                        [
                            "-96.12",
                            "49.08"
                        ],
                        [
                            "-95.09",
                            "49.28"
                        ]
                    ]
                ]
            },
            "properties": {
                "forecastId": null,
                "geometryId": null,
                "tag": "4C",
                "forecastHour": 3,
                "hazard": "ICE",
                "frequency": null,
                "severity": "MOD",
                "status": "AMD",
                "base": "FZL",
                "top": "210",
                "fzlBase": "060",
                "fzlTop": "110",
                "level": null,
                "product": "ZULU",
                "rawAirSigmet": "ICE",
                "validTimeTo": "2026-10-03T12:00:00.000",
                "validTimeFrom": [
                    "2026-10-03T10:53"
                ]
            }
        },
        {
            "type": "Feature",
            "geometry": {
                "type": "Polygon",
                "coordinates": [
                    [
                        [
                            "-119.88",
                            "53.68"
                        ],
                        [
                            "-119.79",
                            "53.36"
                        ],
                        [
                            "-119.53",
                            "53.17"
                        ],
                        [
                            "-119.36",
                            "53.09"
                        ],
                        [
                            "-118.93",
                            "52.96"
                        ],
                        [
                            "-118.48",
                            "52.86"
                        ],
                        [
                            "-118.35",
                            "52.80"
                        ],
                        [
                            "-118.02",
                            "52.58"
                        ],
                        [
                            "-117.83",
                            "52.28"
                        ],
                        [
                            "-117.61",
                            "52.06"
                        ],
                        [
                            "-117.50",
                            "51.99"
                        ],
                        [
                            "-117.00",
                            "51.78"
                        ],
                        [
                            "-116.48",
                            "51.78"
                        ],
                        [
                            "-116.35",
                            "52.10"
                        ],
                        [
                            "-116.56",
                            "52.41"
                        ],
                        [
                            "-116.66",
                            "52.48"
                        ],
                        [
                            "-117.05",
                            "52.68"
                        ],
                        [
                            "-117.28",
                            "52.80"
                        ],
                        [
                            "-117.72",
                            "52.94"
                        ],
                        [
                            "-117.89",
                            "53.24"
                        ],
                        [
                            "-117.91",
                            "53.56"
                        ],
                        [
                            "-118.10",
                            "53.86"
                        ],
                        [
                            "-118.12",
                            "53.87"
                        ],
                        [
                            "-118.71",
                            "54.01"
                        ],
                        [
                            "-119.26",
                            "54.05"
                        ],
                        [
                            "-119.76",
                            "53.91"
                        ],
                        [
                            "-119.88",
                            "53.68"
                        ]
                    ]
                ]
            },
            "properties": {
                "forecastId": null,
                "geometryId": null,
                "tag": "1C",
                "forecastHour": 3,
                "hazard": "FZLVL",
                "frequency": null,
                "severity": null,
                "status": "NRML",
                "base": null,
                "top": null,
                "fzlBase": null,
                "fzlTop": null,
                "level": "SFC",
                "product": "ZULU",
                "rawAirSigmet": null,
                "validTimeTo": "2026-10-03T12:00:00.000",
                "validTimeFrom": [
                    "2026-10-03T10:53"
                ]
            }
        },
        {
            "type": "Feature",
            "geometry": {
                "type": "Polygon",
                "coordinates": [
                    [
                        [
                            "-80.37",
                            "39.12"
                        ],
                        [
                            "-79.38",
                            "39.05"
                        ],
                        [
                            "-78.84",
                            "38.78"
                        ],
                        [
                            "-78.77",
                            "38.11"
                        ],
                        [
                            "-80.38",
                            "35.94"
                        ],
                        [
                            "-82.72",
                            "35.64"
                        ],
                        [
                            "-84.12",
                            "35.10"
                        ],
                        [
                            "-85.17",
                            "34.87"
                        ],
                        [
                            "-85.03",
                            "36.80"
                        ],
                        [
                            "-81.85",
                            "38.80"
                        ],
                        [
                            "-80.37",
                            "39.12"
                        ]
                    ]
                ]
            },
            "properties": {
                "forecastId": null,
                "geometryId": null,
                "tag": "1E",
                "forecastHour": 3,
                "hazard": "MT_OBSC",
                "frequency": null,
                "severity": null,
                "status": "NRML",
                "base": null,
                "top": null,
                "fzlBase": null,
                "fzlTop": null,
                "level": null,
                "product": "SIERRA",
                "rawAirSigmet": "MTNS OBSC BY CLDS PCPN BR",
                "validTimeTo": "2026-10-03T12:00:00.000",
                "validTimeFrom": [
                    "2026-10-03T10:48"
                ]
            }
        },
        {
            "type": "Feature",
            "geometry": {
                "type": "Polygon",
                "coordinates": [
                    [
                        [
                            "-96.11",
                            "25.55"
                        ],
                        [
                            "-96.21",
                            "25.46"
                        ],
                        [
                            "-96.41",
                            "25.18"
                        ],
                        [
                            "-96.21",
                            "24.94"
                        ],
                        [
                            "-95.81",
                            "25.17"
                        ],
                        [
                            "-95.79",
                            "25.18"
                        ],
                        [
                            "-95.56",
                            "25.55"
                        ],
                        [
                            "-95.81",
                            "25.64"
                        ],
                        [
                            "-96.11",
                            "25.55"
                        ]
                    ]
                ]
            },
            "properties": {
                "forecastId": null,
                "geometryId": null,
                "tag": "1C",
                "forecastHour": 3,
                "hazard": "FZLVL",
                "frequency": null,
                "severity": null,
                "status": "NRML",
                "base": null,
                "top": null,
                "fzlBase": null,
                "fzlTop": null,
                "level": "160",
                "product": "ZULU",
                "rawAirSigmet": null,
                "validTimeTo": "2026-10-03T12:00:00.000",
                "validTimeFrom": [
                    "2026-10-03T10:53"
                ]
            }
        },
        {
            "type": "Feature",
            "geometry": {
                "type": "Polygon",
                "coordinates": [
                    [
                        [
                            "-113.43",
                            "57.09"
                        ],
                        [
                            "-113.47",
                            "57.09"
                        ],
                        [
                            "-114.00",
                            "56.94"
                        ],
                        [
                            "-114.51",
                            "56.75"
                        ],
                        [
                            "-114.60",
                            "56.69"
                        ],
                        [
                            "-114.89",
                            "56.36"
                        ],
                        [
                            "-114.73",
                            "56.06"
                        ],
                        [
                            "-114.26",
                            "55.81"
                        ],
                        [
                            "-114.23",
                            "55.79"
                        ],
                        [
                            "-113.67",
                            "55.63"
                        ],
                        [
                            "-113.25",
                            "55.56"
                        ],
                        [
                            "-113.09",
                            "55.53"
                        ],
                        [
                            "-112.53",
                            "55.50"
                        ],
                        [
                            "-111.99",
                            "55.56"
                        ],
                        [
                            "-111.70",
                            "55.67"
                        ],
                        [
                            "-111.53",
                            "55.97"
                        ],
                        [
                            "-111.53",
                            "56.00"
                        ],
                        [
                            "-111.50",
                            "56.31"
                        ],
                        [
                            "-111.60",
                            "56.61"
                        ],
                        [
                            "-111.69",
                            "56.66"
                        ],
                        [
                            "-111.96",
                            "56.89"
                        ],
                        [
                            "-112.34",
                            "57.06"
                        ],
                        [
                            "-112.76",
                            "57.14"
                        ],
                        [
                            "-112.93",
                            "57.17"
                        ],
                        [
                            "-113.43",
                            "57.09"
                        ]
                    ]
                ]
            },
            "properties": {
                "forecastId": null,
                "geometryId": null,
                "tag": "1C",
                "forecastHour": 3,
                "hazard": "FZLVL",
                "frequency": null,
                "severity": null,
                "status": "NRML",
                "base": null,
                "top": null,
                "fzlBase": null,
                "fzlTop": null,
                "level": "040",
                "product": "ZULU",
                "rawAirSigmet": null,
                "validTimeTo": "2026-10-03T12:00:00.000",
                "validTimeFrom": [
                    "2026-10-03T10:53"
                ]
            }
        },
        {
            "type": "Feature",
            "geometry": {
                "type": "Polygon",
                "coordinates": [
                    [
                        [
                            "-122.38",
                            "49.05"
                        ],
                        [
                            "-121.88",
                            "47.85"
                        ],
                        [
                            "-122.05",
                            "46.92"
                        ],
                        [
                            "-122.35",
                            "45.71"
                        ],
                        [
                            "-122.73",
                            "45.75"
                        ],
                        [
                            "-122.89",
                            "46.16"
                        ],
                        [
                            "-122.87",
                            "46.93"
                        ],
                        [
                            "-123.47",
                            "47.56"
                        ],
                        [
                            "-123.88",
                            "47.74"
                        ],
                        [
                            "-123.63",
                            "46.69"
                        ],
                        [
                            "-123.14",
                            "44.35"
                        ],
                        [
                            "-123.11",
                            "44.02"
                        ],
                        [
                            "-124.07",
                            "43.10"
                        ],
                        [
                            "-124.10",
                            "42.30"
                        ],
                        [
                            "-123.88",
                            "40.85"
                        ],
                        [
                            "-123.86",
                            "40.62"
                        ],
                        [
                            "-124.15",
                            "39.95"
                        ],
                        [
                            "-123.93",
                            "39.27"
                        ],
                        [
                            "-124.21",
                            "39.21"
                        ],
                        [
                            "-124.70",
                            "39.71"
                        ],
                        [
                            "-125.44",
                            "40.10"
                        ],
                        [
                            "-125.31",
                            "40.39"
                        ],
                        [
                            "-124.98",
                            "42.60"
                        ],
                        [
                            "-124.68",
                            "43.65"
                        ],
                        [
                            "-125.12",
                            "44.80"
                        ],
                        [
                            "-125.35",
                            "45.17"
                        ],
                        [
                            "-126.28",
                            "47.07"
                        ],
                        [
                            "-127.00",
                            "48.20"
                        ],
                        [
                            "-125.06",
                            "48.64"
                        ],
                        [
                            "-124.08",
                            "48.30"
                        ],
                        [
                            "-123.09",
                            "48.24"
                        ],
                        [
                            "-123.17",
                            "48.92"
                        ],
                        [
                            "-122.38",
                            "49.05"
                        ]
                    ]
                ]
            },
            "properties": {
                "forecastId": null,
                "geometryId": null,
                "tag": "1E",
                "forecastHour": 3,
                "hazard": "IFR",
                "frequency": null,
                "severity": null,
                "status": "AMD",
                "base": null,
                "top": null,
                "fzlBase": null,
                "fzlTop": null,
                "level": null,
                "product": "SIERRA",
                "rawAirSigmet": "CIG BLW 010 VIS BLW 3SM BR FG",
                "validTimeTo": "2026-10-03T12:00:00.000",
                "validTimeFrom": [
                    "2026-10-03T10:48"
                ]
            }
        },
        {
            "type": "Feature",
            "geometry": {
                "type": "Polygon",
                "coordinates": [
                    [
                        [
                            "-79.35",
                            "38.88"
                        ],
                        [
                            "-76.45",
                            "37.50"
                        ],
                        [
                            "-76.05",
                            "36.67"
                        ],
                        [
                            "-77.59",
                            "36.55"
                        ],
                        [
                            "-78.95",
                            "37.11"
                        ],
                        [
                            "-79.17",
                            "37.65"
                        ],
                        [
                            "-79.90",
                            "37.46"
                        ],
                        [
                            "-81.32",
                            "35.61"
                        ],
                        [
                            "-87.21",
                            "34.26"
                        ],
                        [
                            "-88.17",
                            "31.09"
                        ],
                        [
                            "-88.72",
                            "30.22"
                        ],
                        [
                            "-89.19",
                            "30.18"
                        ],
                        [
                            "-90.70",
                            "30.19"
                        ],
                        [
                            "-91.39",
                            "30.28"
                        ],
                        [
                            "-91.89",
                            "32.26"
                        ],
                        [
                            "-92.50",
                            "32.83"
                        ],
                        [
                            "-93.48",
                            "33.04"
                        ],
                        [
                            "-93.40",
                            "34.67"
                        ],
                        [
                            "-93.22",
                            "35.04"
                        ],
                        [
                            "-91.95",
                            "35.66"
                        ],
                        [
                            "-89.75",
                            "36.33"
                        ],
                        [
                            "-86.42",
                            "37.18"
                        ],
                        [
                            "-83.88",
                            "37.95"
                        ],
                        [
                            "-81.90",
                            "38.27"
                        ],
                        [
                            "-80.54",
                            "38.81"
                        ],
                        [
                            "-79.35",
                            "38.88"
                        ]
                    ]
                ]
            },
            "properties": {
                "forecastId": null,
                "geometryId": null,
                "tag": "8E",
                "forecastHour": 3,
                "hazard": "IFR",
                "frequency": null,
                "severity": null,
                "status": "AMD",
                "base": null,
                "top": null,
                "fzlBase": null,
                "fzlTop": null,
                "level": null,
                "product": "SIERRA",
                "rawAirSigmet": "CIG BLW 010 VIS BLW 3SM PCPN BR FG",
                "validTimeTo": "2026-10-03T12:00:00.000",
                "validTimeFrom": [
                    "2026-10-03T10:48"
                ]
            }
        },
        {
            "type": "Feature",
            "geometry": {
                "type": "Polygon",
                "coordinates": [
                    [
                        [
                            "-93.81",
                            "26.64"
                        ],
                        [
                            "-94.06",
                            "26.28"
                        ],
                        [
                            "-94.19",
                            "25.93"
                        ],
                        [
                            "-94.19",
                            "25.91"
                        ],
                        [
                            "-94.19",
                            "25.88"
                        ],
                        [
                            "-94.14",
                            "25.55"
                        ],
                        [
                            "-93.94",
                            "25.18"
                        ],
                        [
                            "-93.79",
                            "24.96"
                        ],
                        [
                            "-93.67",
                            "24.81"
                        ],
                        [
                            "-93.46",
                            "24.45"
                        ],
                        [
                            "-93.40",
                            "24.35"
                        ],
                        [
                            "-93.21",
                            "24.08"
                        ],
                        [
                            "-93.00",
                            "23.92"
                        ],
                        [
                            "-92.60",
                            "23.93"
                        ],
                        [
                            "-92.44",
                            "24.07"
                        ],
                        [
                            "-92.20",
                            "24.43"
                        ],
                        [
                            "-92.27",
                            "24.80"
                        ],
                        [
                            "-92.58",
                            "25.06"
                        ],
                        [
                            "-92.76",
                            "25.17"
                        ],
                        [
                            "-92.98",
                            "25.40"
                        ],
                        [
                            "-93.07",
                            "25.54"
                        ],
                        [
                            "-93.20",
                            "25.91"
                        ],
                        [
                            "-93.29",
                            "26.27"
                        ],
                        [
                            "-93.37",
                            "26.52"
                        ],
                        [
                            "-93.62",
                            "26.64"
                        ],
                        [
                            "-93.77",
                            "26.68"
                        ],
                        [
                            "-93.81",
                            "26.64"
                        ]
                    ]
                ]
            },
            "properties": {
                "forecastId": null,
                "geometryId": null,
                "tag": "1C",
                "forecastHour": 3,
                "hazard": "FZLVL",
                "frequency": null,
                "severity": null,
                "status": "NRML",
                "base": null,
                "top": null,
                "fzlBase": null,
                "fzlTop": null,
                "level": "160",
                "product": "ZULU",
                "rawAirSigmet": null,
                "validTimeTo": "2026-10-03T12:00:00.000",
                "validTimeFrom": [
                    "2026-10-03T10:53"
                ]
            }
        },
        {
            "type": "Feature",
            "geometry": {
                "type": "Polygon",
                "coordinates": [
                    [
                        [
                            "-114.40",
                            "56.71"
                        ],
                        [
                            "-114.49",
                            "56.67"
                        ],
                        [
                            "-114.81",
                            "56.37"
                        ],
                        [
                            "-114.54",
                            "56.08"
                        ],
                        [
                            "-114.31",
                            "55.99"
                        ],
                        [
                            "-113.86",
                            "55.82"
                        ],
                        [
                            "-113.70",
                            "55.76"
                        ],
                        [
                            "-113.11",
                            "55.60"
                        ],
                        [
                            "-112.99",
                            "55.58"
                        ],
                        [
                            "-112.53",
                            "55.49"
                        ],
                        [
                            "-111.99",
                            "55.56"
                        ],
                        [
                            "-111.85",
                            "55.66"
                        ],
                        [
                            "-111.86",
                            "55.97"
                        ],
                        [
                            "-111.98",
                            "56.27"
                        ],
                        [
                            "-112.20",
                            "56.57"
                        ],
                        [
                            "-112.23",
                            "56.58"
                        ],
                        [
                            "-112.71",
                            "56.84"
                        ],
                        [
                            "-112.86",
                            "56.90"
                        ],
                        [
                            "-113.43",
                            "56.95"
                        ],
                        [
                            "-113.97",
                            "56.85"
                        ],
                        [
                            "-114.40",
                            "56.71"
                        ]
                    ]
                ]
            },
            "properties": {
                "forecastId": null,
                "geometryId": null,
                "tag": "1C",
                "forecastHour": 3,
                "hazard": "FZLVL",
                "frequency": null,
                "severity": null,
                "status": "NRML",
                "base": null,
                "top": null,
                "fzlBase": null,
                "fzlTop": null,
                "level": "SFC",
                "product": "ZULU",
                "rawAirSigmet": null,
                "validTimeTo": "2026-10-03T12:00:00.000",
                "validTimeFrom": [
                    "2026-10-03T10:53"
                ]
            }
        },
        {
            "type": "Feature",
            "geometry": {
                "type": "LineString",
                "coordinates": [
                    [
                        "-87.59",
                        "19.52"
                    ],
                    [
                        "-87.65",
                        "19.78"
                    ],
                    [
                        "-88.00",
                        "20.35"
                    ],
                    [
                        "-88.77",
                        "20.70"
                    ],
                    [
                        "-89.53",
                        "21.09"
                    ],
                    [
                        "-90.69",
                        "21.37"
                    ],
                    [
                        "-91.63",
                        "21.49"
                    ],
                    [
                        "-92.38",
                        "21.87"
                    ],
                    [
                        "-93.32",
                        "22.25"
                    ],
                    [
                        "-94.21",
                        "22.40"
                    ],
                    [
                        "-95.00",
                        "22.10"
                    ],
                    [
                        "-95.46",
                        "21.53"
                    ],
                    [
                        "-96.17",
                        "20.88"
                    ],
                    [
                        "-96.82",
                        "20.79"
                    ],
                    [
                        "-97.36",
                        "20.78"
                    ],
                    [
                        "-97.53",
                        "19.69"
                    ]
                ]
            },
            "properties": {
                "forecastId": null,
                "geometryId": null,
                "tag": "1C",
                "forecastHour": 3,
                "hazard": "FZLVL",
                "frequency": null,
                "severity": null,
                "status": "NRML",
                "base": null,
                "top": null,
                "fzlBase": null,
                "fzlTop": null,
                "level": "160",
                "product": "ZULU",
                "rawAirSigmet": null,
                "validTimeTo": "2026-10-03T12:00:00.000",
                "validTimeFrom": [
                    "2026-10-03T10:53"
                ]
            }
        },
        {
            "type": "Feature",
            "geometry": {
                "type": "Polygon",
                "coordinates": [
                    [
                        [
                            "-81.08",
                            "35.48"
                        ],
                        [
                            "-81.36",
                            "33.48"
                        ],
                        [
                            "-81.52",
                            "33.13"
                        ],
                        [
                            "-81.68",
                            "32.53"
                        ],
                        [
                            "-82.24",
                            "30.88"
                        ],
                        [
                            "-81.82",
                            "29.97"
                        ],
                        [
                            "-82.08",
                            "29.18"
                        ],
                        [
                            "-81.80",
                            "27.90"
                        ],
                        [
                            "-82.41",
                            "27.75"
                        ],
                        [
                            "-82.53",
                            "28.38"
                        ],
                        [
                            "-82.64",
                            "28.82"
                        ],
                        [
                            "-83.30",
                            "29.87"
                        ],
                        [
                            "-84.95",
                            "30.32"
                        ],
                        [
                            "-87.27",
                            "30.56"
                        ],
                        [
                            "-87.08",
                            "32.59"
                        ],
                        [
                            "-85.57",
                            "33.75"
                        ],
                        [
                            "-84.18",
                            "34.34"
                        ],
                        [
                            "-81.08",
                            "35.48"
                        ]
                    ]
                ]
            },
            "properties": {
                "forecastId": null,
                "geometryId": null,
                "tag": "3E",
                "forecastHour": 3,
                "hazard": "IFR",
                "frequency": null,
                "severity": null,
                "status": "AMD",
                "base": null,
                "top": null,
                "fzlBase": null,
                "fzlTop": null,
                "level": null,
                "product": "SIERRA",
                "rawAirSigmet": "CIG BLW 010 VIS BLW 3SM PCPN BR FG",
                "validTimeTo": "2026-10-03T12:00:00.000",
                "validTimeFrom": [
                    "2026-10-03T10:48"
                ]
            }
        },
        {
            "type": "Feature",
            "geometry": {
                "type": "Polygon",
                "coordinates": [
                    [
                        [
                            "-76.07",
                            "40.08"
                        ],
                        [
                            "-74.13",
                            "38.40"
                        ],
                        [
                            "-75.71",
                            "37.50"
                        ],
                        [
                            "-77.33",
                            "37.41"
                        ],
                        [
                            "-78.28",
                            "37.19"
                        ],
                        [
                            "-79.09",
                            "37.12"
                        ],
                        [
                            "-80.23",
                            "36.78"
                        ],
                        [
                            "-80.92",
                            "36.61"
                        ],
                        [
                            "-81.70",
                            "36.28"
                        ],
                        [
                            "-83.24",
                            "35.81"
                        ],
                        [
                            "-83.77",
                            "35.61"
                        ],
                        [
                            "-84.87",
                            "34.75"
                        ],
                        [
                            "-86.03",
                            "34.93"
                        ],
                        [
                            "-86.52",
                            "35.42"
                        ],
                        [
                            "-85.51",
                            "36.28"
                        ],
                        [
                            "-84.78",
                            "36.80"
                        ],
                        [
                            "-83.06",
                            "37.58"
                        ],
                        [
                            "-81.74",
                            "38.44"
                        ],
                        [
                            "-80.08",
                            "38.72"
                        ],
                        [
                            "-79.53",
                            "39.00"
                        ],
                        [
                            "-78.00",
                            "39.49"
                        ],
                        [
                            "-77.37",
                            "39.67"
                        ],
                        [
                            "-76.07",
                            "40.08"
                        ]
                    ]
                ]
            },
            "properties": {
                "forecastId": null,
                "geometryId": null,
                "tag": "3C",
                "forecastHour": 3,
                "hazard": "ICE",
                "frequency": null,
                "severity": "MOD",
                "status": "AMD",
                "base": "FZL",
                "top": "270",
                "fzlBase": "130",
                "fzlTop": "160",
                "level": null,
                "product": "ZULU",
                "rawAirSigmet": "ICE",
                "validTimeTo": "2026-10-03T12:00:00.000",
                "validTimeFrom": [
                    "2026-10-03T10:53"
                ]
            }
        },
        {
            "type": "Feature",
            "geometry": {
                "type": "Polygon",
                "coordinates": [
                    [
                        [
                            "-66.98",
                            "44.84"
                        ],
                        [
                            "-66.89",
                            "44.33"
                        ],
                        [
                            "-67.43",
                            "44.00"
                        ],
                        [
                            "-68.12",
                            "44.09"
                        ],
                        [
                            "-68.52",
                            "43.85"
                        ],
                        [
                            "-69.13",
                            "43.90"
                        ],
                        [
                            "-69.81",
                            "43.77"
                        ],
                        [
                            "-70.04",
                            "43.66"
                        ],
                        [
                            "-70.25",
                            "44.05"
                        ],
                        [
                            "-67.74",
                            "44.44"
                        ],
                        [
                            "-66.98",
                            "44.84"
                        ]
                    ]
                ]
            },
            "properties": {
                "forecastId": null,
                "geometryId": null,
                "tag": "1C",
                "forecastHour": 3,
                "hazard": "M_FZLVL",
                "frequency": null,
                "severity": null,
                "status": "NRML",
                "base": "070",
                "top": "120",
                "fzlBase": null,
                "fzlTop": null,
                "level": null,
                "product": "ZULU",
                "rawAirSigmet": null,
                "validTimeTo": "2026-10-03T12:00:00.000",
                "validTimeFrom": [
                    "2026-10-03T10:53"
                ]
            }
        },
        {
            "type": "Feature",
            "geometry": {
                "type": "LineString",
                "coordinates": [
                    [
                        "-121.04",
                        "57.02"
                    ],
                    [
                        "-120.77",
                        "56.93"
                    ],
                    [
                        "-120.16",
                        "56.81"
                    ],
                    [
                        "-120.08",
                        "56.81"
                    ],
                    [
                        "-119.59",
                        "56.81"
                    ],
                    [
                        "-119.05",
                        "56.87"
                    ],
                    [
                        "-118.81",
                        "56.94"
                    ],
                    [
                        "-118.55",
                        "57.09"
                    ],
                    [
                        "-118.45",
                        "57.28"
                    ]
                ]
            },
            "properties": {
                "forecastId": null,
                "geometryId": null,
                "tag": "1C",
                "forecastHour": 3,
                "hazard": "FZLVL",
                "frequency": null,
                "severity": null,
                "status": "NRML",
                "base": null,
                "top": null,
                "fzlBase": null,
                "fzlTop": null,
                "level": "SFC",
                "product": "ZULU",
                "rawAirSigmet": null,
                "validTimeTo": "2026-10-03T12:00:00.000",
                "validTimeFrom": [
                    "2026-10-03T10:53"
                ]
            }
        },
        {
            "type": "Feature",
            "geometry": {
                "type": "Polygon",
                "coordinates": [
                    [
                        [
                            "-75.78",
                            "44.46"
                        ],
                        [
                            "-75.50",
                            "44.42"
                        ],
                        [
                            "-74.76",
                            "44.36"
                        ],
                        [
                            "-74.05",
                            "44.33"
                        ],
                        [
                            "-73.26",
                            "44.09"
                        ],
                        [
                            "-73.02",
                            "43.97"
                        ],
                        [
                            "-73.48",
                            "43.82"
                        ],
                        [
                            "-74.35",
                            "43.90"
                        ],
                        [
                            "-74.93",
                            "43.96"
                        ],
                        [
                            "-75.26",
                            "43.65"
                        ],
                        [
                            "-75.75",
                            "43.76"
                        ],
                        [
                            "-76.37",
                            "43.46"
                        ],
                        [
                            "-76.87",
                            "43.45"
                        ],
                        [
                            "-77.23",
                            "43.22"
                        ],
                        [
                            "-78.94",
                            "43.25"
                        ],
                        [
                            "-78.95",
                            "43.65"
                        ],
                        [
                            "-77.27",
                            "43.86"
                        ],
                        [
                            "-76.11",
                            "44.24"
                        ],
                        [
                            "-75.78",
                            "44.46"
                        ]
                    ]
                ]
            },
            "properties": {
                "forecastId": null,
                "geometryId": null,
                "tag": "3C",
                "forecastHour": 3,
                "hazard": "M_FZLVL",
                "frequency": null,
                "severity": null,
                "status": "NRML",
                "base": "070",
                "top": "120",
                "fzlBase": null,
                "fzlTop": null,
                "level": null,
                "product": "ZULU",
                "rawAirSigmet": null,
                "validTimeTo": "2026-10-03T12:00:00.000",
                "validTimeFrom": [
                    "2026-10-03T10:53"
                ]
            }
        },
        {
            "type": "Feature",
            "geometry": {
                "type": "Polygon",
                "coordinates": [
                    [
                        [
                            "-70.05",
                            "46.35"
                        ],
                        [
                            "-69.59",
                            "46.12"
                        ],
                        [
                            "-71.06",
                            "44.08"
                        ],
                        [
                            "-71.90",
                            "43.66"
                        ],
                        [
                            "-72.56",
                            "43.41"
                        ],
                        [
                            "-73.02",
                            "42.69"
                        ],
                        [
                            "-73.80",
                            "42.33"
                        ],
                        [
                            "-74.77",
                            "42.11"
                        ],
                        [
                            "-75.28",
                            "41.66"
                        ],
                        [
                            "-75.46",
                            "41.51"
                        ],
                        [
                            "-76.63",
                            "41.55"
                        ],
                        [
                            "-75.57",
                            "42.06"
                        ],
                        [
                            "-74.45",
                            "42.70"
                        ],
                        [
                            "-74.03",
                            "43.43"
                        ],
                        [
                            "-73.67",
                            "44.10"
                        ],
                        [
                            "-72.33",
                            "44.56"
                        ],
                        [
                            "-71.16",
                            "45.10"
                        ],
                        [
                            "-70.05",
                            "46.35"
                        ]
                    ]
                ]
            },
            "properties": {
                "forecastId": null,
                "geometryId": null,
                "tag": "4E",
                "forecastHour": 3,
                "hazard": "IFR",
                "frequency": null,
                "severity": null,
                "status": "AMD",
                "base": null,
                "top": null,
                "fzlBase": null,
                "fzlTop": null,
                "level": null,
                "product": "SIERRA",
                "rawAirSigmet": "CIG BLW 010 VIS BLW 3SM BR FG",
                "validTimeTo": "2026-10-03T12:00:00.000",
                "validTimeFrom": [
                    "2026-10-03T10:48"
                ]
            }
        },
        {
            "type": "Feature",
            "geometry": {
                "type": "Polygon",
                "coordinates": [
                    [
                        [
                            "-71.93",
                            "35.61"
                        ],
                        [
                            "-71.03",
                            "35.62"
                        ],
                        [
                            "-71.09",
                            "35.36"
                        ],
                        [
                            "-71.64",
                            "34.87"
                        ],
                        [
                            "-72.01",
                            "34.48"
                        ],
                        [
                            "-72.25",
                            "34.15"
                        ],
                        [
                            "-72.71",
                            "33.48"
                        ],
                        [
                            "-72.91",
                            "33.14"
                        ],
                        [
                            "-73.30",
                            "32.46"
                        ],
                        [
                            "-73.87",
                            "32.52"
                        ],
                        [
                            "-74.00",
                            "32.92"
                        ],
                        [
                            "-73.93",
                            "33.64"
                        ],
                        [
                            "-73.66",
                            "34.34"
                        ],
                        [
                            "-73.43",
                            "34.79"
                        ],
                        [
                            "-72.89",
                            "35.28"
                        ],
                        [
                            "-72.41",
                            "35.47"
                        ],
                        [
                            "-71.93",
                            "35.61"
                        ]
                    ]
                ]
            },
            "properties": {
                "forecastId": null,
                "geometryId": null,
                "tag": "1C",
                "forecastHour": 3,
                "hazard": "FZLVL",
                "frequency": null,
                "severity": null,
                "status": "NRML",
                "base": null,
                "top": null,
                "fzlBase": null,
                "fzlTop": null,
                "level": "160",
                "product": "ZULU",
                "rawAirSigmet": null,
                "validTimeTo": "2026-10-03T12:00:00.000",
                "validTimeFrom": [
                    "2026-10-03T10:53"
                ]
            }
        },
        {
            "type": "Feature",
            "geometry": {
                "type": "LineString",
                "coordinates": [
                    [
                        "-129.29",
                        "28.12"
                    ],
                    [
                        "-127.75",
                        "28.47"
                    ],
                    [
                        "-127.24",
                        "29.37"
                    ],
                    [
                        "-126.68",
                        "31.07"
                    ],
                    [
                        "-126.05",
                        "32.67"
                    ],
                    [
                        "-125.62",
                        "33.59"
                    ],
                    [
                        "-124.87",
                        "34.26"
                    ],
                    [
                        "-123.62",
                        "34.34"
                    ],
                    [
                        "-122.64",
                        "34.85"
                    ],
                    [
                        "-122.05",
                        "35.35"
                    ],
                    [
                        "-120.99",
                        "35.49"
                    ],
                    [
                        "-119.80",
                        "35.31"
                    ],
                    [
                        "-118.89",
                        "35.45"
                    ],
                    [
                        "-115.89",
                        "36.09"
                    ],
                    [
                        "-111.84",
                        "37.39"
                    ],
                    [
                        "-110.49",
                        "37.64"
                    ],
                    [
                        "-109.49",
                        "37.55"
                    ],
                    [
                        "-107.83",
                        "37.41"
                    ],
                    [
                        "-107.95",
                        "36.48"
                    ],
                    [
                        "-108.53",
                        "35.90"
                    ],
                    [
                        "-107.84",
                        "35.48"
                    ],
                    [
                        "-106.71",
                        "35.31"
                    ],
                    [
                        "-106.06",
                        "34.63"
                    ],
                    [
                        "-106.53",
                        "33.65"
                    ],
                    [
                        "-106.60",
                        "32.41"
                    ],
                    [
                        "-106.93",
                        "31.60"
                    ],
                    [
                        "-107.75",
                        "30.95"
                    ],
                    [
                        "-110.46",
                        "29.06"
                    ],
                    [
                        "-110.61",
                        "28.49"
                    ],
                    [
                        "-110.19",
                        "28.35"
                    ],
                    [
                        "-108.97",
                        "28.18"
                    ],
                    [
                        "-107.29",
                        "27.00"
                    ],
                    [
                        "-106.39",
                        "26.69"
                    ],
                    [
                        "-105.53",
                        "27.01"
                    ],
                    [
                        "-103.66",
                        "27.68"
                    ],
                    [
                        "-101.81",
                        "28.59"
                    ],
                    [
                        "-100.39",
                        "28.38"
                    ],
                    [
                        "-99.55",
                        "28.02"
                    ],
                    [
                        "-98.36",
                        "29.07"
                    ],
                    [
                        "-97.10",
                        "29.95"
                    ],
                    [
                        "-95.09",
                        "31.03"
                    ],
                    [
                        "-93.85",
                        "31.13"
                    ],
                    [
                        "-92.42",
                        "31.04"
                    ],
                    [
                        "-90.14",
                        "31.31"
                    ],
                    [
                        "-89.04",
                        "31.40"
                    ],
                    [
                        "-88.03",
                        "31.23"
                    ],
                    [
                        "-87.40",
                        "30.48"
                    ],
                    [
                        "-86.14",
                        "30.09"
                    ],
                    [
                        "-85.25",
                        "29.65"
                    ],
                    [
                        "-84.71",
                        "28.83"
                    ],
                    [
                        "-84.84",
                        "26.69"
                    ],
                    [
                        "-84.68",
                        "25.93"
                    ],
                    [
                        "-85.17",
                        "25.23"
                    ],
                    [
                        "-86.05",
                        "24.67"
                    ],
                    [
                        "-86.14",
                        "24.10"
                    ],
                    [
                        "-85.47",
                        "23.80"
                    ],
                    [
                        "-84.16",
                        "23.93"
                    ],
                    [
                        "-82.29",
                        "23.24"
                    ],
                    [
                        "-81.43",
                        "23.50"
                    ],
                    [
                        "-80.23",
                        "23.49"
                    ],
                    [
                        "-78.73",
                        "22.28"
                    ],
                    [
                        "-76.89",
                        "21.42"
                    ],
                    [
                        "-75.96",
                        "20.08"
                    ],
                    [
                        "-75.63",
                        "19.50"
                    ],
                    [
                        "-75.66",
                        "18.40"
                    ]
                ]
            },
            "properties": {
                "forecastId": null,
                "geometryId": null,
                "tag": "1C",
                "forecastHour": 3,
                "hazard": "FZLVL",
                "frequency": null,
                "severity": null,
                "status": "NRML",
                "base": null,
                "top": null,
                "fzlBase": null,
                "fzlTop": null,
                "level": "160",
                "product": "ZULU",
                "rawAirSigmet": null,
                "validTimeTo": "2026-10-03T12:00:00.000",
                "validTimeFrom": [
                    "2026-10-03T10:53"
                ]
            }
        },
        {
            "type": "Feature",
            "geometry": {
                "type": "Polygon",
                "coordinates": [
                    [
                        [
                            "-90.88",
                            "37.56"
                        ],
                        [
                            "-91.79",
                            "35.79"
                        ],
                        [
                            "-96.85",
                            "34.04"
                        ],
                        [
                            "-99.45",
                            "31.97"
                        ],
                        [
                            "-100.88",
                            "33.41"
                        ],
                        [
                            "-98.95",
                            "35.48"
                        ],
                        [
                            "-94.64",
                            "37.26"
                        ],
                        [
                            "-90.88",
                            "37.56"
                        ]
                    ]
                ]
            },
            "properties": {
                "forecastId": null,
                "geometryId": null,
                "tag": "1W",
                "forecastHour": 3,
                "hazard": "TURB-HI",
                "frequency": null,
                "severity": "MOD",
                "status": "NRML",
                "base": "250",
                "top": "380",
                "fzlBase": null,
                "fzlTop": null,
                "level": null,
                "product": "TANGO",
                "rawAirSigmet": null,
                "validTimeTo": "2026-10-03T12:00:00.000",
                "validTimeFrom": [
                    "2026-10-03T08:45"
                ]
            }
        },
        {
            "type": "Feature",
            "geometry": {
                "type": "Polygon",
                "coordinates": [
                    [
                        [
                            "-67.02",
                            "42.42"
                        ],
                        [
                            "-67.11",
                            "40.88"
                        ],
                        [
                            "-68.44",
                            "40.23"
                        ],
                        [
                            "-70.99",
                            "39.39"
                        ],
                        [
                            "-74.12",
                            "38.44"
                        ],
                        [
                            "-75.81",
                            "39.88"
                        ],
                        [
                            "-74.77",
                            "40.07"
                        ],
                        [
                            "-73.66",
                            "40.05"
                        ],
                        [
                            "-73.39",
                            "40.36"
                        ],
                        [
                            "-72.63",
                            "40.41"
                        ],
                        [
                            "-71.06",
                            "40.63"
                        ],
                        [
                            "-70.62",
                            "40.94"
                        ],
                        [
                            "-69.56",
                            "41.39"
                        ],
                        [
                            "-67.02",
                            "42.42"
                        ]
                    ]
                ]
            },
            "properties": {
                "forecastId": null,
                "geometryId": null,
                "tag": "2C",
                "forecastHour": 3,
                "hazard": "ICE",
                "frequency": null,
                "severity": "MOD",
                "status": "AMD",
                "base": "FZL",
                "top": "230",
                "fzlBase": "130",
                "fzlTop": "140",
                "level": null,
                "product": "ZULU",
                "rawAirSigmet": "ICE",
                "validTimeTo": "2026-10-03T12:00:00.000",
                "validTimeFrom": [
                    "2026-10-03T10:53"
                ]
            }
        },
        {
            "type": "Feature",
            "geometry": {
                "type": "LineString",
                "coordinates": [
                    [
                        "-134.26",
                        "54.25"
                    ],
                    [
                        "-130.33",
                        "54.24"
                    ],
                    [
                        "-128.31",
                        "54.08"
                    ],
                    [
                        "-125.38",
                        "54.31"
                    ],
                    [
                        "-123.40",
                        "54.28"
                    ],
                    [
                        "-121.90",
                        "53.84"
                    ],
                    [
                        "-120.33",
                        "52.99"
                    ],
                    [
                        "-118.70",
                        "52.51"
                    ],
                    [
                        "-117.29",
                        "51.74"
                    ],
                    [
                        "-116.54",
                        "51.58"
                    ],
                    [
                        "-115.53",
                        "51.87"
                    ],
                    [
                        "-115.04",
                        "52.29"
                    ],
                    [
                        "-114.22",
                        "52.10"
                    ],
                    [
                        "-112.32",
                        "51.48"
                    ],
                    [
                        "-110.27",
                        "51.43"
                    ],
                    [
                        "-108.48",
                        "51.10"
                    ],
                    [
                        "-107.43",
                        "50.84"
                    ],
                    [
                        "-106.63",
                        "50.88"
                    ],
                    [
                        "-104.82",
                        "50.96"
                    ],
                    [
                        "-102.95",
                        "51.19"
                    ],
                    [
                        "-101.65",
                        "51.78"
                    ],
                    [
                        "-100.70",
                        "52.10"
                    ],
                    [
                        "-99.75",
                        "52.10"
                    ],
                    [
                        "-98.37",
                        "51.94"
                    ],
                    [
                        "-97.60",
                        "51.57"
                    ],
                    [
                        "-95.48",
                        "50.07"
                    ],
                    [
                        "-94.59",
                        "48.78"
                    ],
                    [
                        "-93.03",
                        "47.89"
                    ],
                    [
                        "-91.70",
                        "47.29"
                    ],
                    [
                        "-89.97",
                        "47.11"
                    ],
                    [
                        "-86.20",
                        "45.95"
                    ],
                    [
                        "-84.05",
                        "45.59"
                    ],
                    [
                        "-83.11",
                        "44.79"
                    ],
                    [
                        "-82.50",
                        "44.15"
                    ],
                    [
                        "-81.63",
                        "43.88"
                    ],
                    [
                        "-79.23",
                        "43.61"
                    ],
                    [
                        "-71.36",
                        "44.42"
                    ],
                    [
                        "-70.08",
                        "44.21"
                    ],
                    [
                        "-68.36",
                        "44.27"
                    ],
                    [
                        "-66.39",
                        "44.68"
                    ],
                    [
                        "-64.71",
                        "45.17"
                    ],
                    [
                        "-61.32",
                        "46.28"
                    ]
                ]
            },
            "properties": {
                "forecastId": null,
                "geometryId": null,
                "tag": "1C",
                "forecastHour": 3,
                "hazard": "FZLVL",
                "frequency": null,
                "severity": null,
                "status": "NRML",
                "base": null,
                "top": null,
                "fzlBase": null,
                "fzlTop": null,
                "level": "080",
                "product": "ZULU",
                "rawAirSigmet": null,
                "validTimeTo": "2026-10-03T12:00:00.000",
                "validTimeFrom": [
                    "2026-10-03T10:53"
                ]
            }
        },
        {
            "type": "Feature",
            "geometry": {
                "type": "Polygon",
                "coordinates": [
                    [
                        [
                            "-97.12",
                            "35.52"
                        ],
                        [
                            "-95.88",
                            "35.32"
                        ],
                        [
                            "-95.20",
                            "34.71"
                        ],
                        [
                            "-93.44",
                            "34.67"
                        ],
                        [
                            "-93.51",
                            "33.05"
                        ],
                        [
                            "-95.69",
                            "30.96"
                        ],
                        [
                            "-97.08",
                            "30.10"
                        ],
                        [
                            "-98.88",
                            "29.37"
                        ],
                        [
                            "-100.42",
                            "29.40"
                        ],
                        [
                            "-101.43",
                            "30.76"
                        ],
                        [
                            "-100.97",
                            "32.12"
                        ],
                        [
                            "-98.71",
                            "34.08"
                        ],
                        [
                            "-97.12",
                            "35.52"
                        ]
                    ]
                ]
            },
            "properties": {
                "forecastId": null,
                "geometryId": null,
                "tag": "2E",
                "forecastHour": 3,
                "hazard": "IFR",
                "frequency": null,
                "severity": null,
                "status": "AMD",
                "base": null,
                "top": null,
                "fzlBase": null,
                "fzlTop": null,
                "level": null,
                "product": "SIERRA",
                "rawAirSigmet": "CIG BLW 010 VIS BLW 3SM BR FG",
                "validTimeTo": "2026-10-03T12:00:00.000",
                "validTimeFrom": [
                    "2026-10-03T10:48"
                ]
            }
        },
        {
            "type": "Feature",
            "geometry": {
                "type": "Polygon",
                "coordinates": [
                    [
                        [
                            "-112.73",
                            "33.87"
                        ],
                        [
                            "-111.42",
                            "33.87"
                        ],
                        [
                            "-109.89",
                            "33.68"
                        ],
                        [
                            "-109.57",
                            "33.54"
                        ],
                        [
                            "-109.64",
                            "32.26"
                        ],
                        [
                            "-110.60",
                            "31.81"
                        ],
                        [
                            "-111.73",
                            "32.06"
                        ],
                        [
                            "-112.75",
                            "32.69"
                        ],
                        [
                            "-113.54",
                            "33.35"
                        ],
                        [
                            "-112.73",
                            "33.87"
                        ]
                    ]
                ]
            },
            "properties": {
                "forecastId": null,
                "geometryId": null,
                "tag": "3W",
                "forecastHour": 3,
                "hazard": "TURB-LO",
                "frequency": null,
                "severity": "MOD",
                "status": "NRML",
                "base": "SFC",
                "top": "120",
                "fzlBase": null,
                "fzlTop": null,
                "level": null,
                "product": "TANGO",
                "rawAirSigmet": null,
                "validTimeTo": "2026-10-03T12:00:00.000",
                "validTimeFrom": [
                    "2026-10-03T08:45"
                ]
            }
        },
        {
            "type": "Feature",
            "geometry": {
                "type": "LineString",
                "coordinates": [
                    [
                        "-99.45",
                        "58.33"
                    ],
                    [
                        "-99.16",
                        "58.03"
                    ],
                    [
                        "-98.95",
                        "57.96"
                    ],
                    [
                        "-98.38",
                        "57.77"
                    ],
                    [
                        "-98.33",
                        "57.75"
                    ],
                    [
                        "-97.81",
                        "57.62"
                    ],
                    [
                        "-97.25",
                        "57.50"
                    ],
                    [
                        "-96.74",
                        "57.46"
                    ],
                    [
                        "-96.68",
                        "57.46"
                    ],
                    [
                        "-96.59",
                        "57.46"
                    ],
                    [
                        "-96.12",
                        "57.52"
                    ],
                    [
                        "-95.56",
                        "57.65"
                    ],
                    [
                        "-95.00",
                        "57.74"
                    ],
                    [
                        "-94.86",
                        "57.77"
                    ],
                    [
                        "-94.70",
                        "58.07"
                    ],
                    [
                        "-94.59",
                        "58.37"
                    ]
                ]
            },
            "properties": {
                "forecastId": null,
                "geometryId": null,
                "tag": "1C",
                "forecastHour": 3,
                "hazard": "FZLVL",
                "frequency": null,
                "severity": null,
                "status": "NRML",
                "base": null,
                "top": null,
                "fzlBase": null,
                "fzlTop": null,
                "level": "SFC",
                "product": "ZULU",
                "rawAirSigmet": null,
                "validTimeTo": "2026-10-03T12:00:00.000",
                "validTimeFrom": [
                    "2026-10-03T10:53"
                ]
            }
        },
        {
            "type": "Feature",
            "geometry": {
                "type": "Polygon",
                "coordinates": [
                    [
                        [
                            "-111.64",
                            "48.95"
                        ],
                        [
                            "-108.38",
                            "48.89"
                        ],
                        [
                            "-105.52",
                            "47.84"
                        ],
                        [
                            "-99.34",
                            "48.45"
                        ],
                        [
                            "-96.75",
                            "48.04"
                        ],
                        [
                            "-97.17",
                            "46.68"
                        ],
                        [
                            "-101.27",
                            "45.60"
                        ],
                        [
                            "-104.16",
                            "45.46"
                        ],
                        [
                            "-107.81",
                            "45.78"
                        ],
                        [
                            "-109.33",
                            "46.69"
                        ],
                        [
                            "-111.64",
                            "48.95"
                        ]
                    ]
                ]
            },
            "properties": {
                "forecastId": null,
                "geometryId": null,
                "tag": "5W",
                "forecastHour": 3,
                "hazard": "TURB-HI",
                "frequency": null,
                "severity": "MOD",
                "status": "NRML",
                "base": "250",
                "top": "400",
                "fzlBase": null,
                "fzlTop": null,
                "level": null,
                "product": "TANGO",
                "rawAirSigmet": null,
                "validTimeTo": "2026-10-03T12:00:00.000",
                "validTimeFrom": [
                    "2026-10-03T08:45"
                ]
            }
        }
    ],
    "metadata": {
        "creationTime": "2026-10-03T12:25"
    }
}