{
    "type": "FeatureCollection",
    "features": [
        {
            "type": "Feature",
            "geometry": {
                "type": "LineString",
                "coordinates": [
                    [
                        "-135.08",
                        "44.60"
                    ],
                    [
                        "-133.69",
                        "44.90"
                    ],
                    [
                        "-130.47",
                        "45.66"
                    ],
                    [
                        "-127.52",
                        "45.85"
                    ],
                    [
                        "-124.18",
                        "46.38"
                    ],
                    [
                        "-120.80",
                        "46.83"
                    ],
                    [
                        "-117.94",
                        "47.40"
                    ],
                    [
                        "-115.65",
                        "48.39"
                    ],
                    [
                        "-114.74",
                        "48.93"
                    ],
                    [
                        "-114.41",
                        "49.68"
                    ],
                    [
                        "-113.72",
                        "50.45"
                    ],
                    [
                        "-112.58",
                        "50.82"
                    ],
                    [
                        "-111.69",
                        "51.54"
                    ],
                    [
                        "-111.31",
                        "52.30"
                    ],
                    [
                        "-111.22",
                        "54.45"
                    ],
                    [
                        "-110.78",
                        "56.04"
                    ],
                    [
                        "-110.72",
                        "57.88"
                    ]
                ]
            },
            "properties": {
                "forecastId": null,
                "geometryId": null,
                "tag": "1C",
                "forecastHour": 6,
                "hazard": "FZLVL",
                "frequency": null,
                "severity": null,
                "status": "NRML",
                "base": null,
                "top": null,
                "fzlBase": null,
                "fzlTop": null,
                "level": "120",
                "product": "ZULU",
                "rawAirSigmet": null,
                "validTimeTo": "2026-08-02T09:00:00.000",
                "validTimeFrom": [
                    "2026-08-02T02:45"
                ]
            }
        },
        {
            "type": "Feature",
            "geometry": {
                "type": "Polygon",
                "coordinates": [
                    [
                        [
                            "-121.91",
                            "49.05"
                        ],
                        [
                            "-120.42",
                            "49.03"
                        ],
                        [
                            "-120.69",
                            "48.30"
                        ],
                        [
                            "-120.79",
                            "47.66"
                        ],
                        [
                            "-120.82",
                            "46.84"
                        ],
                        [
                            "-121.53",
                            "46.32"
                        ],
                        [
                            "-121.79",
                            "46.05"
                        ],
                        [
                            "-122.28",
                            "46.12"
                        ],
                        [
                            "-122.61",
                            "46.43"
                        ],
                        [
                            "-122.31",
                            "46.57"
                        ],
                        [
                            "-121.99",
                            "46.75"
                        ],
                        [
                            "-121.92",
                            "47.23"
                        ],
                        [
                            "-121.81",
                            "48.23"
                        ],
                        [
                            "-121.91",
                            "49.05"
                        ]
                    ]
                ]
            },
            "properties": {
                "forecastId": null,
                "geometryId": null,
                "tag": "8E",
                "forecastHour": 6,
                "hazard": "IFR",
                "frequency": null,
                "severity": null,
                "status": "NRML",
                "base": null,
                "top": null,
                "fzlBase": null,
                "fzlTop": null,
                "level": null,
                "product": "SIERRA",
                "rawAirSigmet": "CIG BLW 010 VIS BLW 3SM BR FG",
                "validTimeTo": "2026-08-02T09:00:00.000",
                "validTimeFrom": [
                    "2026-08-02T06:12"
                ]
            }
        },
        {
            "type": "Feature",
            "geometry": {
                "type": "Polygon",
                "coordinates": [
                    [
                        [
                            "-79.24",
                            "39.50"
                        ],
                        [
                            "-78.36",
                            "38.96"
                        ],
                        [
                            "-78.39",
                            "37.97"
                        ],
                        [
                            "-77.90",
                            "37.19"
                        ],
                        [
                            "-77.81",
                            "35.74"
                        ],
                        [
                            "-79.52",
                            "34.67"
                        ],
                        [
                            "-80.90",
                            "33.37"
                        ],
                        [
                            "-82.57",
                            "32.47"
                        ],
                        [
                            "-84.28",
                            "31.71"
                        ],
                        [
                            "-84.95",
                            "31.68"
                        ],
                        [
                            "-86.24",
                            "31.84"
                        ],
                        [
                            "-86.59",
                            "32.08"
                        ],
                        [
                            "-87.21",
                            "33.05"
                        ],
                        [
                            "-86.89",
                            "34.21"
                        ],
                        [
                            "-86.40",
                            "34.84"
                        ],
                        [
                            "-85.77",
                            "35.81"
                        ],
                        [
                            "-84.38",
                            "36.65"
                        ],
                        [
                            "-81.99",
                            "37.38"
                        ],
                        [
                            "-81.23",
                            "37.75"
                        ],
                        [
                            "-80.42",
                            "38.89"
                        ],
                        [
                            "-79.24",
                            "39.50"
                        ]
                    ]
                ]
            },
            "properties": {
                "forecastId": null,
                "geometryId": null,
                "tag": "7E",
                "forecastHour": 6,
                "hazard": "IFR",
                "frequency": null,
                "severity": null,
                "status": "NRML",
                "base": null,
                "top": null,
                "fzlBase": null,
                "fzlTop": null,
                "level": null,
                "product": "SIERRA",
                "rawAirSigmet": "CIG BLW 010 VIS BLW 3SM PCPN BR FG",
                "validTimeTo": "2026-08-02T09:00:00.000",
                "validTimeFrom": [
                    "2026-08-02T06:12"
                ]
            }
        },
        {
            "type": "Feature",
            "geometry": {
                "type": "LineString",
                "coordinates": [
                    [
                        "-91.93",
                        "58.35"
                    ],
                    [
                        "-91.77",
                        "58.05"
                    ],
                    [
                        "-91.61",
                        "57.93"
                    ],
                    [
                        "-91.26",
                        "57.74"
                    ],
                    [
                        "-91.06",
                        "57.66"
                    ],
                    [
                        "-90.51",
                        "57.55"
                    ],
                    [
                        "-89.94",
                        "57.58"
                    ],
                    [
                        "-89.63",
                        "57.71"
                    ],
                    [
                        "-89.39",
                        "58.01"
                    ],
                    [
                        "-89.36",
                        "58.30"
                    ]
                ]
            },
            "properties": {
                "forecastId": null,
                "geometryId": null,
                "tag": "1C",
                "forecastHour": 6,
                "hazard": "FZLVL",
                "frequency": null,
                "severity": null,
                "status": "NRML",
                "base": null,
                "top": null,
                "fzlBase": null,
                "fzlTop": null,
                "level": "080",
                "product": "ZULU",
                "rawAirSigmet": null,
                "validTimeTo": "2026-08-02T09:00:00.000",
                "validTimeFrom": [
                    "2026-08-02T02:45"
                ]
            }
        },
        {
            "type": "Feature",
            "geometry": {
                "type": "Polygon",
                "coordinates": [
                    [
                        [
                            "-119.42",
                            "22.80"
                        ],
                        [
                            "-119.65",
                            "22.59"
                        ],
                        [
                            "-119.76",
                            "22.37"
                        ],
                        [
                            "-119.61",
                            "22.02"
                        ],
                        [
                            "-119.53",
                            "21.98"
                        ],
                        [
                            "-119.11",
                            "21.88"
                        ],
                        [
                            "-118.73",
                            "21.94"
                        ],
                        [
                            "-118.51",
                            "22.21"
                        ],
                        [
                            "-118.46",
                            "22.58"
                        ],
                        [
                            "-118.71",
                            "22.91"
                        ],
                        [
                            "-118.92",
                            "22.96"
                        ],
                        [
                            "-119.31",
                            "22.86"
                        ],
                        [
                            "-119.42",
                            "22.80"
                        ]
                    ]
                ]
            },
            "properties": {
                "forecastId": null,
                "geometryId": null,
                "tag": "1C",
                "forecastHour": 6,
                "hazard": "FZLVL",
                "frequency": null,
                "severity": null,
                "status": "NRML",
                "base": null,
                "top": null,
                "fzlBase": null,
                "fzlTop": null,
                "level": "160",
                "product": "ZULU",
                "rawAirSigmet": null,
                "validTimeTo": "2026-08-02T09:00:00.000",
                "validTimeFrom": [
                    "2026-08-02T02:45"
                ]
            }
        },
        {
            "type": "Feature",
            "geometry": {
                "type": "Polygon",
                "coordinates": [
                    [
                        [
                            "-121.96",
                            "37.18"
                        ],
                        [
                            "-121.38",
                            "36.79"
                        ],
                        [
                            "-121.49",
                            "36.05"
                        ],
                        [
                            "-121.44",
                            "35.89"
                        ],
                        [
                            "-120.95",
                            "35.27"
                        ],
                        [
                            "-120.40",
                            "35.02"
                        ],
                        [
                            "-120.11",
                            "34.64"
                        ],
                        [
                            "-119.47",
                            "34.23"
                        ],
                        [
                            "-119.10",
                            "34.16"
                        ],
                        [
                            "-118.84",
                            "34.05"
                        ],
                        [
                            "-118.44",
                            "34.05"
                        ],
                        [
                            "-117.95",
                            "33.87"
                        ],
                        [
                            "-117.02",
                            "33.32"
                        ],
                        [
                            "-116.75",
                            "32.51"
                        ],
                        [
                            "-117.76",
                            "32.07"
                        ],
                        [
                            "-118.84",
                            "31.21"
                        ],
                        [
                            "-120.71",
                            "30.77"
                        ],
                        [
                            "-122.03",
                            "32.70"
                        ],
                        [
                            "-122.27",
                            "35.30"
                        ],
                        [
                            "-122.51",
                            "36.68"
                        ],
                        [
                            "-121.96",
                            "37.18"
                        ]
                    ]
                ]
            },
            "properties": {
                "forecastId": null,
                "geometryId": null,
                "tag": "3E",
                "forecastHour": 6,
                "hazard": "IFR",
                "frequency": null,
                "severity": null,
                "status": "NRML",
                "base": null,
                "top": null,
                "fzlBase": null,
                "fzlTop": null,
                "level": null,
                "product": "SIERRA",
                "rawAirSigmet": "CIG BLW 010 VIS BLW 3SM BR FG",
                "validTimeTo": "2026-08-02T09:00:00.000",
                "validTimeFrom": [
                    "2026-08-02T06:12"
                ]
            }
        },
        {
            "type": "Feature",
            "geometry": {
                "type": "Polygon",
                "coordinates": [
                    [
                        [
                            "-98.05",
                            "29.39"
                        ],
                        [
                            "-96.70",
                            "29.16"
                        ],
                        [
                            "-96.33",
                            "28.66"
                        ],
                        [
                            "-96.40",
                            "28.04"
                        ],
                        [
                            "-96.89",
                            "27.72"
                        ],
                        [
                            "-97.95",
                            "27.72"
                        ],
                        [
                            "-98.98",
                            "27.72"
                        ],
                        [
                            "-99.73",
                            "27.48"
                        ],
                        [
                            "-100.42",
                            "28.79"
                        ],
                        [
                            "-99.10",
                            "29.15"
                        ],
                        [
                            "-98.05",
                            "29.39"
                        ]
                    ]
                ]
            },
            "properties": {
                "forecastId": null,
                "geometryId": null,
                "tag": "5C",
                "forecastHour": 6,
                "hazard": "ICE",
                "frequency": null,
                "severity": "MOD",
                "status": "NRML",
                "base": "160",
                "top": "270",
                "fzlBase": null,
                "fzlTop": null,
                "level": null,
                "product": "ZULU",
                "rawAirSigmet": "ICE",
                "validTimeTo": "2026-08-02T09:00:00.000",
                "validTimeFrom": [
                    "2026-08-02T02:45"
                ]
            }
        },
        {
            "type": "Feature",
            "geometry": {
                "type": "Polygon",
                "coordinates": [
                    [
                        [
                            "-78.78",
                            "42.08"
                        ],
                        [
                            "-78.29",
                            "40.97"
                        ],
                        [
                            "-77.61",
                            "40.23"
                        ],
                        [
                            "-78.13",
                            "39.49"
                        ],
                        [
                            "-78.52",
                            "38.28"
                        ],
                        [
                            "-79.25",
                            "37.45"
                        ],
                        [
                            "-80.09",
                            "36.61"
                        ],
                        [
                            "-80.94",
                            "35.18"
                        ],
                        [
                            "-84.37",
                            "33.63"
                        ],
                        [
                            "-85.22",
                            "34.85"
                        ],
                        [
                            "-85.17",
                            "35.61"
                        ],
                        [
                            "-85.05",
                            "36.74"
                        ],
                        [
                            "-81.92",
                            "38.84"
                        ],
                        [
                            "-80.12",
                            "40.92"
                        ],
                        [
                            "-79.30",
                            "41.88"
                        ],
                        [
                            "-78.78",
                            "42.08"
                        ]
                    ]
                ]
            },
            "properties": {
                "forecastId": null,
                "geometryId": null,
                "tag": "4E",
                "forecastHour": 6,
                "hazard": "MT_OBSC",
                "frequency": null,
                "severity": null,
                "status": "NRML",
                "base": null,
                "top": null,
                "fzlBase": null,
                "fzlTop": null,
                "level": null,
                "product": "SIERRA",
                "rawAirSigmet": "MTNS OBSC BY CLDS PCPN BR FG",
                "validTimeTo": "2026-08-02T09:00:00.000",
                "validTimeFrom": [
                    "2026-08-02T06:12"
                ]
            }
        },
        {
            "type": "Feature",
            "geometry": {
                "type": "Polygon",
                "coordinates": [
                    [
                        [
                            "-122.58",
                            "48.97"
                        ],
                        [
                            "-120.14",
                            "48.92"
                        ],
                        [
                            "-120.36",
                            "48.26"
                        ],
                        [
                            "-120.63",
                            "47.47"
                        ],
                        [
                            "-121.16",
                            "46.41"
                        ],
                        [
                            "-121.79",
                            "45.89"
                        ],
                        [
                            "-121.37",
                            "45.17"
                        ],
                        [
                            "-122.49",
                            "43.08"
                        ],
                        [
                            "-122.68",
                            "42.19"
                        ],
                        [
                            "-123.64",
                            "42.07"
                        ],
                        [
                            "-124.06",
                            "42.62"
                        ],
                        [
                            "-122.41",
                            "44.62"
                        ],
                        [
                            "-122.53",
                            "45.27"
                        ],
                        [
                            "-123.17",
                            "45.05"
                        ],
                        [
                            "-123.58",
                            "44.58"
                        ],
                        [
                            "-124.08",
                            "44.30"
                        ],
                        [
                            "-124.07",
                            "44.56"
                        ],
                        [
                            "-124.14",
                            "46.94"
                        ],
                        [
                            "-124.63",
                            "48.29"
                        ],
                        [
                            "-123.59",
                            "48.59"
                        ],
                        [
                            "-122.58",
                            "48.97"
                        ]
                    ]
                ]
            },
            "properties": {
                "forecastId": null,
                "geometryId": null,
                "tag": "1E",
                "forecastHour": 6,
                "hazard": "MT_OBSC",
                "frequency": null,
                "severity": null,
                "status": "NRML",
                "base": null,
                "top": null,
                "fzlBase": null,
                "fzlTop": null,
                "level": null,
                "product": "SIERRA",
                "rawAirSigmet": "MTNS OBSC BY CLDS BR FG",
                "validTimeTo": "2026-08-02T09:00:00.000",
                "validTimeFrom": [
                    "2026-08-02T06:12"
                ]
            }
        },
        {
            "type": "Feature",
            "geometry": {
                "type": "Polygon",
                "coordinates": [
                    [
                        [
                            "-69.30",
                            "47.62"
                        ],
                        [
                            "-67.83",
                            "47.19"
                        ],
                        [
                            "-67.88",
                            "45.83"
                        ],
                        [
                            "-69.23",
                            "43.93"
                        ],
                        [
                            "-73.21",
                            "42.16"
                        ],
                        [
                            "-74.73",
                            "40.33"
                        ],
                        [
                            "-76.17",
                            "41.18"
                        ],
                        [
                            "-78.67",
                            "41.56"
                        ],
                        [
                            "-79.67",
                            "42.44"
                        ],
                        [
                            "-78.99",
                            "43.58"
                        ],
                        [
                            "-76.86",
                            "43.70"
                        ],
                        [
                            "-75.15",
                            "44.96"
                        ],
                        [
                            "-71.12",
                            "45.35"
                        ],
                        [
                            "-69.30",
                            "47.62"
                        ]
                    ]
                ]
            },
            "properties": {
                "forecastId": null,
                "geometryId": null,
                "tag": "3C",
                "forecastHour": 6,
                "hazard": "ICE",
                "frequency": null,
                "severity": "MOD",
                "status": "NRML",
                "base": "130",
                "top": "250",
                "fzlBase": null,
                "fzlTop": null,
                "level": null,
                "product": "ZULU",
                "rawAirSigmet": "ICE",
                "validTimeTo": "2026-08-02T09:00:00.000",
                "validTimeFrom": [
                    "2026-08-02T02:45"
                ]
            }
        },
        {
            "type": "Feature",
            "geometry": {
                "type": "Polygon",
                "coordinates": [
                    [
                        [
                            "-118.00",
                            "26.66"
                        ],
                        [
                            "-118.77",
                            "26.38"
                        ],
                        [
                            "-119.13",
                            "26.09"
                        ],
                        [
                            "-119.24",
                            "25.43"
                        ],
                        [
                            "-118.90",
                            "24.95"
                        ],
                        [
                            "-118.44",
                            "24.67"
                        ],
                        [
                            "-117.61",
                            "24.61"
                        ],
                        [
                            "-117.09",
                            "25.02"
                        ],
                        [
                            "-116.64",
                            "25.46"
                        ],
                        [
                            "-116.34",
                            "25.87"
                        ],
                        [
                            "-116.19",
                            "26.26"
                        ],
                        [
                            "-116.38",
                            "26.86"
                        ],
                        [
                            "-116.82",
                            "27.01"
                        ],
                        [
                            "-117.62",
                            "26.82"
                        ],
                        [
                            "-118.00",
                            "26.66"
                        ]
                    ]
                ]
            },
            "properties": {
                "forecastId": null,
                "geometryId": null,
                "tag": "1C",
                "forecastHour": 6,
                "hazard": "FZLVL",
                "frequency": null,
                "severity": null,
                "status": "NRML",
                "base": null,
                "top": null,
                "fzlBase": null,
                "fzlTop": null,
                "level": "160",
                "product": "ZULU",
                "rawAirSigmet": null,
                "validTimeTo": "2026-08-02T09:00:00.000",
                "validTimeFrom": [
                    "2026-08-02T02:45"
                ]
            }
        },
        {
            "type": "Feature",
            "geometry": {
                "type": "Polygon",
                "coordinates": [
                    [
                        [
                            "-113.13",
                            "41.79"
                        ],
                        [
                            "-112.13",
                            "41.61"
                        ],
                        [
                            "-110.74",
                            "41.33"
                        ],
                        [
                            "-110.97",
                            "39.68"
                        ],
                        [
                            "-111.96",
                            "38.46"
                        ],
                        [
                            "-113.72",
                            "38.31"
                        ],
                        [
                            "-114.38",
                            "37.78"
                        ],
                        [
                            "-115.59",
                            "37.67"
                        ],
                        [
                            "-115.83",
                            "37.13"
                        ],
                        [
                            "-116.29",
                            "37.21"
                        ],
                        [
                            "-116.06",
                            "38.06"
                        ],
                        [
                            "-116.35",
                            "38.22"
                        ],
                        [
                            "-116.61",
                            "38.91"
                        ],
                        [
                            "-116.28",
                            "39.66"
                        ],
                        [
                            "-115.84",
                            "40.30"
                        ],
                        [
                            "-114.77",
                            "40.68"
                        ],
                        [
                            "-114.39",
                            "41.12"
                        ],
                        [
                            "-113.91",
                            "41.40"
                        ],
                        [
                            "-113.13",
                            "41.79"
                        ]
                    ]
                ]
            },
            "properties": {
                "forecastId": null,
                "geometryId": null,
                "tag": "4E",
                "forecastHour": 6,
                "hazard": "MT_OBSC",
                "frequency": null,
                "severity": null,
                "status": "NRML",
                "base": null,
                "top": null,
                "fzlBase": null,
                "fzlTop": null,
                "level": null,
                "product": "SIERRA",
                "rawAirSigmet": "FU HZ",
                "validTimeTo": "2026-08-02T09:00:00.000",
                "validTimeFrom": [
                    "2026-08-02T06:12"
                ]
            }
        },
        {
            "type": "Feature",
            "geometry": {
                "type": "Polygon",
                "coordinates": [
                    [
                        [
                            "-86.06",
                            "47.01"
                        ],
                        [
                            "-85.38",
                            "46.35"
                        ],
                        [
                            "-83.94",
                            "45.74"
                        ],
                        [
                            "-83.02",
                            "45.62"
                        ],
                        [
                            "-82.52",
                            "45.03"
                        ],
                        [
                            "-81.99",
                            "43.27"
                        ],
                        [
                            "-83.31",
                            "42.20"
                        ],
                        [
                            "-82.89",
                            "41.91"
                        ],
                        [
                            "-82.66",
                            "41.25"
                        ],
                        [
                            "-82.42",
                            "40.75"
                        ],
                        [
                            "-82.67",
                            "40.26"
                        ],
                        [
                            "-83.04",
                            "39.82"
                        ],
                        [
                            "-83.66",
                            "39.39"
                        ],
                        [
                            "-86.07",
                            "38.82"
                        ],
                        [
                            "-86.77",
                            "37.83"
                        ],
                        [
                            "-87.99",
                            "36.94"
                        ],
                        [
                            "-90.18",
                            "36.99"
                        ],
                        [
                            "-91.01",
                            "37.42"
                        ],
                        [
                            "-91.26",
                            "38.36"
                        ],
                        [
                            "-90.42",
                            "39.20"
                        ],
                        [
                            "-90.02",
                            "40.26"
                        ],
                        [
                            "-89.64",
                            "41.33"
                        ],
                        [
                            "-89.10",
                            "42.80"
                        ],
                        [
                            "-88.40",
                            "44.48"
                        ],
                        [
                            "-88.03",
                            "45.70"
                        ],
                        [
                            "-87.60",
                            "46.45"
                        ],
                        [
                            "-87.17",
                            "46.73"
                        ],
                        [
                            "-86.63",
                            "46.92"
                        ],
                        [
                            "-86.06",
                            "47.01"
                        ]
                    ]
                ]
            },
            "properties": {
                "forecastId": null,
                "geometryId": null,
                "tag": "1E",
                "forecastHour": 6,
                "hazard": "IFR",
                "frequency": null,
                "severity": null,
                "status": "NRML",
                "base": null,
                "top": null,
                "fzlBase": null,
                "fzlTop": null,
                "level": null,
                "product": "SIERRA",
                "rawAirSigmet": "CIG BLW 010 VIS BLW 3SM PCPN BR FG",
                "validTimeTo": "2026-08-02T09:00:00.000",
                "validTimeFrom": [
                    "2026-08-02T06:12"
                ]
            }
        },
        {
            "type": "Feature",
            "geometry": {
                "type": "LineString",
                "coordinates": [
                    [
                        "-126.43",
                        "17.48"
                    ],
                    [
                        "-126.08",
                        "17.64"
                    ],
                    [
                        "-125.74",
                        "17.85"
                    ],
                    [
                        "-125.74",
                        "17.86"
                    ],
                    [
                        "-125.42",
                        "18.15"
                    ],
                    [
                        "-125.31",
                        "18.32"
                    ],
                    [
                        "-125.16",
                        "18.68"
                    ],
                    [
                        "-125.14",
                        "18.73"
                    ],
                    [
                        "-125.15",
                        "19.10"
                    ],
                    [
                        "-125.30",
                        "19.44"
                    ],
                    [
                        "-125.36",
                        "19.51"
                    ],
                    [
                        "-125.59",
                        "19.75"
                    ],
                    [
                        "-125.86",
                        "19.96"
                    ],
                    [
                        "-125.97",
                        "20.04"
                    ],
                    [
                        "-126.35",
                        "20.30"
                    ],
                    [
                        "-126.39",
                        "20.33"
                    ],
                    [
                        "-126.82",
                        "20.59"
                    ],
                    [
                        "-126.85",
                        "20.60"
                    ],
                    [
                        "-127.26",
                        "20.74"
                    ]
                ]
            },
            "properties": {
                "forecastId": null,
                "geometryId": null,
                "tag": "1C",
                "forecastHour": 6,
                "hazard": "FZLVL",
                "frequency": null,
                "severity": null,
                "status": "NRML",
                "base": null,
                "top": null,
                "fzlBase": null,
                "fzlTop": null,
                "level": "160",
                "product": "ZULU",
                "rawAirSigmet": null,
                "validTimeTo": "2026-08-02T09:00:00.000",
                "validTimeFrom": [
                    "2026-08-02T02:45"
                ]
            }
        },
        {
            "type": "Feature",
            "geometry": {
                "type": "Polygon",
                "coordinates": [
                    [
                        [
                            "-116.64",
                            "49.00"
                        ],
                        [
                            "-111.06",
                            "49.00"
                        ],
                        [
                            "-106.69",
                            "44.49"
                        ],
                        [
                            "-108.39",
                            "43.48"
                        ],
                        [
                            "-116.63",
                            "48.46"
                        ],
                        [
                            "-116.64",
                            "49.00"
                        ]
                    ]
                ]
            },
            "properties": {
                "forecastId": null,
                "geometryId": null,
                "tag": "4W",
                "forecastHour": 6,
                "hazard": "TURB-HI",
                "frequency": null,
                "severity": "MOD",
                "status": "NRML",
                "base": "300",
                "top": "450",
                "fzlBase": null,
                "fzlTop": null,
                "level": null,
                "product": "TANGO",
                "rawAirSigmet": "MTN WAVE",
                "validTimeTo": "2026-08-02T09:00:00.000",
                "validTimeFrom": [
                    "2026-08-02T02:52"
                ]
            }
        },
        {
            "type": "Feature",
            "geometry": {
                "type": "LineString",
                "coordinates": [
                    [
                        "-68.44",
                        "20.22"
                    ],
                    [
                        "-69.21",
                        "20.34"
                    ],
                    [
                        "-69.59",
                        "20.39"
                    ],
                    [
                        "-69.97",
                        "20.48"
                    ],
                    [
                        "-70.67",
                        "20.93"
                    ],
                    [
                        "-71.00",
                        "21.29"
                    ],
                    [
                        "-71.33",
                        "21.68"
                    ],
                    [
                        "-71.68",
                        "21.90"
                    ],
                    [
                        "-72.46",
                        "22.04"
                    ],
                    [
                        "-72.92",
                        "22.43"
                    ],
                    [
                        "-72.72",
                        "22.79"
                    ],
                    [
                        "-72.22",
                        "23.32"
                    ],
                    [
                        "-71.76",
                        "23.61"
                    ],
                    [
                        "-71.33",
                        "23.76"
                    ],
                    [
                        "-70.49",
                        "23.88"
                    ],
                    [
                        "-70.08",
                        "23.90"
                    ],
                    [
                        "-69.25",
                        "24.02"
                    ],
                    [
                        "-68.82",
                        "24.09"
                    ],
                    [
                        "-68.00",
                        "24.14"
                    ],
                    [
                        "-67.59",
                        "24.14"
                    ]
                ]
            },
            "properties": {
                "forecastId": null,
                "geometryId": null,
                "tag": "1C",
                "forecastHour": 6,
                "hazard": "FZLVL",
                "frequency": null,
                "severity": null,
                "status": "NRML",
                "base": null,
                "top": null,
                "fzlBase": null,
                "fzlTop": null,
                "level": "160",
                "product": "ZULU",
                "rawAirSigmet": null,
                "validTimeTo": "2026-08-02T09:00:00.000",
                "validTimeFrom": [
                    "2026-08-02T02:45"
                ]
            }
        },
        {
            "type": "Feature",
            "geometry": {
                "type": "Polygon",
                "coordinates": [
                    [
                        [
                            "-120.31",
                            "49.02"
                        ],
                        [
                            "-120.56",
                            "48.35"
                        ],
                        [
                            "-121.49",
                            "47.93"
                        ],
                        [
                            "-122.21",
                            "47.92"
                        ],
                        [
                            "-122.80",
                            "48.23"
                        ],
                        [
                            "-123.03",
                            "48.90"
                        ],
                        [
                            "-120.31",
                            "49.02"
                        ]
                    ]
                ]
            },
            "properties": {
                "forecastId": null,
                "geometryId": null,
                "tag": "4C",
                "forecastHour": 6,
                "hazard": "ICE",
                "frequency": null,
                "severity": "MOD",
                "status": "NRML",
                "base": "070",
                "top": "110",
                "fzlBase": null,
                "fzlTop": null,
                "level": null,
                "product": "ZULU",
                "rawAirSigmet": "ICE",
                "validTimeTo": "2026-08-02T09:00:00.000",
                "validTimeFrom": [
                    "2026-08-02T02:45"
                ]
            }
        },
        {
            "type": "Feature",
            "geometry": {
                "type": "Polygon",
                "coordinates": [
                    [
                        [
                            "-116.64",
                            "49.01"
                        ],
                        [
                            "-116.67",
                            "48.51"
                        ],
                        [
                            "-119.19",
                            "47.78"
                        ],
                        [
                            "-120.18",
                            "47.16"
                        ],
                        [
                            "-120.91",
                            "47.84"
                        ],
                        [
                            "-119.80",
                            "48.97"
                        ],
                        [
                            "-116.64",
                            "49.01"
                        ]
                    ]
                ]
            },
            "properties": {
                "forecastId": null,
                "geometryId": null,
                "tag": "4W",
                "forecastHour": 6,
                "hazard": "TURB-LO",
                "frequency": null,
                "severity": "MOD",
                "status": "NRML",
                "base": "SFC",
                "top": "120",
                "fzlBase": null,
                "fzlTop": null,
                "level": null,
                "product": "TANGO",
                "rawAirSigmet": "MTN WAVE",
                "validTimeTo": "2026-08-02T09:00:00.000",
                "validTimeFrom": [
                    "2026-08-02T02:52"
                ]
            }
        },
        {
            "type": "Feature",
            "geometry": {
                "type": "Polygon",
                "coordinates": [
                    [
                        [
                            "-70.40",
                            "45.75"
                        ],
                        [
                            "-69.65",
                            "45.17"
                        ],
                        [
                            "-68.90",
                            "45.01"
                        ],
                        [
                            "-67.08",
                            "45.20"
                        ],
                        [
                            "-67.01",
                            "45.01"
                        ],
                        [
                            "-66.86",
                            "42.75"
                        ],
                        [
                            "-66.98",
                            "40.99"
                        ],
                        [
                            "-67.90",
                            "40.98"
                        ],
                        [
                            "-68.72",
                            "40.56"
                        ],
                        [
                            "-69.87",
                            "40.44"
                        ],
                        [
                            "-71.11",
                            "40.52"
                        ],
                        [
                            "-72.03",
                            "40.51"
                        ],
                        [
                            "-72.41",
                            "40.89"
                        ],
                        [
                            "-73.01",
                            "41.21"
                        ],
                        [
                            "-74.07",
                            "41.68"
                        ],
                        [
                            "-73.17",
                            "42.34"
                        ],
                        [
                            "-71.82",
                            "42.31"
                        ],
                        [
                            "-70.95",
                            "42.33"
                        ],
                        [
                            "-70.23",
                            "43.09"
                        ],
                        [
                            "-70.11",
                            "43.35"
                        ],
                        [
                            "-70.86",
                            "43.62"
                        ],
                        [
                            "-71.45",
                            "43.83"
                        ],
                        [
                            "-71.87",
                            "43.34"
                        ],
                        [
                            "-72.37",
                            "43.00"
                        ],
                        [
                            "-72.67",
                            "43.29"
                        ],
                        [
                            "-72.91",
                            "44.57"
                        ],
                        [
                            "-71.83",
                            "45.17"
                        ],
                        [
                            "-70.96",
                            "45.22"
                        ],
                        [
                            "-70.40",
                            "45.75"
                        ]
                    ]
                ]
            },
            "properties": {
                "forecastId": null,
                "geometryId": null,
                "tag": "5E",
                "forecastHour": 6,
                "hazard": "IFR",
                "frequency": null,
                "severity": null,
                "status": "NRML",
                "base": null,
                "top": null,
                "fzlBase": null,
                "fzlTop": null,
                "level": null,
                "product": "SIERRA",
                "rawAirSigmet": "CIG BLW 010 VIS BLW 3SM BR FG",
                "validTimeTo": "2026-08-02T09:00:00.000",
                "validTimeFrom": [
                    "2026-08-02T06:12"
                ]
            }
        },
        {
            "type": "Feature",
            "geometry": {
                "type": "LineString",
                "coordinates": [
                    [
                        "-133.25",
                        "40.04"
                    ],
                    [
                        "-130.26",
                        "41.00"
                    ],
                    [
                        "-127.17",
                        "41.90"
                    ],
                    [
                        "-123.29",
                        "42.87"
                    ],
                    [
                        "-121.21",
                        "43.37"
                    ],
                    [
                        "-119.36",
                        "43.94"
                    ],
                    [
                        "-116.06",
                        "44.29"
                    ],
                    [
                        "-113.13",
                        "45.97"
                    ],
                    [
                        "-109.67",
                        "47.02"
                    ],
                    [
                        "-108.34",
                        "47.79"
                    ],
                    [
                        "-106.87",
                        "48.37"
                    ],
                    [
                        "-105.73",
                        "48.47"
                    ],
                    [
                        "-104.72",
                        "48.31"
                    ],
                    [
                        "-103.63",
                        "47.67"
                    ],
                    [
                        "-102.45",
                        "46.64"
                    ],
                    [
                        "-101.58",
                        "45.43"
                    ],
                    [
                        "-101.09",
                        "45.07"
                    ],
                    [
                        "-100.07",
                        "44.92"
                    ],
                    [
                        "-99.01",
                        "44.83"
                    ],
                    [
                        "-98.50",
                        "44.57"
                    ],
                    [
                        "-97.42",
                        "43.75"
                    ],
                    [
                        "-95.78",
                        "42.96"
                    ],
                    [
                        "-94.78",
                        "42.80"
                    ],
                    [
                        "-94.45",
                        "42.45"
                    ],
                    [
                        "-94.59",
                        "41.25"
                    ],
                    [
                        "-96.64",
                        "38.92"
                    ],
                    [
                        "-97.01",
                        "37.57"
                    ],
                    [
                        "-96.69",
                        "36.10"
                    ],
                    [
                        "-96.45",
                        "35.12"
                    ],
                    [
                        "-97.12",
                        "34.63"
                    ],
                    [
                        "-98.22",
                        "34.66"
                    ],
                    [
                        "-99.75",
                        "34.96"
                    ],
                    [
                        "-101.31",
                        "35.44"
                    ],
                    [
                        "-102.03",
                        "35.14"
                    ],
                    [
                        "-102.38",
                        "34.37"
                    ],
                    [
                        "-103.03",
                        "33.00"
                    ],
                    [
                        "-103.59",
                        "30.12"
                    ],
                    [
                        "-103.28",
                        "29.40"
                    ],
                    [
                        "-102.74",
                        "29.01"
                    ],
                    [
                        "-101.77",
                        "28.27"
                    ],
                    [
                        "-100.54",
                        "27.79"
                    ],
                    [
                        "-98.99",
                        "27.58"
                    ],
                    [
                        "-97.41",
                        "27.01"
                    ],
                    [
                        "-96.51",
                        "26.85"
                    ],
                    [
                        "-95.71",
                        "27.01"
                    ],
                    [
                        "-92.93",
                        "28.22"
                    ],
                    [
                        "-91.26",
                        "28.79"
                    ],
                    [
                        "-89.85",
                        "28.98"
                    ],
                    [
                        "-88.54",
                        "28.54"
                    ],
                    [
                        "-87.65",
                        "28.54"
                    ],
                    [
                        "-86.99",
                        "28.82"
                    ],
                    [
                        "-86.29",
                        "29.30"
                    ],
                    [
                        "-85.77",
                        "29.32"
                    ],
                    [
                        "-86.32",
                        "27.86"
                    ],
                    [
                        "-86.51",
                        "26.59"
                    ],
                    [
                        "-87.63",
                        "25.96"
                    ],
                    [
                        "-89.24",
                        "25.75"
                    ],
                    [
                        "-91.50",
                        "25.64"
                    ],
                    [
                        "-94.32",
                        "24.99"
                    ],
                    [
                        "-96.02",
                        "24.56"
                    ],
                    [
                        "-97.02",
                        "23.71"
                    ],
                    [
                        "-98.56",
                        "23.43"
                    ],
                    [
                        "-100.46",
                        "23.29"
                    ],
                    [
                        "-101.70",
                        "24.15"
                    ],
                    [
                        "-102.46",
                        "24.30"
                    ],
                    [
                        "-102.88",
                        "23.75"
                    ],
                    [
                        "-102.67",
                        "22.03"
                    ],
                    [
                        "-103.79",
                        "22.06"
                    ],
                    [
                        "-105.28",
                        "22.65"
                    ],
                    [
                        "-106.26",
                        "23.66"
                    ],
                    [
                        "-107.06",
                        "24.59"
                    ],
                    [
                        "-108.10",
                        "25.31"
                    ],
                    [
                        "-109.23",
                        "26.14"
                    ],
                    [
                        "-109.88",
                        "26.60"
                    ],
                    [
                        "-110.53",
                        "26.58"
                    ],
                    [
                        "-110.26",
                        "24.13"
                    ],
                    [
                        "-110.44",
                        "22.52"
                    ],
                    [
                        "-110.82",
                        "21.85"
                    ],
                    [
                        "-111.51",
                        "21.49"
                    ],
                    [
                        "-113.84",
                        "22.86"
                    ],
                    [
                        "-114.49",
                        "23.24"
                    ],
                    [
                        "-115.31",
                        "23.06"
                    ],
                    [
                        "-115.11",
                        "22.22"
                    ],
                    [
                        "-114.38",
                        "21.13"
                    ],
                    [
                        "-115.37",
                        "20.30"
                    ],
                    [
                        "-115.91",
                        "19.09"
                    ],
                    [
                        "-116.25",
                        "18.39"
                    ],
                    [
                        "-116.93",
                        "18.03"
                    ]
                ]
            },
            "properties": {
                "forecastId": null,
                "geometryId": null,
                "tag": "1C",
                "forecastHour": 6,
                "hazard": "FZLVL",
                "frequency": null,
                "severity": null,
                "status": "NRML",
                "base": null,
                "top": null,
                "fzlBase": null,
                "fzlTop": null,
                "level": "160",
                "product": "ZULU",
                "rawAirSigmet": null,
                "validTimeTo": "2026-08-02T09:00:00.000",
                "validTimeFrom": [
                    "2026-08-02T02:45"
                ]
            }
        },
        {
            "type": "Feature",
            "geometry": {
                "type": "Polygon",
                "coordinates": [
                    [
                        [
                            "-109.63",
                            "32.84"
                        ],
                        [
                            "-109.04",
                            "32.69"
                        ],
                        [
                            "-108.76",
                            "32.13"
                        ],
                        [
                            "-108.59",
                            "31.56"
                        ],
                        [
                            "-110.98",
                            "31.24"
                        ],
                        [
                            "-111.08",
                            "31.91"
                        ],
                        [
                            "-110.84",
                            "32.37"
                        ],
                        [
                            "-110.42",
                            "32.60"
                        ],
                        [
                            "-109.63",
                            "32.84"
                        ]
                    ]
                ]
            },
            "properties": {
                "forecastId": null,
                "geometryId": null,
                "tag": "6C",
                "forecastHour": 6,
                "hazard": "ICE",
                "frequency": null,
                "severity": "MOD",
                "status": "NRML",
                "base": "170",
                "top": "270",
                "fzlBase": null,
                "fzlTop": null,
                "level": null,
                "product": "ZULU",
                "rawAirSigmet": "ICE",
                "validTimeTo": "2026-08-02T09:00:00.000",
                "validTimeFrom": [
                    "2026-08-02T02:45"
                ]
            }
        },
        {
            "type": "Feature",
            "geometry": {
                "type": "Polygon",
                "coordinates": [
                    [
                        [
                            "-124.62",
                            "41.86"
                        ],
                        [
                            "-124.22",
                            "41.40"
                        ],
                        [
                            "-124.42",
                            "41.10"
                        ],
                        [
                            "-124.34",
                            "40.43"
                        ],
                        [
                            "-124.09",
                            "39.89"
                        ],
                        [
                            "-123.89",
                            "39.42"
                        ],
                        [
                            "-123.91",
                            "38.67"
                        ],
                        [
                            "-123.63",
                            "38.20"
                        ],
                        [
                            "-123.64",
                            "37.28"
                        ],
                        [
                            "-123.35",
                            "35.80"
                        ],
                        [
                            "-123.77",
                            "35.28"
                        ],
                        [
                            "-124.20",
                            "35.97"
                        ],
                        [
                            "-125.80",
                            "35.46"
                        ],
                        [
                            "-126.90",
                            "36.42"
                        ],
                        [
                            "-126.56",
                            "38.58"
                        ],
                        [
                            "-127.02",
                            "40.08"
                        ],
                        [
                            "-126.88",
                            "40.95"
                        ],
                        [
                            "-124.62",
                            "41.86"
                        ]
                    ]
                ]
            },
            "properties": {
                "forecastId": null,
                "geometryId": null,
                "tag": "1W",
                "forecastHour": 6,
                "hazard": "SFC_WND",
                "frequency": null,
                "severity": null,
                "status": "NRML",
                "base": null,
                "top": null,
                "fzlBase": null,
                "fzlTop": null,
                "level": null,
                "product": "TANGO",
                "rawAirSigmet": "USTAINED SFC WINDS GREATER THAN 30 KTS",
                "validTimeTo": "2026-08-02T09:00:00.000",
                "validTimeFrom": [
                    "2026-08-02T02:52"
                ]
            }
        },
        {
            "type": "Feature",
            "geometry": {
                "type": "Polygon",
                "coordinates": [
                    [
                        [
                            "-82.63",
                            "30.05"
                        ],
                        [
                            "-81.53",
                            "29.99"
                        ],
                        [
                            "-80.71",
                            "28.91"
                        ],
                        [
                            "-80.34",
                            "27.66"
                        ],
                        [
                            "-80.25",
                            "26.60"
                        ],
                        [
                            "-81.37",
                            "26.18"
                        ],
                        [
                            "-82.38",
                            "27.11"
                        ],
                        [
                            "-83.09",
                            "28.80"
                        ],
                        [
                            "-82.63",
                            "30.05"
                        ]
                    ]
                ]
            },
            "properties": {
                "forecastId": null,
                "geometryId": null,
                "tag": "2C",
                "forecastHour": 6,
                "hazard": "ICE",
                "frequency": null,
                "severity": "MOD",
                "status": "NRML",
                "base": "150",
                "top": "270",
                "fzlBase": null,
                "fzlTop": null,
                "level": null,
                "product": "ZULU",
                "rawAirSigmet": "ICE",
                "validTimeTo": "2026-08-02T09:00:00.000",
                "validTimeFrom": [
                    "2026-08-02T02:45"
                ]
            }
        },
        {
            "type": "Feature",
            "geometry": {
                "type": "Polygon",
                "coordinates": [
                    [
                        [
                            "-133.75",
                            "54.05"
                        ],
                        [
                            "-134.11",
                            "53.68"
                        ],
                        [
                            "-133.66",
                            "53.02"
                        ],
                        [
                            "-133.42",
                            "51.74"
                        ],
                        [
                            "-134.31",
                            "50.54"
                        ],
                        [
                            "-133.94",
                            "49.60"
                        ],
                        [
                            "-134.09",
                            "48.88"
                        ],
                        [
                            "-134.11",
                            "48.22"
                        ],
                        [
                            "-133.47",
                            "47.60"
                        ],
                        [
                            "-132.67",
                            "47.26"
                        ],
                        [
                            "-131.61",
                            "47.21"
                        ],
                        [
                            "-129.26",
                            "47.82"
                        ],
                        [
                            "-126.76",
                            "47.96"
                        ],
                        [
                            "-125.41",
                            "48.12"
                        ],
                        [
                            "-124.18",
                            "47.95"
                        ],
                        [
                            "-121.63",
                            "47.87"
                        ],
                        [
                            "-119.97",
                            "49.05"
                        ],
                        [
                            "-119.35",
                            "49.46"
                        ],
                        [
                            "-118.10",
                            "49.90"
                        ],
                        [
                            "-117.29",
                            "50.28"
                        ],
                        [
                            "-116.75",
                            "50.82"
                        ],
                        [
                            "-116.61",
                            "51.72"
                        ],
                        [
                            "-116.90",
                            "52.68"
                        ],
                        [
                            "-117.15",
                            "54.28"
                        ],
                        [
                            "-119.36",
                            "54.41"
                        ],
                        [
                            "-121.72",
                            "54.86"
                        ],
                        [
                            "-123.26",
                            "54.67"
                        ],
                        [
                            "-124.94",
                            "54.66"
                        ],
                        [
                            "-127.28",
                            "54.88"
                        ],
                        [
                            "-129.60",
                            "55.13"
                        ],
                        [
                            "-131.10",
                            "55.02"
                        ],
                        [
                            "-132.75",
                            "54.60"
                        ],
                        [
                            "-133.75",
                            "54.05"
                        ]
                    ]
                ]
            },
            "properties": {
                "forecastId": null,
                "geometryId": null,
                "tag": "1C",
                "forecastHour": 6,
                "hazard": "FZLVL",
                "frequency": null,
                "severity": null,
                "status": "NRML",
                "base": null,
                "top": null,
                "fzlBase": null,
                "fzlTop": null,
                "level": "080",
                "product": "ZULU",
                "rawAirSigmet": null,
                "validTimeTo": "2026-08-02T09:00:00.000",
                "validTimeFrom": [
                    "2026-08-02T02:45"
                ]
            }
        },
        {
            "type": "Feature",
            "geometry": {
                "type": "Polygon",
                "coordinates": [
                    [
                        [
                            "-84.58",
                            "46.47"
                        ],
                        [
                            "-82.38",
                            "45.16"
                        ],
                        [
                            "-82.13",
                            "43.54"
                        ],
                        [
                            "-83.37",
                            "41.93"
                        ],
                        [
                            "-85.07",
                            "40.44"
                        ],
                        [
                            "-86.56",
                            "41.62"
                        ],
                        [
                            "-84.24",
                            "43.40"
                        ],
                        [
                            "-85.95",
                            "44.65"
                        ],
                        [
                            "-84.58",
                            "46.47"
                        ]
                    ]
                ]
            },
            "properties": {
                "forecastId": null,
                "geometryId": null,
                "tag": "1C",
                "forecastHour": 6,
                "hazard": "ICE",
                "frequency": null,
                "severity": "MOD",
                "status": "NRML",
                "base": "120",
                "top": "240",
                "fzlBase": null,
                "fzlTop": null,
                "level": null,
                "product": "ZULU",
                "rawAirSigmet": "ICE",
                "validTimeTo": "2026-08-02T09:00:00.000",
                "validTimeFrom": [
                    "2026-08-02T02:45"
                ]
            }
        },
        {
            "type": "Feature",
            "geometry": {
                "type": "Polygon",
                "coordinates": [
                    [
                        [
                            "-116.62",
                            "49.01"
                        ],
                        [
                            "-113.25",
                            "48.99"
                        ],
                        [
                            "-111.09",
                            "48.99"
                        ],
                        [
                            "-106.70",
                            "44.49"
                        ],
                        [
                            "-109.49",
                            "42.75"
                        ],
                        [
                            "-112.69",
                            "46.04"
                        ],
                        [
                            "-115.94",
                            "47.01"
                        ],
                        [
                            "-116.66",
                            "48.50"
                        ],
                        [
                            "-116.62",
                            "49.01"
                        ]
                    ]
                ]
            },
            "properties": {
                "forecastId": null,
                "geometryId": null,
                "tag": "4W",
                "forecastHour": 6,
                "hazard": "TURB-LO",
                "frequency": null,
                "severity": "MOD",
                "status": "NRML",
                "base": "SFC",
                "top": "200",
                "fzlBase": null,
                "fzlTop": null,
                "level": null,
                "product": "TANGO",
                "rawAirSigmet": "MTN WAVE",
                "validTimeTo": "2026-08-02T09:00:00.000",
                "validTimeFrom": [
                    "2026-08-02T02:52"
                ]
            }
        },
        {
            "type": "Feature",
            "geometry": {
                "type": "Polygon",
                "coordinates": [
                    [
                        [
                            "-79.54",
                            "56.99"
                        ],
                        [
                            "-79.95",
                            "56.86"
                        ],
                        [
                            "-80.04",
                            "56.71"
                        ],
                        [
                            "-80.09",
                            "56.41"
                        ],
                        [
                            "-80.07",
                            "56.29"
                        ],
                        [
                            "-79.97",
                            "56.09"
                        ],
                        [
                            "-79.75",
                            "55.77"
                        ],
                        [
                            "-79.65",
                            "55.61"
                        ],
                        [
                            "-79.43",
                            "55.44"
                        ],
                        [
                            "-79.18",
                            "55.24"
                        ],
                        [
                            "-78.63",
                            "55.23"
                        ],
                        [
                            "-78.44",
                            "55.37"
                        ],
                        [
                            "-78.25",
                            "55.67"
                        ],
                        [
                            "-78.27",
                            "55.98"
                        ],
                        [
                            "-78.41",
                            "56.25"
                        ],
                        [
                            "-78.45",
                            "56.30"
                        ],
                        [
                            "-78.83",
                            "56.64"
                        ],
                        [
                            "-78.87",
                            "56.68"
                        ],
                        [
                            "-79.32",
                            "56.97"
                        ],
                        [
                            "-79.36",
                            "57.01"
                        ],
                        [
                            "-79.54",
                            "56.99"
                        ]
                    ]
                ]
            },
            "properties": {
                "forecastId": null,
                "geometryId": null,
                "tag": "1C",
                "forecastHour": 6,
                "hazard": "FZLVL",
                "frequency": null,
                "severity": null,
                "status": "NRML",
                "base": null,
                "top": null,
                "fzlBase": null,
                "fzlTop": null,
                "level": "080",
                "product": "ZULU",
                "rawAirSigmet": null,
                "validTimeTo": "2026-08-02T09:00:00.000",
                "validTimeFrom": [
                    "2026-08-02T02:45"
                ]
            }
        },
        {
            "type": "Feature",
            "geometry": {
                "type": "LineString",
                "coordinates": [
                    [
                        "-95.88",
                        "19.71"
                    ],
                    [
                        "-95.63",
                        "20.07"
                    ],
                    [
                        "-95.18",
                        "20.44"
                    ],
                    [
                        "-94.70",
                        "20.80"
                    ],
                    [
                        "-94.22",
                        "21.14"
                    ],
                    [
                        "-93.83",
                        "21.39"
                    ],
                    [
                        "-93.43",
                        "21.61"
                    ],
                    [
                        "-92.68",
                        "21.88"
                    ],
                    [
                        "-92.25",
                        "21.89"
                    ],
                    [
                        "-91.86",
                        "21.71"
                    ],
                    [
                        "-91.48",
                        "21.18"
                    ],
                    [
                        "-91.10",
                        "20.91"
                    ],
                    [
                        "-90.68",
                        "20.74"
                    ],
                    [
                        "-89.99",
                        "20.35"
                    ],
                    [
                        "-89.69",
                        "19.98"
                    ],
                    [
                        "-89.56",
                        "19.61"
                    ]
                ]
            },
            "properties": {
                "forecastId": null,
                "geometryId": null,
                "tag": "1C",
                "forecastHour": 6,
                "hazard": "FZLVL",
                "frequency": null,
                "severity": null,
                "status": "NRML",
                "base": null,
                "top": null,
                "fzlBase": null,
                "fzlTop": null,
                "level": "160",
                "product": "ZULU",
                "rawAirSigmet": null,
                "validTimeTo": "2026-08-02T09:00:00.000",
                "validTimeFrom": [
                    "2026-08-02T02:45"
                ]
            }
        },
        {
            "type": "Feature",
            "geometry": {
                "type": "Polygon",
                "coordinates": [
                    [
                        [
                            "-85.46",
                            "47.14"
                        ],
                        [
                            "-83.28",
                            "45.73"
                        ],
                        [
                            "-85.38",
                            "42.95"
                        ],
                        [
                            "-88.09",
                            "43.69"
                        ],
                        [
                            "-87.65",
                            "46.67"
                        ],
                        [
                            "-85.46",
                            "47.14"
                        ]
                    ]
                ]
            },
            "properties": {
                "forecastId": null,
                "geometryId": null,
                "tag": "1W",
                "forecastHour": 6,
                "hazard": "TURB-HI",
                "frequency": null,
                "severity": "MOD",
                "status": "NRML",
                "base": "320",
                "top": "380",
                "fzlBase": null,
                "fzlTop": null,
                "level": null,
                "product": "TANGO",
                "rawAirSigmet": null,
                "validTimeTo": "2026-08-02T09:00:00.000",
                "validTimeFrom": [
                    "2026-08-02T02:52"
                ]
            }
        },
        {
            "type": "Feature",
            "geometry": {
                "type": "Polygon",
                "coordinates": [
                    [
                        [
                            "-112.67",
                            "49.01"
                        ],
                        [
                            "-111.57",
                            "47.30"
                        ],
                        [
                            "-113.00",
                            "47.05"
                        ],
                        [
                            "-114.58",
                            "48.94"
                        ],
                        [
                            "-112.67",
                            "49.01"
                        ]
                    ]
                ]
            },
            "properties": {
                "forecastId": null,
                "geometryId": null,
                "tag": "2W",
                "forecastHour": 6,
                "hazard": "SFC_WND",
                "frequency": null,
                "severity": null,
                "status": "NRML",
                "base": null,
                "top": null,
                "fzlBase": null,
                "fzlTop": null,
                "level": null,
                "product": "TANGO",
                "rawAirSigmet": "USTAINED SFC WINDS GREATER THAN 30 KTS",
                "validTimeTo": "2026-08-02T09:00:00.000",
                "validTimeFrom": [
                    "2026-08-02T02:52"
                ]
            }
        },
        {
            "type": "Feature",
            "geometry": {
                "type": "Polygon",
                "coordinates": [
                    [
                        [
                            "-96.20",
                            "23.57"
                        ],
                        [
                            "-95.80",
                            "23.49"
                        ],
                        [
                            "-95.71",
                            "23.36"
                        ],
                        [
                            "-95.80",
                            "23.26"
                        ],
                        [
                            "-96.19",
                            "23.34"
                        ],
                        [
                            "-96.22",
                            "23.35"
                        ],
                        [
                            "-96.20",
                            "23.57"
                        ]
                    ]
                ]
            },
            "properties": {
                "forecastId": null,
                "geometryId": null,
                "tag": "1C",
                "forecastHour": 6,
                "hazard": "FZLVL",
                "frequency": null,
                "severity": null,
                "status": "NRML",
                "base": null,
                "top": null,
                "fzlBase": null,
                "fzlTop": null,
                "level": "160",
                "product": "ZULU",
                "rawAirSigmet": null,
                "validTimeTo": "2026-08-02T09:00:00.000",
                "validTimeFrom": [
                    "2026-08-02T02:45"
                ]
            }
        },
        {
            "type": "Feature",
            "geometry": {
                "type": "Polygon",
                "coordinates": [
                    [
                        [
                            "-82.25",
                            "43.89"
                        ],
                        [
                            "-82.40",
                            "42.93"
                        ],
                        [
                            "-83.15",
                            "42.13"
                        ],
                        [
                            "-82.37",
                            "41.68"
                        ],
                        [
                            "-81.00",
                            "42.09"
                        ],
                        [
                            "-85.43",
                            "36.21"
                        ],
                        [
                            "-91.44",
                            "32.72"
                        ],
                        [
                            "-94.06",
                            "31.55"
                        ],
                        [
                            "-97.50",
                            "30.98"
                        ],
                        [
                            "-98.78",
                            "30.89"
                        ],
                        [
                            "-98.83",
                            "32.27"
                        ],
                        [
                            "-95.84",
                            "33.78"
                        ],
                        [
                            "-93.22",
                            "35.42"
                        ],
                        [
                            "-91.07",
                            "36.39"
                        ],
                        [
                            "-85.51",
                            "41.16"
                        ],
                        [
                            "-82.25",
                            "43.89"
                        ]
                    ]
                ]
            },
            "properties": {
                "forecastId": null,
                "geometryId": null,
                "tag": "3W",
                "forecastHour": 6,
                "hazard": "TURB-HI",
                "frequency": null,
                "severity": "MOD",
                "status": "AMD",
                "base": "230",
                "top": "370",
                "fzlBase": null,
                "fzlTop": null,
                "level": null,
                "product": "TANGO",
                "rawAirSigmet": null,
                "validTimeTo": "2026-08-02T09:00:00.000",
                "validTimeFrom": [
                    "2026-08-02T02:52"
                ]
            }
        },
        {
            "type": "Feature",
            "geometry": {
                "type": "Polygon",
                "coordinates": [
                    [
                        [
                            "-105.20",
                            "49.00"
                        ],
                        [
                            "-100.34",
                            "49.00"
                        ],
                        [
                            "-100.02",
                            "46.58"
                        ],
                        [
                            "-105.66",
                            "46.50"
                        ],
                        [
                            "-107.36",
                            "48.40"
                        ],
                        [
                            "-105.20",
                            "49.00"
                        ]
                    ]
                ]
            },
            "properties": {
                "forecastId": null,
                "geometryId": null,
                "tag": "4W",
                "forecastHour": 6,
                "hazard": "LLWS",
                "frequency": null,
                "severity": null,
                "status": "NRML",
                "base": null,
                "top": null,
                "fzlBase": null,
                "fzlTop": null,
                "level": null,
                "product": "TANGO",
                "rawAirSigmet": "AIR SPEED LOSS OR GAIN OF 20KTS OR MORE BELOW 2000 FT AGL",
                "validTimeTo": "2026-08-02T09:00:00.000",
                "validTimeFrom": [
                    "2026-08-02T02:52"
                ]
            }
        },
        {
            "type": "Feature",
            "geometry": {
                "type": "Polygon",
                "coordinates": [
                    [
                        [
                            "-108.07",
                            "49.00"
                        ],
                        [
                            "-105.56",
                            "48.98"
                        ],
                        [
                            "-102.71",
                            "48.97"
                        ],
                        [
                            "-104.72",
                            "45.60"
                        ],
                        [
                            "-106.21",
                            "45.75"
                        ],
                        [
                            "-108.07",
                            "49.00"
                        ]
                    ]
                ]
            },
            "properties": {
                "forecastId": null,
                "geometryId": null,
                "tag": "7W",
                "forecastHour": 6,
                "hazard": "TURB-LO",
                "frequency": null,
                "severity": "MOD",
                "status": "NRML",
                "base": "080",
                "top": "220",
                "fzlBase": null,
                "fzlTop": null,
                "level": null,
                "product": "TANGO",
                "rawAirSigmet": null,
                "validTimeTo": "2026-08-02T09:00:00.000",
                "validTimeFrom": [
                    "2026-08-02T02:52"
                ]
            }
        },
        {
            "type": "Feature",
            "geometry": {
                "type": "Polygon",
                "coordinates": [
                    [
                        [
                            "-111.94",
                            "49.00"
                        ],
                        [
                            "-111.67",
                            "47.37"
                        ],
                        [
                            "-113.03",
                            "47.38"
                        ],
                        [
                            "-113.81",
                            "48.98"
                        ],
                        [
                            "-111.94",
                            "49.00"
                        ]
                    ]
                ]
            },
            "properties": {
                "forecastId": null,
                "geometryId": null,
                "tag": "1W",
                "forecastHour": 6,
                "hazard": "LLWS",
                "frequency": null,
                "severity": null,
                "status": "NRML",
                "base": null,
                "top": null,
                "fzlBase": null,
                "fzlTop": null,
                "level": null,
                "product": "TANGO",
                "rawAirSigmet": "AIR SPEED LOSS OR GAIN OF 20KTS OR MORE BELOW 2000 FT AGL",
                "validTimeTo": "2026-08-02T09:00:00.000",
                "validTimeFrom": [
                    "2026-08-02T02:52"
                ]
            }
        },
        {
            "type": "Feature",
            "geometry": {
                "type": "Polygon",
                "coordinates": [
                    [
                        [
                            "-113.21",
                            "49.04"
                        ],
                        [
                            "-111.41",
                            "47.44"
                        ],
                        [
                            "-109.85",
                            "48.49"
                        ],
                        [
                            "-107.31",
                            "45.22"
                        ],
                        [
                            "-108.82",
                            "44.77"
                        ],
                        [
                            "-111.01",
                            "44.94"
                        ],
                        [
                            "-112.97",
                            "45.21"
                        ],
                        [
                            "-113.71",
                            "45.74"
                        ],
                        [
                            "-115.38",
                            "45.22"
                        ],
                        [
                            "-116.16",
                            "43.99"
                        ],
                        [
                            "-115.34",
                            "43.40"
                        ],
                        [
                            "-114.37",
                            "43.77"
                        ],
                        [
                            "-112.50",
                            "43.88"
                        ],
                        [
                            "-112.41",
                            "42.74"
                        ],
                        [
                            "-112.79",
                            "42.38"
                        ],
                        [
                            "-113.66",
                            "42.19"
                        ],
                        [
                            "-115.39",
                            "41.79"
                        ],
                        [
                            "-116.69",
                            "41.74"
                        ],
                        [
                            "-117.34",
                            "41.99"
                        ],
                        [
                            "-117.86",
                            "42.24"
                        ],
                        [
                            "-118.44",
                            "41.96"
                        ],
                        [
                            "-119.05",
                            "42.00"
                        ],
                        [
                            "-119.58",
                            "42.35"
                        ],
                        [
                            "-119.70",
                            "42.82"
                        ],
                        [
                            "-118.90",
                            "43.17"
                        ],
                        [
                            "-118.02",
                            "43.31"
                        ],
                        [
                            "-117.99",
                            "43.72"
                        ],
                        [
                            "-118.22",
                            "44.06"
                        ],
                        [
                            "-118.93",
                            "44.59"
                        ],
                        [
                            "-118.89",
                            "45.08"
                        ],
                        [
                            "-120.14",
                            "44.79"
                        ],
                        [
                            "-121.21",
                            "44.98"
                        ],
                        [
                            "-121.60",
                            "45.50"
                        ],
                        [
                            "-120.18",
                            "45.56"
                        ],
                        [
                            "-118.84",
                            "45.92"
                        ],
                        [
                            "-117.86",
                            "46.37"
                        ],
                        [
                            "-117.99",
                            "46.59"
                        ],
                        [
                            "-118.31",
                            "46.69"
                        ],
                        [
                            "-119.32",
                            "47.28"
                        ],
                        [
                            "-120.46",
                            "47.75"
                        ],
                        [
                            "-120.11",
                            "49.00"
                        ],
                        [
                            "-118.16",
                            "48.65"
                        ],
                        [
                            "-117.32",
                            "48.97"
                        ],
                        [
                            "-113.21",
                            "49.04"
                        ]
                    ]
                ]
            },
            "properties": {
                "forecastId": null,
                "geometryId": null,
                "tag": "2E",
                "forecastHour": 6,
                "hazard": "MT_OBSC",
                "frequency": null,
                "severity": null,
                "status": "NRML",
                "base": null,
                "top": null,
                "fzlBase": null,
                "fzlTop": null,
                "level": null,
                "product": "SIERRA",
                "rawAirSigmet": "FU HZ",
                "validTimeTo": "2026-08-02T09:00:00.000",
                "validTimeFrom": [
                    "2026-08-02T06:12"
                ]
            }
        },
        {
            "type": "Feature",
            "geometry": {
                "type": "Polygon",
                "coordinates": [
                    [
                        [
                            "-69.33",
                            "47.64"
                        ],
                        [
                            "-68.32",
                            "45.61"
                        ],
                        [
                            "-71.52",
                            "43.25"
                        ],
                        [
                            "-73.73",
                            "42.02"
                        ],
                        [
                            "-73.70",
                            "42.67"
                        ],
                        [
                            "-73.36",
                            "44.01"
                        ],
                        [
                            "-71.69",
                            "45.38"
                        ],
                        [
                            "-69.33",
                            "47.64"
                        ]
                    ]
                ]
            },
            "properties": {
                "forecastId": null,
                "geometryId": null,
                "tag": "5E",
                "forecastHour": 6,
                "hazard": "MT_OBSC",
                "frequency": null,
                "severity": null,
                "status": "NRML",
                "base": null,
                "top": null,
                "fzlBase": null,
                "fzlTop": null,
                "level": null,
                "product": "SIERRA",
                "rawAirSigmet": "MTNS OBSC BY CLDS BR",
                "validTimeTo": "2026-08-02T09:00:00.000",
                "validTimeFrom": [
                    "2026-08-02T06:12"
                ]
            }
        },
        {
            "type": "Feature",
            "geometry": {
                "type": "Polygon",
                "coordinates": [
                    [
                        [
                            "-85.06",
                            "38.02"
                        ],
                        [
                            "-84.19",
                            "38.03"
                        ],
                        [
                            "-84.06",
                            "37.68"
                        ],
                        [
                            "-84.40",
                            "36.82"
                        ],
                        [
                            "-84.78",
                            "35.63"
                        ],
                        [
                            "-85.33",
                            "35.08"
                        ],
                        [
                            "-86.76",
                            "33.56"
                        ],
                        [
                            "-87.56",
                            "32.97"
                        ],
                        [
                            "-88.55",
                            "32.67"
                        ],
                        [
                            "-90.73",
                            "31.94"
                        ],
                        [
                            "-91.55",
                            "32.45"
                        ],
                        [
                            "-91.97",
                            "33.36"
                        ],
                        [
                            "-92.62",
                            "34.09"
                        ],
                        [
                            "-93.06",
                            "34.99"
                        ],
                        [
                            "-90.62",
                            "34.75"
                        ],
                        [
                            "-88.36",
                            "35.23"
                        ],
                        [
                            "-86.55",
                            "36.34"
                        ],
                        [
                            "-85.30",
                            "37.95"
                        ],
                        [
                            "-85.06",
                            "38.02"
                        ]
                    ]
                ]
            },
            "properties": {
                "forecastId": null,
                "geometryId": null,
                "tag": "1C",
                "forecastHour": 6,
                "hazard": "FZLVL",
                "frequency": null,
                "severity": null,
                "status": "NRML",
                "base": null,
                "top": null,
                "fzlBase": null,
                "fzlTop": null,
                "level": "160",
                "product": "ZULU",
                "rawAirSigmet": null,
                "validTimeTo": "2026-08-02T09:00:00.000",
                "validTimeFrom": [
                    "2026-08-02T02:45"
                ]
            }
        },
        {
            "type": "Feature",
            "geometry": {
                "type": "LineString",
                "coordinates": [
                    [
                        "-97.53",
                        "58.35"
                    ],
                    [
                        "-94.65",
                        "55.01"
                    ],
                    [
                        "-92.83",
                        "53.72"
                    ],
                    [
                        "-91.79",
                        "53.04"
                    ],
                    [
                        "-90.89",
                        "52.13"
                    ],
                    [
                        "-89.54",
                        "50.46"
                    ],
                    [
                        "-88.89",
                        "49.53"
                    ],
                    [
                        "-88.04",
                        "48.78"
                    ],
                    [
                        "-85.49",
                        "47.97"
                    ],
                    [
                        "-84.22",
                        "46.16"
                    ],
                    [
                        "-82.10",
                        "45.91"
                    ],
                    [
                        "-80.89",
                        "45.38"
                    ],
                    [
                        "-79.95",
                        "44.94"
                    ],
                    [
                        "-78.11",
                        "44.52"
                    ],
                    [
                        "-76.41",
                        "44.71"
                    ],
                    [
                        "-75.46",
                        "45.25"
                    ],
                    [
                        "-75.87",
                        "46.12"
                    ],
                    [
                        "-77.22",
                        "46.70"
                    ],
                    [
                        "-78.30",
                        "47.32"
                    ],
                    [
                        "-78.99",
                        "47.97"
                    ],
                    [
                        "-78.92",
                        "48.46"
                    ],
                    [
                        "-78.31",
                        "48.88"
                    ],
                    [
                        "-77.21",
                        "49.29"
                    ],
                    [
                        "-75.54",
                        "49.63"
                    ],
                    [
                        "-74.48",
                        "49.99"
                    ],
                    [
                        "-73.27",
                        "50.70"
                    ],
                    [
                        "-72.12",
                        "51.14"
                    ],
                    [
                        "-70.76",
                        "51.51"
                    ],
                    [
                        "-69.97",
                        "51.03"
                    ],
                    [
                        "-68.68",
                        "50.31"
                    ],
                    [
                        "-67.45",
                        "50.07"
                    ],
                    [
                        "-65.59",
                        "51.82"
                    ],
                    [
                        "-63.02",
                        "52.44"
                    ],
                    [
                        "-61.88",
                        "52.89"
                    ],
                    [
                        "-61.25",
                        "53.51"
                    ],
                    [
                        "-60.82",
                        "54.12"
                    ],
                    [
                        "-60.02",
                        "54.67"
                    ]
                ]
            },
            "properties": {
                "forecastId": null,
                "geometryId": null,
                "tag": "1C",
                "forecastHour": 6,
                "hazard": "FZLVL",
                "frequency": null,
                "severity": null,
                "status": "NRML",
                "base": null,
                "top": null,
                "fzlBase": null,
                "fzlTop": null,
                "level": "120",
                "product": "ZULU",
                "rawAirSigmet": null,
                "validTimeTo": "2026-08-02T09:00:00.000",
                "validTimeFrom": [
                    "2026-08-02T02:45"
                ]
            }
        },
        {
            "type": "Feature",
            "geometry": {
                "type": "Polygon",
                "coordinates": [
                    [
                        [
                            "-76.61",
                            "36.98"
                        ],
                        [
                            "-75.47",
                            "36.30"
                        ],
                        [
                            "-74.64",
                            "35.45"
                        ],
                        [
                            "-74.70",
                            "34.71"
                        ],
                        [
                            "-75.12",
                            "34.37"
                        ],
                        [
                            "-75.92",
                            "33.52"
                        ],
                        [
                            "-76.27",
                            "32.66"
                        ],
                        [
                            "-76.73",
                            "32.36"
                        ],
                        [
                            "-77.80",
                            "31.54"
                        ],
                        [
                            "-77.82",
                            "30.64"
                        ],
                        [
                            "-78.23",
                            "30.16"
                        ],
                        [
                            "-79.82",
                            "30.16"
                        ],
                        [
                            "-81.35",
                            "29.83"
                        ],
                        [
                            "-81.96",
                            "30.11"
                        ],
                        [
                            "-82.07",
                            "30.86"
                        ],
                        [
                            "-82.06",
                            "31.76"
                        ],
                        [
                            "-82.36",
                            "32.24"
                        ],
                        [
                            "-83.24",
                            "32.11"
                        ],
                        [
                            "-83.60",
                            "31.70"
                        ],
                        [
                            "-84.30",
                            "30.46"
                        ],
                        [
                            "-84.97",
                            "29.97"
                        ],
                        [
                            "-84.90",
                            "31.62"
                        ],
                        [
                            "-84.24",
                            "32.58"
                        ],
                        [
                            "-82.69",
                            "32.89"
                        ],
                        [
                            "-80.76",
                            "32.83"
                        ],
                        [
                            "-79.23",
                            "32.98"
                        ],
                        [
                            "-79.01",
                            "33.79"
                        ],
                        [
                            "-78.54",
                            "34.18"
                        ],
                        [
                            "-77.57",
                            "34.99"
                        ],
                        [
                            "-77.14",
                            "36.20"
                        ],
                        [
                            "-76.61",
                            "36.98"
                        ]
                    ]
                ]
            },
            "properties": {
                "forecastId": null,
                "geometryId": null,
                "tag": "1C",
                "forecastHour": 6,
                "hazard": "FZLVL",
                "frequency": null,
                "severity": null,
                "status": "NRML",
                "base": null,
                "top": null,
                "fzlBase": null,
                "fzlTop": null,
                "level": "160",
                "product": "ZULU",
                "rawAirSigmet": null,
                "validTimeTo": "2026-08-02T09:00:00.000",
                "validTimeFrom": [
                    "2026-08-02T02:45"
                ]
            }
        }
    ],
    "metadata": {
        "creationTime": "2026-08-02T07:37"
    }
}