{
    "type": "FeatureCollection",
    "features": [
        {
            "type": "Feature",
            "geometry": {
                "type": "LineString",
                "coordinates": [
                    [
                        "-68.09",
                        "21.87"
                    ],
                    [
                        "-68.92",
                        "21.76"
                    ],
                    [
                        "-69.76",
                        "21.17"
                    ],
                    [
                        "-70.29",
                        "20.88"
                    ],
                    [
                        "-70.93",
                        "21.37"
                    ],
                    [
                        "-70.27",
                        "22.00"
                    ],
                    [
                        "-70.30",
                        "22.81"
                    ],
                    [
                        "-70.99",
                        "23.42"
                    ],
                    [
                        "-71.65",
                        "22.97"
                    ],
                    [
                        "-71.81",
                        "21.89"
                    ],
                    [
                        "-72.37",
                        "21.24"
                    ],
                    [
                        "-73.05",
                        "20.94"
                    ],
                    [
                        "-73.89",
                        "20.36"
                    ],
                    [
                        "-74.40",
                        "19.70"
                    ],
                    [
                        "-74.92",
                        "19.14"
                    ],
                    [
                        "-75.68",
                        "18.77"
                    ],
                    [
                        "-76.12",
                        "18.47"
                    ]
                ]
            },
            "properties": {
                "forecastId": null,
                "geometryId": null,
                "tag": "1C",
                "forecastHour": 6,
                "hazard": "FZLVL",
                "frequency": null,
                "severity": null,
                "status": "NRML",
                "base": null,
                "top": null,
                "fzlBase": null,
                "fzlTop": null,
                "level": "160",
                "product": "ZULU",
                "rawAirSigmet": null,
                "validTimeTo": "2026-09-25T09:00:00.000",
                "validTimeFrom": [
                    "2026-09-25T07:23"
                ]
            }
        },
        {
            "type": "Feature",
            "geometry": {
                "type": "Polygon",
                "coordinates": [
                    [
                        [
                            "-78.61",
                            "25.90"
                        ],
                        [
                            "-78.29",
                            "23.90"
                        ],
                        [
                            "-83.19",
                            "23.88"
                        ],
                        [
                            "-83.22",
                            "24.39"
                        ],
                        [
                            "-81.33",
                            "24.85"
                        ],
                        [
                            "-80.47",
                            "24.94"
                        ],
                        [
                            "-79.28",
                            "25.43"
                        ],
                        [
                            "-78.61",
                            "25.90"
                        ]
                    ]
                ]
            },
            "properties": {
                "forecastId": null,
                "geometryId": null,
                "tag": "2W",
                "forecastHour": 6,
                "hazard": "TURB-HI",
                "frequency": null,
                "severity": "MOD",
                "status": "NRML",
                "base": "300",
                "top": "430",
                "fzlBase": null,
                "fzlTop": null,
                "level": null,
                "product": "TANGO",
                "rawAirSigmet": null,
                "validTimeTo": "2026-09-25T09:00:00.000",
                "validTimeFrom": [
                    "2026-09-25T02:45"
                ]
            }
        },
        {
            "type": "Feature",
            "geometry": {
                "type": "Polygon",
                "coordinates": [
                    [
                        [
                            "-121.13",
                            "35.51"
                        ],
                        [
                            "-120.47",
                            "35.15"
                        ],
                        [
                            "-119.76",
                            "34.59"
                        ],
                        [
                            "-118.57",
                            "34.22"
                        ],
                        [
                            "-117.59",
                            "33.83"
                        ],
                        [
                            "-116.77",
                            "32.64"
                        ],
                        [
                            "-120.77",
                            "30.80"
                        ],
                        [
                            "-122.38",
                            "33.12"
                        ],
                        [
                            "-121.13",
                            "35.51"
                        ]
                    ]
                ]
            },
            "properties": {
                "forecastId": null,
                "geometryId": null,
                "tag": "2E",
                "forecastHour": 6,
                "hazard": "IFR",
                "frequency": null,
                "severity": null,
                "status": "NRML",
                "base": null,
                "top": null,
                "fzlBase": null,
                "fzlTop": null,
                "level": null,
                "product": "SIERRA",
                "rawAirSigmet": "CIG BLW 010 VIS BLW 3SM BR",
                "validTimeTo": "2026-09-25T09:00:00.000",
                "validTimeFrom": [
                    "2026-09-25T06:31"
                ]
            }
        },
        {
            "type": "Feature",
            "geometry": {
                "type": "LineString",
                "coordinates": [
                    [
                        "-128.82",
                        "26.48"
                    ],
                    [
                        "-127.84",
                        "27.00"
                    ],
                    [
                        "-127.15",
                        "27.64"
                    ],
                    [
                        "-125.79",
                        "29.07"
                    ],
                    [
                        "-124.57",
                        "30.07"
                    ],
                    [
                        "-122.59",
                        "30.90"
                    ],
                    [
                        "-121.54",
                        "31.32"
                    ],
                    [
                        "-120.51",
                        "31.12"
                    ],
                    [
                        "-118.70",
                        "30.19"
                    ],
                    [
                        "-115.89",
                        "28.12"
                    ],
                    [
                        "-114.39",
                        "27.24"
                    ],
                    [
                        "-113.56",
                        "26.75"
                    ],
                    [
                        "-112.26",
                        "26.99"
                    ],
                    [
                        "-110.37",
                        "27.47"
                    ],
                    [
                        "-108.86",
                        "26.39"
                    ],
                    [
                        "-108.20",
                        "26.49"
                    ],
                    [
                        "-107.70",
                        "27.00"
                    ],
                    [
                        "-107.05",
                        "27.82"
                    ],
                    [
                        "-106.24",
                        "28.43"
                    ],
                    [
                        "-105.57",
                        "28.48"
                    ],
                    [
                        "-104.66",
                        "28.14"
                    ],
                    [
                        "-103.96",
                        "28.47"
                    ],
                    [
                        "-103.51",
                        "29.07"
                    ],
                    [
                        "-102.60",
                        "30.47"
                    ],
                    [
                        "-101.40",
                        "31.69"
                    ],
                    [
                        "-100.01",
                        "32.90"
                    ],
                    [
                        "-98.62",
                        "33.04"
                    ],
                    [
                        "-97.46",
                        "32.98"
                    ],
                    [
                        "-95.75",
                        "33.58"
                    ],
                    [
                        "-93.69",
                        "34.60"
                    ],
                    [
                        "-92.72",
                        "34.82"
                    ],
                    [
                        "-91.91",
                        "35.31"
                    ],
                    [
                        "-90.52",
                        "36.33"
                    ],
                    [
                        "-88.69",
                        "36.87"
                    ],
                    [
                        "-87.04",
                        "35.76"
                    ],
                    [
                        "-85.83",
                        "34.38"
                    ],
                    [
                        "-85.13",
                        "32.86"
                    ],
                    [
                        "-84.27",
                        "31.71"
                    ],
                    [
                        "-82.43",
                        "30.52"
                    ],
                    [
                        "-79.47",
                        "28.63"
                    ],
                    [
                        "-74.58",
                        "28.51"
                    ],
                    [
                        "-73.77",
                        "28.11"
                    ],
                    [
                        "-73.16",
                        "27.50"
                    ],
                    [
                        "-72.91",
                        "27.09"
                    ],
                    [
                        "-73.15",
                        "26.50"
                    ],
                    [
                        "-73.62",
                        "25.75"
                    ],
                    [
                        "-73.53",
                        "25.28"
                    ],
                    [
                        "-73.03",
                        "25.16"
                    ],
                    [
                        "-72.35",
                        "25.70"
                    ],
                    [
                        "-71.72",
                        "25.93"
                    ],
                    [
                        "-71.26",
                        "25.54"
                    ],
                    [
                        "-70.68",
                        "24.98"
                    ],
                    [
                        "-69.87",
                        "25.23"
                    ],
                    [
                        "-69.27",
                        "25.73"
                    ],
                    [
                        "-68.12",
                        "26.95"
                    ],
                    [
                        "-67.25",
                        "28.59"
                    ],
                    [
                        "-66.71",
                        "29.79"
                    ],
                    [
                        "-66.15",
                        "30.23"
                    ]
                ]
            },
            "properties": {
                "forecastId": null,
                "geometryId": null,
                "tag": "1C",
                "forecastHour": 6,
                "hazard": "FZLVL",
                "frequency": null,
                "severity": null,
                "status": "NRML",
                "base": null,
                "top": null,
                "fzlBase": null,
                "fzlTop": null,
                "level": "160",
                "product": "ZULU",
                "rawAirSigmet": null,
                "validTimeTo": "2026-09-25T09:00:00.000",
                "validTimeFrom": [
                    "2026-09-25T07:23"
                ]
            }
        },
        {
            "type": "Feature",
            "geometry": {
                "type": "Polygon",
                "coordinates": [
                    [
                        [
                            "-83.87",
                            "37.18"
                        ],
                        [
                            "-81.92",
                            "36.34"
                        ],
                        [
                            "-81.11",
                            "35.05"
                        ],
                        [
                            "-84.45",
                            "33.57"
                        ],
                        [
                            "-85.20",
                            "35.14"
                        ],
                        [
                            "-85.20",
                            "36.43"
                        ],
                        [
                            "-83.87",
                            "37.18"
                        ]
                    ]
                ]
            },
            "properties": {
                "forecastId": null,
                "geometryId": null,
                "tag": "4E",
                "forecastHour": 6,
                "hazard": "MT_OBSC",
                "frequency": null,
                "severity": null,
                "status": "AMD",
                "base": null,
                "top": null,
                "fzlBase": null,
                "fzlTop": null,
                "level": null,
                "product": "SIERRA",
                "rawAirSigmet": "MTNS OBSC BY CLDS BR FG",
                "validTimeTo": "2026-09-25T09:00:00.000",
                "validTimeFrom": [
                    "2026-09-25T06:31"
                ]
            }
        },
        {
            "type": "Feature",
            "geometry": {
                "type": "Polygon",
                "coordinates": [
                    [
                        [
                            "-69.54",
                            "40.62"
                        ],
                        [
                            "-67.85",
                            "39.92"
                        ],
                        [
                            "-66.97",
                            "39.06"
                        ],
                        [
                            "-72.74",
                            "37.11"
                        ],
                        [
                            "-72.80",
                            "35.10"
                        ],
                        [
                            "-74.01",
                            "35.94"
                        ],
                        [
                            "-74.57",
                            "37.90"
                        ],
                        [
                            "-69.54",
                            "40.62"
                        ]
                    ]
                ]
            },
            "properties": {
                "forecastId": null,
                "geometryId": null,
                "tag": "7E",
                "forecastHour": 6,
                "hazard": "IFR",
                "frequency": null,
                "severity": null,
                "status": "AMD",
                "base": null,
                "top": null,
                "fzlBase": null,
                "fzlTop": null,
                "level": null,
                "product": "SIERRA",
                "rawAirSigmet": "CIG BLW 010 VIS BLW 3SM PCPN BR",
                "validTimeTo": "2026-09-25T09:00:00.000",
                "validTimeFrom": [
                    "2026-09-25T06:31"
                ]
            }
        },
        {
            "type": "Feature",
            "geometry": {
                "type": "Polygon",
                "coordinates": [
                    [
                        [
                            "-90.04",
                            "47.39"
                        ],
                        [
                            "-90.55",
                            "46.99"
                        ],
                        [
                            "-90.78",
                            "46.51"
                        ],
                        [
                            "-91.00",
                            "45.84"
                        ],
                        [
                            "-91.00",
                            "45.16"
                        ],
                        [
                            "-90.66",
                            "44.79"
                        ],
                        [
                            "-90.15",
                            "44.45"
                        ],
                        [
                            "-89.70",
                            "44.09"
                        ],
                        [
                            "-88.99",
                            "44.07"
                        ],
                        [
                            "-88.27",
                            "44.36"
                        ],
                        [
                            "-87.88",
                            "44.72"
                        ],
                        [
                            "-87.73",
                            "45.06"
                        ],
                        [
                            "-87.74",
                            "45.40"
                        ],
                        [
                            "-87.90",
                            "46.09"
                        ],
                        [
                            "-88.10",
                            "46.75"
                        ],
                        [
                            "-88.31",
                            "47.12"
                        ],
                        [
                            "-88.67",
                            "47.47"
                        ],
                        [
                            "-89.53",
                            "47.54"
                        ],
                        [
                            "-90.04",
                            "47.39"
                        ]
                    ]
                ]
            },
            "properties": {
                "forecastId": null,
                "geometryId": null,
                "tag": "1C",
                "forecastHour": 6,
                "hazard": "FZLVL",
                "frequency": null,
                "severity": null,
                "status": "NRML",
                "base": null,
                "top": null,
                "fzlBase": null,
                "fzlTop": null,
                "level": "120",
                "product": "ZULU",
                "rawAirSigmet": null,
                "validTimeTo": "2026-09-25T09:00:00.000",
                "validTimeFrom": [
                    "2026-09-25T07:23"
                ]
            }
        },
        {
            "type": "Feature",
            "geometry": {
                "type": "Polygon",
                "coordinates": [
                    [
                        [
                            "-104.63",
                            "41.05"
                        ],
                        [
                            "-103.56",
                            "37.26"
                        ],
                        [
                            "-104.56",
                            "33.31"
                        ],
                        [
                            "-104.34",
                            "31.72"
                        ],
                        [
                            "-103.33",
                            "30.99"
                        ],
                        [
                            "-104.05",
                            "29.92"
                        ],
                        [
                            "-106.28",
                            "31.82"
                        ],
                        [
                            "-107.50",
                            "31.95"
                        ],
                        [
                            "-108.16",
                            "33.07"
                        ],
                        [
                            "-108.16",
                            "34.80"
                        ],
                        [
                            "-108.70",
                            "37.70"
                        ],
                        [
                            "-107.80",
                            "40.75"
                        ],
                        [
                            "-104.63",
                            "41.05"
                        ]
                    ]
                ]
            },
            "properties": {
                "forecastId": null,
                "geometryId": null,
                "tag": "1E",
                "forecastHour": 6,
                "hazard": "MT_OBSC",
                "frequency": null,
                "severity": null,
                "status": "AMD",
                "base": null,
                "top": null,
                "fzlBase": null,
                "fzlTop": null,
                "level": null,
                "product": "SIERRA",
                "rawAirSigmet": "MTNS OBSC BY CLDS PCPN BR",
                "validTimeTo": "2026-09-25T09:00:00.000",
                "validTimeFrom": [
                    "2026-09-25T06:31"
                ]
            }
        },
        {
            "type": "Feature",
            "geometry": {
                "type": "Polygon",
                "coordinates": [
                    [
                        [
                            "-88.82",
                            "40.81"
                        ],
                        [
                            "-87.85",
                            "40.27"
                        ],
                        [
                            "-88.56",
                            "37.45"
                        ],
                        [
                            "-91.76",
                            "37.75"
                        ],
                        [
                            "-91.13",
                            "40.06"
                        ],
                        [
                            "-88.82",
                            "40.81"
                        ]
                    ]
                ]
            },
            "properties": {
                "forecastId": null,
                "geometryId": null,
                "tag": "10E",
                "forecastHour": 6,
                "hazard": "IFR",
                "frequency": null,
                "severity": null,
                "status": "NEW",
                "base": null,
                "top": null,
                "fzlBase": null,
                "fzlTop": null,
                "level": null,
                "product": "SIERRA",
                "rawAirSigmet": "CIG BLW 010 VIS BLW 3SM BR",
                "validTimeTo": "2026-09-25T09:00:00.000",
                "validTimeFrom": [
                    "2026-09-25T06:31"
                ]
            }
        },
        {
            "type": "Feature",
            "geometry": {
                "type": "Polygon",
                "coordinates": [
                    [
                        [
                            "-72.77",
                            "48.62"
                        ],
                        [
                            "-73.33",
                            "48.41"
                        ],
                        [
                            "-73.98",
                            "47.81"
                        ],
                        [
                            "-73.71",
                            "47.10"
                        ],
                        [
                            "-73.18",
                            "46.97"
                        ],
                        [
                            "-72.51",
                            "46.97"
                        ],
                        [
                            "-71.66",
                            "47.02"
                        ],
                        [
                            "-70.64",
                            "47.07"
                        ],
                        [
                            "-70.12",
                            "47.16"
                        ],
                        [
                            "-69.52",
                            "47.50"
                        ],
                        [
                            "-69.46",
                            "47.71"
                        ],
                        [
                            "-69.81",
                            "48.26"
                        ],
                        [
                            "-70.25",
                            "48.52"
                        ],
                        [
                            "-71.21",
                            "48.73"
                        ],
                        [
                            "-72.23",
                            "48.73"
                        ],
                        [
                            "-72.77",
                            "48.62"
                        ]
                    ]
                ]
            },
            "properties": {
                "forecastId": null,
                "geometryId": null,
                "tag": "1C",
                "forecastHour": 6,
                "hazard": "FZLVL",
                "frequency": null,
                "severity": null,
                "status": "NRML",
                "base": null,
                "top": null,
                "fzlBase": null,
                "fzlTop": null,
                "level": "120",
                "product": "ZULU",
                "rawAirSigmet": null,
                "validTimeTo": "2026-09-25T09:00:00.000",
                "validTimeFrom": [
                    "2026-09-25T07:23"
                ]
            }
        },
        {
            "type": "Feature",
            "geometry": {
                "type": "Polygon",
                "coordinates": [
                    [
                        [
                            "-67.78",
                            "46.97"
                        ],
                        [
                            "-67.85",
                            "45.88"
                        ],
                        [
                            "-67.05",
                            "44.60"
                        ],
                        [
                            "-67.04",
                            "42.99"
                        ],
                        [
                            "-70.36",
                            "42.26"
                        ],
                        [
                            "-73.08",
                            "41.07"
                        ],
                        [
                            "-74.81",
                            "38.55"
                        ],
                        [
                            "-74.72",
                            "37.25"
                        ],
                        [
                            "-73.24",
                            "34.67"
                        ],
                        [
                            "-77.11",
                            "32.16"
                        ],
                        [
                            "-77.12",
                            "30.19"
                        ],
                        [
                            "-76.87",
                            "28.96"
                        ],
                        [
                            "-78.71",
                            "28.94"
                        ],
                        [
                            "-80.65",
                            "30.10"
                        ],
                        [
                            "-82.91",
                            "32.37"
                        ],
                        [
                            "-83.53",
                            "35.63"
                        ],
                        [
                            "-82.82",
                            "37.46"
                        ],
                        [
                            "-81.89",
                            "38.85"
                        ],
                        [
                            "-81.89",
                            "40.12"
                        ],
                        [
                            "-79.40",
                            "40.41"
                        ],
                        [
                            "-77.75",
                            "43.52"
                        ],
                        [
                            "-76.72",
                            "43.74"
                        ],
                        [
                            "-75.13",
                            "44.96"
                        ],
                        [
                            "-71.48",
                            "45.19"
                        ],
                        [
                            "-69.89",
                            "46.88"
                        ],
                        [
                            "-67.78",
                            "46.97"
                        ]
                    ]
                ]
            },
            "properties": {
                "forecastId": null,
                "geometryId": null,
                "tag": "5W",
                "forecastHour": 6,
                "hazard": "TURB-HI",
                "frequency": null,
                "severity": "MOD",
                "status": "NRML",
                "base": "230",
                "top": "410",
                "fzlBase": null,
                "fzlTop": null,
                "level": null,
                "product": "TANGO",
                "rawAirSigmet": null,
                "validTimeTo": "2026-09-25T09:00:00.000",
                "validTimeFrom": [
                    "2026-09-25T02:45"
                ]
            }
        },
        {
            "type": "Feature",
            "geometry": {
                "type": "Polygon",
                "coordinates": [
                    [
                        [
                            "-124.38",
                            "42.32"
                        ],
                        [
                            "-123.80",
                            "41.08"
                        ],
                        [
                            "-124.16",
                            "40.36"
                        ],
                        [
                            "-123.55",
                            "38.64"
                        ],
                        [
                            "-122.07",
                            "36.82"
                        ],
                        [
                            "-123.71",
                            "35.18"
                        ],
                        [
                            "-124.97",
                            "36.83"
                        ],
                        [
                            "-124.21",
                            "38.47"
                        ],
                        [
                            "-124.61",
                            "40.56"
                        ],
                        [
                            "-124.38",
                            "42.32"
                        ]
                    ]
                ]
            },
            "properties": {
                "forecastId": null,
                "geometryId": null,
                "tag": "3E",
                "forecastHour": 6,
                "hazard": "IFR",
                "frequency": null,
                "severity": null,
                "status": "AMD",
                "base": null,
                "top": null,
                "fzlBase": null,
                "fzlTop": null,
                "level": null,
                "product": "SIERRA",
                "rawAirSigmet": "CIG BLW 010 VIS BLW 3SM PCPN BR",
                "validTimeTo": "2026-09-25T09:00:00.000",
                "validTimeFrom": [
                    "2026-09-25T06:31"
                ]
            }
        },
        {
            "type": "Feature",
            "geometry": {
                "type": "Polygon",
                "coordinates": [
                    [
                        [
                            "-104.56",
                            "41.99"
                        ],
                        [
                            "-103.61",
                            "41.25"
                        ],
                        [
                            "-103.62",
                            "40.24"
                        ],
                        [
                            "-104.98",
                            "39.41"
                        ],
                        [
                            "-105.67",
                            "38.34"
                        ],
                        [
                            "-106.70",
                            "37.64"
                        ],
                        [
                            "-107.90",
                            "37.59"
                        ],
                        [
                            "-108.78",
                            "38.20"
                        ],
                        [
                            "-109.09",
                            "39.22"
                        ],
                        [
                            "-108.75",
                            "40.47"
                        ],
                        [
                            "-107.61",
                            "41.41"
                        ],
                        [
                            "-106.23",
                            "41.87"
                        ],
                        [
                            "-104.56",
                            "41.99"
                        ]
                    ]
                ]
            },
            "properties": {
                "forecastId": null,
                "geometryId": null,
                "tag": "4C",
                "forecastHour": 6,
                "hazard": "ICE",
                "frequency": null,
                "severity": "MOD",
                "status": "NRML",
                "base": "140",
                "top": "260",
                "fzlBase": null,
                "fzlTop": null,
                "level": null,
                "product": "ZULU",
                "rawAirSigmet": "ICE",
                "validTimeTo": "2026-09-25T09:00:00.000",
                "validTimeFrom": [
                    "2026-09-25T07:23"
                ]
            }
        },
        {
            "type": "Feature",
            "geometry": {
                "type": "Polygon",
                "coordinates": [
                    [
                        [
                            "-67.02",
                            "42.11"
                        ],
                        [
                            "-66.83",
                            "39.16"
                        ],
                        [
                            "-72.64",
                            "37.28"
                        ],
                        [
                            "-72.64",
                            "35.59"
                        ],
                        [
                            "-74.47",
                            "34.45"
                        ],
                        [
                            "-76.19",
                            "35.41"
                        ],
                        [
                            "-76.23",
                            "37.20"
                        ],
                        [
                            "-75.16",
                            "38.97"
                        ],
                        [
                            "-73.63",
                            "40.69"
                        ],
                        [
                            "-71.47",
                            "41.71"
                        ],
                        [
                            "-69.47",
                            "42.09"
                        ],
                        [
                            "-67.02",
                            "42.11"
                        ]
                    ]
                ]
            },
            "properties": {
                "forecastId": null,
                "geometryId": null,
                "tag": "2C",
                "forecastHour": 6,
                "hazard": "ICE",
                "frequency": null,
                "severity": "MOD",
                "status": "NRML",
                "base": "140",
                "top": "270",
                "fzlBase": null,
                "fzlTop": null,
                "level": null,
                "product": "ZULU",
                "rawAirSigmet": "ICE",
                "validTimeTo": "2026-09-25T09:00:00.000",
                "validTimeFrom": [
                    "2026-09-25T07:23"
                ]
            }
        },
        {
            "type": "Feature",
            "geometry": {
                "type": "Polygon",
                "coordinates": [
                    [
                        [
                            "-123.05",
                            "49.02"
                        ],
                        [
                            "-118.45",
                            "49.00"
                        ],
                        [
                            "-119.52",
                            "47.44"
                        ],
                        [
                            "-119.94",
                            "45.75"
                        ],
                        [
                            "-121.37",
                            "43.87"
                        ],
                        [
                            "-121.98",
                            "41.97"
                        ],
                        [
                            "-123.38",
                            "40.32"
                        ],
                        [
                            "-124.10",
                            "40.08"
                        ],
                        [
                            "-124.42",
                            "41.14"
                        ],
                        [
                            "-123.61",
                            "43.06"
                        ],
                        [
                            "-123.40",
                            "44.55"
                        ],
                        [
                            "-123.88",
                            "46.35"
                        ],
                        [
                            "-124.94",
                            "46.86"
                        ],
                        [
                            "-125.75",
                            "45.77"
                        ],
                        [
                            "-126.65",
                            "44.91"
                        ],
                        [
                            "-127.72",
                            "48.43"
                        ],
                        [
                            "-124.83",
                            "48.67"
                        ],
                        [
                            "-123.24",
                            "48.25"
                        ],
                        [
                            "-123.05",
                            "49.02"
                        ]
                    ]
                ]
            },
            "properties": {
                "forecastId": null,
                "geometryId": null,
                "tag": "1C",
                "forecastHour": 6,
                "hazard": "ICE",
                "frequency": null,
                "severity": "MOD",
                "status": "NRML",
                "base": "FZL",
                "top": "220",
                "fzlBase": "060",
                "fzlTop": "120",
                "level": null,
                "product": "ZULU",
                "rawAirSigmet": "ICE",
                "validTimeTo": "2026-09-25T09:00:00.000",
                "validTimeFrom": [
                    "2026-09-25T07:23"
                ]
            }
        },
        {
            "type": "Feature",
            "geometry": {
                "type": "Polygon",
                "coordinates": [
                    [
                        [
                            "-70.33",
                            "45.77"
                        ],
                        [
                            "-70.45",
                            "44.21"
                        ],
                        [
                            "-71.29",
                            "42.90"
                        ],
                        [
                            "-72.50",
                            "42.81"
                        ],
                        [
                            "-74.44",
                            "44.36"
                        ],
                        [
                            "-72.26",
                            "45.04"
                        ],
                        [
                            "-71.53",
                            "45.11"
                        ],
                        [
                            "-70.33",
                            "45.77"
                        ]
                    ]
                ]
            },
            "properties": {
                "forecastId": null,
                "geometryId": null,
                "tag": "5E",
                "forecastHour": 6,
                "hazard": "IFR",
                "frequency": null,
                "severity": null,
                "status": "NRML",
                "base": null,
                "top": null,
                "fzlBase": null,
                "fzlTop": null,
                "level": null,
                "product": "SIERRA",
                "rawAirSigmet": "CIG BLW 010 VIS BLW 3SM BR FG",
                "validTimeTo": "2026-09-25T09:00:00.000",
                "validTimeFrom": [
                    "2026-09-25T06:31"
                ]
            }
        },
        {
            "type": "Feature",
            "geometry": {
                "type": "LineString",
                "coordinates": [
                    [
                        "-132.42",
                        "37.80"
                    ],
                    [
                        "-131.32",
                        "37.86"
                    ],
                    [
                        "-130.30",
                        "38.19"
                    ],
                    [
                        "-127.65",
                        "38.95"
                    ],
                    [
                        "-125.54",
                        "39.48"
                    ],
                    [
                        "-123.86",
                        "40.21"
                    ],
                    [
                        "-122.61",
                        "41.04"
                    ],
                    [
                        "-121.60",
                        "42.59"
                    ],
                    [
                        "-120.31",
                        "44.98"
                    ],
                    [
                        "-119.03",
                        "47.74"
                    ],
                    [
                        "-115.16",
                        "52.21"
                    ],
                    [
                        "-114.58",
                        "52.61"
                    ],
                    [
                        "-113.21",
                        "52.81"
                    ],
                    [
                        "-110.97",
                        "52.81"
                    ],
                    [
                        "-108.26",
                        "52.86"
                    ],
                    [
                        "-105.55",
                        "52.66"
                    ],
                    [
                        "-103.52",
                        "52.29"
                    ],
                    [
                        "-102.12",
                        "52.32"
                    ],
                    [
                        "-101.41",
                        "52.54"
                    ],
                    [
                        "-99.26",
                        "53.00"
                    ],
                    [
                        "-96.60",
                        "53.40"
                    ],
                    [
                        "-87.77",
                        "52.69"
                    ],
                    [
                        "-87.01",
                        "51.68"
                    ],
                    [
                        "-87.32",
                        "50.26"
                    ],
                    [
                        "-87.32",
                        "49.54"
                    ],
                    [
                        "-87.63",
                        "49.11"
                    ],
                    [
                        "-88.13",
                        "48.43"
                    ],
                    [
                        "-87.44",
                        "48.43"
                    ],
                    [
                        "-86.75",
                        "49.02"
                    ],
                    [
                        "-85.83",
                        "49.35"
                    ],
                    [
                        "-84.81",
                        "49.36"
                    ],
                    [
                        "-83.95",
                        "49.14"
                    ],
                    [
                        "-82.79",
                        "48.96"
                    ],
                    [
                        "-81.35",
                        "49.09"
                    ],
                    [
                        "-79.03",
                        "48.95"
                    ],
                    [
                        "-77.95",
                        "48.62"
                    ],
                    [
                        "-76.71",
                        "48.71"
                    ],
                    [
                        "-75.30",
                        "49.58"
                    ],
                    [
                        "-73.46",
                        "50.07"
                    ],
                    [
                        "-70.49",
                        "49.49"
                    ],
                    [
                        "-68.03",
                        "49.51"
                    ],
                    [
                        "-65.48",
                        "49.24"
                    ],
                    [
                        "-60.33",
                        "48.88"
                    ]
                ]
            },
            "properties": {
                "forecastId": null,
                "geometryId": null,
                "tag": "1C",
                "forecastHour": 6,
                "hazard": "FZLVL",
                "frequency": null,
                "severity": null,
                "status": "NRML",
                "base": null,
                "top": null,
                "fzlBase": null,
                "fzlTop": null,
                "level": "120",
                "product": "ZULU",
                "rawAirSigmet": null,
                "validTimeTo": "2026-09-25T09:00:00.000",
                "validTimeFrom": [
                    "2026-09-25T07:23"
                ]
            }
        },
        {
            "type": "Feature",
            "geometry": {
                "type": "Polygon",
                "coordinates": [
                    [
                        [
                            "-122.87",
                            "49.03"
                        ],
                        [
                            "-121.69",
                            "47.82"
                        ],
                        [
                            "-121.48",
                            "46.53"
                        ],
                        [
                            "-122.07",
                            "45.55"
                        ],
                        [
                            "-123.80",
                            "45.55"
                        ],
                        [
                            "-125.46",
                            "46.93"
                        ],
                        [
                            "-126.93",
                            "48.37"
                        ],
                        [
                            "-125.12",
                            "48.71"
                        ],
                        [
                            "-123.39",
                            "48.22"
                        ],
                        [
                            "-122.92",
                            "48.38"
                        ],
                        [
                            "-122.96",
                            "48.65"
                        ],
                        [
                            "-122.81",
                            "48.81"
                        ],
                        [
                            "-122.87",
                            "49.03"
                        ]
                    ]
                ]
            },
            "properties": {
                "forecastId": null,
                "geometryId": null,
                "tag": "4W",
                "forecastHour": 6,
                "hazard": "TURB-HI",
                "frequency": null,
                "severity": "MOD",
                "status": "NRML",
                "base": "180",
                "top": "300",
                "fzlBase": null,
                "fzlTop": null,
                "level": null,
                "product": "TANGO",
                "rawAirSigmet": null,
                "validTimeTo": "2026-09-25T09:00:00.000",
                "validTimeFrom": [
                    "2026-09-25T02:45"
                ]
            }
        },
        {
            "type": "Feature",
            "geometry": {
                "type": "Polygon",
                "coordinates": [
                    [
                        [
                            "-87.34",
                            "47.88"
                        ],
                        [
                            "-85.07",
                            "46.94"
                        ],
                        [
                            "-83.48",
                            "45.66"
                        ],
                        [
                            "-84.11",
                            "44.58"
                        ],
                        [
                            "-84.70",
                            "42.68"
                        ],
                        [
                            "-85.72",
                            "41.13"
                        ],
                        [
                            "-87.12",
                            "40.22"
                        ],
                        [
                            "-89.15",
                            "39.61"
                        ],
                        [
                            "-91.20",
                            "39.50"
                        ],
                        [
                            "-93.22",
                            "39.54"
                        ],
                        [
                            "-95.32",
                            "40.28"
                        ],
                        [
                            "-97.42",
                            "40.65"
                        ],
                        [
                            "-98.96",
                            "40.33"
                        ],
                        [
                            "-100.15",
                            "40.98"
                        ],
                        [
                            "-99.70",
                            "42.13"
                        ],
                        [
                            "-97.48",
                            "42.85"
                        ],
                        [
                            "-94.74",
                            "43.25"
                        ],
                        [
                            "-91.81",
                            "43.23"
                        ],
                        [
                            "-89.87",
                            "44.39"
                        ],
                        [
                            "-89.71",
                            "45.82"
                        ],
                        [
                            "-88.98",
                            "46.96"
                        ],
                        [
                            "-87.34",
                            "47.88"
                        ]
                    ]
                ]
            },
            "properties": {
                "forecastId": null,
                "geometryId": null,
                "tag": "3C",
                "forecastHour": 6,
                "hazard": "ICE",
                "frequency": null,
                "severity": "MOD",
                "status": "NRML",
                "base": "130",
                "top": "260",
                "fzlBase": null,
                "fzlTop": null,
                "level": null,
                "product": "ZULU",
                "rawAirSigmet": "ICE",
                "validTimeTo": "2026-09-25T09:00:00.000",
                "validTimeFrom": [
                    "2026-09-25T07:23"
                ]
            }
        },
        {
            "type": "Feature",
            "geometry": {
                "type": "Polygon",
                "coordinates": [
                    [
                        [
                            "-122.05",
                            "20.47"
                        ],
                        [
                            "-122.35",
                            "20.22"
                        ],
                        [
                            "-122.49",
                            "20.02"
                        ],
                        [
                            "-122.65",
                            "19.79"
                        ],
                        [
                            "-122.73",
                            "19.60"
                        ],
                        [
                            "-122.77",
                            "19.22"
                        ],
                        [
                            "-122.69",
                            "18.86"
                        ],
                        [
                            "-122.47",
                            "18.53"
                        ],
                        [
                            "-122.37",
                            "18.47"
                        ],
                        [
                            "-121.96",
                            "18.41"
                        ],
                        [
                            "-121.58",
                            "18.46"
                        ],
                        [
                            "-121.21",
                            "18.53"
                        ],
                        [
                            "-120.84",
                            "18.62"
                        ],
                        [
                            "-120.50",
                            "18.88"
                        ],
                        [
                            "-120.48",
                            "18.91"
                        ],
                        [
                            "-120.33",
                            "19.30"
                        ],
                        [
                            "-120.29",
                            "19.68"
                        ],
                        [
                            "-120.30",
                            "19.85"
                        ],
                        [
                            "-120.31",
                            "20.05"
                        ],
                        [
                            "-120.39",
                            "20.30"
                        ],
                        [
                            "-120.43",
                            "20.40"
                        ],
                        [
                            "-120.78",
                            "20.70"
                        ],
                        [
                            "-120.88",
                            "20.75"
                        ],
                        [
                            "-121.29",
                            "20.83"
                        ],
                        [
                            "-121.68",
                            "20.78"
                        ],
                        [
                            "-122.02",
                            "20.53"
                        ],
                        [
                            "-122.05",
                            "20.47"
                        ]
                    ]
                ]
            },
            "properties": {
                "forecastId": null,
                "geometryId": null,
                "tag": "1C",
                "forecastHour": 6,
                "hazard": "FZLVL",
                "frequency": null,
                "severity": null,
                "status": "NRML",
                "base": null,
                "top": null,
                "fzlBase": null,
                "fzlTop": null,
                "level": "160",
                "product": "ZULU",
                "rawAirSigmet": null,
                "validTimeTo": "2026-09-25T09:00:00.000",
                "validTimeFrom": [
                    "2026-09-25T07:23"
                ]
            }
        },
        {
            "type": "Feature",
            "geometry": {
                "type": "Polygon",
                "coordinates": [
                    [
                        [
                            "-121.41",
                            "48.99"
                        ],
                        [
                            "-122.09",
                            "46.58"
                        ],
                        [
                            "-123.15",
                            "43.74"
                        ],
                        [
                            "-126.62",
                            "44.05"
                        ],
                        [
                            "-126.51",
                            "45.67"
                        ],
                        [
                            "-125.23",
                            "48.60"
                        ],
                        [
                            "-123.80",
                            "48.09"
                        ],
                        [
                            "-123.24",
                            "48.99"
                        ],
                        [
                            "-121.41",
                            "48.99"
                        ]
                    ]
                ]
            },
            "properties": {
                "forecastId": null,
                "geometryId": null,
                "tag": "3E",
                "forecastHour": 6,
                "hazard": "IFR",
                "frequency": null,
                "severity": null,
                "status": "AMD",
                "base": null,
                "top": null,
                "fzlBase": null,
                "fzlTop": null,
                "level": null,
                "product": "SIERRA",
                "rawAirSigmet": "CIG BLW 010 VIS BLW 3SM PCPN BR",
                "validTimeTo": "2026-09-25T09:00:00.000",
                "validTimeFrom": [
                    "2026-09-25T06:31"
                ]
            }
        },
        {
            "type": "Feature",
            "geometry": {
                "type": "Polygon",
                "coordinates": [
                    [
                        [
                            "-127.27",
                            "47.64"
                        ],
                        [
                            "-127.04",
                            "47.39"
                        ],
                        [
                            "-126.90",
                            "46.89"
                        ],
                        [
                            "-126.74",
                            "46.35"
                        ],
                        [
                            "-126.25",
                            "45.67"
                        ],
                        [
                            "-125.66",
                            "45.28"
                        ],
                        [
                            "-125.35",
                            "45.28"
                        ],
                        [
                            "-125.32",
                            "45.77"
                        ],
                        [
                            "-125.18",
                            "45.98"
                        ],
                        [
                            "-124.92",
                            "46.32"
                        ],
                        [
                            "-124.37",
                            "46.34"
                        ],
                        [
                            "-124.14",
                            "45.94"
                        ],
                        [
                            "-123.99",
                            "45.30"
                        ],
                        [
                            "-124.10",
                            "44.50"
                        ],
                        [
                            "-124.21",
                            "43.84"
                        ],
                        [
                            "-124.48",
                            "43.37"
                        ],
                        [
                            "-125.04",
                            "43.27"
                        ],
                        [
                            "-126.79",
                            "43.31"
                        ],
                        [
                            "-126.59",
                            "44.98"
                        ],
                        [
                            "-127.64",
                            "47.60"
                        ],
                        [
                            "-127.27",
                            "47.64"
                        ]
                    ]
                ]
            },
            "properties": {
                "forecastId": null,
                "geometryId": null,
                "tag": "2W",
                "forecastHour": 6,
                "hazard": "SFC_WND",
                "frequency": null,
                "severity": null,
                "status": "NRML",
                "base": null,
                "top": null,
                "fzlBase": null,
                "fzlTop": null,
                "level": null,
                "product": "TANGO",
                "rawAirSigmet": "USTAINED SFC WINDS GREATER THAN 30 KTS",
                "validTimeTo": "2026-09-25T09:00:00.000",
                "validTimeFrom": [
                    "2026-09-25T02:45"
                ]
            }
        },
        {
            "type": "Feature",
            "geometry": {
                "type": "Polygon",
                "coordinates": [
                    [
                        [
                            "-124.61",
                            "21.83"
                        ],
                        [
                            "-124.49",
                            "21.48"
                        ],
                        [
                            "-124.18",
                            "21.26"
                        ],
                        [
                            "-124.02",
                            "21.20"
                        ],
                        [
                            "-123.75",
                            "21.13"
                        ],
                        [
                            "-123.35",
                            "21.13"
                        ],
                        [
                            "-122.96",
                            "21.16"
                        ],
                        [
                            "-122.58",
                            "21.25"
                        ],
                        [
                            "-122.38",
                            "21.52"
                        ],
                        [
                            "-122.57",
                            "21.86"
                        ],
                        [
                            "-122.73",
                            "21.95"
                        ],
                        [
                            "-123.06",
                            "22.14"
                        ],
                        [
                            "-123.19",
                            "22.17"
                        ],
                        [
                            "-123.60",
                            "22.23"
                        ],
                        [
                            "-124.00",
                            "22.22"
                        ],
                        [
                            "-124.37",
                            "22.08"
                        ],
                        [
                            "-124.61",
                            "21.83"
                        ]
                    ]
                ]
            },
            "properties": {
                "forecastId": null,
                "geometryId": null,
                "tag": "1C",
                "forecastHour": 6,
                "hazard": "FZLVL",
                "frequency": null,
                "severity": null,
                "status": "NRML",
                "base": null,
                "top": null,
                "fzlBase": null,
                "fzlTop": null,
                "level": "160",
                "product": "ZULU",
                "rawAirSigmet": null,
                "validTimeTo": "2026-09-25T09:00:00.000",
                "validTimeFrom": [
                    "2026-09-25T07:23"
                ]
            }
        },
        {
            "type": "Feature",
            "geometry": {
                "type": "Polygon",
                "coordinates": [
                    [
                        [
                            "-94.67",
                            "49.00"
                        ],
                        [
                            "-89.89",
                            "47.90"
                        ],
                        [
                            "-91.62",
                            "46.76"
                        ],
                        [
                            "-92.11",
                            "45.09"
                        ],
                        [
                            "-91.92",
                            "44.15"
                        ],
                        [
                            "-88.75",
                            "47.22"
                        ],
                        [
                            "-86.29",
                            "46.40"
                        ],
                        [
                            "-92.74",
                            "41.65"
                        ],
                        [
                            "-95.22",
                            "39.73"
                        ],
                        [
                            "-99.42",
                            "37.05"
                        ],
                        [
                            "-104.39",
                            "36.44"
                        ],
                        [
                            "-108.11",
                            "37.47"
                        ],
                        [
                            "-101.07",
                            "44.27"
                        ],
                        [
                            "-102.32",
                            "48.93"
                        ],
                        [
                            "-94.67",
                            "49.00"
                        ]
                    ]
                ]
            },
            "properties": {
                "forecastId": null,
                "geometryId": null,
                "tag": "1E",
                "forecastHour": 6,
                "hazard": "IFR",
                "frequency": null,
                "severity": null,
                "status": "AMD",
                "base": null,
                "top": null,
                "fzlBase": null,
                "fzlTop": null,
                "level": null,
                "product": "SIERRA",
                "rawAirSigmet": "CIG BLW 010 VIS BLW 3SM PCPN BR FG",
                "validTimeTo": "2026-09-25T09:00:00.000",
                "validTimeFrom": [
                    "2026-09-25T06:31"
                ]
            }
        },
        {
            "type": "Feature",
            "geometry": {
                "type": "Polygon",
                "coordinates": [
                    [
                        [
                            "-67.01",
                            "41.84"
                        ],
                        [
                            "-66.86",
                            "38.90"
                        ],
                        [
                            "-72.30",
                            "37.16"
                        ],
                        [
                            "-72.53",
                            "36.06"
                        ],
                        [
                            "-72.92",
                            "35.58"
                        ],
                        [
                            "-72.82",
                            "34.88"
                        ],
                        [
                            "-74.29",
                            "33.99"
                        ],
                        [
                            "-76.77",
                            "32.20"
                        ],
                        [
                            "-77.01",
                            "32.25"
                        ],
                        [
                            "-76.99",
                            "31.67"
                        ],
                        [
                            "-77.58",
                            "31.86"
                        ],
                        [
                            "-78.02",
                            "32.11"
                        ],
                        [
                            "-77.43",
                            "32.84"
                        ],
                        [
                            "-76.30",
                            "33.59"
                        ],
                        [
                            "-75.91",
                            "34.14"
                        ],
                        [
                            "-75.80",
                            "35.03"
                        ],
                        [
                            "-75.77",
                            "35.54"
                        ],
                        [
                            "-75.62",
                            "36.58"
                        ],
                        [
                            "-75.03",
                            "38.17"
                        ],
                        [
                            "-74.64",
                            "38.93"
                        ],
                        [
                            "-73.86",
                            "39.92"
                        ],
                        [
                            "-73.13",
                            "40.47"
                        ],
                        [
                            "-72.26",
                            "40.87"
                        ],
                        [
                            "-71.13",
                            "41.01"
                        ],
                        [
                            "-70.36",
                            "41.03"
                        ],
                        [
                            "-69.44",
                            "41.20"
                        ],
                        [
                            "-68.55",
                            "41.69"
                        ],
                        [
                            "-67.69",
                            "41.70"
                        ],
                        [
                            "-67.01",
                            "41.84"
                        ]
                    ]
                ]
            },
            "properties": {
                "forecastId": null,
                "geometryId": null,
                "tag": "1W",
                "forecastHour": 6,
                "hazard": "SFC_WND",
                "frequency": null,
                "severity": null,
                "status": "NRML",
                "base": null,
                "top": null,
                "fzlBase": null,
                "fzlTop": null,
                "level": null,
                "product": "TANGO",
                "rawAirSigmet": "USTAINED SFC WINDS GREATER THAN 30 KTS",
                "validTimeTo": "2026-09-25T09:00:00.000",
                "validTimeFrom": [
                    "2026-09-25T02:45"
                ]
            }
        },
        {
            "type": "Feature",
            "geometry": {
                "type": "Polygon",
                "coordinates": [
                    [
                        [
                            "-69.26",
                            "37.42"
                        ],
                        [
                            "-67.94",
                            "37.20"
                        ],
                        [
                            "-67.58",
                            "36.72"
                        ],
                        [
                            "-67.58",
                            "35.63"
                        ],
                        [
                            "-68.01",
                            "34.60"
                        ],
                        [
                            "-68.05",
                            "33.50"
                        ],
                        [
                            "-68.91",
                            "33.20"
                        ],
                        [
                            "-69.73",
                            "33.46"
                        ],
                        [
                            "-70.98",
                            "33.82"
                        ],
                        [
                            "-71.75",
                            "34.33"
                        ],
                        [
                            "-72.08",
                            "34.91"
                        ],
                        [
                            "-71.90",
                            "35.92"
                        ],
                        [
                            "-71.32",
                            "36.34"
                        ],
                        [
                            "-70.44",
                            "36.80"
                        ],
                        [
                            "-69.75",
                            "37.24"
                        ],
                        [
                            "-69.26",
                            "37.42"
                        ]
                    ]
                ]
            },
            "properties": {
                "forecastId": null,
                "geometryId": null,
                "tag": "1C",
                "forecastHour": 6,
                "hazard": "FZLVL",
                "frequency": null,
                "severity": null,
                "status": "NRML",
                "base": null,
                "top": null,
                "fzlBase": null,
                "fzlTop": null,
                "level": "160",
                "product": "ZULU",
                "rawAirSigmet": null,
                "validTimeTo": "2026-09-25T09:00:00.000",
                "validTimeFrom": [
                    "2026-09-25T07:23"
                ]
            }
        },
        {
            "type": "Feature",
            "geometry": {
                "type": "Polygon",
                "coordinates": [
                    [
                        [
                            "-92.22",
                            "47.75"
                        ],
                        [
                            "-91.60",
                            "47.74"
                        ],
                        [
                            "-86.86",
                            "47.69"
                        ],
                        [
                            "-85.15",
                            "46.95"
                        ],
                        [
                            "-84.58",
                            "46.38"
                        ],
                        [
                            "-82.57",
                            "45.37"
                        ],
                        [
                            "-82.07",
                            "43.84"
                        ],
                        [
                            "-82.40",
                            "42.82"
                        ],
                        [
                            "-83.00",
                            "42.18"
                        ],
                        [
                            "-82.17",
                            "41.77"
                        ],
                        [
                            "-81.25",
                            "42.21"
                        ],
                        [
                            "-79.90",
                            "42.46"
                        ],
                        [
                            "-79.54",
                            "40.38"
                        ],
                        [
                            "-82.02",
                            "40.09"
                        ],
                        [
                            "-85.42",
                            "43.21"
                        ],
                        [
                            "-88.67",
                            "45.09"
                        ],
                        [
                            "-92.55",
                            "45.71"
                        ],
                        [
                            "-94.13",
                            "45.50"
                        ],
                        [
                            "-96.08",
                            "46.02"
                        ],
                        [
                            "-96.16",
                            "46.71"
                        ],
                        [
                            "-95.08",
                            "47.22"
                        ],
                        [
                            "-92.22",
                            "47.75"
                        ]
                    ]
                ]
            },
            "properties": {
                "forecastId": null,
                "geometryId": null,
                "tag": "3W",
                "forecastHour": 6,
                "hazard": "TURB-HI",
                "frequency": null,
                "severity": "MOD",
                "status": "NRML",
                "base": "270",
                "top": "420",
                "fzlBase": null,
                "fzlTop": null,
                "level": null,
                "product": "TANGO",
                "rawAirSigmet": null,
                "validTimeTo": "2026-09-25T09:00:00.000",
                "validTimeFrom": [
                    "2026-09-25T02:45"
                ]
            }
        },
        {
            "type": "Feature",
            "geometry": {
                "type": "LineString",
                "coordinates": [
                    [
                        "-132.76",
                        "38.73"
                    ],
                    [
                        "-131.36",
                        "38.96"
                    ],
                    [
                        "-130.59",
                        "39.26"
                    ],
                    [
                        "-128.12",
                        "40.08"
                    ],
                    [
                        "-126.38",
                        "40.86"
                    ],
                    [
                        "-125.20",
                        "42.04"
                    ],
                    [
                        "-125.53",
                        "42.73"
                    ],
                    [
                        "-126.40",
                        "43.23"
                    ],
                    [
                        "-126.89",
                        "44.14"
                    ],
                    [
                        "-126.86",
                        "45.31"
                    ],
                    [
                        "-125.44",
                        "47.96"
                    ],
                    [
                        "-124.06",
                        "49.01"
                    ],
                    [
                        "-122.24",
                        "49.96"
                    ],
                    [
                        "-121.87",
                        "51.46"
                    ],
                    [
                        "-121.02",
                        "52.75"
                    ],
                    [
                        "-119.92",
                        "53.97"
                    ],
                    [
                        "-118.44",
                        "54.95"
                    ],
                    [
                        "-115.92",
                        "55.61"
                    ],
                    [
                        "-113.21",
                        "56.02"
                    ],
                    [
                        "-109.99",
                        "56.32"
                    ],
                    [
                        "-107.74",
                        "56.84"
                    ],
                    [
                        "-106.18",
                        "57.21"
                    ],
                    [
                        "-105.13",
                        "57.30"
                    ],
                    [
                        "-102.28",
                        "57.31"
                    ],
                    [
                        "-99.55",
                        "57.63"
                    ],
                    [
                        "-98.55",
                        "57.84"
                    ],
                    [
                        "-97.32",
                        "58.36"
                    ]
                ]
            },
            "properties": {
                "forecastId": null,
                "geometryId": null,
                "tag": "1C",
                "forecastHour": 6,
                "hazard": "FZLVL",
                "frequency": null,
                "severity": null,
                "status": "NRML",
                "base": null,
                "top": null,
                "fzlBase": null,
                "fzlTop": null,
                "level": "080",
                "product": "ZULU",
                "rawAirSigmet": null,
                "validTimeTo": "2026-09-25T09:00:00.000",
                "validTimeFrom": [
                    "2026-09-25T07:23"
                ]
            }
        },
        {
            "type": "Feature",
            "geometry": {
                "type": "Polygon",
                "coordinates": [
                    [
                        [
                            "-81.25",
                            "39.92"
                        ],
                        [
                            "-77.76",
                            "39.14"
                        ],
                        [
                            "-81.23",
                            "35.65"
                        ],
                        [
                            "-86.16",
                            "33.96"
                        ],
                        [
                            "-88.06",
                            "33.86"
                        ],
                        [
                            "-87.87",
                            "35.16"
                        ],
                        [
                            "-81.25",
                            "39.92"
                        ]
                    ]
                ]
            },
            "properties": {
                "forecastId": null,
                "geometryId": null,
                "tag": "4E",
                "forecastHour": 6,
                "hazard": "IFR",
                "frequency": null,
                "severity": null,
                "status": "AMD",
                "base": null,
                "top": null,
                "fzlBase": null,
                "fzlTop": null,
                "level": null,
                "product": "SIERRA",
                "rawAirSigmet": "CIG BLW 010 VIS BLW 3SM BR FG",
                "validTimeTo": "2026-09-25T09:00:00.000",
                "validTimeFrom": [
                    "2026-09-25T06:31"
                ]
            }
        },
        {
            "type": "Feature",
            "geometry": {
                "type": "Polygon",
                "coordinates": [
                    [
                        [
                            "-84.77",
                            "45.90"
                        ],
                        [
                            "-83.07",
                            "45.24"
                        ],
                        [
                            "-84.12",
                            "43.00"
                        ],
                        [
                            "-84.71",
                            "43.04"
                        ],
                        [
                            "-85.62",
                            "45.19"
                        ],
                        [
                            "-84.77",
                            "45.90"
                        ]
                    ]
                ]
            },
            "properties": {
                "forecastId": null,
                "geometryId": null,
                "tag": "6E",
                "forecastHour": 6,
                "hazard": "IFR",
                "frequency": null,
                "severity": null,
                "status": "NRML",
                "base": null,
                "top": null,
                "fzlBase": null,
                "fzlTop": null,
                "level": null,
                "product": "SIERRA",
                "rawAirSigmet": "CIG BLW 010 VIS BLW 3SM BR FG",
                "validTimeTo": "2026-09-25T09:00:00.000",
                "validTimeFrom": [
                    "2026-09-25T06:31"
                ]
            }
        },
        {
            "type": "Feature",
            "geometry": {
                "type": "LineString",
                "coordinates": [
                    [
                        "-70.17",
                        "57.15"
                    ],
                    [
                        "-69.67",
                        "56.79"
                    ],
                    [
                        "-68.98",
                        "56.40"
                    ],
                    [
                        "-68.44",
                        "56.03"
                    ],
                    [
                        "-67.98",
                        "55.71"
                    ],
                    [
                        "-67.52",
                        "55.43"
                    ],
                    [
                        "-67.04",
                        "55.23"
                    ],
                    [
                        "-66.28",
                        "54.83"
                    ],
                    [
                        "-65.67",
                        "54.44"
                    ],
                    [
                        "-65.24",
                        "54.14"
                    ],
                    [
                        "-64.36",
                        "53.94"
                    ],
                    [
                        "-63.72",
                        "53.80"
                    ],
                    [
                        "-62.73",
                        "53.54"
                    ],
                    [
                        "-61.75",
                        "53.26"
                    ],
                    [
                        "-61.24",
                        "53.16"
                    ],
                    [
                        "-60.21",
                        "53.00"
                    ],
                    [
                        "-59.70",
                        "52.92"
                    ],
                    [
                        "-58.67",
                        "52.78"
                    ]
                ]
            },
            "properties": {
                "forecastId": null,
                "geometryId": null,
                "tag": "1C",
                "forecastHour": 6,
                "hazard": "FZLVL",
                "frequency": null,
                "severity": null,
                "status": "NRML",
                "base": null,
                "top": null,
                "fzlBase": null,
                "fzlTop": null,
                "level": "080",
                "product": "ZULU",
                "rawAirSigmet": null,
                "validTimeTo": "2026-09-25T09:00:00.000",
                "validTimeFrom": [
                    "2026-09-25T07:23"
                ]
            }
        },
        {
            "type": "Feature",
            "geometry": {
                "type": "Polygon",
                "coordinates": [
                    [
                        [
                            "-71.59",
                            "42.36"
                        ],
                        [
                            "-71.50",
                            "41.86"
                        ],
                        [
                            "-71.89",
                            "41.39"
                        ],
                        [
                            "-72.66",
                            "41.36"
                        ],
                        [
                            "-74.28",
                            "40.68"
                        ],
                        [
                            "-75.67",
                            "39.97"
                        ],
                        [
                            "-76.54",
                            "39.91"
                        ],
                        [
                            "-76.55",
                            "40.32"
                        ],
                        [
                            "-76.00",
                            "40.91"
                        ],
                        [
                            "-74.57",
                            "41.65"
                        ],
                        [
                            "-72.73",
                            "42.28"
                        ],
                        [
                            "-71.59",
                            "42.36"
                        ]
                    ]
                ]
            },
            "properties": {
                "forecastId": null,
                "geometryId": null,
                "tag": "1W",
                "forecastHour": 6,
                "hazard": "LLWS",
                "frequency": null,
                "severity": null,
                "status": "NRML",
                "base": null,
                "top": null,
                "fzlBase": null,
                "fzlTop": null,
                "level": null,
                "product": "TANGO",
                "rawAirSigmet": "AIR SPEED LOSS OR GAIN OF 20KTS OR MORE BELOW 2000 FT AGL",
                "validTimeTo": "2026-09-25T09:00:00.000",
                "validTimeFrom": [
                    "2026-09-25T02:45"
                ]
            }
        },
        {
            "type": "Feature",
            "geometry": {
                "type": "LineString",
                "coordinates": [
                    [
                        "-78.02",
                        "18.70"
                    ],
                    [
                        "-77.65",
                        "19.05"
                    ],
                    [
                        "-77.15",
                        "19.33"
                    ],
                    [
                        "-76.76",
                        "19.83"
                    ],
                    [
                        "-76.45",
                        "20.34"
                    ],
                    [
                        "-76.21",
                        "20.68"
                    ],
                    [
                        "-76.13",
                        "21.41"
                    ],
                    [
                        "-76.35",
                        "21.80"
                    ],
                    [
                        "-76.56",
                        "22.20"
                    ],
                    [
                        "-77.19",
                        "22.36"
                    ],
                    [
                        "-77.37",
                        "21.93"
                    ],
                    [
                        "-77.63",
                        "21.23"
                    ],
                    [
                        "-77.80",
                        "20.77"
                    ],
                    [
                        "-77.99",
                        "20.17"
                    ],
                    [
                        "-78.33",
                        "19.76"
                    ],
                    [
                        "-78.94",
                        "19.54"
                    ],
                    [
                        "-79.06",
                        "18.82"
                    ]
                ]
            },
            "properties": {
                "forecastId": null,
                "geometryId": null,
                "tag": "1C",
                "forecastHour": 6,
                "hazard": "FZLVL",
                "frequency": null,
                "severity": null,
                "status": "NRML",
                "base": null,
                "top": null,
                "fzlBase": null,
                "fzlTop": null,
                "level": "160",
                "product": "ZULU",
                "rawAirSigmet": null,
                "validTimeTo": "2026-09-25T09:00:00.000",
                "validTimeFrom": [
                    "2026-09-25T07:23"
                ]
            }
        },
        {
            "type": "Feature",
            "geometry": {
                "type": "Polygon",
                "coordinates": [
                    [
                        [
                            "-114.63",
                            "49.05"
                        ],
                        [
                            "-112.58",
                            "49.02"
                        ],
                        [
                            "-112.24",
                            "47.96"
                        ],
                        [
                            "-112.41",
                            "46.84"
                        ],
                        [
                            "-112.49",
                            "46.44"
                        ],
                        [
                            "-113.43",
                            "45.76"
                        ],
                        [
                            "-113.57",
                            "44.99"
                        ],
                        [
                            "-114.04",
                            "44.37"
                        ],
                        [
                            "-114.65",
                            "43.81"
                        ],
                        [
                            "-115.42",
                            "43.66"
                        ],
                        [
                            "-116.54",
                            "43.53"
                        ],
                        [
                            "-117.47",
                            "42.99"
                        ],
                        [
                            "-117.91",
                            "42.04"
                        ],
                        [
                            "-118.41",
                            "41.07"
                        ],
                        [
                            "-118.76",
                            "39.93"
                        ],
                        [
                            "-118.76",
                            "39.05"
                        ],
                        [
                            "-119.42",
                            "38.49"
                        ],
                        [
                            "-120.14",
                            "38.49"
                        ],
                        [
                            "-120.78",
                            "39.06"
                        ],
                        [
                            "-121.33",
                            "39.77"
                        ],
                        [
                            "-121.96",
                            "40.50"
                        ],
                        [
                            "-122.71",
                            "40.93"
                        ],
                        [
                            "-123.50",
                            "41.45"
                        ],
                        [
                            "-124.35",
                            "42.49"
                        ],
                        [
                            "-123.75",
                            "45.77"
                        ],
                        [
                            "-122.78",
                            "46.91"
                        ],
                        [
                            "-122.09",
                            "47.71"
                        ],
                        [
                            "-121.93",
                            "49.01"
                        ],
                        [
                            "-119.59",
                            "49.02"
                        ],
                        [
                            "-117.15",
                            "48.96"
                        ],
                        [
                            "-114.63",
                            "49.05"
                        ]
                    ]
                ]
            },
            "properties": {
                "forecastId": null,
                "geometryId": null,
                "tag": "1W",
                "forecastHour": 6,
                "hazard": "TURB-LO",
                "frequency": null,
                "severity": "MOD",
                "status": "NRML",
                "base": "SFC",
                "top": "120",
                "fzlBase": null,
                "fzlTop": null,
                "level": null,
                "product": "TANGO",
                "rawAirSigmet": null,
                "validTimeTo": "2026-09-25T09:00:00.000",
                "validTimeFrom": [
                    "2026-09-25T02:45"
                ]
            }
        },
        {
            "type": "Feature",
            "geometry": {
                "type": "LineString",
                "coordinates": [
                    [
                        "-66.06",
                        "56.70"
                    ],
                    [
                        "-65.97",
                        "56.57"
                    ],
                    [
                        "-65.69",
                        "56.34"
                    ],
                    [
                        "-65.53",
                        "56.26"
                    ],
                    [
                        "-65.05",
                        "56.04"
                    ],
                    [
                        "-64.81",
                        "55.91"
                    ],
                    [
                        "-64.58",
                        "55.81"
                    ],
                    [
                        "-64.11",
                        "55.59"
                    ],
                    [
                        "-63.72",
                        "55.46"
                    ],
                    [
                        "-63.61",
                        "55.42"
                    ],
                    [
                        "-63.28",
                        "55.40"
                    ],
                    [
                        "-63.07",
                        "55.39"
                    ],
                    [
                        "-62.56",
                        "55.62"
                    ]
                ]
            },
            "properties": {
                "forecastId": null,
                "geometryId": null,
                "tag": "1C",
                "forecastHour": 6,
                "hazard": "FZLVL",
                "frequency": null,
                "severity": null,
                "status": "NRML",
                "base": null,
                "top": null,
                "fzlBase": null,
                "fzlTop": null,
                "level": "040",
                "product": "ZULU",
                "rawAirSigmet": null,
                "validTimeTo": "2026-09-25T09:00:00.000",
                "validTimeFrom": [
                    "2026-09-25T07:23"
                ]
            }
        },
        {
            "type": "Feature",
            "geometry": {
                "type": "LineString",
                "coordinates": [
                    [
                        "-83.35",
                        "19.24"
                    ],
                    [
                        "-83.37",
                        "19.61"
                    ],
                    [
                        "-83.39",
                        "19.72"
                    ],
                    [
                        "-83.44",
                        "19.98"
                    ],
                    [
                        "-83.55",
                        "20.35"
                    ],
                    [
                        "-83.68",
                        "20.73"
                    ],
                    [
                        "-83.69",
                        "20.74"
                    ],
                    [
                        "-83.95",
                        "21.11"
                    ],
                    [
                        "-84.04",
                        "21.17"
                    ],
                    [
                        "-84.43",
                        "21.22"
                    ],
                    [
                        "-84.79",
                        "21.18"
                    ],
                    [
                        "-84.83",
                        "21.17"
                    ],
                    [
                        "-85.23",
                        "21.00"
                    ],
                    [
                        "-85.57",
                        "20.86"
                    ],
                    [
                        "-85.63",
                        "20.84"
                    ],
                    [
                        "-86.04",
                        "20.67"
                    ],
                    [
                        "-86.27",
                        "20.54"
                    ],
                    [
                        "-86.45",
                        "20.32"
                    ],
                    [
                        "-86.52",
                        "20.19"
                    ],
                    [
                        "-86.47",
                        "20.03"
                    ],
                    [
                        "-86.41",
                        "19.82"
                    ],
                    [
                        "-86.31",
                        "19.45"
                    ]
                ]
            },
            "properties": {
                "forecastId": null,
                "geometryId": null,
                "tag": "1C",
                "forecastHour": 6,
                "hazard": "FZLVL",
                "frequency": null,
                "severity": null,
                "status": "NRML",
                "base": null,
                "top": null,
                "fzlBase": null,
                "fzlTop": null,
                "level": "160",
                "product": "ZULU",
                "rawAirSigmet": null,
                "validTimeTo": "2026-09-25T09:00:00.000",
                "validTimeFrom": [
                    "2026-09-25T07:23"
                ]
            }
        },
        {
            "type": "Feature",
            "geometry": {
                "type": "Polygon",
                "coordinates": [
                    [
                        [
                            "-119.82",
                            "48.92"
                        ],
                        [
                            "-123.29",
                            "38.70"
                        ],
                        [
                            "-124.22",
                            "40.85"
                        ],
                        [
                            "-124.15",
                            "43.13"
                        ],
                        [
                            "-124.08",
                            "46.72"
                        ],
                        [
                            "-124.61",
                            "48.17"
                        ],
                        [
                            "-123.28",
                            "48.69"
                        ],
                        [
                            "-119.82",
                            "48.92"
                        ]
                    ]
                ]
            },
            "properties": {
                "forecastId": null,
                "geometryId": null,
                "tag": "3E",
                "forecastHour": 6,
                "hazard": "MT_OBSC",
                "frequency": null,
                "severity": null,
                "status": "NRML",
                "base": null,
                "top": null,
                "fzlBase": null,
                "fzlTop": null,
                "level": null,
                "product": "SIERRA",
                "rawAirSigmet": "MTNS OBSC BY CLDS PCPN BR",
                "validTimeTo": "2026-09-25T09:00:00.000",
                "validTimeFrom": [
                    "2026-09-25T06:31"
                ]
            }
        },
        {
            "type": "Feature",
            "geometry": {
                "type": "Polygon",
                "coordinates": [
                    [
                        [
                            "-103.56",
                            "42.06"
                        ],
                        [
                            "-101.55",
                            "41.75"
                        ],
                        [
                            "-102.01",
                            "40.87"
                        ],
                        [
                            "-103.52",
                            "40.21"
                        ],
                        [
                            "-104.81",
                            "39.28"
                        ],
                        [
                            "-106.05",
                            "38.12"
                        ],
                        [
                            "-106.34",
                            "37.33"
                        ],
                        [
                            "-107.10",
                            "36.05"
                        ],
                        [
                            "-108.15",
                            "36.48"
                        ],
                        [
                            "-108.62",
                            "37.33"
                        ],
                        [
                            "-107.81",
                            "39.44"
                        ],
                        [
                            "-106.21",
                            "41.15"
                        ],
                        [
                            "-103.56",
                            "42.06"
                        ]
                    ]
                ]
            },
            "properties": {
                "forecastId": null,
                "geometryId": null,
                "tag": "1W",
                "forecastHour": 6,
                "hazard": "TURB-HI",
                "frequency": null,
                "severity": "MOD",
                "status": "NRML",
                "base": "290",
                "top": "400",
                "fzlBase": null,
                "fzlTop": null,
                "level": null,
                "product": "TANGO",
                "rawAirSigmet": null,
                "validTimeTo": "2026-09-25T09:00:00.000",
                "validTimeFrom": [
                    "2026-09-25T02:45"
                ]
            }
        }
    ],
    "metadata": {
        "creationTime": "2026-09-25T07:36"
    }
}