{
    "type": "FeatureCollection",
    "features": [
        {
            "type": "Feature",
            "geometry": {
                "type": "Polygon",
                "coordinates": [
                    [
                        [
                            "-88.71",
                            "33.79"
                        ],
                        [
                            "-87.92",
                            "33.06"
                        ],
                        [
                            "-88.03",
                            "31.93"
                        ],
                        [
                            "-88.78",
                            "30.85"
                        ],
                        [
                            "-89.30",
                            "29.22"
                        ],
                        [
                            "-90.01",
                            "28.21"
                        ],
                        [
                            "-93.72",
                            "28.23"
                        ],
                        [
                            "-95.37",
                            "27.62"
                        ],
                        [
                            "-96.00",
                            "25.93"
                        ],
                        [
                            "-97.03",
                            "25.97"
                        ],
                        [
                            "-97.33",
                            "27.72"
                        ],
                        [
                            "-98.46",
                            "28.92"
                        ],
                        [
                            "-98.64",
                            "30.83"
                        ],
                        [
                            "-98.03",
                            "31.40"
                        ],
                        [
                            "-96.35",
                            "31.59"
                        ],
                        [
                            "-94.00",
                            "30.87"
                        ],
                        [
                            "-92.12",
                            "31.04"
                        ],
                        [
                            "-91.60",
                            "32.34"
                        ],
                        [
                            "-90.18",
                            "33.66"
                        ],
                        [
                            "-88.71",
                            "33.79"
                        ]
                    ]
                ]
            },
            "properties": {
                "forecastId": null,
                "geometryId": null,
                "tag": "4W",
                "forecastHour": 0,
                "hazard": "TURB-HI",
                "frequency": null,
                "severity": "MOD",
                "status": "NRML",
                "base": "300",
                "top": "390",
                "fzlBase": null,
                "fzlTop": null,
                "level": null,
                "product": "TANGO",
                "rawAirSigmet": null,
                "validTimeTo": "2026-09-29T15:00:00.000",
                "validTimeFrom": [
                    "2026-09-29T14:45"
                ]
            }
        },
        {
            "type": "Feature",
            "geometry": {
                "type": "Polygon",
                "coordinates": [
                    [
                        [
                            "-125.89",
                            "52.27"
                        ],
                        [
                            "-125.98",
                            "51.93"
                        ],
                        [
                            "-125.86",
                            "51.61"
                        ],
                        [
                            "-125.48",
                            "51.33"
                        ],
                        [
                            "-125.32",
                            "51.27"
                        ],
                        [
                            "-124.78",
                            "51.10"
                        ],
                        [
                            "-124.73",
                            "51.09"
                        ],
                        [
                            "-124.16",
                            "50.99"
                        ],
                        [
                            "-123.64",
                            "50.93"
                        ],
                        [
                            "-123.61",
                            "50.92"
                        ],
                        [
                            "-123.60",
                            "50.93"
                        ],
                        [
                            "-123.53",
                            "51.27"
                        ],
                        [
                            "-123.81",
                            "51.49"
                        ],
                        [
                            "-123.91",
                            "51.55"
                        ],
                        [
                            "-124.33",
                            "51.83"
                        ],
                        [
                            "-124.54",
                            "52.05"
                        ],
                        [
                            "-124.61",
                            "52.12"
                        ],
                        [
                            "-124.85",
                            "52.42"
                        ],
                        [
                            "-125.30",
                            "52.66"
                        ],
                        [
                            "-125.78",
                            "52.51"
                        ],
                        [
                            "-125.89",
                            "52.27"
                        ]
                    ]
                ]
            },
            "properties": {
                "forecastId": null,
                "geometryId": null,
                "tag": "1C",
                "forecastHour": 0,
                "hazard": "FZLVL",
                "frequency": null,
                "severity": null,
                "status": "NRML",
                "base": null,
                "top": null,
                "fzlBase": null,
                "fzlTop": null,
                "level": "SFC",
                "product": "ZULU",
                "rawAirSigmet": null,
                "validTimeTo": "2026-09-29T15:00:00.000",
                "validTimeFrom": [
                    "2026-09-29T14:57"
                ]
            }
        },
        {
            "type": "Feature",
            "geometry": {
                "type": "Polygon",
                "coordinates": [
                    [
                        [
                            "-94.87",
                            "49.15"
                        ],
                        [
                            "-93.39",
                            "48.39"
                        ],
                        [
                            "-94.49",
                            "47.15"
                        ],
                        [
                            "-95.80",
                            "45.55"
                        ],
                        [
                            "-96.44",
                            "43.89"
                        ],
                        [
                            "-96.58",
                            "42.01"
                        ],
                        [
                            "-100.99",
                            "41.75"
                        ],
                        [
                            "-105.50",
                            "40.50"
                        ],
                        [
                            "-108.67",
                            "38.29"
                        ],
                        [
                            "-109.99",
                            "36.42"
                        ],
                        [
                            "-112.02",
                            "35.24"
                        ],
                        [
                            "-113.36",
                            "32.30"
                        ],
                        [
                            "-114.58",
                            "32.85"
                        ],
                        [
                            "-116.98",
                            "32.42"
                        ],
                        [
                            "-120.94",
                            "30.73"
                        ],
                        [
                            "-123.28",
                            "34.41"
                        ],
                        [
                            "-123.27",
                            "36.16"
                        ],
                        [
                            "-121.64",
                            "37.60"
                        ],
                        [
                            "-119.53",
                            "38.60"
                        ],
                        [
                            "-118.41",
                            "40.40"
                        ],
                        [
                            "-115.95",
                            "41.74"
                        ],
                        [
                            "-114.26",
                            "41.70"
                        ],
                        [
                            "-110.22",
                            "43.53"
                        ],
                        [
                            "-106.32",
                            "45.86"
                        ],
                        [
                            "-103.37",
                            "47.68"
                        ],
                        [
                            "-102.45",
                            "48.89"
                        ],
                        [
                            "-94.87",
                            "49.15"
                        ]
                    ]
                ]
            },
            "properties": {
                "forecastId": null,
                "geometryId": null,
                "tag": "1W",
                "forecastHour": 0,
                "hazard": "TURB-HI",
                "frequency": null,
                "severity": "MOD",
                "status": "NRML",
                "base": "270",
                "top": "370",
                "fzlBase": null,
                "fzlTop": null,
                "level": null,
                "product": "TANGO",
                "rawAirSigmet": null,
                "validTimeTo": "2026-09-29T15:00:00.000",
                "validTimeFrom": [
                    "2026-09-29T14:45"
                ]
            }
        },
        {
            "type": "Feature",
            "geometry": {
                "type": "Polygon",
                "coordinates": [
                    [
                        [
                            "-122.52",
                            "38.39"
                        ],
                        [
                            "-121.97",
                            "37.75"
                        ],
                        [
                            "-121.55",
                            "36.93"
                        ],
                        [
                            "-121.42",
                            "36.53"
                        ],
                        [
                            "-121.29",
                            "35.93"
                        ],
                        [
                            "-120.74",
                            "35.37"
                        ],
                        [
                            "-120.25",
                            "34.96"
                        ],
                        [
                            "-119.91",
                            "34.68"
                        ],
                        [
                            "-119.52",
                            "34.40"
                        ],
                        [
                            "-120.75",
                            "34.46"
                        ],
                        [
                            "-121.47",
                            "35.40"
                        ],
                        [
                            "-121.98",
                            "36.53"
                        ],
                        [
                            "-123.02",
                            "38.37"
                        ],
                        [
                            "-122.52",
                            "38.39"
                        ]
                    ]
                ]
            },
            "properties": {
                "forecastId": null,
                "geometryId": null,
                "tag": "10E",
                "forecastHour": 0,
                "hazard": "IFR",
                "frequency": null,
                "severity": null,
                "status": "NRML",
                "base": null,
                "top": null,
                "fzlBase": null,
                "fzlTop": null,
                "level": null,
                "product": "SIERRA",
                "rawAirSigmet": "CIG BLW 010 VIS BLW 3SM BR FG",
                "validTimeTo": "2026-09-29T15:00:00.000",
                "validTimeFrom": [
                    "2026-09-29T14:45"
                ]
            }
        },
        {
            "type": "Feature",
            "geometry": {
                "type": "Polygon",
                "coordinates": [
                    [
                        [
                            "-82.18",
                            "32.97"
                        ],
                        [
                            "-82.08",
                            "32.19"
                        ],
                        [
                            "-81.75",
                            "31.98"
                        ],
                        [
                            "-81.70",
                            "31.29"
                        ],
                        [
                            "-83.41",
                            "32.04"
                        ],
                        [
                            "-83.15",
                            "32.48"
                        ],
                        [
                            "-82.18",
                            "32.97"
                        ]
                    ]
                ]
            },
            "properties": {
                "forecastId": null,
                "geometryId": null,
                "tag": "8E",
                "forecastHour": 0,
                "hazard": "IFR",
                "frequency": null,
                "severity": null,
                "status": "NRML",
                "base": null,
                "top": null,
                "fzlBase": null,
                "fzlTop": null,
                "level": null,
                "product": "SIERRA",
                "rawAirSigmet": "CIG BLW 010 VIS BLW 3SM BR",
                "validTimeTo": "2026-09-29T15:00:00.000",
                "validTimeFrom": [
                    "2026-09-29T14:45"
                ]
            }
        },
        {
            "type": "Feature",
            "geometry": {
                "type": "Polygon",
                "coordinates": [
                    [
                        [
                            "-68.81",
                            "47.45"
                        ],
                        [
                            "-68.02",
                            "47.29"
                        ],
                        [
                            "-67.55",
                            "45.83"
                        ],
                        [
                            "-66.88",
                            "44.72"
                        ],
                        [
                            "-67.08",
                            "41.99"
                        ],
                        [
                            "-68.55",
                            "41.76"
                        ],
                        [
                            "-70.14",
                            "41.02"
                        ],
                        [
                            "-70.97",
                            "41.52"
                        ],
                        [
                            "-70.15",
                            "43.65"
                        ],
                        [
                            "-69.68",
                            "44.55"
                        ],
                        [
                            "-68.81",
                            "47.45"
                        ]
                    ]
                ]
            },
            "properties": {
                "forecastId": null,
                "geometryId": null,
                "tag": "4E",
                "forecastHour": 0,
                "hazard": "IFR",
                "frequency": null,
                "severity": null,
                "status": "NRML",
                "base": null,
                "top": null,
                "fzlBase": null,
                "fzlTop": null,
                "level": null,
                "product": "SIERRA",
                "rawAirSigmet": "CIG BLW 010 VIS BLW 3SM PCPN BR FG",
                "validTimeTo": "2026-09-29T15:00:00.000",
                "validTimeFrom": [
                    "2026-09-29T14:45"
                ]
            }
        },
        {
            "type": "Feature",
            "geometry": {
                "type": "Polygon",
                "coordinates": [
                    [
                        [
                            "-115.11",
                            "38.91"
                        ],
                        [
                            "-116.27",
                            "37.82"
                        ],
                        [
                            "-117.10",
                            "37.40"
                        ],
                        [
                            "-117.59",
                            "37.44"
                        ],
                        [
                            "-118.03",
                            "36.65"
                        ],
                        [
                            "-117.91",
                            "35.58"
                        ],
                        [
                            "-117.22",
                            "33.49"
                        ],
                        [
                            "-116.85",
                            "32.80"
                        ],
                        [
                            "-116.09",
                            "32.29"
                        ],
                        [
                            "-115.20",
                            "32.22"
                        ],
                        [
                            "-114.41",
                            "32.58"
                        ],
                        [
                            "-113.74",
                            "33.20"
                        ],
                        [
                            "-113.46",
                            "33.96"
                        ],
                        [
                            "-112.90",
                            "35.48"
                        ],
                        [
                            "-113.21",
                            "36.53"
                        ],
                        [
                            "-113.02",
                            "37.48"
                        ],
                        [
                            "-112.68",
                            "38.16"
                        ],
                        [
                            "-112.67",
                            "39.10"
                        ],
                        [
                            "-113.41",
                            "39.66"
                        ],
                        [
                            "-114.71",
                            "39.24"
                        ],
                        [
                            "-115.11",
                            "38.91"
                        ]
                    ]
                ]
            },
            "properties": {
                "forecastId": null,
                "geometryId": null,
                "tag": "1C",
                "forecastHour": 0,
                "hazard": "FZLVL",
                "frequency": null,
                "severity": null,
                "status": "NRML",
                "base": null,
                "top": null,
                "fzlBase": null,
                "fzlTop": null,
                "level": "120",
                "product": "ZULU",
                "rawAirSigmet": null,
                "validTimeTo": "2026-09-29T15:00:00.000",
                "validTimeFrom": [
                    "2026-09-29T14:57"
                ]
            }
        },
        {
            "type": "Feature",
            "geometry": {
                "type": "LineString",
                "coordinates": [
                    [
                        "-136.24",
                        "47.21"
                    ],
                    [
                        "-134.23",
                        "47.61"
                    ],
                    [
                        "-132.10",
                        "47.88"
                    ],
                    [
                        "-130.55",
                        "48.06"
                    ],
                    [
                        "-128.99",
                        "48.45"
                    ],
                    [
                        "-126.58",
                        "49.05"
                    ],
                    [
                        "-124.94",
                        "49.55"
                    ],
                    [
                        "-120.26",
                        "50.30"
                    ],
                    [
                        "-116.31",
                        "51.12"
                    ],
                    [
                        "-115.79",
                        "52.20"
                    ],
                    [
                        "-115.13",
                        "52.56"
                    ],
                    [
                        "-114.44",
                        "52.60"
                    ],
                    [
                        "-112.50",
                        "52.38"
                    ],
                    [
                        "-111.34",
                        "52.31"
                    ],
                    [
                        "-109.99",
                        "52.48"
                    ],
                    [
                        "-109.02",
                        "53.39"
                    ],
                    [
                        "-108.67",
                        "54.62"
                    ],
                    [
                        "-107.94",
                        "55.40"
                    ],
                    [
                        "-106.51",
                        "56.23"
                    ],
                    [
                        "-105.62",
                        "57.23"
                    ],
                    [
                        "-104.68",
                        "57.42"
                    ],
                    [
                        "-103.62",
                        "57.32"
                    ],
                    [
                        "-101.84",
                        "56.86"
                    ],
                    [
                        "-99.86",
                        "56.52"
                    ],
                    [
                        "-97.66",
                        "56.35"
                    ],
                    [
                        "-95.55",
                        "55.96"
                    ],
                    [
                        "-94.49",
                        "55.29"
                    ],
                    [
                        "-92.53",
                        "54.93"
                    ],
                    [
                        "-90.58",
                        "54.65"
                    ],
                    [
                        "-88.81",
                        "54.93"
                    ],
                    [
                        "-88.97",
                        "55.99"
                    ],
                    [
                        "-88.39",
                        "56.43"
                    ],
                    [
                        "-87.47",
                        "56.67"
                    ],
                    [
                        "-85.45",
                        "56.76"
                    ],
                    [
                        "-83.95",
                        "56.28"
                    ],
                    [
                        "-82.43",
                        "55.60"
                    ],
                    [
                        "-80.53",
                        "55.16"
                    ],
                    [
                        "-78.05",
                        "54.98"
                    ],
                    [
                        "-75.91",
                        "55.11"
                    ],
                    [
                        "-73.86",
                        "55.16"
                    ],
                    [
                        "-71.52",
                        "55.10"
                    ],
                    [
                        "-69.66",
                        "54.90"
                    ],
                    [
                        "-67.91",
                        "54.34"
                    ],
                    [
                        "-59.92",
                        "54.59"
                    ]
                ]
            },
            "properties": {
                "forecastId": null,
                "geometryId": null,
                "tag": "1C",
                "forecastHour": 0,
                "hazard": "FZLVL",
                "frequency": null,
                "severity": null,
                "status": "NRML",
                "base": null,
                "top": null,
                "fzlBase": null,
                "fzlTop": null,
                "level": "080",
                "product": "ZULU",
                "rawAirSigmet": null,
                "validTimeTo": "2026-09-29T15:00:00.000",
                "validTimeFrom": [
                    "2026-09-29T14:57"
                ]
            }
        },
        {
            "type": "Feature",
            "geometry": {
                "type": "Polygon",
                "coordinates": [
                    [
                        [
                            "-110.81",
                            "45.09"
                        ],
                        [
                            "-110.66",
                            "43.78"
                        ],
                        [
                            "-110.53",
                            "43.38"
                        ],
                        [
                            "-110.71",
                            "42.15"
                        ],
                        [
                            "-110.67",
                            "41.08"
                        ],
                        [
                            "-111.14",
                            "40.96"
                        ],
                        [
                            "-111.29",
                            "41.77"
                        ],
                        [
                            "-111.53",
                            "42.55"
                        ],
                        [
                            "-111.07",
                            "43.58"
                        ],
                        [
                            "-111.27",
                            "44.63"
                        ],
                        [
                            "-111.14",
                            "44.96"
                        ],
                        [
                            "-110.81",
                            "45.09"
                        ]
                    ]
                ]
            },
            "properties": {
                "forecastId": null,
                "geometryId": null,
                "tag": "6E",
                "forecastHour": 0,
                "hazard": "IFR",
                "frequency": null,
                "severity": null,
                "status": "NRML",
                "base": null,
                "top": null,
                "fzlBase": null,
                "fzlTop": null,
                "level": null,
                "product": "SIERRA",
                "rawAirSigmet": "CIG BLW 010 VIS BLW 3SM BR FG",
                "validTimeTo": "2026-09-29T15:00:00.000",
                "validTimeFrom": [
                    "2026-09-29T14:45"
                ]
            }
        },
        {
            "type": "Feature",
            "geometry": {
                "type": "Polygon",
                "coordinates": [
                    [
                        [
                            "-105.80",
                            "42.96"
                        ],
                        [
                            "-104.81",
                            "41.33"
                        ],
                        [
                            "-103.66",
                            "37.39"
                        ],
                        [
                            "-104.56",
                            "33.24"
                        ],
                        [
                            "-104.39",
                            "31.90"
                        ],
                        [
                            "-102.31",
                            "29.97"
                        ],
                        [
                            "-104.34",
                            "29.88"
                        ],
                        [
                            "-104.72",
                            "30.26"
                        ],
                        [
                            "-106.20",
                            "31.84"
                        ],
                        [
                            "-108.80",
                            "31.37"
                        ],
                        [
                            "-110.96",
                            "31.24"
                        ],
                        [
                            "-111.97",
                            "33.43"
                        ],
                        [
                            "-113.28",
                            "34.05"
                        ],
                        [
                            "-113.64",
                            "35.04"
                        ],
                        [
                            "-115.29",
                            "35.01"
                        ],
                        [
                            "-115.87",
                            "35.58"
                        ],
                        [
                            "-115.11",
                            "37.36"
                        ],
                        [
                            "-114.07",
                            "38.62"
                        ],
                        [
                            "-110.99",
                            "40.37"
                        ],
                        [
                            "-110.30",
                            "41.97"
                        ],
                        [
                            "-105.80",
                            "42.96"
                        ]
                    ]
                ]
            },
            "properties": {
                "forecastId": null,
                "geometryId": null,
                "tag": "2E",
                "forecastHour": 0,
                "hazard": "MT_OBSC",
                "frequency": null,
                "severity": null,
                "status": "NRML",
                "base": null,
                "top": null,
                "fzlBase": null,
                "fzlTop": null,
                "level": null,
                "product": "SIERRA",
                "rawAirSigmet": "MTNS OBSC BY CLDS PCPN BR",
                "validTimeTo": "2026-09-29T15:00:00.000",
                "validTimeFrom": [
                    "2026-09-29T14:45"
                ]
            }
        },
        {
            "type": "Feature",
            "geometry": {
                "type": "Polygon",
                "coordinates": [
                    [
                        [
                            "-69.24",
                            "47.64"
                        ],
                        [
                            "-68.49",
                            "45.55"
                        ],
                        [
                            "-71.56",
                            "43.22"
                        ],
                        [
                            "-77.04",
                            "40.15"
                        ],
                        [
                            "-77.70",
                            "39.32"
                        ],
                        [
                            "-79.98",
                            "36.53"
                        ],
                        [
                            "-82.02",
                            "37.36"
                        ],
                        [
                            "-82.18",
                            "38.62"
                        ],
                        [
                            "-80.38",
                            "40.54"
                        ],
                        [
                            "-79.12",
                            "42.21"
                        ],
                        [
                            "-76.21",
                            "43.16"
                        ],
                        [
                            "-74.67",
                            "44.86"
                        ],
                        [
                            "-71.60",
                            "45.47"
                        ],
                        [
                            "-69.24",
                            "47.64"
                        ]
                    ]
                ]
            },
            "properties": {
                "forecastId": null,
                "geometryId": null,
                "tag": "1E",
                "forecastHour": 0,
                "hazard": "MT_OBSC",
                "frequency": null,
                "severity": null,
                "status": "NRML",
                "base": null,
                "top": null,
                "fzlBase": null,
                "fzlTop": null,
                "level": null,
                "product": "SIERRA",
                "rawAirSigmet": "MTNS OBSC BY CLDS BR",
                "validTimeTo": "2026-09-29T15:00:00.000",
                "validTimeFrom": [
                    "2026-09-29T14:45"
                ]
            }
        },
        {
            "type": "Feature",
            "geometry": {
                "type": "Polygon",
                "coordinates": [
                    [
                        [
                            "-108.15",
                            "49.06"
                        ],
                        [
                            "-102.45",
                            "48.89"
                        ],
                        [
                            "-103.46",
                            "47.68"
                        ],
                        [
                            "-106.23",
                            "45.93"
                        ],
                        [
                            "-110.05",
                            "43.59"
                        ],
                        [
                            "-114.21",
                            "41.67"
                        ],
                        [
                            "-115.98",
                            "41.66"
                        ],
                        [
                            "-115.95",
                            "43.00"
                        ],
                        [
                            "-114.96",
                            "44.28"
                        ],
                        [
                            "-113.17",
                            "45.37"
                        ],
                        [
                            "-110.60",
                            "46.24"
                        ],
                        [
                            "-108.66",
                            "47.82"
                        ],
                        [
                            "-108.15",
                            "49.06"
                        ]
                    ]
                ]
            },
            "properties": {
                "forecastId": null,
                "geometryId": null,
                "tag": "3W",
                "forecastHour": 0,
                "hazard": "TURB-HI",
                "frequency": null,
                "severity": "MOD",
                "status": "NRML",
                "base": "300",
                "top": "400",
                "fzlBase": null,
                "fzlTop": null,
                "level": null,
                "product": "TANGO",
                "rawAirSigmet": null,
                "validTimeTo": "2026-09-29T15:00:00.000",
                "validTimeFrom": [
                    "2026-09-29T14:45"
                ]
            }
        },
        {
            "type": "Feature",
            "geometry": {
                "type": "Polygon",
                "coordinates": [
                    [
                        [
                            "-96.66",
                            "42.05"
                        ],
                        [
                            "-94.64",
                            "41.74"
                        ],
                        [
                            "-92.76",
                            "40.89"
                        ],
                        [
                            "-90.93",
                            "40.46"
                        ],
                        [
                            "-90.09",
                            "39.05"
                        ],
                        [
                            "-90.33",
                            "37.28"
                        ],
                        [
                            "-91.81",
                            "35.80"
                        ],
                        [
                            "-94.36",
                            "35.47"
                        ],
                        [
                            "-96.48",
                            "36.48"
                        ],
                        [
                            "-98.70",
                            "36.81"
                        ],
                        [
                            "-101.22",
                            "36.21"
                        ],
                        [
                            "-102.37",
                            "34.36"
                        ],
                        [
                            "-104.17",
                            "33.45"
                        ],
                        [
                            "-105.92",
                            "33.97"
                        ],
                        [
                            "-106.54",
                            "35.24"
                        ],
                        [
                            "-108.06",
                            "36.30"
                        ],
                        [
                            "-109.94",
                            "36.45"
                        ],
                        [
                            "-108.69",
                            "38.33"
                        ],
                        [
                            "-105.57",
                            "40.46"
                        ],
                        [
                            "-100.91",
                            "41.79"
                        ],
                        [
                            "-96.66",
                            "42.05"
                        ]
                    ]
                ]
            },
            "properties": {
                "forecastId": null,
                "geometryId": null,
                "tag": "3W",
                "forecastHour": 0,
                "hazard": "TURB-HI",
                "frequency": null,
                "severity": "MOD",
                "status": "NRML",
                "base": "200",
                "top": "390",
                "fzlBase": null,
                "fzlTop": null,
                "level": null,
                "product": "TANGO",
                "rawAirSigmet": null,
                "validTimeTo": "2026-09-29T15:00:00.000",
                "validTimeFrom": [
                    "2026-09-29T14:45"
                ]
            }
        },
        {
            "type": "Feature",
            "geometry": {
                "type": "LineString",
                "coordinates": [
                    [
                        "-131.03",
                        "33.73"
                    ],
                    [
                        "-129.36",
                        "34.94"
                    ],
                    [
                        "-127.09",
                        "35.62"
                    ],
                    [
                        "-125.71",
                        "36.51"
                    ],
                    [
                        "-125.01",
                        "36.79"
                    ],
                    [
                        "-123.80",
                        "36.87"
                    ],
                    [
                        "-122.70",
                        "35.97"
                    ],
                    [
                        "-122.24",
                        "34.55"
                    ],
                    [
                        "-121.52",
                        "32.85"
                    ],
                    [
                        "-120.45",
                        "31.90"
                    ],
                    [
                        "-119.36",
                        "31.23"
                    ],
                    [
                        "-117.93",
                        "30.65"
                    ],
                    [
                        "-116.54",
                        "30.28"
                    ],
                    [
                        "-115.55",
                        "30.13"
                    ],
                    [
                        "-114.43",
                        "30.33"
                    ],
                    [
                        "-113.10",
                        "31.07"
                    ],
                    [
                        "-112.21",
                        "31.31"
                    ],
                    [
                        "-111.19",
                        "31.29"
                    ],
                    [
                        "-108.48",
                        "30.22"
                    ],
                    [
                        "-107.92",
                        "30.01"
                    ],
                    [
                        "-106.82",
                        "30.01"
                    ],
                    [
                        "-105.61",
                        "31.01"
                    ],
                    [
                        "-105.09",
                        "31.30"
                    ],
                    [
                        "-104.27",
                        "31.16"
                    ],
                    [
                        "-103.56",
                        "30.76"
                    ],
                    [
                        "-102.58",
                        "30.53"
                    ],
                    [
                        "-101.37",
                        "30.62"
                    ],
                    [
                        "-100.85",
                        "31.18"
                    ],
                    [
                        "-100.58",
                        "32.01"
                    ],
                    [
                        "-100.27",
                        "33.25"
                    ],
                    [
                        "-99.70",
                        "33.79"
                    ],
                    [
                        "-98.89",
                        "33.97"
                    ],
                    [
                        "-97.63",
                        "33.30"
                    ],
                    [
                        "-96.80",
                        "33.69"
                    ],
                    [
                        "-96.65",
                        "34.27"
                    ],
                    [
                        "-96.66",
                        "35.91"
                    ],
                    [
                        "-95.59",
                        "37.16"
                    ],
                    [
                        "-94.87",
                        "37.44"
                    ],
                    [
                        "-94.11",
                        "37.14"
                    ],
                    [
                        "-93.23",
                        "35.95"
                    ],
                    [
                        "-92.35",
                        "35.01"
                    ],
                    [
                        "-92.39",
                        "34.27"
                    ],
                    [
                        "-93.27",
                        "34.11"
                    ],
                    [
                        "-93.72",
                        "33.65"
                    ],
                    [
                        "-93.90",
                        "32.86"
                    ],
                    [
                        "-93.65",
                        "32.16"
                    ],
                    [
                        "-93.17",
                        "31.74"
                    ],
                    [
                        "-92.79",
                        "31.28"
                    ],
                    [
                        "-92.73",
                        "30.29"
                    ],
                    [
                        "-92.82",
                        "28.43"
                    ],
                    [
                        "-92.81",
                        "26.66"
                    ],
                    [
                        "-92.11",
                        "25.52"
                    ],
                    [
                        "-91.92",
                        "24.77"
                    ],
                    [
                        "-92.01",
                        "23.86"
                    ],
                    [
                        "-92.27",
                        "22.21"
                    ],
                    [
                        "-92.78",
                        "20.81"
                    ],
                    [
                        "-92.60",
                        "20.10"
                    ],
                    [
                        "-92.13",
                        "19.68"
                    ]
                ]
            },
            "properties": {
                "forecastId": null,
                "geometryId": null,
                "tag": "1C",
                "forecastHour": 0,
                "hazard": "FZLVL",
                "frequency": null,
                "severity": null,
                "status": "NRML",
                "base": null,
                "top": null,
                "fzlBase": null,
                "fzlTop": null,
                "level": "160",
                "product": "ZULU",
                "rawAirSigmet": null,
                "validTimeTo": "2026-09-29T15:00:00.000",
                "validTimeFrom": [
                    "2026-09-29T14:57"
                ]
            }
        },
        {
            "type": "Feature",
            "geometry": {
                "type": "Polygon",
                "coordinates": [
                    [
                        [
                            "-103.73",
                            "33.16"
                        ],
                        [
                            "-103.05",
                            "32.85"
                        ],
                        [
                            "-102.61",
                            "31.63"
                        ],
                        [
                            "-103.06",
                            "31.14"
                        ],
                        [
                            "-103.74",
                            "31.09"
                        ],
                        [
                            "-104.55",
                            "31.50"
                        ],
                        [
                            "-104.94",
                            "32.74"
                        ],
                        [
                            "-103.73",
                            "33.16"
                        ]
                    ]
                ]
            },
            "properties": {
                "forecastId": null,
                "geometryId": null,
                "tag": "7E",
                "forecastHour": 0,
                "hazard": "IFR",
                "frequency": null,
                "severity": null,
                "status": "NRML",
                "base": null,
                "top": null,
                "fzlBase": null,
                "fzlTop": null,
                "level": null,
                "product": "SIERRA",
                "rawAirSigmet": "CIG BLW 010 VIS BLW 3SM BR FG",
                "validTimeTo": "2026-09-29T15:00:00.000",
                "validTimeFrom": [
                    "2026-09-29T14:45"
                ]
            }
        },
        {
            "type": "Feature",
            "geometry": {
                "type": "Polygon",
                "coordinates": [
                    [
                        [
                            "-123.21",
                            "48.96"
                        ],
                        [
                            "-122.36",
                            "48.53"
                        ],
                        [
                            "-122.38",
                            "47.55"
                        ],
                        [
                            "-122.56",
                            "46.35"
                        ],
                        [
                            "-123.60",
                            "46.67"
                        ],
                        [
                            "-124.16",
                            "45.41"
                        ],
                        [
                            "-124.20",
                            "43.89"
                        ],
                        [
                            "-125.00",
                            "43.06"
                        ],
                        [
                            "-124.94",
                            "41.27"
                        ],
                        [
                            "-124.96",
                            "38.71"
                        ],
                        [
                            "-125.57",
                            "37.67"
                        ],
                        [
                            "-126.95",
                            "39.63"
                        ],
                        [
                            "-126.66",
                            "45.28"
                        ],
                        [
                            "-127.25",
                            "46.73"
                        ],
                        [
                            "-128.07",
                            "48.27"
                        ],
                        [
                            "-124.76",
                            "48.46"
                        ],
                        [
                            "-123.27",
                            "48.18"
                        ],
                        [
                            "-123.21",
                            "48.96"
                        ]
                    ]
                ]
            },
            "properties": {
                "forecastId": null,
                "geometryId": null,
                "tag": "1E",
                "forecastHour": 0,
                "hazard": "IFR",
                "frequency": null,
                "severity": null,
                "status": "NRML",
                "base": null,
                "top": null,
                "fzlBase": null,
                "fzlTop": null,
                "level": null,
                "product": "SIERRA",
                "rawAirSigmet": "CIG BLW 010 VIS BLW 3SM PCPN BR",
                "validTimeTo": "2026-09-29T15:00:00.000",
                "validTimeFrom": [
                    "2026-09-29T14:45"
                ]
            }
        },
        {
            "type": "Feature",
            "geometry": {
                "type": "LineString",
                "coordinates": [
                    [
                        "-70.54",
                        "17.61"
                    ],
                    [
                        "-70.52",
                        "17.65"
                    ],
                    [
                        "-70.38",
                        "17.95"
                    ],
                    [
                        "-70.10",
                        "18.27"
                    ],
                    [
                        "-70.00",
                        "18.35"
                    ],
                    [
                        "-69.59",
                        "18.45"
                    ],
                    [
                        "-69.22",
                        "18.38"
                    ],
                    [
                        "-68.85",
                        "18.27"
                    ]
                ]
            },
            "properties": {
                "forecastId": null,
                "geometryId": null,
                "tag": "1C",
                "forecastHour": 0,
                "hazard": "FZLVL",
                "frequency": null,
                "severity": null,
                "status": "NRML",
                "base": null,
                "top": null,
                "fzlBase": null,
                "fzlTop": null,
                "level": "160",
                "product": "ZULU",
                "rawAirSigmet": null,
                "validTimeTo": "2026-09-29T15:00:00.000",
                "validTimeFrom": [
                    "2026-09-29T14:57"
                ]
            }
        },
        {
            "type": "Feature",
            "geometry": {
                "type": "Polygon",
                "coordinates": [
                    [
                        [
                            "-103.19",
                            "41.45"
                        ],
                        [
                            "-102.12",
                            "40.48"
                        ],
                        [
                            "-101.27",
                            "38.03"
                        ],
                        [
                            "-100.92",
                            "35.62"
                        ],
                        [
                            "-101.95",
                            "33.74"
                        ],
                        [
                            "-104.92",
                            "31.92"
                        ],
                        [
                            "-106.10",
                            "31.69"
                        ],
                        [
                            "-105.56",
                            "32.81"
                        ],
                        [
                            "-107.18",
                            "34.34"
                        ],
                        [
                            "-105.68",
                            "39.27"
                        ],
                        [
                            "-104.93",
                            "40.70"
                        ],
                        [
                            "-103.19",
                            "41.45"
                        ]
                    ]
                ]
            },
            "properties": {
                "forecastId": null,
                "geometryId": null,
                "tag": "2C",
                "forecastHour": 0,
                "hazard": "ICE",
                "frequency": null,
                "severity": "MOD",
                "status": "COR",
                "base": "FZL",
                "top": "290",
                "fzlBase": "140",
                "fzlTop": "160",
                "level": null,
                "product": "ZULU",
                "rawAirSigmet": "ICE",
                "validTimeTo": "2026-09-29T15:00:00.000",
                "validTimeFrom": [
                    "2026-09-29T14:57"
                ]
            }
        },
        {
            "type": "Feature",
            "geometry": {
                "type": "Polygon",
                "coordinates": [
                    [
                        [
                            "-94.98",
                            "49.23"
                        ],
                        [
                            "-93.64",
                            "48.63"
                        ],
                        [
                            "-92.35",
                            "48.31"
                        ],
                        [
                            "-91.40",
                            "48.10"
                        ],
                        [
                            "-92.67",
                            "46.63"
                        ],
                        [
                            "-94.42",
                            "44.36"
                        ],
                        [
                            "-95.78",
                            "44.38"
                        ],
                        [
                            "-95.62",
                            "44.85"
                        ],
                        [
                            "-95.55",
                            "45.71"
                        ],
                        [
                            "-96.66",
                            "46.90"
                        ],
                        [
                            "-97.51",
                            "47.14"
                        ],
                        [
                            "-98.04",
                            "47.35"
                        ],
                        [
                            "-98.71",
                            "47.08"
                        ],
                        [
                            "-98.78",
                            "46.25"
                        ],
                        [
                            "-98.00",
                            "45.75"
                        ],
                        [
                            "-98.01",
                            "45.14"
                        ],
                        [
                            "-99.26",
                            "45.28"
                        ],
                        [
                            "-100.51",
                            "45.20"
                        ],
                        [
                            "-101.70",
                            "45.36"
                        ],
                        [
                            "-102.26",
                            "46.75"
                        ],
                        [
                            "-102.81",
                            "47.70"
                        ],
                        [
                            "-103.27",
                            "48.94"
                        ],
                        [
                            "-96.65",
                            "49.04"
                        ],
                        [
                            "-94.98",
                            "49.23"
                        ]
                    ]
                ]
            },
            "properties": {
                "forecastId": null,
                "geometryId": null,
                "tag": "3E",
                "forecastHour": 0,
                "hazard": "IFR",
                "frequency": null,
                "severity": null,
                "status": "NRML",
                "base": null,
                "top": null,
                "fzlBase": null,
                "fzlTop": null,
                "level": null,
                "product": "SIERRA",
                "rawAirSigmet": "CIG BLW 010 VIS BLW 3SM PCPN BR FG",
                "validTimeTo": "2026-09-29T15:00:00.000",
                "validTimeFrom": [
                    "2026-09-29T14:45"
                ]
            }
        },
        {
            "type": "Feature",
            "geometry": {
                "type": "Polygon",
                "coordinates": [
                    [
                        [
                            "-122.45",
                            "48.92"
                        ],
                        [
                            "-119.34",
                            "48.89"
                        ],
                        [
                            "-120.03",
                            "47.00"
                        ],
                        [
                            "-120.75",
                            "45.92"
                        ],
                        [
                            "-122.85",
                            "44.41"
                        ],
                        [
                            "-124.38",
                            "42.85"
                        ],
                        [
                            "-124.03",
                            "44.58"
                        ],
                        [
                            "-124.10",
                            "46.92"
                        ],
                        [
                            "-124.70",
                            "48.32"
                        ],
                        [
                            "-122.45",
                            "48.92"
                        ]
                    ]
                ]
            },
            "properties": {
                "forecastId": null,
                "geometryId": null,
                "tag": "3E",
                "forecastHour": 0,
                "hazard": "MT_OBSC",
                "frequency": null,
                "severity": null,
                "status": "NRML",
                "base": null,
                "top": null,
                "fzlBase": null,
                "fzlTop": null,
                "level": null,
                "product": "SIERRA",
                "rawAirSigmet": "MTNS OBSC BY CLDS PCPN BR",
                "validTimeTo": "2026-09-29T15:00:00.000",
                "validTimeFrom": [
                    "2026-09-29T14:45"
                ]
            }
        },
        {
            "type": "Feature",
            "geometry": {
                "type": "Polygon",
                "coordinates": [
                    [
                        [
                            "-116.50",
                            "39.03"
                        ],
                        [
                            "-115.22",
                            "39.00"
                        ],
                        [
                            "-114.24",
                            "38.24"
                        ],
                        [
                            "-113.90",
                            "37.18"
                        ],
                        [
                            "-114.43",
                            "35.80"
                        ],
                        [
                            "-115.12",
                            "35.16"
                        ],
                        [
                            "-115.97",
                            "34.53"
                        ],
                        [
                            "-117.44",
                            "33.95"
                        ],
                        [
                            "-118.50",
                            "33.85"
                        ],
                        [
                            "-119.12",
                            "34.45"
                        ],
                        [
                            "-118.47",
                            "35.59"
                        ],
                        [
                            "-119.16",
                            "36.97"
                        ],
                        [
                            "-120.28",
                            "37.88"
                        ],
                        [
                            "-120.08",
                            "38.49"
                        ],
                        [
                            "-118.98",
                            "38.20"
                        ],
                        [
                            "-117.73",
                            "38.46"
                        ],
                        [
                            "-116.50",
                            "39.03"
                        ]
                    ]
                ]
            },
            "properties": {
                "forecastId": null,
                "geometryId": null,
                "tag": "3W",
                "forecastHour": 0,
                "hazard": "TURB-LO",
                "frequency": null,
                "severity": "MOD",
                "status": "NRML",
                "base": "SFC",
                "top": "080",
                "fzlBase": null,
                "fzlTop": null,
                "level": null,
                "product": "TANGO",
                "rawAirSigmet": null,
                "validTimeTo": "2026-09-29T15:00:00.000",
                "validTimeFrom": [
                    "2026-09-29T14:45"
                ]
            }
        },
        {
            "type": "Feature",
            "geometry": {
                "type": "Polygon",
                "coordinates": [
                    [
                        [
                            "-110.95",
                            "49.02"
                        ],
                        [
                            "-109.79",
                            "47.85"
                        ],
                        [
                            "-109.52",
                            "46.46"
                        ],
                        [
                            "-110.26",
                            "45.60"
                        ],
                        [
                            "-112.47",
                            "45.82"
                        ],
                        [
                            "-113.57",
                            "46.75"
                        ],
                        [
                            "-114.23",
                            "47.88"
                        ],
                        [
                            "-115.24",
                            "48.94"
                        ],
                        [
                            "-110.95",
                            "49.02"
                        ]
                    ]
                ]
            },
            "properties": {
                "forecastId": null,
                "geometryId": null,
                "tag": "2W",
                "forecastHour": 0,
                "hazard": "TURB-LO",
                "frequency": null,
                "severity": "MOD",
                "status": "NRML",
                "base": "SFC",
                "top": "100",
                "fzlBase": null,
                "fzlTop": null,
                "level": null,
                "product": "TANGO",
                "rawAirSigmet": "MTN WAVE",
                "validTimeTo": "2026-09-29T15:00:00.000",
                "validTimeFrom": [
                    "2026-09-29T14:45"
                ]
            }
        },
        {
            "type": "Feature",
            "geometry": {
                "type": "Polygon",
                "coordinates": [
                    [
                        [
                            "-88.39",
                            "48.31"
                        ],
                        [
                            "-85.45",
                            "47.12"
                        ],
                        [
                            "-82.54",
                            "45.37"
                        ],
                        [
                            "-82.04",
                            "43.75"
                        ],
                        [
                            "-82.25",
                            "41.98"
                        ],
                        [
                            "-83.24",
                            "39.77"
                        ],
                        [
                            "-84.82",
                            "38.46"
                        ],
                        [
                            "-86.25",
                            "38.62"
                        ],
                        [
                            "-86.93",
                            "39.51"
                        ],
                        [
                            "-87.09",
                            "41.09"
                        ],
                        [
                            "-87.79",
                            "42.41"
                        ],
                        [
                            "-89.88",
                            "43.69"
                        ],
                        [
                            "-90.88",
                            "45.34"
                        ],
                        [
                            "-90.83",
                            "46.86"
                        ],
                        [
                            "-89.85",
                            "47.87"
                        ],
                        [
                            "-88.39",
                            "48.31"
                        ]
                    ]
                ]
            },
            "properties": {
                "forecastId": null,
                "geometryId": null,
                "tag": "6W",
                "forecastHour": 0,
                "hazard": "TURB-HI",
                "frequency": null,
                "severity": "MOD",
                "status": "NRML",
                "base": "320",
                "top": "400",
                "fzlBase": null,
                "fzlTop": null,
                "level": null,
                "product": "TANGO",
                "rawAirSigmet": null,
                "validTimeTo": "2026-09-29T15:00:00.000",
                "validTimeFrom": [
                    "2026-09-29T14:45"
                ]
            }
        },
        {
            "type": "Feature",
            "geometry": {
                "type": "Polygon",
                "coordinates": [
                    [
                        [
                            "-121.65",
                            "48.92"
                        ],
                        [
                            "-119.96",
                            "48.85"
                        ],
                        [
                            "-119.36",
                            "48.15"
                        ],
                        [
                            "-119.93",
                            "47.10"
                        ],
                        [
                            "-120.52",
                            "46.75"
                        ],
                        [
                            "-121.23",
                            "46.61"
                        ],
                        [
                            "-121.63",
                            "46.90"
                        ],
                        [
                            "-121.37",
                            "47.50"
                        ],
                        [
                            "-121.36",
                            "48.27"
                        ],
                        [
                            "-121.65",
                            "48.92"
                        ]
                    ]
                ]
            },
            "properties": {
                "forecastId": null,
                "geometryId": null,
                "tag": "1W",
                "forecastHour": 0,
                "hazard": "LLWS",
                "frequency": null,
                "severity": null,
                "status": "NRML",
                "base": null,
                "top": null,
                "fzlBase": null,
                "fzlTop": null,
                "level": null,
                "product": "TANGO",
                "rawAirSigmet": "AIR SPEED LOSS OR GAIN OF 20KTS OR MORE BELOW 2000 FT AGL",
                "validTimeTo": "2026-09-29T15:00:00.000",
                "validTimeFrom": [
                    "2026-09-29T14:45"
                ]
            }
        },
        {
            "type": "Feature",
            "geometry": {
                "type": "Polygon",
                "coordinates": [
                    [
                        [
                            "-121.65",
                            "48.99"
                        ],
                        [
                            "-119.15",
                            "48.90"
                        ],
                        [
                            "-118.73",
                            "48.63"
                        ],
                        [
                            "-118.40",
                            "48.17"
                        ],
                        [
                            "-118.61",
                            "47.57"
                        ],
                        [
                            "-119.12",
                            "46.92"
                        ],
                        [
                            "-119.79",
                            "46.46"
                        ],
                        [
                            "-120.83",
                            "46.46"
                        ],
                        [
                            "-121.44",
                            "46.92"
                        ],
                        [
                            "-121.14",
                            "48.16"
                        ],
                        [
                            "-121.65",
                            "48.99"
                        ]
                    ]
                ]
            },
            "properties": {
                "forecastId": null,
                "geometryId": null,
                "tag": "2W",
                "forecastHour": 0,
                "hazard": "TURB-HI",
                "frequency": null,
                "severity": "MOD",
                "status": "NRML",
                "base": "350",
                "top": "430",
                "fzlBase": null,
                "fzlTop": null,
                "level": null,
                "product": "TANGO",
                "rawAirSigmet": "MTN WAVE",
                "validTimeTo": "2026-09-29T15:00:00.000",
                "validTimeFrom": [
                    "2026-09-29T14:45"
                ]
            }
        },
        {
            "type": "Feature",
            "geometry": {
                "type": "LineString",
                "coordinates": [
                    [
                        "-61.67",
                        "45.32"
                    ],
                    [
                        "-61.72",
                        "45.41"
                    ],
                    [
                        "-62.04",
                        "45.67"
                    ],
                    [
                        "-62.13",
                        "45.83"
                    ],
                    [
                        "-62.11",
                        "46.18"
                    ],
                    [
                        "-61.80",
                        "46.48"
                    ],
                    [
                        "-61.74",
                        "46.51"
                    ],
                    [
                        "-61.17",
                        "46.69"
                    ]
                ]
            },
            "properties": {
                "forecastId": null,
                "geometryId": null,
                "tag": "1C",
                "forecastHour": 0,
                "hazard": "FZLVL",
                "frequency": null,
                "severity": null,
                "status": "NRML",
                "base": null,
                "top": null,
                "fzlBase": null,
                "fzlTop": null,
                "level": "120",
                "product": "ZULU",
                "rawAirSigmet": null,
                "validTimeTo": "2026-09-29T15:00:00.000",
                "validTimeFrom": [
                    "2026-09-29T14:57"
                ]
            }
        },
        {
            "type": "Feature",
            "geometry": {
                "type": "Polygon",
                "coordinates": [
                    [
                        [
                            "-123.16",
                            "49.09"
                        ],
                        [
                            "-120.30",
                            "48.93"
                        ],
                        [
                            "-118.62",
                            "48.94"
                        ],
                        [
                            "-117.03",
                            "48.97"
                        ],
                        [
                            "-115.28",
                            "48.99"
                        ],
                        [
                            "-114.18",
                            "49.00"
                        ],
                        [
                            "-114.56",
                            "48.15"
                        ],
                        [
                            "-115.62",
                            "47.52"
                        ],
                        [
                            "-118.20",
                            "46.54"
                        ],
                        [
                            "-120.69",
                            "46.16"
                        ],
                        [
                            "-122.53",
                            "46.09"
                        ],
                        [
                            "-124.95",
                            "46.37"
                        ],
                        [
                            "-127.34",
                            "46.80"
                        ],
                        [
                            "-128.01",
                            "48.31"
                        ],
                        [
                            "-124.92",
                            "48.62"
                        ],
                        [
                            "-123.40",
                            "48.22"
                        ],
                        [
                            "-123.16",
                            "49.09"
                        ]
                    ]
                ]
            },
            "properties": {
                "forecastId": null,
                "geometryId": null,
                "tag": "2C",
                "forecastHour": 0,
                "hazard": "ICE",
                "frequency": null,
                "severity": "MOD",
                "status": "NRML",
                "base": "FZL",
                "top": "210",
                "fzlBase": "100",
                "fzlTop": "120",
                "level": null,
                "product": "ZULU",
                "rawAirSigmet": "ICE",
                "validTimeTo": "2026-09-29T15:00:00.000",
                "validTimeFrom": [
                    "2026-09-29T14:57"
                ]
            }
        },
        {
            "type": "Feature",
            "geometry": {
                "type": "Polygon",
                "coordinates": [
                    [
                        [
                            "-107.46",
                            "41.01"
                        ],
                        [
                            "-105.95",
                            "41.00"
                        ],
                        [
                            "-105.45",
                            "40.57"
                        ],
                        [
                            "-105.28",
                            "39.72"
                        ],
                        [
                            "-105.63",
                            "39.02"
                        ],
                        [
                            "-106.64",
                            "38.91"
                        ],
                        [
                            "-106.97",
                            "39.43"
                        ],
                        [
                            "-107.46",
                            "39.85"
                        ],
                        [
                            "-107.93",
                            "40.73"
                        ],
                        [
                            "-107.46",
                            "41.01"
                        ]
                    ]
                ]
            },
            "properties": {
                "forecastId": null,
                "geometryId": null,
                "tag": "9E",
                "forecastHour": 0,
                "hazard": "IFR",
                "frequency": null,
                "severity": null,
                "status": "NRML",
                "base": null,
                "top": null,
                "fzlBase": null,
                "fzlTop": null,
                "level": null,
                "product": "SIERRA",
                "rawAirSigmet": "CIG BLW 010 VIS BLW 3SM PCPN BR",
                "validTimeTo": "2026-09-29T15:00:00.000",
                "validTimeFrom": [
                    "2026-09-29T14:45"
                ]
            }
        },
        {
            "type": "Feature",
            "geometry": {
                "type": "Polygon",
                "coordinates": [
                    [
                        [
                            "-106.73",
                            "37.86"
                        ],
                        [
                            "-106.31",
                            "37.75"
                        ],
                        [
                            "-104.23",
                            "37.12"
                        ],
                        [
                            "-104.39",
                            "36.32"
                        ],
                        [
                            "-105.87",
                            "35.60"
                        ],
                        [
                            "-106.91",
                            "35.89"
                        ],
                        [
                            "-107.26",
                            "37.27"
                        ],
                        [
                            "-106.73",
                            "37.86"
                        ]
                    ]
                ]
            },
            "properties": {
                "forecastId": null,
                "geometryId": null,
                "tag": "5E",
                "forecastHour": 0,
                "hazard": "IFR",
                "frequency": null,
                "severity": null,
                "status": "NRML",
                "base": null,
                "top": null,
                "fzlBase": null,
                "fzlTop": null,
                "level": null,
                "product": "SIERRA",
                "rawAirSigmet": "CIG BLW 010 VIS BLW 3SM PCPN BR",
                "validTimeTo": "2026-09-29T15:00:00.000",
                "validTimeFrom": [
                    "2026-09-29T14:45"
                ]
            }
        },
        {
            "type": "Feature",
            "geometry": {
                "type": "Polygon",
                "coordinates": [
                    [
                        [
                            "-84.91",
                            "46.61"
                        ],
                        [
                            "-82.45",
                            "45.28"
                        ],
                        [
                            "-82.42",
                            "44.77"
                        ],
                        [
                            "-83.68",
                            "45.30"
                        ],
                        [
                            "-84.47",
                            "45.42"
                        ],
                        [
                            "-84.51",
                            "44.55"
                        ],
                        [
                            "-84.52",
                            "44.07"
                        ],
                        [
                            "-84.05",
                            "43.51"
                        ],
                        [
                            "-84.46",
                            "42.96"
                        ],
                        [
                            "-85.72",
                            "43.54"
                        ],
                        [
                            "-86.38",
                            "44.34"
                        ],
                        [
                            "-86.05",
                            "44.70"
                        ],
                        [
                            "-85.48",
                            "45.55"
                        ],
                        [
                            "-84.91",
                            "46.61"
                        ]
                    ]
                ]
            },
            "properties": {
                "forecastId": null,
                "geometryId": null,
                "tag": "11E",
                "forecastHour": 0,
                "hazard": "IFR",
                "frequency": null,
                "severity": null,
                "status": "NRML",
                "base": null,
                "top": null,
                "fzlBase": null,
                "fzlTop": null,
                "level": null,
                "product": "SIERRA",
                "rawAirSigmet": "CIG BLW 010 VIS BLW 3SM BR FG",
                "validTimeTo": "2026-09-29T15:00:00.000",
                "validTimeFrom": [
                    "2026-09-29T14:45"
                ]
            }
        },
        {
            "type": "Feature",
            "geometry": {
                "type": "LineString",
                "coordinates": [
                    [
                        "-135.26",
                        "45.03"
                    ],
                    [
                        "-131.84",
                        "46.00"
                    ],
                    [
                        "-130.47",
                        "46.56"
                    ],
                    [
                        "-128.37",
                        "46.82"
                    ],
                    [
                        "-126.02",
                        "46.89"
                    ],
                    [
                        "-123.15",
                        "47.25"
                    ],
                    [
                        "-120.70",
                        "47.66"
                    ],
                    [
                        "-119.50",
                        "47.61"
                    ],
                    [
                        "-119.35",
                        "47.05"
                    ],
                    [
                        "-118.81",
                        "46.62"
                    ],
                    [
                        "-117.83",
                        "46.38"
                    ],
                    [
                        "-116.98",
                        "45.78"
                    ],
                    [
                        "-115.76",
                        "45.73"
                    ],
                    [
                        "-113.71",
                        "46.35"
                    ],
                    [
                        "-113.02",
                        "47.10"
                    ],
                    [
                        "-112.80",
                        "47.79"
                    ],
                    [
                        "-112.84",
                        "48.82"
                    ],
                    [
                        "-112.80",
                        "49.25"
                    ],
                    [
                        "-112.23",
                        "49.24"
                    ],
                    [
                        "-110.96",
                        "48.01"
                    ],
                    [
                        "-110.43",
                        "47.23"
                    ],
                    [
                        "-109.50",
                        "46.93"
                    ],
                    [
                        "-108.67",
                        "46.81"
                    ],
                    [
                        "-107.88",
                        "47.13"
                    ],
                    [
                        "-107.08",
                        "47.54"
                    ],
                    [
                        "-106.24",
                        "47.60"
                    ],
                    [
                        "-105.78",
                        "47.04"
                    ],
                    [
                        "-105.74",
                        "45.91"
                    ],
                    [
                        "-106.08",
                        "45.11"
                    ],
                    [
                        "-107.01",
                        "43.88"
                    ],
                    [
                        "-106.42",
                        "43.40"
                    ],
                    [
                        "-105.01",
                        "43.53"
                    ],
                    [
                        "-103.41",
                        "44.24"
                    ],
                    [
                        "-102.55",
                        "45.93"
                    ],
                    [
                        "-102.06",
                        "46.55"
                    ],
                    [
                        "-101.11",
                        "47.12"
                    ],
                    [
                        "-99.91",
                        "46.70"
                    ],
                    [
                        "-98.94",
                        "46.85"
                    ],
                    [
                        "-97.28",
                        "47.84"
                    ],
                    [
                        "-95.90",
                        "48.13"
                    ],
                    [
                        "-94.49",
                        "47.90"
                    ],
                    [
                        "-93.20",
                        "46.59"
                    ],
                    [
                        "-91.55",
                        "46.80"
                    ],
                    [
                        "-90.70",
                        "47.18"
                    ],
                    [
                        "-81.47",
                        "48.18"
                    ],
                    [
                        "-79.42",
                        "48.71"
                    ],
                    [
                        "-77.28",
                        "49.55"
                    ],
                    [
                        "-75.47",
                        "50.33"
                    ],
                    [
                        "-74.72",
                        "50.50"
                    ],
                    [
                        "-73.91",
                        "50.24"
                    ],
                    [
                        "-73.56",
                        "49.60"
                    ],
                    [
                        "-73.18",
                        "49.06"
                    ],
                    [
                        "-71.84",
                        "48.89"
                    ],
                    [
                        "-70.67",
                        "48.83"
                    ],
                    [
                        "-70.59",
                        "47.91"
                    ],
                    [
                        "-71.78",
                        "46.32"
                    ],
                    [
                        "-71.92",
                        "45.76"
                    ],
                    [
                        "-71.65",
                        "45.15"
                    ],
                    [
                        "-71.08",
                        "44.73"
                    ],
                    [
                        "-68.69",
                        "43.92"
                    ],
                    [
                        "-67.77",
                        "44.04"
                    ],
                    [
                        "-66.79",
                        "44.45"
                    ],
                    [
                        "-61.88",
                        "44.72"
                    ]
                ]
            },
            "properties": {
                "forecastId": null,
                "geometryId": null,
                "tag": "1C",
                "forecastHour": 0,
                "hazard": "FZLVL",
                "frequency": null,
                "severity": null,
                "status": "NRML",
                "base": null,
                "top": null,
                "fzlBase": null,
                "fzlTop": null,
                "level": "120",
                "product": "ZULU",
                "rawAirSigmet": null,
                "validTimeTo": "2026-09-29T15:00:00.000",
                "validTimeFrom": [
                    "2026-09-29T14:57"
                ]
            }
        },
        {
            "type": "Feature",
            "geometry": {
                "type": "Polygon",
                "coordinates": [
                    [
                        [
                            "-111.69",
                            "48.95"
                        ],
                        [
                            "-110.87",
                            "48.36"
                        ],
                        [
                            "-110.62",
                            "47.03"
                        ],
                        [
                            "-111.16",
                            "46.42"
                        ],
                        [
                            "-112.22",
                            "46.23"
                        ],
                        [
                            "-112.91",
                            "46.32"
                        ],
                        [
                            "-113.33",
                            "46.63"
                        ],
                        [
                            "-113.63",
                            "47.00"
                        ],
                        [
                            "-113.99",
                            "47.92"
                        ],
                        [
                            "-114.55",
                            "48.90"
                        ],
                        [
                            "-111.69",
                            "48.95"
                        ]
                    ]
                ]
            },
            "properties": {
                "forecastId": null,
                "geometryId": null,
                "tag": "5W",
                "forecastHour": 0,
                "hazard": "TURB-HI",
                "frequency": null,
                "severity": "MOD",
                "status": "NRML",
                "base": "350",
                "top": "430",
                "fzlBase": null,
                "fzlTop": null,
                "level": null,
                "product": "TANGO",
                "rawAirSigmet": "MTN WAVE",
                "validTimeTo": "2026-09-29T15:00:00.000",
                "validTimeFrom": [
                    "2026-09-29T14:45"
                ]
            }
        },
        {
            "type": "Feature",
            "geometry": {
                "type": "Polygon",
                "coordinates": [
                    [
                        [
                            "-119.92",
                            "53.35"
                        ],
                        [
                            "-119.55",
                            "53.07"
                        ],
                        [
                            "-119.50",
                            "53.06"
                        ],
                        [
                            "-119.21",
                            "53.10"
                        ],
                        [
                            "-119.16",
                            "53.43"
                        ],
                        [
                            "-119.67",
                            "53.60"
                        ],
                        [
                            "-119.92",
                            "53.35"
                        ]
                    ]
                ]
            },
            "properties": {
                "forecastId": null,
                "geometryId": null,
                "tag": "1C",
                "forecastHour": 0,
                "hazard": "FZLVL",
                "frequency": null,
                "severity": null,
                "status": "NRML",
                "base": null,
                "top": null,
                "fzlBase": null,
                "fzlTop": null,
                "level": "SFC",
                "product": "ZULU",
                "rawAirSigmet": null,
                "validTimeTo": "2026-09-29T15:00:00.000",
                "validTimeFrom": [
                    "2026-09-29T14:57"
                ]
            }
        },
        {
            "type": "Feature",
            "geometry": {
                "type": "Polygon",
                "coordinates": [
                    [
                        [
                            "-68.88",
                            "47.43"
                        ],
                        [
                            "-69.68",
                            "44.41"
                        ],
                        [
                            "-74.01",
                            "42.13"
                        ],
                        [
                            "-74.75",
                            "41.60"
                        ],
                        [
                            "-76.07",
                            "41.59"
                        ],
                        [
                            "-77.23",
                            "41.53"
                        ],
                        [
                            "-77.87",
                            "41.01"
                        ],
                        [
                            "-78.66",
                            "39.34"
                        ],
                        [
                            "-79.90",
                            "39.00"
                        ],
                        [
                            "-80.07",
                            "39.89"
                        ],
                        [
                            "-78.19",
                            "43.59"
                        ],
                        [
                            "-76.88",
                            "43.66"
                        ],
                        [
                            "-75.18",
                            "45.07"
                        ],
                        [
                            "-71.48",
                            "44.99"
                        ],
                        [
                            "-70.92",
                            "45.34"
                        ],
                        [
                            "-68.88",
                            "47.43"
                        ]
                    ]
                ]
            },
            "properties": {
                "forecastId": null,
                "geometryId": null,
                "tag": "2E",
                "forecastHour": 0,
                "hazard": "IFR",
                "frequency": null,
                "severity": null,
                "status": "NRML",
                "base": null,
                "top": null,
                "fzlBase": null,
                "fzlTop": null,
                "level": null,
                "product": "SIERRA",
                "rawAirSigmet": "CIG BLW 010 VIS BLW 3SM BR",
                "validTimeTo": "2026-09-29T15:00:00.000",
                "validTimeFrom": [
                    "2026-09-29T14:45"
                ]
            }
        },
        {
            "type": "Feature",
            "geometry": {
                "type": "Polygon",
                "coordinates": [
                    [
                        [
                            "-114.10",
                            "38.45"
                        ],
                        [
                            "-113.73",
                            "38.25"
                        ],
                        [
                            "-113.56",
                            "37.57"
                        ],
                        [
                            "-114.19",
                            "36.02"
                        ],
                        [
                            "-115.01",
                            "34.99"
                        ],
                        [
                            "-115.91",
                            "34.56"
                        ],
                        [
                            "-116.47",
                            "34.69"
                        ],
                        [
                            "-116.90",
                            "35.05"
                        ],
                        [
                            "-116.56",
                            "36.23"
                        ],
                        [
                            "-115.51",
                            "37.65"
                        ],
                        [
                            "-114.88",
                            "38.13"
                        ],
                        [
                            "-114.10",
                            "38.45"
                        ]
                    ]
                ]
            },
            "properties": {
                "forecastId": null,
                "geometryId": null,
                "tag": "3C",
                "forecastHour": 0,
                "hazard": "ICE",
                "frequency": null,
                "severity": "MOD",
                "status": "NRML",
                "base": "110",
                "top": "190",
                "fzlBase": null,
                "fzlTop": null,
                "level": null,
                "product": "ZULU",
                "rawAirSigmet": "ICE",
                "validTimeTo": "2026-09-29T15:00:00.000",
                "validTimeFrom": [
                    "2026-09-29T14:57"
                ]
            }
        },
        {
            "type": "Feature",
            "geometry": {
                "type": "Polygon",
                "coordinates": [
                    [
                        [
                            "-112.15",
                            "35.50"
                        ],
                        [
                            "-110.86",
                            "35.49"
                        ],
                        [
                            "-110.14",
                            "35.18"
                        ],
                        [
                            "-110.68",
                            "34.23"
                        ],
                        [
                            "-111.18",
                            "33.24"
                        ],
                        [
                            "-110.68",
                            "32.35"
                        ],
                        [
                            "-111.51",
                            "32.18"
                        ],
                        [
                            "-112.79",
                            "33.73"
                        ],
                        [
                            "-112.98",
                            "34.89"
                        ],
                        [
                            "-112.15",
                            "35.50"
                        ]
                    ]
                ]
            },
            "properties": {
                "forecastId": null,
                "geometryId": null,
                "tag": "5E",
                "forecastHour": 0,
                "hazard": "IFR",
                "frequency": null,
                "severity": null,
                "status": "NRML",
                "base": null,
                "top": null,
                "fzlBase": null,
                "fzlTop": null,
                "level": null,
                "product": "SIERRA",
                "rawAirSigmet": "CIG BLW 010 VIS BLW 3SM PCPN BR",
                "validTimeTo": "2026-09-29T15:00:00.000",
                "validTimeFrom": [
                    "2026-09-29T14:45"
                ]
            }
        },
        {
            "type": "Feature",
            "geometry": {
                "type": "Polygon",
                "coordinates": [
                    [
                        [
                            "-88.34",
                            "42.96"
                        ],
                        [
                            "-87.41",
                            "42.92"
                        ],
                        [
                            "-87.46",
                            "41.92"
                        ],
                        [
                            "-88.15",
                            "42.03"
                        ],
                        [
                            "-88.64",
                            "42.78"
                        ],
                        [
                            "-88.34",
                            "42.96"
                        ]
                    ]
                ]
            },
            "properties": {
                "forecastId": null,
                "geometryId": null,
                "tag": "12E",
                "forecastHour": 0,
                "hazard": "IFR",
                "frequency": null,
                "severity": null,
                "status": "NRML",
                "base": null,
                "top": null,
                "fzlBase": null,
                "fzlTop": null,
                "level": null,
                "product": "SIERRA",
                "rawAirSigmet": "CIG BLW 010 VIS BLW 3SM BR",
                "validTimeTo": "2026-09-29T15:00:00.000",
                "validTimeFrom": [
                    "2026-09-29T14:45"
                ]
            }
        },
        {
            "type": "Feature",
            "geometry": {
                "type": "Polygon",
                "coordinates": [
                    [
                        [
                            "-122.29",
                            "49.00"
                        ],
                        [
                            "-119.64",
                            "48.96"
                        ],
                        [
                            "-119.17",
                            "47.53"
                        ],
                        [
                            "-119.62",
                            "45.80"
                        ],
                        [
                            "-122.18",
                            "45.42"
                        ],
                        [
                            "-123.14",
                            "46.53"
                        ],
                        [
                            "-122.29",
                            "49.00"
                        ]
                    ]
                ]
            },
            "properties": {
                "forecastId": null,
                "geometryId": null,
                "tag": "2W",
                "forecastHour": 0,
                "hazard": "TURB-LO",
                "frequency": null,
                "severity": "MOD",
                "status": "NRML",
                "base": "SFC",
                "top": "140",
                "fzlBase": null,
                "fzlTop": null,
                "level": null,
                "product": "TANGO",
                "rawAirSigmet": null,
                "validTimeTo": "2026-09-29T15:00:00.000",
                "validTimeFrom": [
                    "2026-09-29T14:45"
                ]
            }
        }
    ],
    "metadata": {
        "creationTime": "2026-09-29T15:38"
    }
}