{
    "type": "FeatureCollection",
    "features": [
        {
            "type": "Feature",
            "geometry": {
                "type": "Polygon",
                "coordinates": [
                    [
                        [
                            "-134.24",
                            "46.55"
                        ],
                        [
                            "-134.95",
                            "45.45"
                        ],
                        [
                            "-135.07",
                            "44.54"
                        ],
                        [
                            "-134.17",
                            "43.20"
                        ],
                        [
                            "-133.17",
                            "42.76"
                        ],
                        [
                            "-131.51",
                            "42.57"
                        ],
                        [
                            "-130.34",
                            "42.79"
                        ],
                        [
                            "-128.95",
                            "43.45"
                        ],
                        [
                            "-127.95",
                            "44.35"
                        ],
                        [
                            "-127.30",
                            "45.17"
                        ],
                        [
                            "-126.68",
                            "46.10"
                        ],
                        [
                            "-126.28",
                            "47.48"
                        ],
                        [
                            "-126.98",
                            "48.12"
                        ],
                        [
                            "-128.08",
                            "48.42"
                        ],
                        [
                            "-129.41",
                            "48.52"
                        ],
                        [
                            "-131.77",
                            "48.25"
                        ],
                        [
                            "-133.52",
                            "47.22"
                        ],
                        [
                            "-134.24",
                            "46.55"
                        ]
                    ]
                ]
            },
            "properties": {
                "forecastId": null,
                "geometryId": null,
                "tag": "1C",
                "forecastHour": 3,
                "hazard": "FZLVL",
                "frequency": null,
                "severity": null,
                "status": "NRML",
                "base": null,
                "top": null,
                "fzlBase": null,
                "fzlTop": null,
                "level": "080",
                "product": "ZULU",
                "rawAirSigmet": null,
                "validTimeTo": "2026-09-12T12:00:00.000",
                "validTimeFrom": [
                    "2026-09-12T08:45"
                ]
            }
        },
        {
            "type": "Feature",
            "geometry": {
                "type": "Polygon",
                "coordinates": [
                    [
                        [
                            "-99.87",
                            "35.52"
                        ],
                        [
                            "-99.36",
                            "35.20"
                        ],
                        [
                            "-99.20",
                            "34.74"
                        ],
                        [
                            "-99.10",
                            "34.09"
                        ],
                        [
                            "-99.77",
                            "33.81"
                        ],
                        [
                            "-100.44",
                            "34.09"
                        ],
                        [
                            "-101.51",
                            "34.86"
                        ],
                        [
                            "-101.00",
                            "35.47"
                        ],
                        [
                            "-99.87",
                            "35.52"
                        ]
                    ]
                ]
            },
            "properties": {
                "forecastId": null,
                "geometryId": null,
                "tag": "3W",
                "forecastHour": 3,
                "hazard": "LLWS",
                "frequency": null,
                "severity": null,
                "status": "NRML",
                "base": null,
                "top": null,
                "fzlBase": null,
                "fzlTop": null,
                "level": null,
                "product": "TANGO",
                "rawAirSigmet": "AIR SPEED LOSS OR GAIN OF 20KTS OR MORE BELOW 2000 FT AGL",
                "validTimeTo": "2026-09-12T12:00:00.000",
                "validTimeFrom": [
                    "2026-09-12T08:45"
                ]
            }
        },
        {
            "type": "Feature",
            "geometry": {
                "type": "Polygon",
                "coordinates": [
                    [
                        [
                            "-122.91",
                            "38.58"
                        ],
                        [
                            "-122.34",
                            "38.40"
                        ],
                        [
                            "-122.11",
                            "37.60"
                        ],
                        [
                            "-121.25",
                            "36.68"
                        ],
                        [
                            "-121.15",
                            "35.92"
                        ],
                        [
                            "-119.74",
                            "34.72"
                        ],
                        [
                            "-120.13",
                            "34.09"
                        ],
                        [
                            "-119.21",
                            "33.51"
                        ],
                        [
                            "-119.11",
                            "34.22"
                        ],
                        [
                            "-118.30",
                            "34.24"
                        ],
                        [
                            "-117.22",
                            "33.57"
                        ],
                        [
                            "-116.64",
                            "32.40"
                        ],
                        [
                            "-120.86",
                            "30.72"
                        ],
                        [
                            "-124.97",
                            "36.96"
                        ],
                        [
                            "-123.79",
                            "36.85"
                        ],
                        [
                            "-122.70",
                            "35.34"
                        ],
                        [
                            "-121.51",
                            "34.90"
                        ],
                        [
                            "-121.99",
                            "36.22"
                        ],
                        [
                            "-122.77",
                            "37.12"
                        ],
                        [
                            "-123.12",
                            "38.10"
                        ],
                        [
                            "-122.91",
                            "38.58"
                        ]
                    ]
                ]
            },
            "properties": {
                "forecastId": null,
                "geometryId": null,
                "tag": "1E",
                "forecastHour": 3,
                "hazard": "IFR",
                "frequency": null,
                "severity": null,
                "status": "NRML",
                "base": null,
                "top": null,
                "fzlBase": null,
                "fzlTop": null,
                "level": null,
                "product": "SIERRA",
                "rawAirSigmet": "CIG BLW 010 VIS BLW 3SM BR FG",
                "validTimeTo": "2026-09-12T12:00:00.000",
                "validTimeFrom": [
                    "2026-09-12T08:45"
                ]
            }
        },
        {
            "type": "Feature",
            "geometry": {
                "type": "Polygon",
                "coordinates": [
                    [
                        [
                            "-87.74",
                            "48.08"
                        ],
                        [
                            "-86.28",
                            "47.29"
                        ],
                        [
                            "-86.12",
                            "46.67"
                        ],
                        [
                            "-86.52",
                            "46.05"
                        ],
                        [
                            "-87.45",
                            "45.46"
                        ],
                        [
                            "-88.50",
                            "44.73"
                        ],
                        [
                            "-89.19",
                            "44.14"
                        ],
                        [
                            "-90.08",
                            "44.26"
                        ],
                        [
                            "-90.24",
                            "44.86"
                        ],
                        [
                            "-89.86",
                            "45.55"
                        ],
                        [
                            "-88.90",
                            "46.51"
                        ],
                        [
                            "-88.25",
                            "47.36"
                        ],
                        [
                            "-87.74",
                            "48.08"
                        ]
                    ]
                ]
            },
            "properties": {
                "forecastId": null,
                "geometryId": null,
                "tag": "2W",
                "forecastHour": 3,
                "hazard": "LLWS",
                "frequency": null,
                "severity": null,
                "status": "NRML",
                "base": null,
                "top": null,
                "fzlBase": null,
                "fzlTop": null,
                "level": null,
                "product": "TANGO",
                "rawAirSigmet": "AIR SPEED LOSS OR GAIN OF 20KTS OR MORE BELOW 2000 FT AGL",
                "validTimeTo": "2026-09-12T12:00:00.000",
                "validTimeFrom": [
                    "2026-09-12T08:45"
                ]
            }
        },
        {
            "type": "Feature",
            "geometry": {
                "type": "Polygon",
                "coordinates": [
                    [
                        [
                            "-116.80",
                            "29.69"
                        ],
                        [
                            "-117.03",
                            "28.98"
                        ],
                        [
                            "-116.94",
                            "28.34"
                        ],
                        [
                            "-116.65",
                            "27.73"
                        ],
                        [
                            "-116.27",
                            "27.15"
                        ],
                        [
                            "-116.13",
                            "26.97"
                        ],
                        [
                            "-115.36",
                            "26.79"
                        ],
                        [
                            "-114.76",
                            "27.40"
                        ],
                        [
                            "-114.76",
                            "27.40"
                        ],
                        [
                            "-114.60",
                            "28.07"
                        ],
                        [
                            "-114.68",
                            "28.71"
                        ],
                        [
                            "-114.89",
                            "29.34"
                        ],
                        [
                            "-115.11",
                            "29.97"
                        ],
                        [
                            "-115.38",
                            "30.46"
                        ],
                        [
                            "-116.13",
                            "30.33"
                        ],
                        [
                            "-116.76",
                            "29.74"
                        ],
                        [
                            "-116.80",
                            "29.69"
                        ]
                    ]
                ]
            },
            "properties": {
                "forecastId": null,
                "geometryId": null,
                "tag": "1C",
                "forecastHour": 3,
                "hazard": "FZLVL",
                "frequency": null,
                "severity": null,
                "status": "NRML",
                "base": null,
                "top": null,
                "fzlBase": null,
                "fzlTop": null,
                "level": "160",
                "product": "ZULU",
                "rawAirSigmet": null,
                "validTimeTo": "2026-09-12T12:00:00.000",
                "validTimeFrom": [
                    "2026-09-12T08:45"
                ]
            }
        },
        {
            "type": "Feature",
            "geometry": {
                "type": "Polygon",
                "coordinates": [
                    [
                        [
                            "-108.64",
                            "46.83"
                        ],
                        [
                            "-107.65",
                            "46.80"
                        ],
                        [
                            "-106.63",
                            "46.53"
                        ],
                        [
                            "-102.71",
                            "46.20"
                        ],
                        [
                            "-99.66",
                            "46.02"
                        ],
                        [
                            "-98.28",
                            "46.09"
                        ],
                        [
                            "-95.78",
                            "44.61"
                        ],
                        [
                            "-96.70",
                            "43.43"
                        ],
                        [
                            "-96.65",
                            "42.58"
                        ],
                        [
                            "-97.21",
                            "41.96"
                        ],
                        [
                            "-99.69",
                            "42.03"
                        ],
                        [
                            "-99.83",
                            "43.23"
                        ],
                        [
                            "-101.35",
                            "44.07"
                        ],
                        [
                            "-102.58",
                            "44.16"
                        ],
                        [
                            "-104.44",
                            "43.72"
                        ],
                        [
                            "-104.52",
                            "44.49"
                        ],
                        [
                            "-104.16",
                            "45.01"
                        ],
                        [
                            "-105.07",
                            "45.28"
                        ],
                        [
                            "-108.42",
                            "45.65"
                        ],
                        [
                            "-108.64",
                            "46.83"
                        ]
                    ]
                ]
            },
            "properties": {
                "forecastId": null,
                "geometryId": null,
                "tag": "3C",
                "forecastHour": 3,
                "hazard": "ICE",
                "frequency": null,
                "severity": "MOD",
                "status": "NRML",
                "base": "FZL",
                "top": "230",
                "fzlBase": "100",
                "fzlTop": "140",
                "level": null,
                "product": "ZULU",
                "rawAirSigmet": "ICE",
                "validTimeTo": "2026-09-12T12:00:00.000",
                "validTimeFrom": [
                    "2026-09-12T08:45"
                ]
            }
        },
        {
            "type": "Feature",
            "geometry": {
                "type": "Polygon",
                "coordinates": [
                    [
                        [
                            "-114.90",
                            "49.04"
                        ],
                        [
                            "-111.92",
                            "49.01"
                        ],
                        [
                            "-111.86",
                            "48.36"
                        ],
                        [
                            "-111.03",
                            "47.48"
                        ],
                        [
                            "-109.97",
                            "47.07"
                        ],
                        [
                            "-109.68",
                            "46.33"
                        ],
                        [
                            "-110.83",
                            "46.02"
                        ],
                        [
                            "-112.12",
                            "46.21"
                        ],
                        [
                            "-113.10",
                            "46.74"
                        ],
                        [
                            "-113.67",
                            "47.82"
                        ],
                        [
                            "-114.90",
                            "49.04"
                        ]
                    ]
                ]
            },
            "properties": {
                "forecastId": null,
                "geometryId": null,
                "tag": "5E",
                "forecastHour": 3,
                "hazard": "IFR",
                "frequency": null,
                "severity": null,
                "status": "NRML",
                "base": null,
                "top": null,
                "fzlBase": null,
                "fzlTop": null,
                "level": null,
                "product": "SIERRA",
                "rawAirSigmet": "CIG BLW 010 VIS BLW 3SM PCPN BR",
                "validTimeTo": "2026-09-12T12:00:00.000",
                "validTimeFrom": [
                    "2026-09-12T08:45"
                ]
            }
        },
        {
            "type": "Feature",
            "geometry": {
                "type": "Polygon",
                "coordinates": [
                    [
                        [
                            "-70.67",
                            "45.96"
                        ],
                        [
                            "-69.94",
                            "45.22"
                        ],
                        [
                            "-70.09",
                            "44.26"
                        ],
                        [
                            "-70.86",
                            "43.15"
                        ],
                        [
                            "-71.89",
                            "42.49"
                        ],
                        [
                            "-73.17",
                            "42.58"
                        ],
                        [
                            "-74.33",
                            "43.25"
                        ],
                        [
                            "-74.90",
                            "44.12"
                        ],
                        [
                            "-74.45",
                            "45.06"
                        ],
                        [
                            "-71.36",
                            "45.33"
                        ],
                        [
                            "-70.67",
                            "45.96"
                        ]
                    ]
                ]
            },
            "properties": {
                "forecastId": null,
                "geometryId": null,
                "tag": "4E",
                "forecastHour": 3,
                "hazard": "IFR",
                "frequency": null,
                "severity": null,
                "status": "NRML",
                "base": null,
                "top": null,
                "fzlBase": null,
                "fzlTop": null,
                "level": null,
                "product": "SIERRA",
                "rawAirSigmet": "CIG BLW 010 VIS BLW 3SM BR FG",
                "validTimeTo": "2026-09-12T12:00:00.000",
                "validTimeFrom": [
                    "2026-09-12T08:45"
                ]
            }
        },
        {
            "type": "Feature",
            "geometry": {
                "type": "LineString",
                "coordinates": [
                    [
                        "-125.82",
                        "57.67"
                    ],
                    [
                        "-125.84",
                        "56.47"
                    ],
                    [
                        "-124.26",
                        "55.56"
                    ],
                    [
                        "-122.50",
                        "54.91"
                    ],
                    [
                        "-121.72",
                        "54.32"
                    ],
                    [
                        "-121.09",
                        "53.50"
                    ],
                    [
                        "-120.39",
                        "52.73"
                    ],
                    [
                        "-119.77",
                        "52.38"
                    ],
                    [
                        "-118.22",
                        "51.63"
                    ],
                    [
                        "-115.22",
                        "49.83"
                    ],
                    [
                        "-113.55",
                        "49.17"
                    ],
                    [
                        "-112.07",
                        "48.76"
                    ],
                    [
                        "-110.07",
                        "48.45"
                    ],
                    [
                        "-107.88",
                        "48.37"
                    ],
                    [
                        "-102.77",
                        "48.39"
                    ],
                    [
                        "-100.92",
                        "48.50"
                    ],
                    [
                        "-98.57",
                        "48.88"
                    ],
                    [
                        "-94.89",
                        "49.58"
                    ],
                    [
                        "-93.30",
                        "50.11"
                    ],
                    [
                        "-91.97",
                        "50.87"
                    ],
                    [
                        "-89.33",
                        "53.11"
                    ],
                    [
                        "-87.82",
                        "54.12"
                    ],
                    [
                        "-85.72",
                        "55.33"
                    ],
                    [
                        "-82.78",
                        "56.88"
                    ],
                    [
                        "-80.75",
                        "57.76"
                    ],
                    [
                        "-78.98",
                        "57.99"
                    ],
                    [
                        "-77.98",
                        "57.97"
                    ],
                    [
                        "-75.44",
                        "57.42"
                    ],
                    [
                        "-72.75",
                        "56.66"
                    ],
                    [
                        "-69.80",
                        "55.51"
                    ],
                    [
                        "-68.40",
                        "54.66"
                    ],
                    [
                        "-66.96",
                        "53.26"
                    ],
                    [
                        "-66.26",
                        "52.36"
                    ],
                    [
                        "-65.45",
                        "51.48"
                    ],
                    [
                        "-64.57",
                        "50.82"
                    ],
                    [
                        "-63.43",
                        "50.16"
                    ],
                    [
                        "-62.08",
                        "49.53"
                    ],
                    [
                        "-59.91",
                        "48.73"
                    ],
                    [
                        "-56.03",
                        "47.43"
                    ],
                    [
                        "-54.50",
                        "47.00"
                    ],
                    [
                        "-52.99",
                        "46.78"
                    ],
                    [
                        "-50.96",
                        "46.37"
                    ],
                    [
                        "-49.30",
                        "46.20"
                    ],
                    [
                        "-47.16",
                        "46.95"
                    ]
                ]
            },
            "properties": {
                "forecastId": null,
                "geometryId": null,
                "tag": "1C",
                "forecastHour": 3,
                "hazard": "FZLVL",
                "frequency": null,
                "severity": null,
                "status": "NRML",
                "base": null,
                "top": null,
                "fzlBase": null,
                "fzlTop": null,
                "level": "080",
                "product": "ZULU",
                "rawAirSigmet": null,
                "validTimeTo": "2026-09-12T12:00:00.000",
                "validTimeFrom": [
                    "2026-09-12T08:45"
                ]
            }
        },
        {
            "type": "Feature",
            "geometry": {
                "type": "Polygon",
                "coordinates": [
                    [
                        [
                            "-78.45",
                            "40.89"
                        ],
                        [
                            "-77.52",
                            "40.66"
                        ],
                        [
                            "-77.08",
                            "40.12"
                        ],
                        [
                            "-79.88",
                            "36.65"
                        ],
                        [
                            "-80.46",
                            "35.89"
                        ],
                        [
                            "-80.90",
                            "35.18"
                        ],
                        [
                            "-84.51",
                            "33.64"
                        ],
                        [
                            "-85.16",
                            "34.95"
                        ],
                        [
                            "-85.06",
                            "36.74"
                        ],
                        [
                            "-82.22",
                            "38.59"
                        ],
                        [
                            "-81.30",
                            "39.57"
                        ],
                        [
                            "-79.51",
                            "40.37"
                        ],
                        [
                            "-78.45",
                            "40.89"
                        ]
                    ]
                ]
            },
            "properties": {
                "forecastId": null,
                "geometryId": null,
                "tag": "3E",
                "forecastHour": 3,
                "hazard": "MT_OBSC",
                "frequency": null,
                "severity": null,
                "status": "NRML",
                "base": null,
                "top": null,
                "fzlBase": null,
                "fzlTop": null,
                "level": null,
                "product": "SIERRA",
                "rawAirSigmet": "MTNS OBSC BY CLDS PCPN BR FG",
                "validTimeTo": "2026-09-12T12:00:00.000",
                "validTimeFrom": [
                    "2026-09-12T08:45"
                ]
            }
        },
        {
            "type": "Feature",
            "geometry": {
                "type": "LineString",
                "coordinates": [
                    [
                        "-110.36",
                        "60.37"
                    ],
                    [
                        "-110.39",
                        "58.73"
                    ],
                    [
                        "-109.72",
                        "57.96"
                    ],
                    [
                        "-108.73",
                        "57.27"
                    ],
                    [
                        "-107.38",
                        "56.41"
                    ],
                    [
                        "-106.14",
                        "55.64"
                    ],
                    [
                        "-104.63",
                        "54.84"
                    ],
                    [
                        "-102.97",
                        "54.20"
                    ],
                    [
                        "-101.65",
                        "53.85"
                    ],
                    [
                        "-100.05",
                        "53.93"
                    ],
                    [
                        "-97.46",
                        "54.52"
                    ],
                    [
                        "-95.99",
                        "54.82"
                    ],
                    [
                        "-94.44",
                        "55.31"
                    ],
                    [
                        "-93.62",
                        "55.80"
                    ],
                    [
                        "-92.90",
                        "56.54"
                    ],
                    [
                        "-92.65",
                        "58.16"
                    ],
                    [
                        "-92.36",
                        "59.79"
                    ],
                    [
                        "-91.85",
                        "60.56"
                    ],
                    [
                        "-90.91",
                        "61.31"
                    ]
                ]
            },
            "properties": {
                "forecastId": null,
                "geometryId": null,
                "tag": "1C",
                "forecastHour": 3,
                "hazard": "FZLVL",
                "frequency": null,
                "severity": null,
                "status": "NRML",
                "base": null,
                "top": null,
                "fzlBase": null,
                "fzlTop": null,
                "level": "040",
                "product": "ZULU",
                "rawAirSigmet": null,
                "validTimeTo": "2026-09-12T12:00:00.000",
                "validTimeFrom": [
                    "2026-09-12T08:45"
                ]
            }
        },
        {
            "type": "Feature",
            "geometry": {
                "type": "Polygon",
                "coordinates": [
                    [
                        [
                            "-118.89",
                            "34.38"
                        ],
                        [
                            "-118.31",
                            "34.26"
                        ],
                        [
                            "-117.23",
                            "33.56"
                        ],
                        [
                            "-116.78",
                            "32.73"
                        ],
                        [
                            "-117.30",
                            "32.75"
                        ],
                        [
                            "-118.40",
                            "33.97"
                        ],
                        [
                            "-119.39",
                            "34.19"
                        ],
                        [
                            "-118.89",
                            "34.38"
                        ]
                    ]
                ]
            },
            "properties": {
                "forecastId": null,
                "geometryId": null,
                "tag": "4E",
                "forecastHour": 3,
                "hazard": "MT_OBSC",
                "frequency": null,
                "severity": null,
                "status": "NRML",
                "base": null,
                "top": null,
                "fzlBase": null,
                "fzlTop": null,
                "level": null,
                "product": "SIERRA",
                "rawAirSigmet": "MTNS OBSC BY CLDS BR FG",
                "validTimeTo": "2026-09-12T12:00:00.000",
                "validTimeFrom": [
                    "2026-09-12T08:45"
                ]
            }
        },
        {
            "type": "Feature",
            "geometry": {
                "type": "Polygon",
                "coordinates": [
                    [
                        [
                            "-70.23",
                            "45.87"
                        ],
                        [
                            "-69.86",
                            "44.52"
                        ],
                        [
                            "-71.52",
                            "43.22"
                        ],
                        [
                            "-73.48",
                            "42.20"
                        ],
                        [
                            "-73.73",
                            "43.47"
                        ],
                        [
                            "-74.65",
                            "44.19"
                        ],
                        [
                            "-74.89",
                            "44.59"
                        ],
                        [
                            "-74.52",
                            "44.82"
                        ],
                        [
                            "-73.35",
                            "44.87"
                        ],
                        [
                            "-71.85",
                            "45.11"
                        ],
                        [
                            "-70.99",
                            "45.44"
                        ],
                        [
                            "-70.23",
                            "45.87"
                        ]
                    ]
                ]
            },
            "properties": {
                "forecastId": null,
                "geometryId": null,
                "tag": "6E",
                "forecastHour": 3,
                "hazard": "MT_OBSC",
                "frequency": null,
                "severity": null,
                "status": "NRML",
                "base": null,
                "top": null,
                "fzlBase": null,
                "fzlTop": null,
                "level": null,
                "product": "SIERRA",
                "rawAirSigmet": "MTNS OBSC BY CLDS BR FG",
                "validTimeTo": "2026-09-12T12:00:00.000",
                "validTimeFrom": [
                    "2026-09-12T08:45"
                ]
            }
        },
        {
            "type": "Feature",
            "geometry": {
                "type": "Polygon",
                "coordinates": [
                    [
                        [
                            "-122.13",
                            "39.40"
                        ],
                        [
                            "-122.03",
                            "38.58"
                        ],
                        [
                            "-123.07",
                            "38.98"
                        ],
                        [
                            "-123.11",
                            "39.22"
                        ],
                        [
                            "-122.59",
                            "39.17"
                        ],
                        [
                            "-122.13",
                            "39.40"
                        ]
                    ]
                ]
            },
            "properties": {
                "forecastId": null,
                "geometryId": null,
                "tag": "1E",
                "forecastHour": 3,
                "hazard": "MT_OBSC",
                "frequency": null,
                "severity": null,
                "status": "NRML",
                "base": null,
                "top": null,
                "fzlBase": null,
                "fzlTop": null,
                "level": null,
                "product": "SIERRA",
                "rawAirSigmet": "FU HZ",
                "validTimeTo": "2026-09-12T12:00:00.000",
                "validTimeFrom": [
                    "2026-09-12T08:45"
                ]
            }
        },
        {
            "type": "Feature",
            "geometry": {
                "type": "Polygon",
                "coordinates": [
                    [
                        [
                            "-123.32",
                            "45.23"
                        ],
                        [
                            "-122.17",
                            "45.07"
                        ],
                        [
                            "-121.80",
                            "43.99"
                        ],
                        [
                            "-122.79",
                            "42.69"
                        ],
                        [
                            "-123.67",
                            "42.13"
                        ],
                        [
                            "-123.81",
                            "41.19"
                        ],
                        [
                            "-124.20",
                            "40.63"
                        ],
                        [
                            "-124.77",
                            "40.68"
                        ],
                        [
                            "-124.92",
                            "41.48"
                        ],
                        [
                            "-125.22",
                            "42.29"
                        ],
                        [
                            "-125.31",
                            "43.52"
                        ],
                        [
                            "-124.88",
                            "44.53"
                        ],
                        [
                            "-123.32",
                            "45.23"
                        ]
                    ]
                ]
            },
            "properties": {
                "forecastId": null,
                "geometryId": null,
                "tag": "6E",
                "forecastHour": 3,
                "hazard": "IFR",
                "frequency": null,
                "severity": null,
                "status": "NRML",
                "base": null,
                "top": null,
                "fzlBase": null,
                "fzlTop": null,
                "level": null,
                "product": "SIERRA",
                "rawAirSigmet": "CIG BLW 010 VIS BLW 3SM BR FG",
                "validTimeTo": "2026-09-12T12:00:00.000",
                "validTimeFrom": [
                    "2026-09-12T08:45"
                ]
            }
        },
        {
            "type": "Feature",
            "geometry": {
                "type": "Polygon",
                "coordinates": [
                    [
                        [
                            "-114.70",
                            "48.99"
                        ],
                        [
                            "-113.23",
                            "48.96"
                        ],
                        [
                            "-112.22",
                            "48.02"
                        ],
                        [
                            "-111.36",
                            "47.45"
                        ],
                        [
                            "-108.88",
                            "46.86"
                        ],
                        [
                            "-108.70",
                            "45.71"
                        ],
                        [
                            "-107.46",
                            "45.35"
                        ],
                        [
                            "-106.30",
                            "43.77"
                        ],
                        [
                            "-107.30",
                            "43.87"
                        ],
                        [
                            "-108.04",
                            "44.50"
                        ],
                        [
                            "-109.00",
                            "44.82"
                        ],
                        [
                            "-110.00",
                            "44.84"
                        ],
                        [
                            "-111.13",
                            "45.42"
                        ],
                        [
                            "-112.49",
                            "45.68"
                        ],
                        [
                            "-113.25",
                            "46.22"
                        ],
                        [
                            "-113.83",
                            "47.77"
                        ],
                        [
                            "-114.70",
                            "48.99"
                        ]
                    ]
                ]
            },
            "properties": {
                "forecastId": null,
                "geometryId": null,
                "tag": "5E",
                "forecastHour": 3,
                "hazard": "MT_OBSC",
                "frequency": null,
                "severity": null,
                "status": "NRML",
                "base": null,
                "top": null,
                "fzlBase": null,
                "fzlTop": null,
                "level": null,
                "product": "SIERRA",
                "rawAirSigmet": "MTNS OBSC BY CLDS PCPN BR",
                "validTimeTo": "2026-09-12T12:00:00.000",
                "validTimeFrom": [
                    "2026-09-12T08:45"
                ]
            }
        },
        {
            "type": "Feature",
            "geometry": {
                "type": "Polygon",
                "coordinates": [
                    [
                        [
                            "-122.24",
                            "37.10"
                        ],
                        [
                            "-121.79",
                            "37.09"
                        ],
                        [
                            "-121.21",
                            "36.61"
                        ],
                        [
                            "-120.94",
                            "35.91"
                        ],
                        [
                            "-119.75",
                            "34.71"
                        ],
                        [
                            "-119.98",
                            "34.29"
                        ],
                        [
                            "-120.63",
                            "34.54"
                        ],
                        [
                            "-122.24",
                            "37.10"
                        ]
                    ]
                ]
            },
            "properties": {
                "forecastId": null,
                "geometryId": null,
                "tag": "4E",
                "forecastHour": 3,
                "hazard": "MT_OBSC",
                "frequency": null,
                "severity": null,
                "status": "NRML",
                "base": null,
                "top": null,
                "fzlBase": null,
                "fzlTop": null,
                "level": null,
                "product": "SIERRA",
                "rawAirSigmet": "MTNS OBSC BY CLDS BR FG",
                "validTimeTo": "2026-09-12T12:00:00.000",
                "validTimeFrom": [
                    "2026-09-12T08:45"
                ]
            }
        },
        {
            "type": "Feature",
            "geometry": {
                "type": "Polygon",
                "coordinates": [
                    [
                        [
                            "-124.09",
                            "45.00"
                        ],
                        [
                            "-123.12",
                            "44.78"
                        ],
                        [
                            "-122.36",
                            "44.16"
                        ],
                        [
                            "-122.35",
                            "43.60"
                        ],
                        [
                            "-122.83",
                            "43.07"
                        ],
                        [
                            "-123.61",
                            "42.84"
                        ],
                        [
                            "-123.60",
                            "41.63"
                        ],
                        [
                            "-123.67",
                            "40.62"
                        ],
                        [
                            "-124.03",
                            "40.36"
                        ],
                        [
                            "-124.31",
                            "40.88"
                        ],
                        [
                            "-124.43",
                            "42.83"
                        ],
                        [
                            "-124.09",
                            "45.00"
                        ]
                    ]
                ]
            },
            "properties": {
                "forecastId": null,
                "geometryId": null,
                "tag": "7E",
                "forecastHour": 3,
                "hazard": "MT_OBSC",
                "frequency": null,
                "severity": null,
                "status": "NRML",
                "base": null,
                "top": null,
                "fzlBase": null,
                "fzlTop": null,
                "level": null,
                "product": "SIERRA",
                "rawAirSigmet": "MTNS OBSC BY CLDS BR",
                "validTimeTo": "2026-09-12T12:00:00.000",
                "validTimeFrom": [
                    "2026-09-12T08:45"
                ]
            }
        },
        {
            "type": "Feature",
            "geometry": {
                "type": "Polygon",
                "coordinates": [
                    [
                        [
                            "-125.02",
                            "48.64"
                        ],
                        [
                            "-123.17",
                            "48.55"
                        ],
                        [
                            "-121.22",
                            "48.06"
                        ],
                        [
                            "-121.20",
                            "47.53"
                        ],
                        [
                            "-122.58",
                            "46.73"
                        ],
                        [
                            "-123.59",
                            "46.36"
                        ],
                        [
                            "-124.30",
                            "45.77"
                        ],
                        [
                            "-126.53",
                            "45.06"
                        ],
                        [
                            "-128.00",
                            "48.32"
                        ],
                        [
                            "-125.02",
                            "48.64"
                        ]
                    ]
                ]
            },
            "properties": {
                "forecastId": null,
                "geometryId": null,
                "tag": "1C",
                "forecastHour": 3,
                "hazard": "ICE",
                "frequency": null,
                "severity": "MOD",
                "status": "NRML",
                "base": "FZL",
                "top": "200",
                "fzlBase": "080",
                "fzlTop": "100",
                "level": null,
                "product": "ZULU",
                "rawAirSigmet": "ICE",
                "validTimeTo": "2026-09-12T12:00:00.000",
                "validTimeFrom": [
                    "2026-09-12T08:45"
                ]
            }
        },
        {
            "type": "Feature",
            "geometry": {
                "type": "Polygon",
                "coordinates": [
                    [
                        [
                            "-83.24",
                            "44.74"
                        ],
                        [
                            "-83.77",
                            "43.84"
                        ],
                        [
                            "-83.53",
                            "43.09"
                        ],
                        [
                            "-82.50",
                            "42.81"
                        ],
                        [
                            "-83.12",
                            "41.88"
                        ],
                        [
                            "-84.92",
                            "42.19"
                        ],
                        [
                            "-85.97",
                            "43.51"
                        ],
                        [
                            "-85.08",
                            "44.62"
                        ],
                        [
                            "-83.24",
                            "44.74"
                        ]
                    ]
                ]
            },
            "properties": {
                "forecastId": null,
                "geometryId": null,
                "tag": "7E",
                "forecastHour": 3,
                "hazard": "IFR",
                "frequency": null,
                "severity": null,
                "status": "NRML",
                "base": null,
                "top": null,
                "fzlBase": null,
                "fzlTop": null,
                "level": null,
                "product": "SIERRA",
                "rawAirSigmet": "CIG BLW 010 VIS BLW 3SM BR FG",
                "validTimeTo": "2026-09-12T12:00:00.000",
                "validTimeFrom": [
                    "2026-09-12T08:45"
                ]
            }
        },
        {
            "type": "Feature",
            "geometry": {
                "type": "Polygon",
                "coordinates": [
                    [
                        [
                            "-123.07",
                            "49.00"
                        ],
                        [
                            "-118.59",
                            "48.99"
                        ],
                        [
                            "-119.17",
                            "48.42"
                        ],
                        [
                            "-120.25",
                            "48.04"
                        ],
                        [
                            "-121.09",
                            "47.51"
                        ],
                        [
                            "-121.86",
                            "46.69"
                        ],
                        [
                            "-122.66",
                            "45.87"
                        ],
                        [
                            "-123.37",
                            "45.04"
                        ],
                        [
                            "-125.07",
                            "43.68"
                        ],
                        [
                            "-126.80",
                            "42.67"
                        ],
                        [
                            "-126.65",
                            "45.39"
                        ],
                        [
                            "-127.14",
                            "46.27"
                        ],
                        [
                            "-124.83",
                            "47.84"
                        ],
                        [
                            "-123.08",
                            "48.14"
                        ],
                        [
                            "-123.07",
                            "49.00"
                        ]
                    ]
                ]
            },
            "properties": {
                "forecastId": null,
                "geometryId": null,
                "tag": "2W",
                "forecastHour": 3,
                "hazard": "TURB-HI",
                "frequency": null,
                "severity": "MOD",
                "status": "NRML",
                "base": "210",
                "top": "370",
                "fzlBase": null,
                "fzlTop": null,
                "level": null,
                "product": "TANGO",
                "rawAirSigmet": null,
                "validTimeTo": "2026-09-12T12:00:00.000",
                "validTimeFrom": [
                    "2026-09-12T08:45"
                ]
            }
        },
        {
            "type": "Feature",
            "geometry": {
                "type": "Polygon",
                "coordinates": [
                    [
                        [
                            "-79.43",
                            "40.31"
                        ],
                        [
                            "-77.58",
                            "40.00"
                        ],
                        [
                            "-76.52",
                            "39.06"
                        ],
                        [
                            "-76.26",
                            "37.75"
                        ],
                        [
                            "-75.36",
                            "36.52"
                        ],
                        [
                            "-75.47",
                            "35.34"
                        ],
                        [
                            "-76.22",
                            "34.71"
                        ],
                        [
                            "-77.73",
                            "34.40"
                        ],
                        [
                            "-78.51",
                            "33.57"
                        ],
                        [
                            "-79.46",
                            "32.87"
                        ],
                        [
                            "-80.59",
                            "32.37"
                        ],
                        [
                            "-81.32",
                            "31.44"
                        ],
                        [
                            "-81.50",
                            "30.47"
                        ],
                        [
                            "-82.43",
                            "29.92"
                        ],
                        [
                            "-83.83",
                            "29.93"
                        ],
                        [
                            "-85.31",
                            "30.39"
                        ],
                        [
                            "-87.15",
                            "30.29"
                        ],
                        [
                            "-88.16",
                            "30.80"
                        ],
                        [
                            "-89.54",
                            "30.75"
                        ],
                        [
                            "-90.68",
                            "30.17"
                        ],
                        [
                            "-92.50",
                            "29.91"
                        ],
                        [
                            "-93.71",
                            "30.70"
                        ],
                        [
                            "-93.47",
                            "31.46"
                        ],
                        [
                            "-92.42",
                            "32.13"
                        ],
                        [
                            "-90.40",
                            "32.27"
                        ],
                        [
                            "-89.47",
                            "32.86"
                        ],
                        [
                            "-89.25",
                            "33.63"
                        ],
                        [
                            "-89.48",
                            "34.58"
                        ],
                        [
                            "-88.70",
                            "35.57"
                        ],
                        [
                            "-87.59",
                            "36.08"
                        ],
                        [
                            "-85.75",
                            "35.54"
                        ],
                        [
                            "-83.95",
                            "35.58"
                        ],
                        [
                            "-82.30",
                            "36.39"
                        ],
                        [
                            "-81.98",
                            "37.35"
                        ],
                        [
                            "-82.93",
                            "37.85"
                        ],
                        [
                            "-83.20",
                            "38.98"
                        ],
                        [
                            "-82.59",
                            "39.75"
                        ],
                        [
                            "-81.08",
                            "39.87"
                        ],
                        [
                            "-79.43",
                            "40.31"
                        ]
                    ]
                ]
            },
            "properties": {
                "forecastId": null,
                "geometryId": null,
                "tag": "2E",
                "forecastHour": 3,
                "hazard": "IFR",
                "frequency": null,
                "severity": null,
                "status": "NRML",
                "base": null,
                "top": null,
                "fzlBase": null,
                "fzlTop": null,
                "level": null,
                "product": "SIERRA",
                "rawAirSigmet": "CIG BLW 010 VIS BLW 3SM PCPN BR FG",
                "validTimeTo": "2026-09-12T12:00:00.000",
                "validTimeFrom": [
                    "2026-09-12T08:45"
                ]
            }
        },
        {
            "type": "Feature",
            "geometry": {
                "type": "Polygon",
                "coordinates": [
                    [
                        [
                            "-85.10",
                            "41.85"
                        ],
                        [
                            "-83.90",
                            "41.52"
                        ],
                        [
                            "-83.46",
                            "40.57"
                        ],
                        [
                            "-84.18",
                            "39.80"
                        ],
                        [
                            "-85.94",
                            "39.63"
                        ],
                        [
                            "-87.03",
                            "38.69"
                        ],
                        [
                            "-87.62",
                            "37.18"
                        ],
                        [
                            "-87.64",
                            "36.12"
                        ],
                        [
                            "-88.82",
                            "35.50"
                        ],
                        [
                            "-89.61",
                            "34.60"
                        ],
                        [
                            "-91.17",
                            "34.91"
                        ],
                        [
                            "-92.14",
                            "35.88"
                        ],
                        [
                            "-92.28",
                            "37.12"
                        ],
                        [
                            "-93.49",
                            "37.71"
                        ],
                        [
                            "-94.01",
                            "38.89"
                        ],
                        [
                            "-93.70",
                            "39.98"
                        ],
                        [
                            "-92.85",
                            "40.64"
                        ],
                        [
                            "-91.60",
                            "40.71"
                        ],
                        [
                            "-90.27",
                            "41.27"
                        ],
                        [
                            "-88.92",
                            "41.30"
                        ],
                        [
                            "-88.15",
                            "41.03"
                        ],
                        [
                            "-87.10",
                            "41.70"
                        ],
                        [
                            "-85.10",
                            "41.85"
                        ]
                    ]
                ]
            },
            "properties": {
                "forecastId": null,
                "geometryId": null,
                "tag": "8E",
                "forecastHour": 3,
                "hazard": "IFR",
                "frequency": null,
                "severity": null,
                "status": "NRML",
                "base": null,
                "top": null,
                "fzlBase": null,
                "fzlTop": null,
                "level": null,
                "product": "SIERRA",
                "rawAirSigmet": "CIG BLW 010 VIS BLW 3SM PCPN BR FG",
                "validTimeTo": "2026-09-12T12:00:00.000",
                "validTimeFrom": [
                    "2026-09-12T08:45"
                ]
            }
        },
        {
            "type": "Feature",
            "geometry": {
                "type": "Polygon",
                "coordinates": [
                    [
                        [
                            "-102.22",
                            "42.65"
                        ],
                        [
                            "-102.19",
                            "41.22"
                        ],
                        [
                            "-103.66",
                            "40.93"
                        ],
                        [
                            "-105.60",
                            "41.03"
                        ],
                        [
                            "-105.42",
                            "42.43"
                        ],
                        [
                            "-102.22",
                            "42.65"
                        ]
                    ]
                ]
            },
            "properties": {
                "forecastId": null,
                "geometryId": null,
                "tag": "5C",
                "forecastHour": 3,
                "hazard": "ICE",
                "frequency": null,
                "severity": "MOD",
                "status": "NRML",
                "base": "160",
                "top": "240",
                "fzlBase": null,
                "fzlTop": null,
                "level": null,
                "product": "ZULU",
                "rawAirSigmet": "ICE",
                "validTimeTo": "2026-09-12T12:00:00.000",
                "validTimeFrom": [
                    "2026-09-12T08:45"
                ]
            }
        },
        {
            "type": "Feature",
            "geometry": {
                "type": "LineString",
                "coordinates": [
                    [
                        "-65.94",
                        "56.93"
                    ],
                    [
                        "-65.19",
                        "56.28"
                    ],
                    [
                        "-65.12",
                        "56.22"
                    ],
                    [
                        "-64.58",
                        "55.34"
                    ],
                    [
                        "-64.47",
                        "54.89"
                    ],
                    [
                        "-64.22",
                        "54.36"
                    ],
                    [
                        "-63.95",
                        "53.58"
                    ],
                    [
                        "-63.86",
                        "53.40"
                    ],
                    [
                        "-63.28",
                        "52.61"
                    ],
                    [
                        "-62.49",
                        "51.98"
                    ],
                    [
                        "-61.44",
                        "51.53"
                    ],
                    [
                        "-60.25",
                        "51.18"
                    ],
                    [
                        "-59.36",
                        "50.93"
                    ],
                    [
                        "-59.00",
                        "50.86"
                    ],
                    [
                        "-57.77",
                        "50.52"
                    ],
                    [
                        "-56.65",
                        "50.13"
                    ],
                    [
                        "-56.45",
                        "50.08"
                    ],
                    [
                        "-54.94",
                        "50.13"
                    ],
                    [
                        "-54.60",
                        "51.09"
                    ],
                    [
                        "-54.63",
                        "51.23"
                    ],
                    [
                        "-54.83",
                        "52.14"
                    ]
                ]
            },
            "properties": {
                "forecastId": null,
                "geometryId": null,
                "tag": "1C",
                "forecastHour": 3,
                "hazard": "FZLVL",
                "frequency": null,
                "severity": null,
                "status": "NRML",
                "base": null,
                "top": null,
                "fzlBase": null,
                "fzlTop": null,
                "level": "040",
                "product": "ZULU",
                "rawAirSigmet": null,
                "validTimeTo": "2026-09-12T12:00:00.000",
                "validTimeFrom": [
                    "2026-09-12T08:45"
                ]
            }
        },
        {
            "type": "Feature",
            "geometry": {
                "type": "LineString",
                "coordinates": [
                    [
                        "-56.21",
                        "28.61"
                    ],
                    [
                        "-57.47",
                        "28.49"
                    ],
                    [
                        "-58.44",
                        "28.59"
                    ],
                    [
                        "-59.13",
                        "28.90"
                    ],
                    [
                        "-60.62",
                        "29.42"
                    ],
                    [
                        "-62.39",
                        "29.26"
                    ],
                    [
                        "-65.45",
                        "28.62"
                    ],
                    [
                        "-68.59",
                        "28.24"
                    ],
                    [
                        "-70.23",
                        "28.39"
                    ],
                    [
                        "-71.21",
                        "28.89"
                    ],
                    [
                        "-71.88",
                        "29.80"
                    ],
                    [
                        "-72.69",
                        "31.08"
                    ],
                    [
                        "-73.03",
                        "32.08"
                    ],
                    [
                        "-72.57",
                        "33.10"
                    ],
                    [
                        "-71.98",
                        "33.34"
                    ],
                    [
                        "-70.85",
                        "32.76"
                    ],
                    [
                        "-69.92",
                        "32.76"
                    ],
                    [
                        "-68.59",
                        "33.59"
                    ],
                    [
                        "-67.03",
                        "34.40"
                    ],
                    [
                        "-63.48",
                        "34.60"
                    ],
                    [
                        "-61.55",
                        "34.97"
                    ],
                    [
                        "-59.46",
                        "35.26"
                    ],
                    [
                        "-56.28",
                        "35.51"
                    ],
                    [
                        "-54.11",
                        "35.52"
                    ],
                    [
                        "-52.77",
                        "35.31"
                    ],
                    [
                        "-50.59",
                        "34.99"
                    ],
                    [
                        "-49.07",
                        "34.99"
                    ]
                ]
            },
            "properties": {
                "forecastId": null,
                "geometryId": null,
                "tag": "1C",
                "forecastHour": 3,
                "hazard": "FZLVL",
                "frequency": null,
                "severity": null,
                "status": "NRML",
                "base": null,
                "top": null,
                "fzlBase": null,
                "fzlTop": null,
                "level": "160",
                "product": "ZULU",
                "rawAirSigmet": null,
                "validTimeTo": "2026-09-12T12:00:00.000",
                "validTimeFrom": [
                    "2026-09-12T08:45"
                ]
            }
        },
        {
            "type": "Feature",
            "geometry": {
                "type": "LineString",
                "coordinates": [
                    [
                        "-141.59",
                        "31.76"
                    ],
                    [
                        "-141.43",
                        "31.94"
                    ],
                    [
                        "-141.09",
                        "32.31"
                    ],
                    [
                        "-140.65",
                        "32.95"
                    ],
                    [
                        "-140.39",
                        "33.40"
                    ],
                    [
                        "-140.27",
                        "33.67"
                    ],
                    [
                        "-140.03",
                        "34.45"
                    ],
                    [
                        "-140.03",
                        "34.57"
                    ],
                    [
                        "-140.17",
                        "35.21"
                    ],
                    [
                        "-140.61",
                        "35.80"
                    ],
                    [
                        "-141.34",
                        "36.23"
                    ],
                    [
                        "-141.55",
                        "36.29"
                    ],
                    [
                        "-142.36",
                        "36.48"
                    ],
                    [
                        "-142.93",
                        "36.60"
                    ],
                    [
                        "-143.48",
                        "36.67"
                    ],
                    [
                        "-144.26",
                        "36.81"
                    ],
                    [
                        "-144.60",
                        "36.84"
                    ],
                    [
                        "-145.46",
                        "36.88"
                    ],
                    [
                        "-146.00",
                        "36.81"
                    ],
                    [
                        "-146.44",
                        "36.71"
                    ],
                    [
                        "-147.25",
                        "36.39"
                    ]
                ]
            },
            "properties": {
                "forecastId": null,
                "geometryId": null,
                "tag": "1C",
                "forecastHour": 3,
                "hazard": "FZLVL",
                "frequency": null,
                "severity": null,
                "status": "NRML",
                "base": null,
                "top": null,
                "fzlBase": null,
                "fzlTop": null,
                "level": "120",
                "product": "ZULU",
                "rawAirSigmet": null,
                "validTimeTo": "2026-09-12T12:00:00.000",
                "validTimeFrom": [
                    "2026-09-12T08:45"
                ]
            }
        },
        {
            "type": "Feature",
            "geometry": {
                "type": "LineString",
                "coordinates": [
                    [
                        "-134.25",
                        "24.09"
                    ],
                    [
                        "-132.37",
                        "24.72"
                    ],
                    [
                        "-131.48",
                        "25.09"
                    ],
                    [
                        "-130.85",
                        "25.71"
                    ],
                    [
                        "-130.06",
                        "27.16"
                    ],
                    [
                        "-129.56",
                        "28.78"
                    ],
                    [
                        "-129.41",
                        "31.43"
                    ],
                    [
                        "-128.90",
                        "34.26"
                    ],
                    [
                        "-129.49",
                        "35.99"
                    ],
                    [
                        "-129.25",
                        "37.06"
                    ],
                    [
                        "-127.51",
                        "38.03"
                    ],
                    [
                        "-125.01",
                        "38.74"
                    ],
                    [
                        "-122.42",
                        "39.17"
                    ],
                    [
                        "-120.35",
                        "39.36"
                    ],
                    [
                        "-118.03",
                        "39.32"
                    ],
                    [
                        "-116.48",
                        "38.95"
                    ],
                    [
                        "-113.71",
                        "37.72"
                    ],
                    [
                        "-112.01",
                        "37.22"
                    ],
                    [
                        "-109.86",
                        "37.30"
                    ],
                    [
                        "-106.02",
                        "38.01"
                    ],
                    [
                        "-104.42",
                        "38.28"
                    ],
                    [
                        "-102.55",
                        "38.21"
                    ],
                    [
                        "-100.34",
                        "37.50"
                    ],
                    [
                        "-99.23",
                        "36.85"
                    ],
                    [
                        "-97.86",
                        "35.81"
                    ],
                    [
                        "-96.70",
                        "35.68"
                    ],
                    [
                        "-93.45",
                        "36.74"
                    ],
                    [
                        "-92.51",
                        "37.01"
                    ],
                    [
                        "-91.63",
                        "36.31"
                    ],
                    [
                        "-92.24",
                        "34.19"
                    ],
                    [
                        "-93.22",
                        "32.92"
                    ],
                    [
                        "-94.32",
                        "32.02"
                    ],
                    [
                        "-96.01",
                        "31.55"
                    ],
                    [
                        "-97.57",
                        "31.40"
                    ],
                    [
                        "-98.75",
                        "30.75"
                    ],
                    [
                        "-99.69",
                        "30.56"
                    ],
                    [
                        "-100.82",
                        "31.28"
                    ],
                    [
                        "-101.85",
                        "31.74"
                    ],
                    [
                        "-102.89",
                        "31.34"
                    ],
                    [
                        "-103.45",
                        "30.24"
                    ],
                    [
                        "-103.34",
                        "28.68"
                    ],
                    [
                        "-102.43",
                        "27.70"
                    ],
                    [
                        "-100.84",
                        "28.00"
                    ],
                    [
                        "-99.47",
                        "28.87"
                    ],
                    [
                        "-98.64",
                        "28.09"
                    ],
                    [
                        "-97.80",
                        "27.09"
                    ],
                    [
                        "-97.03",
                        "25.71"
                    ],
                    [
                        "-96.50",
                        "24.83"
                    ],
                    [
                        "-95.73",
                        "24.15"
                    ],
                    [
                        "-94.58",
                        "23.42"
                    ],
                    [
                        "-92.74",
                        "22.76"
                    ],
                    [
                        "-90.36",
                        "23.26"
                    ],
                    [
                        "-88.82",
                        "23.74"
                    ],
                    [
                        "-87.92",
                        "24.63"
                    ],
                    [
                        "-87.76",
                        "25.29"
                    ],
                    [
                        "-87.19",
                        "25.77"
                    ],
                    [
                        "-85.98",
                        "26.02"
                    ],
                    [
                        "-85.23",
                        "25.76"
                    ],
                    [
                        "-85.34",
                        "25.04"
                    ],
                    [
                        "-84.84",
                        "24.49"
                    ],
                    [
                        "-83.94",
                        "24.59"
                    ],
                    [
                        "-82.84",
                        "24.83"
                    ],
                    [
                        "-81.51",
                        "24.59"
                    ],
                    [
                        "-81.24",
                        "23.44"
                    ],
                    [
                        "-81.83",
                        "21.72"
                    ],
                    [
                        "-82.19",
                        "19.30"
                    ],
                    [
                        "-82.13",
                        "16.89"
                    ],
                    [
                        "-81.49",
                        "15.90"
                    ],
                    [
                        "-79.84",
                        "15.22"
                    ],
                    [
                        "-77.60",
                        "14.52"
                    ],
                    [
                        "-75.37",
                        "13.96"
                    ],
                    [
                        "-74.17",
                        "14.26"
                    ],
                    [
                        "-73.00",
                        "14.75"
                    ],
                    [
                        "-71.16",
                        "15.67"
                    ],
                    [
                        "-69.00",
                        "16.41"
                    ],
                    [
                        "-66.96",
                        "17.13"
                    ],
                    [
                        "-64.63",
                        "18.13"
                    ]
                ]
            },
            "properties": {
                "forecastId": null,
                "geometryId": null,
                "tag": "1C",
                "forecastHour": 3,
                "hazard": "FZLVL",
                "frequency": null,
                "severity": null,
                "status": "NRML",
                "base": null,
                "top": null,
                "fzlBase": null,
                "fzlTop": null,
                "level": "160",
                "product": "ZULU",
                "rawAirSigmet": null,
                "validTimeTo": "2026-09-12T12:00:00.000",
                "validTimeFrom": [
                    "2026-09-12T08:45"
                ]
            }
        },
        {
            "type": "Feature",
            "geometry": {
                "type": "LineString",
                "coordinates": [
                    [
                        "-140.20",
                        "51.39"
                    ],
                    [
                        "-141.39",
                        "49.87"
                    ],
                    [
                        "-141.84",
                        "48.72"
                    ],
                    [
                        "-141.92",
                        "47.67"
                    ],
                    [
                        "-141.62",
                        "46.69"
                    ],
                    [
                        "-140.24",
                        "44.84"
                    ],
                    [
                        "-138.24",
                        "42.97"
                    ],
                    [
                        "-136.25",
                        "41.62"
                    ],
                    [
                        "-134.43",
                        "40.94"
                    ],
                    [
                        "-132.44",
                        "40.58"
                    ],
                    [
                        "-130.08",
                        "40.66"
                    ],
                    [
                        "-128.32",
                        "41.09"
                    ],
                    [
                        "-126.29",
                        "41.92"
                    ],
                    [
                        "-124.09",
                        "43.26"
                    ],
                    [
                        "-122.31",
                        "44.37"
                    ],
                    [
                        "-120.59",
                        "44.98"
                    ],
                    [
                        "-118.93",
                        "45.27"
                    ],
                    [
                        "-117.39",
                        "45.38"
                    ],
                    [
                        "-115.16",
                        "45.30"
                    ],
                    [
                        "-109.86",
                        "45.06"
                    ],
                    [
                        "-106.59",
                        "44.89"
                    ],
                    [
                        "-103.42",
                        "44.92"
                    ],
                    [
                        "-100.05",
                        "45.23"
                    ],
                    [
                        "-98.11",
                        "45.57"
                    ],
                    [
                        "-93.42",
                        "46.45"
                    ],
                    [
                        "-90.83",
                        "47.29"
                    ],
                    [
                        "-89.24",
                        "47.91"
                    ],
                    [
                        "-86.47",
                        "48.59"
                    ],
                    [
                        "-85.48",
                        "48.75"
                    ],
                    [
                        "-84.52",
                        "49.31"
                    ],
                    [
                        "-83.52",
                        "49.88"
                    ],
                    [
                        "-82.01",
                        "50.34"
                    ],
                    [
                        "-79.95",
                        "50.58"
                    ],
                    [
                        "-77.01",
                        "50.45"
                    ],
                    [
                        "-74.10",
                        "49.98"
                    ],
                    [
                        "-71.59",
                        "49.40"
                    ],
                    [
                        "-68.72",
                        "48.44"
                    ],
                    [
                        "-63.39",
                        "46.73"
                    ],
                    [
                        "-61.92",
                        "46.04"
                    ],
                    [
                        "-60.67",
                        "45.25"
                    ],
                    [
                        "-59.25",
                        "44.32"
                    ],
                    [
                        "-58.15",
                        "43.83"
                    ],
                    [
                        "-56.94",
                        "43.51"
                    ],
                    [
                        "-54.65",
                        "43.34"
                    ],
                    [
                        "-50.33",
                        "43.47"
                    ],
                    [
                        "-48.17",
                        "43.89"
                    ],
                    [
                        "-45.36",
                        "44.89"
                    ]
                ]
            },
            "properties": {
                "forecastId": null,
                "geometryId": null,
                "tag": "1C",
                "forecastHour": 3,
                "hazard": "FZLVL",
                "frequency": null,
                "severity": null,
                "status": "NRML",
                "base": null,
                "top": null,
                "fzlBase": null,
                "fzlTop": null,
                "level": "120",
                "product": "ZULU",
                "rawAirSigmet": null,
                "validTimeTo": "2026-09-12T12:00:00.000",
                "validTimeFrom": [
                    "2026-09-12T08:45"
                ]
            }
        },
        {
            "type": "Feature",
            "geometry": {
                "type": "Polygon",
                "coordinates": [
                    [
                        [
                            "-109.56",
                            "45.02"
                        ],
                        [
                            "-109.11",
                            "44.58"
                        ],
                        [
                            "-108.46",
                            "43.57"
                        ],
                        [
                            "-109.14",
                            "42.93"
                        ],
                        [
                            "-109.83",
                            "42.67"
                        ],
                        [
                            "-110.48",
                            "43.09"
                        ],
                        [
                            "-111.05",
                            "43.62"
                        ],
                        [
                            "-111.13",
                            "44.24"
                        ],
                        [
                            "-110.49",
                            "44.96"
                        ],
                        [
                            "-109.56",
                            "45.02"
                        ]
                    ]
                ]
            },
            "properties": {
                "forecastId": null,
                "geometryId": null,
                "tag": "2W",
                "forecastHour": 3,
                "hazard": "TURB-LO",
                "frequency": null,
                "severity": "MOD",
                "status": "NRML",
                "base": "SFC",
                "top": "150",
                "fzlBase": null,
                "fzlTop": null,
                "level": null,
                "product": "TANGO",
                "rawAirSigmet": null,
                "validTimeTo": "2026-09-12T12:00:00.000",
                "validTimeFrom": [
                    "2026-09-12T08:45"
                ]
            }
        },
        {
            "type": "Feature",
            "geometry": {
                "type": "Polygon",
                "coordinates": [
                    [
                        [
                            "-115.50",
                            "24.04"
                        ],
                        [
                            "-115.83",
                            "22.79"
                        ],
                        [
                            "-115.91",
                            "22.16"
                        ],
                        [
                            "-115.77",
                            "20.97"
                        ],
                        [
                            "-115.37",
                            "20.44"
                        ],
                        [
                            "-114.51",
                            "19.98"
                        ],
                        [
                            "-113.44",
                            "19.87"
                        ],
                        [
                            "-112.22",
                            "20.16"
                        ],
                        [
                            "-111.64",
                            "20.57"
                        ],
                        [
                            "-111.17",
                            "21.61"
                        ],
                        [
                            "-111.89",
                            "22.50"
                        ],
                        [
                            "-112.62",
                            "23.00"
                        ],
                        [
                            "-113.36",
                            "23.44"
                        ],
                        [
                            "-114.11",
                            "23.87"
                        ],
                        [
                            "-114.85",
                            "24.22"
                        ],
                        [
                            "-115.50",
                            "24.04"
                        ]
                    ]
                ]
            },
            "properties": {
                "forecastId": null,
                "geometryId": null,
                "tag": "1C",
                "forecastHour": 3,
                "hazard": "FZLVL",
                "frequency": null,
                "severity": null,
                "status": "NRML",
                "base": null,
                "top": null,
                "fzlBase": null,
                "fzlTop": null,
                "level": "160",
                "product": "ZULU",
                "rawAirSigmet": null,
                "validTimeTo": "2026-09-12T12:00:00.000",
                "validTimeFrom": [
                    "2026-09-12T08:45"
                ]
            }
        }
    ],
    "metadata": {
        "creationTime": "2026-09-12T10:35"
    }
}