{
    "type": "FeatureCollection",
    "features": [
        {
            "type": "Feature",
            "geometry": {
                "type": "Polygon",
                "coordinates": [
                    [
                        [
                            "-127.00",
                            "46.01"
                        ],
                        [
                            "-125.09",
                            "45.75"
                        ],
                        [
                            "-124.07",
                            "44.79"
                        ],
                        [
                            "-124.68",
                            "43.41"
                        ],
                        [
                            "-125.84",
                            "43.10"
                        ],
                        [
                            "-126.80",
                            "41.93"
                        ],
                        [
                            "-126.60",
                            "45.02"
                        ],
                        [
                            "-127.00",
                            "46.01"
                        ]
                    ]
                ]
            },
            "properties": {
                "forecastId": null,
                "geometryId": null,
                "tag": "3C",
                "forecastHour": 6,
                "hazard": "ICE",
                "frequency": null,
                "severity": "MOD",
                "status": "NRML",
                "base": "FZL",
                "top": "200",
                "fzlBase": "100",
                "fzlTop": "130",
                "level": null,
                "product": "ZULU",
                "rawAirSigmet": "ICE",
                "validTimeTo": "2026-09-27T09:00:00.000",
                "validTimeFrom": [
                    "2026-09-27T07:16"
                ]
            }
        },
        {
            "type": "Feature",
            "geometry": {
                "type": "LineString",
                "coordinates": [
                    [
                        "-61.59",
                        "45.54"
                    ],
                    [
                        "-62.07",
                        "45.59"
                    ],
                    [
                        "-62.56",
                        "45.63"
                    ],
                    [
                        "-63.05",
                        "45.67"
                    ],
                    [
                        "-63.22",
                        "45.67"
                    ],
                    [
                        "-63.54",
                        "45.69"
                    ],
                    [
                        "-64.04",
                        "45.68"
                    ],
                    [
                        "-64.55",
                        "45.65"
                    ],
                    [
                        "-65.06",
                        "45.62"
                    ],
                    [
                        "-65.54",
                        "45.70"
                    ],
                    [
                        "-65.99",
                        "45.85"
                    ],
                    [
                        "-66.48",
                        "45.87"
                    ],
                    [
                        "-66.53",
                        "45.84"
                    ],
                    [
                        "-67.06",
                        "45.60"
                    ],
                    [
                        "-67.09",
                        "45.58"
                    ],
                    [
                        "-67.22",
                        "45.25"
                    ],
                    [
                        "-67.18",
                        "45.20"
                    ],
                    [
                        "-66.75",
                        "44.98"
                    ],
                    [
                        "-66.27",
                        "44.93"
                    ],
                    [
                        "-65.78",
                        "44.92"
                    ],
                    [
                        "-65.30",
                        "44.88"
                    ],
                    [
                        "-64.83",
                        "44.80"
                    ],
                    [
                        "-64.36",
                        "44.71"
                    ],
                    [
                        "-63.89",
                        "44.65"
                    ],
                    [
                        "-63.40",
                        "44.63"
                    ],
                    [
                        "-63.31",
                        "44.63"
                    ],
                    [
                        "-62.88",
                        "44.69"
                    ],
                    [
                        "-62.38",
                        "44.71"
                    ],
                    [
                        "-61.90",
                        "44.65"
                    ]
                ]
            },
            "properties": {
                "forecastId": null,
                "geometryId": null,
                "tag": "1C",
                "forecastHour": 6,
                "hazard": "FZLVL",
                "frequency": null,
                "severity": null,
                "status": "NRML",
                "base": null,
                "top": null,
                "fzlBase": null,
                "fzlTop": null,
                "level": "120",
                "product": "ZULU",
                "rawAirSigmet": null,
                "validTimeTo": "2026-09-27T09:00:00.000",
                "validTimeFrom": [
                    "2026-09-27T07:16"
                ]
            }
        },
        {
            "type": "Feature",
            "geometry": {
                "type": "Polygon",
                "coordinates": [
                    [
                        [
                            "-87.93",
                            "46.91"
                        ],
                        [
                            "-85.75",
                            "46.13"
                        ],
                        [
                            "-88.00",
                            "43.33"
                        ],
                        [
                            "-89.74",
                            "43.87"
                        ],
                        [
                            "-88.93",
                            "46.25"
                        ],
                        [
                            "-87.93",
                            "46.91"
                        ]
                    ]
                ]
            },
            "properties": {
                "forecastId": null,
                "geometryId": null,
                "tag": "4E",
                "forecastHour": 6,
                "hazard": "IFR",
                "frequency": null,
                "severity": null,
                "status": "NRML",
                "base": null,
                "top": null,
                "fzlBase": null,
                "fzlTop": null,
                "level": null,
                "product": "SIERRA",
                "rawAirSigmet": "CIG BLW 010 VIS BLW 3SM BR FG",
                "validTimeTo": "2026-09-27T09:00:00.000",
                "validTimeFrom": [
                    "2026-09-27T06:23"
                ]
            }
        },
        {
            "type": "Feature",
            "geometry": {
                "type": "Polygon",
                "coordinates": [
                    [
                        [
                            "-120.92",
                            "40.74"
                        ],
                        [
                            "-119.83",
                            "39.96"
                        ],
                        [
                            "-119.29",
                            "39.35"
                        ],
                        [
                            "-119.11",
                            "38.61"
                        ],
                        [
                            "-119.39",
                            "38.14"
                        ],
                        [
                            "-120.22",
                            "38.25"
                        ],
                        [
                            "-121.44",
                            "40.30"
                        ],
                        [
                            "-120.92",
                            "40.74"
                        ]
                    ]
                ]
            },
            "properties": {
                "forecastId": null,
                "geometryId": null,
                "tag": "3W",
                "forecastHour": 6,
                "hazard": "LLWS",
                "frequency": null,
                "severity": null,
                "status": "NRML",
                "base": null,
                "top": null,
                "fzlBase": null,
                "fzlTop": null,
                "level": null,
                "product": "TANGO",
                "rawAirSigmet": "AIR SPEED LOSS OR GAIN OF 20KTS OR MORE BELOW 2000 FT AGL",
                "validTimeTo": "2026-09-27T09:00:00.000",
                "validTimeFrom": [
                    "2026-09-27T02:45"
                ]
            }
        },
        {
            "type": "Feature",
            "geometry": {
                "type": "Polygon",
                "coordinates": [
                    [
                        [
                            "-81.15",
                            "38.08"
                        ],
                        [
                            "-78.03",
                            "36.41"
                        ],
                        [
                            "-74.94",
                            "36.35"
                        ],
                        [
                            "-72.67",
                            "36.77"
                        ],
                        [
                            "-72.70",
                            "35.10"
                        ],
                        [
                            "-74.57",
                            "34.52"
                        ],
                        [
                            "-77.46",
                            "34.27"
                        ],
                        [
                            "-79.58",
                            "34.89"
                        ],
                        [
                            "-82.24",
                            "35.78"
                        ],
                        [
                            "-83.24",
                            "37.21"
                        ],
                        [
                            "-81.15",
                            "38.08"
                        ]
                    ]
                ]
            },
            "properties": {
                "forecastId": null,
                "geometryId": null,
                "tag": "1W",
                "forecastHour": 6,
                "hazard": "TURB-HI",
                "frequency": null,
                "severity": "MOD",
                "status": "NRML",
                "base": "290",
                "top": "370",
                "fzlBase": null,
                "fzlTop": null,
                "level": null,
                "product": "TANGO",
                "rawAirSigmet": null,
                "validTimeTo": "2026-09-27T09:00:00.000",
                "validTimeFrom": [
                    "2026-09-27T02:45"
                ]
            }
        },
        {
            "type": "Feature",
            "geometry": {
                "type": "Polygon",
                "coordinates": [
                    [
                        [
                            "-96.34",
                            "39.06"
                        ],
                        [
                            "-95.07",
                            "37.47"
                        ],
                        [
                            "-96.30",
                            "34.32"
                        ],
                        [
                            "-98.71",
                            "34.27"
                        ],
                        [
                            "-98.79",
                            "37.21"
                        ],
                        [
                            "-98.23",
                            "38.49"
                        ],
                        [
                            "-96.34",
                            "39.06"
                        ]
                    ]
                ]
            },
            "properties": {
                "forecastId": null,
                "geometryId": null,
                "tag": "5W",
                "forecastHour": 6,
                "hazard": "LLWS",
                "frequency": null,
                "severity": null,
                "status": "NRML",
                "base": null,
                "top": null,
                "fzlBase": null,
                "fzlTop": null,
                "level": null,
                "product": "TANGO",
                "rawAirSigmet": "AIR SPEED LOSS OR GAIN OF 20KTS OR MORE BELOW 2000 FT AGL",
                "validTimeTo": "2026-09-27T09:00:00.000",
                "validTimeFrom": [
                    "2026-09-27T02:45"
                ]
            }
        },
        {
            "type": "Feature",
            "geometry": {
                "type": "Polygon",
                "coordinates": [
                    [
                        [
                            "-69.96",
                            "46.66"
                        ],
                        [
                            "-68.38",
                            "46.55"
                        ],
                        [
                            "-66.79",
                            "44.52"
                        ],
                        [
                            "-67.08",
                            "43.68"
                        ],
                        [
                            "-69.62",
                            "43.11"
                        ],
                        [
                            "-69.95",
                            "40.91"
                        ],
                        [
                            "-73.81",
                            "39.87"
                        ],
                        [
                            "-76.56",
                            "38.39"
                        ],
                        [
                            "-77.77",
                            "38.35"
                        ],
                        [
                            "-78.43",
                            "42.07"
                        ],
                        [
                            "-75.00",
                            "44.89"
                        ],
                        [
                            "-71.48",
                            "45.29"
                        ],
                        [
                            "-69.96",
                            "46.66"
                        ]
                    ]
                ]
            },
            "properties": {
                "forecastId": null,
                "geometryId": null,
                "tag": "1W",
                "forecastHour": 6,
                "hazard": "LLWS",
                "frequency": null,
                "severity": null,
                "status": "NRML",
                "base": null,
                "top": null,
                "fzlBase": null,
                "fzlTop": null,
                "level": null,
                "product": "TANGO",
                "rawAirSigmet": "AIR SPEED LOSS OR GAIN OF 20KTS OR MORE BELOW 2000 FT AGL",
                "validTimeTo": "2026-09-27T09:00:00.000",
                "validTimeFrom": [
                    "2026-09-27T02:45"
                ]
            }
        },
        {
            "type": "Feature",
            "geometry": {
                "type": "LineString",
                "coordinates": [
                    [
                        "-138.00",
                        "52.54"
                    ],
                    [
                        "-137.70",
                        "52.31"
                    ],
                    [
                        "-137.64",
                        "52.27"
                    ],
                    [
                        "-137.31",
                        "52.00"
                    ],
                    [
                        "-137.04",
                        "51.71"
                    ],
                    [
                        "-136.87",
                        "51.41"
                    ],
                    [
                        "-136.76",
                        "51.09"
                    ],
                    [
                        "-136.66",
                        "50.77"
                    ],
                    [
                        "-136.54",
                        "50.45"
                    ],
                    [
                        "-136.41",
                        "50.13"
                    ],
                    [
                        "-136.34",
                        "49.80"
                    ],
                    [
                        "-136.34",
                        "49.64"
                    ],
                    [
                        "-136.37",
                        "49.45"
                    ],
                    [
                        "-136.46",
                        "49.08"
                    ],
                    [
                        "-136.49",
                        "48.86"
                    ],
                    [
                        "-136.55",
                        "48.72"
                    ],
                    [
                        "-136.61",
                        "48.36"
                    ],
                    [
                        "-136.62",
                        "48.03"
                    ]
                ]
            },
            "properties": {
                "forecastId": null,
                "geometryId": null,
                "tag": "1C",
                "forecastHour": 6,
                "hazard": "FZLVL",
                "frequency": null,
                "severity": null,
                "status": "NRML",
                "base": null,
                "top": null,
                "fzlBase": null,
                "fzlTop": null,
                "level": "080",
                "product": "ZULU",
                "rawAirSigmet": null,
                "validTimeTo": "2026-09-27T09:00:00.000",
                "validTimeFrom": [
                    "2026-09-27T07:16"
                ]
            }
        },
        {
            "type": "Feature",
            "geometry": {
                "type": "Polygon",
                "coordinates": [
                    [
                        [
                            "-78.93",
                            "40.19"
                        ],
                        [
                            "-78.88",
                            "38.90"
                        ],
                        [
                            "-80.32",
                            "37.33"
                        ],
                        [
                            "-81.74",
                            "36.60"
                        ],
                        [
                            "-82.09",
                            "36.13"
                        ],
                        [
                            "-83.73",
                            "36.20"
                        ],
                        [
                            "-83.52",
                            "37.45"
                        ],
                        [
                            "-81.31",
                            "39.16"
                        ],
                        [
                            "-80.59",
                            "39.39"
                        ],
                        [
                            "-79.92",
                            "40.18"
                        ],
                        [
                            "-78.93",
                            "40.19"
                        ]
                    ]
                ]
            },
            "properties": {
                "forecastId": null,
                "geometryId": null,
                "tag": "3E",
                "forecastHour": 6,
                "hazard": "IFR",
                "frequency": null,
                "severity": null,
                "status": "NRML",
                "base": null,
                "top": null,
                "fzlBase": null,
                "fzlTop": null,
                "level": null,
                "product": "SIERRA",
                "rawAirSigmet": "CIG BLW 010 VIS BLW 3SM BR FG",
                "validTimeTo": "2026-09-27T09:00:00.000",
                "validTimeFrom": [
                    "2026-09-27T06:23"
                ]
            }
        },
        {
            "type": "Feature",
            "geometry": {
                "type": "Polygon",
                "coordinates": [
                    [
                        [
                            "-83.65",
                            "34.73"
                        ],
                        [
                            "-82.94",
                            "33.54"
                        ],
                        [
                            "-86.55",
                            "32.16"
                        ],
                        [
                            "-88.70",
                            "29.78"
                        ],
                        [
                            "-90.38",
                            "29.75"
                        ],
                        [
                            "-89.94",
                            "31.33"
                        ],
                        [
                            "-87.56",
                            "34.19"
                        ],
                        [
                            "-83.65",
                            "34.73"
                        ]
                    ]
                ]
            },
            "properties": {
                "forecastId": null,
                "geometryId": null,
                "tag": "5W",
                "forecastHour": 6,
                "hazard": "TURB-HI",
                "frequency": null,
                "severity": "MOD",
                "status": "NRML",
                "base": "350",
                "top": "420",
                "fzlBase": null,
                "fzlTop": null,
                "level": null,
                "product": "TANGO",
                "rawAirSigmet": null,
                "validTimeTo": "2026-09-27T09:00:00.000",
                "validTimeFrom": [
                    "2026-09-27T02:45"
                ]
            }
        },
        {
            "type": "Feature",
            "geometry": {
                "type": "Polygon",
                "coordinates": [
                    [
                        [
                            "-87.21",
                            "41.72"
                        ],
                        [
                            "-84.96",
                            "40.43"
                        ],
                        [
                            "-85.63",
                            "39.56"
                        ],
                        [
                            "-87.21",
                            "40.21"
                        ],
                        [
                            "-87.79",
                            "41.44"
                        ],
                        [
                            "-87.21",
                            "41.72"
                        ]
                    ]
                ]
            },
            "properties": {
                "forecastId": null,
                "geometryId": null,
                "tag": "4E",
                "forecastHour": 6,
                "hazard": "IFR",
                "frequency": null,
                "severity": null,
                "status": "NRML",
                "base": null,
                "top": null,
                "fzlBase": null,
                "fzlTop": null,
                "level": null,
                "product": "SIERRA",
                "rawAirSigmet": "CIG BLW 010 VIS BLW 3SM BR FG",
                "validTimeTo": "2026-09-27T09:00:00.000",
                "validTimeFrom": [
                    "2026-09-27T06:23"
                ]
            }
        },
        {
            "type": "Feature",
            "geometry": {
                "type": "Polygon",
                "coordinates": [
                    [
                        [
                            "-107.63",
                            "41.64"
                        ],
                        [
                            "-103.96",
                            "40.26"
                        ],
                        [
                            "-101.21",
                            "38.82"
                        ],
                        [
                            "-97.95",
                            "35.98"
                        ],
                        [
                            "-94.09",
                            "32.12"
                        ],
                        [
                            "-91.62",
                            "28.28"
                        ],
                        [
                            "-94.09",
                            "28.28"
                        ],
                        [
                            "-94.85",
                            "27.77"
                        ],
                        [
                            "-96.74",
                            "29.59"
                        ],
                        [
                            "-98.37",
                            "30.97"
                        ],
                        [
                            "-100.10",
                            "32.84"
                        ],
                        [
                            "-101.93",
                            "35.01"
                        ],
                        [
                            "-103.99",
                            "36.54"
                        ],
                        [
                            "-108.00",
                            "37.25"
                        ],
                        [
                            "-110.37",
                            "36.75"
                        ],
                        [
                            "-113.28",
                            "35.05"
                        ],
                        [
                            "-114.44",
                            "32.83"
                        ],
                        [
                            "-117.22",
                            "32.41"
                        ],
                        [
                            "-120.64",
                            "34.30"
                        ],
                        [
                            "-118.43",
                            "37.43"
                        ],
                        [
                            "-117.43",
                            "39.69"
                        ],
                        [
                            "-115.08",
                            "40.73"
                        ],
                        [
                            "-111.30",
                            "41.31"
                        ],
                        [
                            "-107.63",
                            "41.64"
                        ]
                    ]
                ]
            },
            "properties": {
                "forecastId": null,
                "geometryId": null,
                "tag": "2W",
                "forecastHour": 6,
                "hazard": "TURB-HI",
                "frequency": null,
                "severity": "MOD",
                "status": "NRML",
                "base": "300",
                "top": "410",
                "fzlBase": null,
                "fzlTop": null,
                "level": null,
                "product": "TANGO",
                "rawAirSigmet": null,
                "validTimeTo": "2026-09-27T09:00:00.000",
                "validTimeFrom": [
                    "2026-09-27T02:45"
                ]
            }
        },
        {
            "type": "Feature",
            "geometry": {
                "type": "Polygon",
                "coordinates": [
                    [
                        [
                            "-114.65",
                            "43.87"
                        ],
                        [
                            "-112.97",
                            "43.47"
                        ],
                        [
                            "-110.54",
                            "43.80"
                        ],
                        [
                            "-110.22",
                            "43.23"
                        ],
                        [
                            "-112.69",
                            "42.51"
                        ],
                        [
                            "-115.18",
                            "41.79"
                        ],
                        [
                            "-116.88",
                            "41.83"
                        ],
                        [
                            "-118.99",
                            "41.62"
                        ],
                        [
                            "-120.52",
                            "40.55"
                        ],
                        [
                            "-121.29",
                            "40.81"
                        ],
                        [
                            "-119.09",
                            "42.94"
                        ],
                        [
                            "-116.82",
                            "43.70"
                        ],
                        [
                            "-114.65",
                            "43.87"
                        ]
                    ]
                ]
            },
            "properties": {
                "forecastId": null,
                "geometryId": null,
                "tag": "6C",
                "forecastHour": 6,
                "hazard": "ICE",
                "frequency": null,
                "severity": "MOD",
                "status": "NRML",
                "base": "150",
                "top": "230",
                "fzlBase": null,
                "fzlTop": null,
                "level": null,
                "product": "ZULU",
                "rawAirSigmet": "ICE",
                "validTimeTo": "2026-09-27T09:00:00.000",
                "validTimeFrom": [
                    "2026-09-27T07:16"
                ]
            }
        },
        {
            "type": "Feature",
            "geometry": {
                "type": "Polygon",
                "coordinates": [
                    [
                        [
                            "-84.75",
                            "44.55"
                        ],
                        [
                            "-83.06",
                            "43.88"
                        ],
                        [
                            "-83.10",
                            "42.75"
                        ],
                        [
                            "-84.62",
                            "41.73"
                        ],
                        [
                            "-85.61",
                            "42.75"
                        ],
                        [
                            "-84.75",
                            "44.55"
                        ]
                    ]
                ]
            },
            "properties": {
                "forecastId": null,
                "geometryId": null,
                "tag": "4E",
                "forecastHour": 6,
                "hazard": "IFR",
                "frequency": null,
                "severity": null,
                "status": "NRML",
                "base": null,
                "top": null,
                "fzlBase": null,
                "fzlTop": null,
                "level": null,
                "product": "SIERRA",
                "rawAirSigmet": "CIG BLW 010 VIS BLW 3SM BR FG",
                "validTimeTo": "2026-09-27T09:00:00.000",
                "validTimeFrom": [
                    "2026-09-27T06:23"
                ]
            }
        },
        {
            "type": "Feature",
            "geometry": {
                "type": "Polygon",
                "coordinates": [
                    [
                        [
                            "-122.40",
                            "49.00"
                        ],
                        [
                            "-122.06",
                            "47.85"
                        ],
                        [
                            "-122.49",
                            "46.79"
                        ],
                        [
                            "-124.27",
                            "47.18"
                        ],
                        [
                            "-124.64",
                            "48.43"
                        ],
                        [
                            "-122.40",
                            "49.00"
                        ]
                    ]
                ]
            },
            "properties": {
                "forecastId": null,
                "geometryId": null,
                "tag": "8E",
                "forecastHour": 6,
                "hazard": "IFR",
                "frequency": null,
                "severity": null,
                "status": "NRML",
                "base": null,
                "top": null,
                "fzlBase": null,
                "fzlTop": null,
                "level": null,
                "product": "SIERRA",
                "rawAirSigmet": "CIG BLW 010 VIS BLW 3SM BR",
                "validTimeTo": "2026-09-27T09:00:00.000",
                "validTimeFrom": [
                    "2026-09-27T06:23"
                ]
            }
        },
        {
            "type": "Feature",
            "geometry": {
                "type": "LineString",
                "coordinates": [
                    [
                        "-81.27",
                        "58.00"
                    ],
                    [
                        "-79.91",
                        "57.06"
                    ],
                    [
                        "-78.35",
                        "56.51"
                    ],
                    [
                        "-76.28",
                        "55.85"
                    ],
                    [
                        "-74.17",
                        "55.45"
                    ],
                    [
                        "-72.92",
                        "55.26"
                    ],
                    [
                        "-72.26",
                        "54.85"
                    ],
                    [
                        "-71.32",
                        "53.92"
                    ],
                    [
                        "-70.56",
                        "53.49"
                    ],
                    [
                        "-69.73",
                        "53.63"
                    ],
                    [
                        "-68.23",
                        "54.42"
                    ],
                    [
                        "-67.28",
                        "54.65"
                    ],
                    [
                        "-66.22",
                        "54.50"
                    ],
                    [
                        "-65.36",
                        "53.75"
                    ],
                    [
                        "-64.29",
                        "53.60"
                    ],
                    [
                        "-63.19",
                        "53.78"
                    ],
                    [
                        "-62.24",
                        "53.86"
                    ],
                    [
                        "-61.03",
                        "53.65"
                    ],
                    [
                        "-58.50",
                        "53.16"
                    ]
                ]
            },
            "properties": {
                "forecastId": null,
                "geometryId": null,
                "tag": "1C",
                "forecastHour": 6,
                "hazard": "FZLVL",
                "frequency": null,
                "severity": null,
                "status": "NRML",
                "base": null,
                "top": null,
                "fzlBase": null,
                "fzlTop": null,
                "level": "080",
                "product": "ZULU",
                "rawAirSigmet": null,
                "validTimeTo": "2026-09-27T09:00:00.000",
                "validTimeFrom": [
                    "2026-09-27T07:16"
                ]
            }
        },
        {
            "type": "Feature",
            "geometry": {
                "type": "Polygon",
                "coordinates": [
                    [
                        [
                            "-93.22",
                            "44.13"
                        ],
                        [
                            "-91.96",
                            "43.84"
                        ],
                        [
                            "-91.51",
                            "42.06"
                        ],
                        [
                            "-89.70",
                            "39.66"
                        ],
                        [
                            "-88.85",
                            "37.49"
                        ],
                        [
                            "-88.44",
                            "36.52"
                        ],
                        [
                            "-87.90",
                            "35.75"
                        ],
                        [
                            "-86.81",
                            "35.30"
                        ],
                        [
                            "-85.66",
                            "32.58"
                        ],
                        [
                            "-86.85",
                            "32.06"
                        ],
                        [
                            "-88.93",
                            "32.37"
                        ],
                        [
                            "-90.23",
                            "33.11"
                        ],
                        [
                            "-91.05",
                            "33.64"
                        ],
                        [
                            "-91.49",
                            "34.53"
                        ],
                        [
                            "-91.03",
                            "35.41"
                        ],
                        [
                            "-91.17",
                            "36.85"
                        ],
                        [
                            "-91.94",
                            "37.53"
                        ],
                        [
                            "-92.72",
                            "39.06"
                        ],
                        [
                            "-93.42",
                            "39.93"
                        ],
                        [
                            "-94.19",
                            "41.93"
                        ],
                        [
                            "-94.10",
                            "43.24"
                        ],
                        [
                            "-93.22",
                            "44.13"
                        ]
                    ]
                ]
            },
            "properties": {
                "forecastId": null,
                "geometryId": null,
                "tag": "1C",
                "forecastHour": 6,
                "hazard": "ICE",
                "frequency": null,
                "severity": "MOD",
                "status": "NRML",
                "base": "140",
                "top": "250",
                "fzlBase": null,
                "fzlTop": null,
                "level": null,
                "product": "ZULU",
                "rawAirSigmet": "ICE",
                "validTimeTo": "2026-09-27T09:00:00.000",
                "validTimeFrom": [
                    "2026-09-27T07:16"
                ]
            }
        },
        {
            "type": "Feature",
            "geometry": {
                "type": "LineString",
                "coordinates": [
                    [
                        "-136.15",
                        "47.02"
                    ],
                    [
                        "-135.42",
                        "46.56"
                    ],
                    [
                        "-134.09",
                        "45.70"
                    ],
                    [
                        "-132.81",
                        "44.55"
                    ],
                    [
                        "-131.63",
                        "43.35"
                    ],
                    [
                        "-129.98",
                        "42.61"
                    ],
                    [
                        "-129.25",
                        "42.40"
                    ],
                    [
                        "-128.24",
                        "42.44"
                    ],
                    [
                        "-126.14",
                        "43.23"
                    ],
                    [
                        "-124.12",
                        "43.24"
                    ],
                    [
                        "-121.73",
                        "42.94"
                    ],
                    [
                        "-120.96",
                        "42.88"
                    ],
                    [
                        "-119.73",
                        "43.13"
                    ],
                    [
                        "-118.10",
                        "44.04"
                    ],
                    [
                        "-116.72",
                        "44.72"
                    ],
                    [
                        "-114.50",
                        "45.41"
                    ],
                    [
                        "-113.18",
                        "46.32"
                    ],
                    [
                        "-112.75",
                        "46.83"
                    ],
                    [
                        "-112.61",
                        "47.80"
                    ],
                    [
                        "-113.67",
                        "49.07"
                    ],
                    [
                        "-115.02",
                        "50.26"
                    ],
                    [
                        "-115.21",
                        "51.28"
                    ],
                    [
                        "-114.76",
                        "51.95"
                    ],
                    [
                        "-113.77",
                        "52.34"
                    ],
                    [
                        "-112.85",
                        "53.43"
                    ],
                    [
                        "-113.42",
                        "55.23"
                    ],
                    [
                        "-113.88",
                        "56.45"
                    ],
                    [
                        "-113.16",
                        "57.72"
                    ]
                ]
            },
            "properties": {
                "forecastId": null,
                "geometryId": null,
                "tag": "1C",
                "forecastHour": 6,
                "hazard": "FZLVL",
                "frequency": null,
                "severity": null,
                "status": "NRML",
                "base": null,
                "top": null,
                "fzlBase": null,
                "fzlTop": null,
                "level": "080",
                "product": "ZULU",
                "rawAirSigmet": null,
                "validTimeTo": "2026-09-27T09:00:00.000",
                "validTimeFrom": [
                    "2026-09-27T07:16"
                ]
            }
        },
        {
            "type": "Feature",
            "geometry": {
                "type": "Polygon",
                "coordinates": [
                    [
                        [
                            "-123.95",
                            "41.88"
                        ],
                        [
                            "-124.19",
                            "40.40"
                        ],
                        [
                            "-123.70",
                            "39.84"
                        ],
                        [
                            "-123.01",
                            "38.35"
                        ],
                        [
                            "-123.36",
                            "37.93"
                        ],
                        [
                            "-124.18",
                            "38.48"
                        ],
                        [
                            "-124.82",
                            "40.31"
                        ],
                        [
                            "-124.48",
                            "41.72"
                        ],
                        [
                            "-123.95",
                            "41.88"
                        ]
                    ]
                ]
            },
            "properties": {
                "forecastId": null,
                "geometryId": null,
                "tag": "7E",
                "forecastHour": 6,
                "hazard": "IFR",
                "frequency": null,
                "severity": null,
                "status": "NRML",
                "base": null,
                "top": null,
                "fzlBase": null,
                "fzlTop": null,
                "level": null,
                "product": "SIERRA",
                "rawAirSigmet": "CIG BLW 010 VIS BLW 3SM BR",
                "validTimeTo": "2026-09-27T09:00:00.000",
                "validTimeFrom": [
                    "2026-09-27T06:23"
                ]
            }
        },
        {
            "type": "Feature",
            "geometry": {
                "type": "Polygon",
                "coordinates": [
                    [
                        [
                            "-72.03",
                            "44.76"
                        ],
                        [
                            "-70.58",
                            "44.68"
                        ],
                        [
                            "-69.67",
                            "42.58"
                        ],
                        [
                            "-70.03",
                            "41.45"
                        ],
                        [
                            "-70.80",
                            "40.77"
                        ],
                        [
                            "-73.77",
                            "39.86"
                        ],
                        [
                            "-76.32",
                            "38.38"
                        ],
                        [
                            "-77.60",
                            "38.21"
                        ],
                        [
                            "-78.37",
                            "41.07"
                        ],
                        [
                            "-77.35",
                            "42.06"
                        ],
                        [
                            "-76.14",
                            "43.49"
                        ],
                        [
                            "-74.54",
                            "44.63"
                        ],
                        [
                            "-72.03",
                            "44.76"
                        ]
                    ]
                ]
            },
            "properties": {
                "forecastId": null,
                "geometryId": null,
                "tag": "2W",
                "forecastHour": 6,
                "hazard": "TURB-LO",
                "frequency": null,
                "severity": "MOD",
                "status": "NRML",
                "base": "020",
                "top": "080",
                "fzlBase": null,
                "fzlTop": null,
                "level": null,
                "product": "TANGO",
                "rawAirSigmet": null,
                "validTimeTo": "2026-09-27T09:00:00.000",
                "validTimeFrom": [
                    "2026-09-27T02:45"
                ]
            }
        },
        {
            "type": "Feature",
            "geometry": {
                "type": "Polygon",
                "coordinates": [
                    [
                        [
                            "-67.69",
                            "45.57"
                        ],
                        [
                            "-66.96",
                            "44.84"
                        ],
                        [
                            "-67.13",
                            "43.70"
                        ],
                        [
                            "-67.78",
                            "42.80"
                        ],
                        [
                            "-68.86",
                            "41.85"
                        ],
                        [
                            "-70.19",
                            "41.72"
                        ],
                        [
                            "-71.30",
                            "41.89"
                        ],
                        [
                            "-72.92",
                            "41.98"
                        ],
                        [
                            "-74.24",
                            "41.22"
                        ],
                        [
                            "-74.32",
                            "40.52"
                        ],
                        [
                            "-73.66",
                            "39.79"
                        ],
                        [
                            "-73.09",
                            "39.17"
                        ],
                        [
                            "-73.34",
                            "37.77"
                        ],
                        [
                            "-73.89",
                            "36.91"
                        ],
                        [
                            "-75.44",
                            "36.42"
                        ],
                        [
                            "-76.97",
                            "36.02"
                        ],
                        [
                            "-78.81",
                            "36.23"
                        ],
                        [
                            "-79.58",
                            "36.79"
                        ],
                        [
                            "-79.79",
                            "37.92"
                        ],
                        [
                            "-79.04",
                            "38.78"
                        ],
                        [
                            "-78.22",
                            "39.57"
                        ],
                        [
                            "-77.67",
                            "39.71"
                        ],
                        [
                            "-77.04",
                            "40.78"
                        ],
                        [
                            "-76.63",
                            "42.15"
                        ],
                        [
                            "-75.73",
                            "43.21"
                        ],
                        [
                            "-74.38",
                            "44.38"
                        ],
                        [
                            "-73.28",
                            "44.95"
                        ],
                        [
                            "-71.94",
                            "45.00"
                        ],
                        [
                            "-71.26",
                            "45.15"
                        ],
                        [
                            "-69.55",
                            "45.39"
                        ],
                        [
                            "-67.69",
                            "45.57"
                        ]
                    ]
                ]
            },
            "properties": {
                "forecastId": null,
                "geometryId": null,
                "tag": "4C",
                "forecastHour": 6,
                "hazard": "ICE",
                "frequency": null,
                "severity": "MOD",
                "status": "NRML",
                "base": "140",
                "top": "250",
                "fzlBase": null,
                "fzlTop": null,
                "level": null,
                "product": "ZULU",
                "rawAirSigmet": "ICE",
                "validTimeTo": "2026-09-27T09:00:00.000",
                "validTimeFrom": [
                    "2026-09-27T07:16"
                ]
            }
        },
        {
            "type": "Feature",
            "geometry": {
                "type": "LineString",
                "coordinates": [
                    [
                        "-119.88",
                        "57.14"
                    ],
                    [
                        "-119.78",
                        "56.84"
                    ],
                    [
                        "-119.72",
                        "56.54"
                    ],
                    [
                        "-119.71",
                        "56.23"
                    ],
                    [
                        "-119.71",
                        "55.92"
                    ],
                    [
                        "-119.48",
                        "55.63"
                    ],
                    [
                        "-119.17",
                        "55.51"
                    ],
                    [
                        "-118.76",
                        "55.38"
                    ],
                    [
                        "-118.57",
                        "55.36"
                    ],
                    [
                        "-118.02",
                        "55.38"
                    ],
                    [
                        "-117.73",
                        "55.49"
                    ],
                    [
                        "-117.53",
                        "55.58"
                    ],
                    [
                        "-117.22",
                        "55.85"
                    ],
                    [
                        "-117.08",
                        "55.93"
                    ],
                    [
                        "-116.70",
                        "56.21"
                    ],
                    [
                        "-116.61",
                        "56.25"
                    ],
                    [
                        "-116.22",
                        "56.56"
                    ],
                    [
                        "-116.15",
                        "56.60"
                    ],
                    [
                        "-115.88",
                        "56.90"
                    ],
                    [
                        "-115.71",
                        "57.02"
                    ],
                    [
                        "-115.52",
                        "57.23"
                    ],
                    [
                        "-115.26",
                        "57.45"
                    ],
                    [
                        "-115.18",
                        "57.57"
                    ]
                ]
            },
            "properties": {
                "forecastId": null,
                "geometryId": null,
                "tag": "1C",
                "forecastHour": 6,
                "hazard": "FZLVL",
                "frequency": null,
                "severity": null,
                "status": "NRML",
                "base": null,
                "top": null,
                "fzlBase": null,
                "fzlTop": null,
                "level": "040",
                "product": "ZULU",
                "rawAirSigmet": null,
                "validTimeTo": "2026-09-27T09:00:00.000",
                "validTimeFrom": [
                    "2026-09-27T07:16"
                ]
            }
        },
        {
            "type": "Feature",
            "geometry": {
                "type": "Polygon",
                "coordinates": [
                    [
                        [
                            "-69.50",
                            "43.69"
                        ],
                        [
                            "-68.60",
                            "43.59"
                        ],
                        [
                            "-67.72",
                            "42.92"
                        ],
                        [
                            "-67.72",
                            "42.29"
                        ],
                        [
                            "-68.75",
                            "41.98"
                        ],
                        [
                            "-69.82",
                            "42.16"
                        ],
                        [
                            "-70.23",
                            "42.11"
                        ],
                        [
                            "-70.56",
                            "42.09"
                        ],
                        [
                            "-70.86",
                            "42.54"
                        ],
                        [
                            "-70.80",
                            "42.83"
                        ],
                        [
                            "-70.43",
                            "43.38"
                        ],
                        [
                            "-69.50",
                            "43.69"
                        ]
                    ]
                ]
            },
            "properties": {
                "forecastId": null,
                "geometryId": null,
                "tag": "2W",
                "forecastHour": 6,
                "hazard": "SFC_WND",
                "frequency": null,
                "severity": null,
                "status": "NRML",
                "base": null,
                "top": null,
                "fzlBase": null,
                "fzlTop": null,
                "level": null,
                "product": "TANGO",
                "rawAirSigmet": "USTAINED SFC WINDS GREATER THAN 30 KTS",
                "validTimeTo": "2026-09-27T09:00:00.000",
                "validTimeFrom": [
                    "2026-09-27T02:45"
                ]
            }
        },
        {
            "type": "Feature",
            "geometry": {
                "type": "Polygon",
                "coordinates": [
                    [
                        [
                            "-122.33",
                            "37.85"
                        ],
                        [
                            "-122.11",
                            "37.53"
                        ],
                        [
                            "-122.03",
                            "37.21"
                        ],
                        [
                            "-121.59",
                            "37.26"
                        ],
                        [
                            "-121.26",
                            "36.99"
                        ],
                        [
                            "-121.32",
                            "36.63"
                        ],
                        [
                            "-121.64",
                            "36.39"
                        ],
                        [
                            "-121.48",
                            "35.77"
                        ],
                        [
                            "-120.94",
                            "35.43"
                        ],
                        [
                            "-120.39",
                            "34.86"
                        ],
                        [
                            "-119.95",
                            "32.04"
                        ],
                        [
                            "-118.98",
                            "32.83"
                        ],
                        [
                            "-118.45",
                            "33.54"
                        ],
                        [
                            "-117.59",
                            "33.25"
                        ],
                        [
                            "-117.08",
                            "32.34"
                        ],
                        [
                            "-120.87",
                            "30.70"
                        ],
                        [
                            "-122.48",
                            "33.45"
                        ],
                        [
                            "-122.79",
                            "35.06"
                        ],
                        [
                            "-123.49",
                            "37.34"
                        ],
                        [
                            "-122.33",
                            "37.85"
                        ]
                    ]
                ]
            },
            "properties": {
                "forecastId": null,
                "geometryId": null,
                "tag": "5E",
                "forecastHour": 6,
                "hazard": "IFR",
                "frequency": null,
                "severity": null,
                "status": "NRML",
                "base": null,
                "top": null,
                "fzlBase": null,
                "fzlTop": null,
                "level": null,
                "product": "SIERRA",
                "rawAirSigmet": "CIG BLW 010 VIS BLW 3SM BR",
                "validTimeTo": "2026-09-27T09:00:00.000",
                "validTimeFrom": [
                    "2026-09-27T06:23"
                ]
            }
        },
        {
            "type": "Feature",
            "geometry": {
                "type": "Polygon",
                "coordinates": [
                    [
                        [
                            "-101.04",
                            "47.94"
                        ],
                        [
                            "-100.34",
                            "46.42"
                        ],
                        [
                            "-101.36",
                            "45.00"
                        ],
                        [
                            "-102.84",
                            "44.53"
                        ],
                        [
                            "-103.94",
                            "43.79"
                        ],
                        [
                            "-105.13",
                            "44.80"
                        ],
                        [
                            "-104.29",
                            "46.26"
                        ],
                        [
                            "-103.08",
                            "47.34"
                        ],
                        [
                            "-101.04",
                            "47.94"
                        ]
                    ]
                ]
            },
            "properties": {
                "forecastId": null,
                "geometryId": null,
                "tag": "5C",
                "forecastHour": 6,
                "hazard": "ICE",
                "frequency": null,
                "severity": "MOD",
                "status": "NRML",
                "base": "FZL",
                "top": "210",
                "fzlBase": "130",
                "fzlTop": "160",
                "level": null,
                "product": "ZULU",
                "rawAirSigmet": "ICE",
                "validTimeTo": "2026-09-27T09:00:00.000",
                "validTimeFrom": [
                    "2026-09-27T07:16"
                ]
            }
        },
        {
            "type": "Feature",
            "geometry": {
                "type": "LineString",
                "coordinates": [
                    [
                        "-132.70",
                        "38.59"
                    ],
                    [
                        "-130.98",
                        "39.04"
                    ],
                    [
                        "-128.86",
                        "39.33"
                    ],
                    [
                        "-127.06",
                        "40.05"
                    ],
                    [
                        "-123.62",
                        "41.25"
                    ],
                    [
                        "-122.12",
                        "41.11"
                    ],
                    [
                        "-121.01",
                        "41.12"
                    ],
                    [
                        "-119.85",
                        "41.37"
                    ],
                    [
                        "-116.32",
                        "42.58"
                    ],
                    [
                        "-113.47",
                        "43.95"
                    ],
                    [
                        "-110.94",
                        "45.56"
                    ],
                    [
                        "-110.03",
                        "46.56"
                    ],
                    [
                        "-109.40",
                        "47.72"
                    ],
                    [
                        "-107.85",
                        "50.16"
                    ],
                    [
                        "-106.69",
                        "52.50"
                    ],
                    [
                        "-106.56",
                        "53.69"
                    ],
                    [
                        "-106.69",
                        "55.35"
                    ],
                    [
                        "-107.33",
                        "56.46"
                    ],
                    [
                        "-107.60",
                        "57.28"
                    ],
                    [
                        "-107.49",
                        "58.06"
                    ]
                ]
            },
            "properties": {
                "forecastId": null,
                "geometryId": null,
                "tag": "1C",
                "forecastHour": 6,
                "hazard": "FZLVL",
                "frequency": null,
                "severity": null,
                "status": "NRML",
                "base": null,
                "top": null,
                "fzlBase": null,
                "fzlTop": null,
                "level": "120",
                "product": "ZULU",
                "rawAirSigmet": null,
                "validTimeTo": "2026-09-27T09:00:00.000",
                "validTimeFrom": [
                    "2026-09-27T07:16"
                ]
            }
        },
        {
            "type": "Feature",
            "geometry": {
                "type": "Polygon",
                "coordinates": [
                    [
                        [
                            "-69.39",
                            "44.91"
                        ],
                        [
                            "-71.57",
                            "43.20"
                        ],
                        [
                            "-73.41",
                            "42.26"
                        ],
                        [
                            "-75.03",
                            "41.41"
                        ],
                        [
                            "-74.49",
                            "42.36"
                        ],
                        [
                            "-73.62",
                            "42.77"
                        ],
                        [
                            "-72.67",
                            "43.77"
                        ],
                        [
                            "-70.76",
                            "44.71"
                        ],
                        [
                            "-69.39",
                            "44.91"
                        ]
                    ]
                ]
            },
            "properties": {
                "forecastId": null,
                "geometryId": null,
                "tag": "1E",
                "forecastHour": 6,
                "hazard": "MT_OBSC",
                "frequency": null,
                "severity": null,
                "status": "NRML",
                "base": null,
                "top": null,
                "fzlBase": null,
                "fzlTop": null,
                "level": null,
                "product": "SIERRA",
                "rawAirSigmet": "MTNS OBSC BY CLDS PCPN BR",
                "validTimeTo": "2026-09-27T09:00:00.000",
                "validTimeFrom": [
                    "2026-09-27T06:23"
                ]
            }
        },
        {
            "type": "Feature",
            "geometry": {
                "type": "Polygon",
                "coordinates": [
                    [
                        [
                            "-71.97",
                            "41.66"
                        ],
                        [
                            "-71.62",
                            "41.23"
                        ],
                        [
                            "-71.21",
                            "40.95"
                        ],
                        [
                            "-70.80",
                            "40.30"
                        ],
                        [
                            "-71.13",
                            "39.92"
                        ],
                        [
                            "-72.44",
                            "39.73"
                        ],
                        [
                            "-72.80",
                            "39.56"
                        ],
                        [
                            "-72.86",
                            "39.39"
                        ],
                        [
                            "-72.63",
                            "39.21"
                        ],
                        [
                            "-72.33",
                            "39.14"
                        ],
                        [
                            "-72.04",
                            "39.13"
                        ],
                        [
                            "-71.68",
                            "39.30"
                        ],
                        [
                            "-71.13",
                            "39.85"
                        ],
                        [
                            "-70.78",
                            "40.32"
                        ],
                        [
                            "-69.90",
                            "40.32"
                        ],
                        [
                            "-69.37",
                            "39.94"
                        ],
                        [
                            "-69.08",
                            "39.52"
                        ],
                        [
                            "-69.48",
                            "38.88"
                        ],
                        [
                            "-70.36",
                            "38.30"
                        ],
                        [
                            "-71.49",
                            "37.75"
                        ],
                        [
                            "-72.80",
                            "37.62"
                        ],
                        [
                            "-73.79",
                            "37.74"
                        ],
                        [
                            "-74.61",
                            "38.23"
                        ],
                        [
                            "-74.89",
                            "38.48"
                        ],
                        [
                            "-74.75",
                            "38.82"
                        ],
                        [
                            "-74.33",
                            "39.23"
                        ],
                        [
                            "-74.18",
                            "39.51"
                        ],
                        [
                            "-74.41",
                            "40.16"
                        ],
                        [
                            "-74.23",
                            "40.66"
                        ],
                        [
                            "-73.82",
                            "41.15"
                        ],
                        [
                            "-73.08",
                            "41.60"
                        ],
                        [
                            "-71.97",
                            "41.66"
                        ]
                    ]
                ]
            },
            "properties": {
                "forecastId": null,
                "geometryId": null,
                "tag": "1W",
                "forecastHour": 6,
                "hazard": "SFC_WND",
                "frequency": null,
                "severity": null,
                "status": "NRML",
                "base": null,
                "top": null,
                "fzlBase": null,
                "fzlTop": null,
                "level": null,
                "product": "TANGO",
                "rawAirSigmet": "USTAINED SFC WINDS GREATER THAN 30 KTS",
                "validTimeTo": "2026-09-27T09:00:00.000",
                "validTimeFrom": [
                    "2026-09-27T02:45"
                ]
            }
        },
        {
            "type": "Feature",
            "geometry": {
                "type": "Polygon",
                "coordinates": [
                    [
                        [
                            "-118.00",
                            "33.95"
                        ],
                        [
                            "-116.79",
                            "33.35"
                        ],
                        [
                            "-117.15",
                            "32.53"
                        ],
                        [
                            "-117.89",
                            "31.96"
                        ],
                        [
                            "-120.70",
                            "30.68"
                        ],
                        [
                            "-121.27",
                            "31.77"
                        ],
                        [
                            "-120.07",
                            "33.43"
                        ],
                        [
                            "-118.00",
                            "33.95"
                        ]
                    ]
                ]
            },
            "properties": {
                "forecastId": null,
                "geometryId": null,
                "tag": "2C",
                "forecastHour": 6,
                "hazard": "ICE",
                "frequency": null,
                "severity": "MOD",
                "status": "NRML",
                "base": "170",
                "top": "230",
                "fzlBase": null,
                "fzlTop": null,
                "level": null,
                "product": "ZULU",
                "rawAirSigmet": "ICE",
                "validTimeTo": "2026-09-27T09:00:00.000",
                "validTimeFrom": [
                    "2026-09-27T07:16"
                ]
            }
        },
        {
            "type": "Feature",
            "geometry": {
                "type": "Polygon",
                "coordinates": [
                    [
                        [
                            "-66.67",
                            "38.52"
                        ],
                        [
                            "-66.22",
                            "38.47"
                        ],
                        [
                            "-66.12",
                            "38.30"
                        ],
                        [
                            "-66.00",
                            "37.92"
                        ],
                        [
                            "-65.98",
                            "37.66"
                        ],
                        [
                            "-65.98",
                            "37.55"
                        ],
                        [
                            "-66.06",
                            "37.20"
                        ],
                        [
                            "-66.16",
                            "36.85"
                        ],
                        [
                            "-66.23",
                            "36.50"
                        ],
                        [
                            "-66.24",
                            "36.13"
                        ],
                        [
                            "-66.23",
                            "35.76"
                        ],
                        [
                            "-66.27",
                            "35.40"
                        ],
                        [
                            "-66.45",
                            "35.07"
                        ],
                        [
                            "-66.73",
                            "34.84"
                        ],
                        [
                            "-67.15",
                            "34.95"
                        ],
                        [
                            "-67.21",
                            "35.20"
                        ],
                        [
                            "-67.24",
                            "35.57"
                        ],
                        [
                            "-67.26",
                            "35.94"
                        ],
                        [
                            "-67.28",
                            "36.23"
                        ],
                        [
                            "-67.27",
                            "36.31"
                        ],
                        [
                            "-67.22",
                            "36.66"
                        ],
                        [
                            "-67.16",
                            "37.02"
                        ],
                        [
                            "-67.11",
                            "37.37"
                        ],
                        [
                            "-67.05",
                            "37.73"
                        ],
                        [
                            "-66.97",
                            "38.08"
                        ],
                        [
                            "-66.79",
                            "38.41"
                        ],
                        [
                            "-66.67",
                            "38.52"
                        ]
                    ]
                ]
            },
            "properties": {
                "forecastId": null,
                "geometryId": null,
                "tag": "1C",
                "forecastHour": 6,
                "hazard": "FZLVL",
                "frequency": null,
                "severity": null,
                "status": "NRML",
                "base": null,
                "top": null,
                "fzlBase": null,
                "fzlTop": null,
                "level": "160",
                "product": "ZULU",
                "rawAirSigmet": null,
                "validTimeTo": "2026-09-27T09:00:00.000",
                "validTimeFrom": [
                    "2026-09-27T07:16"
                ]
            }
        },
        {
            "type": "Feature",
            "geometry": {
                "type": "Polygon",
                "coordinates": [
                    [
                        [
                            "-97.73",
                            "49.02"
                        ],
                        [
                            "-94.67",
                            "48.97"
                        ],
                        [
                            "-92.74",
                            "48.59"
                        ],
                        [
                            "-92.81",
                            "47.95"
                        ],
                        [
                            "-93.22",
                            "45.99"
                        ],
                        [
                            "-93.83",
                            "43.90"
                        ],
                        [
                            "-93.83",
                            "42.57"
                        ],
                        [
                            "-94.06",
                            "41.35"
                        ],
                        [
                            "-95.12",
                            "40.10"
                        ],
                        [
                            "-98.08",
                            "40.27"
                        ],
                        [
                            "-98.94",
                            "38.81"
                        ],
                        [
                            "-101.56",
                            "40.08"
                        ],
                        [
                            "-101.99",
                            "41.68"
                        ],
                        [
                            "-100.72",
                            "42.73"
                        ],
                        [
                            "-100.78",
                            "43.38"
                        ],
                        [
                            "-101.57",
                            "44.19"
                        ],
                        [
                            "-100.49",
                            "46.04"
                        ],
                        [
                            "-98.33",
                            "47.48"
                        ],
                        [
                            "-97.73",
                            "49.02"
                        ]
                    ]
                ]
            },
            "properties": {
                "forecastId": null,
                "geometryId": null,
                "tag": "1E",
                "forecastHour": 6,
                "hazard": "IFR",
                "frequency": null,
                "severity": null,
                "status": "NRML",
                "base": null,
                "top": null,
                "fzlBase": null,
                "fzlTop": null,
                "level": null,
                "product": "SIERRA",
                "rawAirSigmet": "CIG BLW 010 VIS BLW 3SM PCPN BR FG",
                "validTimeTo": "2026-09-27T09:00:00.000",
                "validTimeFrom": [
                    "2026-09-27T06:23"
                ]
            }
        },
        {
            "type": "Feature",
            "geometry": {
                "type": "LineString",
                "coordinates": [
                    [
                        "-100.33",
                        "58.31"
                    ],
                    [
                        "-98.72",
                        "57.32"
                    ],
                    [
                        "-96.68",
                        "56.55"
                    ],
                    [
                        "-94.57",
                        "55.93"
                    ],
                    [
                        "-92.27",
                        "55.41"
                    ],
                    [
                        "-86.87",
                        "54.86"
                    ],
                    [
                        "-84.97",
                        "53.83"
                    ],
                    [
                        "-83.32",
                        "53.14"
                    ],
                    [
                        "-80.70",
                        "52.38"
                    ],
                    [
                        "-78.51",
                        "51.87"
                    ],
                    [
                        "-75.55",
                        "51.33"
                    ],
                    [
                        "-73.78",
                        "50.77"
                    ],
                    [
                        "-73.20",
                        "50.05"
                    ],
                    [
                        "-73.26",
                        "48.96"
                    ],
                    [
                        "-73.74",
                        "48.10"
                    ],
                    [
                        "-74.33",
                        "47.51"
                    ],
                    [
                        "-76.06",
                        "46.56"
                    ],
                    [
                        "-76.53",
                        "45.98"
                    ],
                    [
                        "-75.68",
                        "45.94"
                    ],
                    [
                        "-73.74",
                        "46.77"
                    ],
                    [
                        "-71.66",
                        "47.02"
                    ],
                    [
                        "-68.57",
                        "46.62"
                    ],
                    [
                        "-66.28",
                        "46.52"
                    ],
                    [
                        "-63.93",
                        "46.97"
                    ],
                    [
                        "-62.90",
                        "47.11"
                    ],
                    [
                        "-61.53",
                        "47.08"
                    ],
                    [
                        "-61.03",
                        "47.06"
                    ]
                ]
            },
            "properties": {
                "forecastId": null,
                "geometryId": null,
                "tag": "1C",
                "forecastHour": 6,
                "hazard": "FZLVL",
                "frequency": null,
                "severity": null,
                "status": "NRML",
                "base": null,
                "top": null,
                "fzlBase": null,
                "fzlTop": null,
                "level": "120",
                "product": "ZULU",
                "rawAirSigmet": null,
                "validTimeTo": "2026-09-27T09:00:00.000",
                "validTimeFrom": [
                    "2026-09-27T07:16"
                ]
            }
        },
        {
            "type": "Feature",
            "geometry": {
                "type": "LineString",
                "coordinates": [
                    [
                        "-127.04",
                        "19.88"
                    ],
                    [
                        "-126.40",
                        "20.64"
                    ],
                    [
                        "-125.67",
                        "20.97"
                    ],
                    [
                        "-124.44",
                        "21.14"
                    ],
                    [
                        "-123.68",
                        "20.83"
                    ],
                    [
                        "-123.10",
                        "20.53"
                    ],
                    [
                        "-122.30",
                        "20.53"
                    ],
                    [
                        "-121.71",
                        "21.33"
                    ],
                    [
                        "-121.79",
                        "23.17"
                    ],
                    [
                        "-122.36",
                        "23.74"
                    ],
                    [
                        "-122.95",
                        "23.95"
                    ],
                    [
                        "-123.24",
                        "25.36"
                    ],
                    [
                        "-124.10",
                        "26.18"
                    ],
                    [
                        "-124.43",
                        "27.39"
                    ],
                    [
                        "-124.79",
                        "29.18"
                    ],
                    [
                        "-123.38",
                        "30.66"
                    ],
                    [
                        "-121.49",
                        "32.40"
                    ],
                    [
                        "-120.34",
                        "33.00"
                    ],
                    [
                        "-118.93",
                        "33.37"
                    ],
                    [
                        "-118.43",
                        "33.27"
                    ],
                    [
                        "-117.96",
                        "32.65"
                    ],
                    [
                        "-117.39",
                        "31.90"
                    ],
                    [
                        "-116.40",
                        "31.50"
                    ],
                    [
                        "-115.06",
                        "31.37"
                    ],
                    [
                        "-113.52",
                        "31.30"
                    ],
                    [
                        "-112.20",
                        "31.58"
                    ],
                    [
                        "-110.90",
                        "31.40"
                    ],
                    [
                        "-109.87",
                        "31.03"
                    ],
                    [
                        "-108.71",
                        "31.15"
                    ],
                    [
                        "-108.34",
                        "30.06"
                    ],
                    [
                        "-109.82",
                        "28.86"
                    ],
                    [
                        "-111.00",
                        "28.21"
                    ],
                    [
                        "-111.53",
                        "27.51"
                    ],
                    [
                        "-110.74",
                        "27.38"
                    ],
                    [
                        "-109.99",
                        "27.66"
                    ],
                    [
                        "-109.12",
                        "28.38"
                    ],
                    [
                        "-107.32",
                        "28.43"
                    ],
                    [
                        "-106.20",
                        "28.85"
                    ],
                    [
                        "-105.13",
                        "28.73"
                    ],
                    [
                        "-104.51",
                        "28.02"
                    ],
                    [
                        "-103.52",
                        "27.94"
                    ],
                    [
                        "-102.85",
                        "28.26"
                    ],
                    [
                        "-102.19",
                        "29.30"
                    ],
                    [
                        "-101.98",
                        "30.40"
                    ],
                    [
                        "-100.95",
                        "31.26"
                    ],
                    [
                        "-100.03",
                        "31.68"
                    ],
                    [
                        "-98.61",
                        "31.98"
                    ],
                    [
                        "-96.72",
                        "32.83"
                    ],
                    [
                        "-95.47",
                        "33.58"
                    ],
                    [
                        "-93.82",
                        "33.57"
                    ],
                    [
                        "-92.09",
                        "33.62"
                    ],
                    [
                        "-90.68",
                        "33.21"
                    ],
                    [
                        "-89.37",
                        "32.80"
                    ],
                    [
                        "-88.47",
                        "32.69"
                    ],
                    [
                        "-87.19",
                        "33.00"
                    ],
                    [
                        "-86.32",
                        "32.96"
                    ],
                    [
                        "-83.41",
                        "32.75"
                    ],
                    [
                        "-82.21",
                        "32.25"
                    ],
                    [
                        "-81.38",
                        "31.29"
                    ],
                    [
                        "-80.09",
                        "29.70"
                    ],
                    [
                        "-78.24",
                        "28.66"
                    ],
                    [
                        "-77.10",
                        "27.83"
                    ],
                    [
                        "-75.73",
                        "27.33"
                    ],
                    [
                        "-74.08",
                        "27.34"
                    ],
                    [
                        "-73.06",
                        "27.67"
                    ],
                    [
                        "-71.79",
                        "27.82"
                    ],
                    [
                        "-70.93",
                        "27.40"
                    ],
                    [
                        "-71.05",
                        "25.17"
                    ],
                    [
                        "-72.54",
                        "23.20"
                    ],
                    [
                        "-73.64",
                        "23.73"
                    ],
                    [
                        "-74.43",
                        "23.02"
                    ],
                    [
                        "-75.12",
                        "21.95"
                    ],
                    [
                        "-76.15",
                        "21.47"
                    ],
                    [
                        "-77.84",
                        "20.88"
                    ],
                    [
                        "-79.29",
                        "20.62"
                    ],
                    [
                        "-80.50",
                        "20.25"
                    ],
                    [
                        "-81.69",
                        "20.06"
                    ],
                    [
                        "-82.28",
                        "19.89"
                    ],
                    [
                        "-82.62",
                        "19.18"
                    ]
                ]
            },
            "properties": {
                "forecastId": null,
                "geometryId": null,
                "tag": "1C",
                "forecastHour": 6,
                "hazard": "FZLVL",
                "frequency": null,
                "severity": null,
                "status": "NRML",
                "base": null,
                "top": null,
                "fzlBase": null,
                "fzlTop": null,
                "level": "160",
                "product": "ZULU",
                "rawAirSigmet": null,
                "validTimeTo": "2026-09-27T09:00:00.000",
                "validTimeFrom": [
                    "2026-09-27T07:16"
                ]
            }
        },
        {
            "type": "Feature",
            "geometry": {
                "type": "Polygon",
                "coordinates": [
                    [
                        [
                            "-67.67",
                            "46.85"
                        ],
                        [
                            "-67.77",
                            "45.96"
                        ],
                        [
                            "-68.50",
                            "44.71"
                        ],
                        [
                            "-68.82",
                            "44.02"
                        ],
                        [
                            "-70.15",
                            "43.17"
                        ],
                        [
                            "-72.41",
                            "42.11"
                        ],
                        [
                            "-75.23",
                            "39.81"
                        ],
                        [
                            "-77.14",
                            "40.71"
                        ],
                        [
                            "-76.90",
                            "43.33"
                        ],
                        [
                            "-74.74",
                            "45.02"
                        ],
                        [
                            "-70.92",
                            "45.04"
                        ],
                        [
                            "-69.85",
                            "46.80"
                        ],
                        [
                            "-67.67",
                            "46.85"
                        ]
                    ]
                ]
            },
            "properties": {
                "forecastId": null,
                "geometryId": null,
                "tag": "3W",
                "forecastHour": 6,
                "hazard": "TURB-HI",
                "frequency": null,
                "severity": "MOD",
                "status": "NRML",
                "base": "240",
                "top": "410",
                "fzlBase": null,
                "fzlTop": null,
                "level": null,
                "product": "TANGO",
                "rawAirSigmet": null,
                "validTimeTo": "2026-09-27T09:00:00.000",
                "validTimeFrom": [
                    "2026-09-27T02:45"
                ]
            }
        },
        {
            "type": "Feature",
            "geometry": {
                "type": "LineString",
                "coordinates": [
                    [
                        "-67.43",
                        "24.82"
                    ],
                    [
                        "-67.48",
                        "24.85"
                    ],
                    [
                        "-67.76",
                        "25.22"
                    ],
                    [
                        "-67.77",
                        "25.28"
                    ],
                    [
                        "-67.75",
                        "25.65"
                    ],
                    [
                        "-67.70",
                        "26.01"
                    ],
                    [
                        "-67.64",
                        "26.37"
                    ],
                    [
                        "-67.55",
                        "26.73"
                    ],
                    [
                        "-67.40",
                        "27.08"
                    ],
                    [
                        "-67.28",
                        "27.30"
                    ],
                    [
                        "-67.20",
                        "27.41"
                    ],
                    [
                        "-66.95",
                        "27.74"
                    ],
                    [
                        "-66.71",
                        "28.07"
                    ],
                    [
                        "-66.66",
                        "28.14"
                    ]
                ]
            },
            "properties": {
                "forecastId": null,
                "geometryId": null,
                "tag": "1C",
                "forecastHour": 6,
                "hazard": "FZLVL",
                "frequency": null,
                "severity": null,
                "status": "NRML",
                "base": null,
                "top": null,
                "fzlBase": null,
                "fzlTop": null,
                "level": "160",
                "product": "ZULU",
                "rawAirSigmet": null,
                "validTimeTo": "2026-09-27T09:00:00.000",
                "validTimeFrom": [
                    "2026-09-27T07:16"
                ]
            }
        },
        {
            "type": "Feature",
            "geometry": {
                "type": "Polygon",
                "coordinates": [
                    [
                        [
                            "-67.02",
                            "44.63"
                        ],
                        [
                            "-67.01",
                            "41.22"
                        ],
                        [
                            "-69.96",
                            "41.08"
                        ],
                        [
                            "-71.05",
                            "40.60"
                        ],
                        [
                            "-71.80",
                            "38.75"
                        ],
                        [
                            "-72.64",
                            "38.37"
                        ],
                        [
                            "-74.53",
                            "38.98"
                        ],
                        [
                            "-74.56",
                            "40.92"
                        ],
                        [
                            "-74.17",
                            "41.65"
                        ],
                        [
                            "-72.69",
                            "43.29"
                        ],
                        [
                            "-71.49",
                            "43.46"
                        ],
                        [
                            "-69.85",
                            "44.11"
                        ],
                        [
                            "-67.02",
                            "44.63"
                        ]
                    ]
                ]
            },
            "properties": {
                "forecastId": null,
                "geometryId": null,
                "tag": "2E",
                "forecastHour": 6,
                "hazard": "IFR",
                "frequency": null,
                "severity": null,
                "status": "NRML",
                "base": null,
                "top": null,
                "fzlBase": null,
                "fzlTop": null,
                "level": null,
                "product": "SIERRA",
                "rawAirSigmet": "CIG BLW 010 VIS BLW 3SM PCPN BR",
                "validTimeTo": "2026-09-27T09:00:00.000",
                "validTimeFrom": [
                    "2026-09-27T06:23"
                ]
            }
        }
    ],
    "metadata": {
        "creationTime": "2026-09-27T07:59"
    }
}