{
    "type": "FeatureCollection",
    "features": [
        {
            "type": "Feature",
            "geometry": {
                "type": "Polygon",
                "coordinates": [
                    [
                        [
                            "-122.43",
                            "40.40"
                        ],
                        [
                            "-122.02",
                            "40.60"
                        ],
                        [
                            "-121.57",
                            "40.69"
                        ],
                        [
                            "-121.23",
                            "40.53"
                        ],
                        [
                            "-121.22",
                            "40.17"
                        ],
                        [
                            "-121.38",
                            "39.98"
                        ],
                        [
                            "-121.81",
                            "39.81"
                        ],
                        [
                            "-122.24",
                            "39.68"
                        ],
                        [
                            "-122.53",
                            "39.61"
                        ],
                        [
                            "-122.68",
                            "39.58"
                        ],
                        [
                            "-122.72",
                            "39.58"
                        ],
                        [
                            "-122.89",
                            "39.91"
                        ],
                        [
                            "-122.81",
                            "40.03"
                        ],
                        [
                            "-122.55",
                            "40.33"
                        ],
                        [
                            "-122.43",
                            "40.40"
                        ]
                    ]
                ]
            },
            "properties": {
                "forecastId": null,
                "geometryId": null,
                "tag": "1C",
                "forecastHour": 3,
                "hazard": "FZLVL",
                "frequency": null,
                "severity": null,
                "status": "NRML",
                "base": null,
                "top": null,
                "fzlBase": null,
                "fzlTop": null,
                "level": "160",
                "product": "ZULU",
                "rawAirSigmet": null,
                "validTimeTo": "2026-08-11T12:00:00.000",
                "validTimeFrom": [
                    "2026-08-11T10:03"
                ]
            }
        },
        {
            "type": "Feature",
            "geometry": {
                "type": "Polygon",
                "coordinates": [
                    [
                        [
                            "-116.75",
                            "48.99"
                        ],
                        [
                            "-117.07",
                            "47.05"
                        ],
                        [
                            "-119.21",
                            "46.48"
                        ],
                        [
                            "-121.45",
                            "47.02"
                        ],
                        [
                            "-121.41",
                            "48.18"
                        ],
                        [
                            "-121.26",
                            "48.89"
                        ],
                        [
                            "-116.75",
                            "48.99"
                        ]
                    ]
                ]
            },
            "properties": {
                "forecastId": null,
                "geometryId": null,
                "tag": "10E",
                "forecastHour": 3,
                "hazard": "IFR",
                "frequency": null,
                "severity": null,
                "status": "NRML",
                "base": null,
                "top": null,
                "fzlBase": null,
                "fzlTop": null,
                "level": null,
                "product": "SIERRA",
                "rawAirSigmet": "VIS BLW 3SM HZ FU",
                "validTimeTo": "2026-08-11T12:00:00.000",
                "validTimeFrom": [
                    "2026-08-11T10:52"
                ]
            }
        },
        {
            "type": "Feature",
            "geometry": {
                "type": "Polygon",
                "coordinates": [
                    [
                        [
                            "-69.24",
                            "47.49"
                        ],
                        [
                            "-68.59",
                            "45.56"
                        ],
                        [
                            "-70.62",
                            "44.00"
                        ],
                        [
                            "-72.04",
                            "42.92"
                        ],
                        [
                            "-73.48",
                            "44.98"
                        ],
                        [
                            "-71.62",
                            "45.42"
                        ],
                        [
                            "-69.24",
                            "47.49"
                        ]
                    ]
                ]
            },
            "properties": {
                "forecastId": null,
                "geometryId": null,
                "tag": "2E",
                "forecastHour": 3,
                "hazard": "MT_OBSC",
                "frequency": null,
                "severity": null,
                "status": "NRML",
                "base": null,
                "top": null,
                "fzlBase": null,
                "fzlTop": null,
                "level": null,
                "product": "SIERRA",
                "rawAirSigmet": "MTNS OBSC BY CLDS BR",
                "validTimeTo": "2026-08-11T12:00:00.000",
                "validTimeFrom": [
                    "2026-08-11T10:52"
                ]
            }
        },
        {
            "type": "Feature",
            "geometry": {
                "type": "Polygon",
                "coordinates": [
                    [
                        [
                            "-107.09",
                            "44.85"
                        ],
                        [
                            "-103.64",
                            "44.09"
                        ],
                        [
                            "-101.53",
                            "43.46"
                        ],
                        [
                            "-100.19",
                            "42.62"
                        ],
                        [
                            "-99.09",
                            "41.70"
                        ],
                        [
                            "-98.40",
                            "41.14"
                        ],
                        [
                            "-98.27",
                            "40.32"
                        ],
                        [
                            "-98.01",
                            "39.53"
                        ],
                        [
                            "-97.49",
                            "38.90"
                        ],
                        [
                            "-96.35",
                            "37.77"
                        ],
                        [
                            "-94.96",
                            "37.15"
                        ],
                        [
                            "-94.15",
                            "36.72"
                        ],
                        [
                            "-93.75",
                            "36.08"
                        ],
                        [
                            "-94.27",
                            "34.24"
                        ],
                        [
                            "-95.41",
                            "32.83"
                        ],
                        [
                            "-96.27",
                            "31.95"
                        ],
                        [
                            "-97.53",
                            "31.02"
                        ],
                        [
                            "-98.30",
                            "27.66"
                        ],
                        [
                            "-99.93",
                            "27.69"
                        ],
                        [
                            "-100.94",
                            "28.72"
                        ],
                        [
                            "-101.77",
                            "30.26"
                        ],
                        [
                            "-103.19",
                            "31.17"
                        ],
                        [
                            "-103.51",
                            "32.05"
                        ],
                        [
                            "-103.99",
                            "32.29"
                        ],
                        [
                            "-105.24",
                            "31.66"
                        ],
                        [
                            "-106.44",
                            "30.38"
                        ],
                        [
                            "-107.68",
                            "30.31"
                        ],
                        [
                            "-108.54",
                            "30.57"
                        ],
                        [
                            "-109.62",
                            "31.43"
                        ],
                        [
                            "-110.58",
                            "32.43"
                        ],
                        [
                            "-111.02",
                            "33.14"
                        ],
                        [
                            "-111.86",
                            "33.80"
                        ],
                        [
                            "-112.36",
                            "34.47"
                        ],
                        [
                            "-112.62",
                            "35.51"
                        ],
                        [
                            "-113.25",
                            "37.95"
                        ],
                        [
                            "-113.30",
                            "39.04"
                        ],
                        [
                            "-112.25",
                            "39.40"
                        ],
                        [
                            "-111.27",
                            "39.65"
                        ],
                        [
                            "-111.15",
                            "40.04"
                        ],
                        [
                            "-112.16",
                            "39.88"
                        ],
                        [
                            "-112.88",
                            "39.51"
                        ],
                        [
                            "-113.56",
                            "39.77"
                        ],
                        [
                            "-114.28",
                            "39.50"
                        ],
                        [
                            "-115.62",
                            "39.38"
                        ],
                        [
                            "-116.25",
                            "39.77"
                        ],
                        [
                            "-116.41",
                            "40.64"
                        ],
                        [
                            "-116.18",
                            "41.56"
                        ],
                        [
                            "-115.77",
                            "41.99"
                        ],
                        [
                            "-114.86",
                            "42.27"
                        ],
                        [
                            "-112.72",
                            "42.28"
                        ],
                        [
                            "-111.38",
                            "42.13"
                        ],
                        [
                            "-110.25",
                            "42.52"
                        ],
                        [
                            "-109.42",
                            "43.96"
                        ],
                        [
                            "-107.09",
                            "44.85"
                        ]
                    ]
                ]
            },
            "properties": {
                "forecastId": null,
                "geometryId": null,
                "tag": "1C",
                "forecastHour": 3,
                "hazard": "FZLVL",
                "frequency": null,
                "severity": null,
                "status": "NRML",
                "base": null,
                "top": null,
                "fzlBase": null,
                "fzlTop": null,
                "level": "160",
                "product": "ZULU",
                "rawAirSigmet": null,
                "validTimeTo": "2026-08-11T12:00:00.000",
                "validTimeFrom": [
                    "2026-08-11T10:03"
                ]
            }
        },
        {
            "type": "Feature",
            "geometry": {
                "type": "LineString",
                "coordinates": [
                    [
                        "-84.03",
                        "58.13"
                    ],
                    [
                        "-83.61",
                        "57.21"
                    ],
                    [
                        "-83.45",
                        "55.98"
                    ],
                    [
                        "-83.40",
                        "55.04"
                    ],
                    [
                        "-83.19",
                        "54.02"
                    ],
                    [
                        "-82.15",
                        "53.40"
                    ],
                    [
                        "-80.58",
                        "53.55"
                    ],
                    [
                        "-79.58",
                        "54.19"
                    ],
                    [
                        "-79.28",
                        "54.48"
                    ],
                    [
                        "-78.24",
                        "54.49"
                    ],
                    [
                        "-76.55",
                        "54.60"
                    ],
                    [
                        "-76.14",
                        "55.14"
                    ],
                    [
                        "-76.33",
                        "55.64"
                    ],
                    [
                        "-77.61",
                        "56.24"
                    ],
                    [
                        "-79.31",
                        "56.67"
                    ],
                    [
                        "-80.26",
                        "57.34"
                    ],
                    [
                        "-80.70",
                        "57.97"
                    ]
                ]
            },
            "properties": {
                "forecastId": null,
                "geometryId": null,
                "tag": "1C",
                "forecastHour": 3,
                "hazard": "FZLVL",
                "frequency": null,
                "severity": null,
                "status": "NRML",
                "base": null,
                "top": null,
                "fzlBase": null,
                "fzlTop": null,
                "level": "080",
                "product": "ZULU",
                "rawAirSigmet": null,
                "validTimeTo": "2026-08-11T12:00:00.000",
                "validTimeFrom": [
                    "2026-08-11T10:03"
                ]
            }
        },
        {
            "type": "Feature",
            "geometry": {
                "type": "Polygon",
                "coordinates": [
                    [
                        [
                            "-122.95",
                            "48.95"
                        ],
                        [
                            "-122.02",
                            "47.99"
                        ],
                        [
                            "-122.41",
                            "46.80"
                        ],
                        [
                            "-123.03",
                            "46.44"
                        ],
                        [
                            "-123.57",
                            "45.70"
                        ],
                        [
                            "-123.77",
                            "45.09"
                        ],
                        [
                            "-123.73",
                            "44.53"
                        ],
                        [
                            "-124.08",
                            "43.64"
                        ],
                        [
                            "-124.24",
                            "42.98"
                        ],
                        [
                            "-124.05",
                            "42.09"
                        ],
                        [
                            "-123.77",
                            "41.54"
                        ],
                        [
                            "-123.77",
                            "40.52"
                        ],
                        [
                            "-124.19",
                            "40.00"
                        ],
                        [
                            "-125.13",
                            "39.81"
                        ],
                        [
                            "-126.31",
                            "38.75"
                        ],
                        [
                            "-126.97",
                            "39.88"
                        ],
                        [
                            "-126.54",
                            "45.23"
                        ],
                        [
                            "-127.95",
                            "48.27"
                        ],
                        [
                            "-124.90",
                            "48.59"
                        ],
                        [
                            "-123.38",
                            "48.12"
                        ],
                        [
                            "-122.95",
                            "48.95"
                        ]
                    ]
                ]
            },
            "properties": {
                "forecastId": null,
                "geometryId": null,
                "tag": "2E",
                "forecastHour": 3,
                "hazard": "IFR",
                "frequency": null,
                "severity": null,
                "status": "AMD",
                "base": null,
                "top": null,
                "fzlBase": null,
                "fzlTop": null,
                "level": null,
                "product": "SIERRA",
                "rawAirSigmet": "CIG BLW 010 VIS BLW 3SM BR",
                "validTimeTo": "2026-08-11T12:00:00.000",
                "validTimeFrom": [
                    "2026-08-11T10:52"
                ]
            }
        },
        {
            "type": "Feature",
            "geometry": {
                "type": "Polygon",
                "coordinates": [
                    [
                        [
                            "-110.03",
                            "33.17"
                        ],
                        [
                            "-108.96",
                            "32.64"
                        ],
                        [
                            "-107.91",
                            "31.46"
                        ],
                        [
                            "-108.65",
                            "31.36"
                        ],
                        [
                            "-110.84",
                            "31.25"
                        ],
                        [
                            "-111.84",
                            "33.08"
                        ],
                        [
                            "-110.03",
                            "33.17"
                        ]
                    ]
                ]
            },
            "properties": {
                "forecastId": null,
                "geometryId": null,
                "tag": "6E",
                "forecastHour": 3,
                "hazard": "MT_OBSC",
                "frequency": null,
                "severity": null,
                "status": "NRML",
                "base": null,
                "top": null,
                "fzlBase": null,
                "fzlTop": null,
                "level": null,
                "product": "SIERRA",
                "rawAirSigmet": "MTNS OBSC BY CLDS PCPN BR",
                "validTimeTo": "2026-08-11T12:00:00.000",
                "validTimeFrom": [
                    "2026-08-11T10:52"
                ]
            }
        },
        {
            "type": "Feature",
            "geometry": {
                "type": "Polygon",
                "coordinates": [
                    [
                        [
                            "-67.05",
                            "42.32"
                        ],
                        [
                            "-67.17",
                            "40.21"
                        ],
                        [
                            "-68.53",
                            "40.21"
                        ],
                        [
                            "-69.43",
                            "40.88"
                        ],
                        [
                            "-69.03",
                            "41.85"
                        ],
                        [
                            "-67.05",
                            "42.32"
                        ]
                    ]
                ]
            },
            "properties": {
                "forecastId": null,
                "geometryId": null,
                "tag": "9E",
                "forecastHour": 3,
                "hazard": "IFR",
                "frequency": null,
                "severity": null,
                "status": "NRML",
                "base": null,
                "top": null,
                "fzlBase": null,
                "fzlTop": null,
                "level": null,
                "product": "SIERRA",
                "rawAirSigmet": "VIS BLW 3SM FG",
                "validTimeTo": "2026-08-11T12:00:00.000",
                "validTimeFrom": [
                    "2026-08-11T10:52"
                ]
            }
        },
        {
            "type": "Feature",
            "geometry": {
                "type": "LineString",
                "coordinates": [
                    [
                        "-107.14",
                        "58.08"
                    ],
                    [
                        "-105.98",
                        "57.53"
                    ],
                    [
                        "-104.49",
                        "57.05"
                    ],
                    [
                        "-103.32",
                        "56.58"
                    ],
                    [
                        "-101.82",
                        "56.15"
                    ],
                    [
                        "-100.49",
                        "55.86"
                    ],
                    [
                        "-98.83",
                        "55.58"
                    ],
                    [
                        "-97.18",
                        "55.27"
                    ],
                    [
                        "-96.19",
                        "55.10"
                    ],
                    [
                        "-95.00",
                        "55.14"
                    ],
                    [
                        "-93.90",
                        "55.78"
                    ],
                    [
                        "-92.70",
                        "56.24"
                    ],
                    [
                        "-91.40",
                        "56.83"
                    ],
                    [
                        "-90.50",
                        "57.73"
                    ],
                    [
                        "-90.51",
                        "58.33"
                    ]
                ]
            },
            "properties": {
                "forecastId": null,
                "geometryId": null,
                "tag": "1C",
                "forecastHour": 3,
                "hazard": "FZLVL",
                "frequency": null,
                "severity": null,
                "status": "NRML",
                "base": null,
                "top": null,
                "fzlBase": null,
                "fzlTop": null,
                "level": "080",
                "product": "ZULU",
                "rawAirSigmet": null,
                "validTimeTo": "2026-08-11T12:00:00.000",
                "validTimeFrom": [
                    "2026-08-11T10:03"
                ]
            }
        },
        {
            "type": "Feature",
            "geometry": {
                "type": "Polygon",
                "coordinates": [
                    [
                        [
                            "-78.26",
                            "39.61"
                        ],
                        [
                            "-77.88",
                            "39.61"
                        ],
                        [
                            "-77.52",
                            "39.54"
                        ],
                        [
                            "-77.37",
                            "39.30"
                        ],
                        [
                            "-77.22",
                            "39.06"
                        ],
                        [
                            "-78.52",
                            "37.84"
                        ],
                        [
                            "-79.96",
                            "37.85"
                        ],
                        [
                            "-80.78",
                            "38.27"
                        ],
                        [
                            "-80.86",
                            "38.71"
                        ],
                        [
                            "-80.59",
                            "38.77"
                        ],
                        [
                            "-79.70",
                            "38.60"
                        ],
                        [
                            "-79.07",
                            "38.60"
                        ],
                        [
                            "-78.72",
                            "39.14"
                        ],
                        [
                            "-78.26",
                            "39.61"
                        ]
                    ]
                ]
            },
            "properties": {
                "forecastId": null,
                "geometryId": null,
                "tag": "1W",
                "forecastHour": 3,
                "hazard": "LLWS",
                "frequency": null,
                "severity": null,
                "status": "NRML",
                "base": null,
                "top": null,
                "fzlBase": null,
                "fzlTop": null,
                "level": null,
                "product": "TANGO",
                "rawAirSigmet": "AIR SPEED LOSS OR GAIN OF 20KTS OR MORE BELOW 2000 FT AGL",
                "validTimeTo": "2026-08-11T12:00:00.000",
                "validTimeFrom": [
                    "2026-08-11T08:45"
                ]
            }
        },
        {
            "type": "Feature",
            "geometry": {
                "type": "Polygon",
                "coordinates": [
                    [
                        [
                            "-82.60",
                            "30.57"
                        ],
                        [
                            "-81.77",
                            "30.41"
                        ],
                        [
                            "-81.27",
                            "30.05"
                        ],
                        [
                            "-81.17",
                            "29.49"
                        ],
                        [
                            "-80.65",
                            "28.33"
                        ],
                        [
                            "-81.48",
                            "28.15"
                        ],
                        [
                            "-82.72",
                            "28.42"
                        ],
                        [
                            "-82.67",
                            "28.89"
                        ],
                        [
                            "-83.12",
                            "29.21"
                        ],
                        [
                            "-83.67",
                            "29.88"
                        ],
                        [
                            "-83.58",
                            "30.25"
                        ],
                        [
                            "-82.60",
                            "30.57"
                        ]
                    ]
                ]
            },
            "properties": {
                "forecastId": null,
                "geometryId": null,
                "tag": "12E",
                "forecastHour": 3,
                "hazard": "IFR",
                "frequency": null,
                "severity": null,
                "status": "NEW",
                "base": null,
                "top": null,
                "fzlBase": null,
                "fzlTop": null,
                "level": null,
                "product": "SIERRA",
                "rawAirSigmet": "CIG BLW 010",
                "validTimeTo": "2026-08-11T12:00:00.000",
                "validTimeFrom": [
                    "2026-08-11T10:52"
                ]
            }
        },
        {
            "type": "Feature",
            "geometry": {
                "type": "LineString",
                "coordinates": [
                    [
                        "-136.78",
                        "48.37"
                    ],
                    [
                        "-133.30",
                        "48.67"
                    ],
                    [
                        "-132.09",
                        "48.93"
                    ],
                    [
                        "-130.77",
                        "49.01"
                    ],
                    [
                        "-126.91",
                        "48.85"
                    ],
                    [
                        "-123.51",
                        "49.06"
                    ],
                    [
                        "-115.60",
                        "50.36"
                    ],
                    [
                        "-113.30",
                        "50.58"
                    ],
                    [
                        "-111.23",
                        "50.56"
                    ],
                    [
                        "-109.40",
                        "50.39"
                    ],
                    [
                        "-108.16",
                        "50.14"
                    ],
                    [
                        "-104.06",
                        "49.72"
                    ],
                    [
                        "-100.60",
                        "49.63"
                    ],
                    [
                        "-97.37",
                        "48.79"
                    ],
                    [
                        "-94.36",
                        "48.23"
                    ],
                    [
                        "-91.37",
                        "47.16"
                    ],
                    [
                        "-88.62",
                        "46.41"
                    ],
                    [
                        "-87.23",
                        "45.71"
                    ],
                    [
                        "-85.15",
                        "45.29"
                    ],
                    [
                        "-83.36",
                        "45.19"
                    ],
                    [
                        "-81.94",
                        "44.87"
                    ],
                    [
                        "-77.50",
                        "44.46"
                    ],
                    [
                        "-75.66",
                        "44.52"
                    ],
                    [
                        "-74.32",
                        "44.77"
                    ],
                    [
                        "-72.74",
                        "44.96"
                    ],
                    [
                        "-71.63",
                        "45.08"
                    ],
                    [
                        "-70.56",
                        "44.93"
                    ],
                    [
                        "-69.27",
                        "44.45"
                    ],
                    [
                        "-67.90",
                        "44.41"
                    ],
                    [
                        "-65.87",
                        "44.32"
                    ],
                    [
                        "-64.36",
                        "44.82"
                    ],
                    [
                        "-63.15",
                        "45.09"
                    ],
                    [
                        "-61.71",
                        "45.20"
                    ]
                ]
            },
            "properties": {
                "forecastId": null,
                "geometryId": null,
                "tag": "1C",
                "forecastHour": 3,
                "hazard": "FZLVL",
                "frequency": null,
                "severity": null,
                "status": "NRML",
                "base": null,
                "top": null,
                "fzlBase": null,
                "fzlTop": null,
                "level": "120",
                "product": "ZULU",
                "rawAirSigmet": null,
                "validTimeTo": "2026-08-11T12:00:00.000",
                "validTimeFrom": [
                    "2026-08-11T10:03"
                ]
            }
        },
        {
            "type": "Feature",
            "geometry": {
                "type": "Polygon",
                "coordinates": [
                    [
                        [
                            "-104.58",
                            "28.77"
                        ],
                        [
                            "-104.10",
                            "28.57"
                        ],
                        [
                            "-103.69",
                            "28.07"
                        ],
                        [
                            "-103.25",
                            "27.65"
                        ],
                        [
                            "-102.81",
                            "27.30"
                        ],
                        [
                            "-102.38",
                            "26.95"
                        ],
                        [
                            "-102.24",
                            "26.47"
                        ],
                        [
                            "-102.75",
                            "26.29"
                        ],
                        [
                            "-103.57",
                            "26.35"
                        ],
                        [
                            "-103.99",
                            "26.54"
                        ],
                        [
                            "-104.42",
                            "26.86"
                        ],
                        [
                            "-104.88",
                            "27.37"
                        ],
                        [
                            "-105.02",
                            "27.78"
                        ],
                        [
                            "-104.96",
                            "28.40"
                        ],
                        [
                            "-104.58",
                            "28.77"
                        ]
                    ]
                ]
            },
            "properties": {
                "forecastId": null,
                "geometryId": null,
                "tag": "1C",
                "forecastHour": 3,
                "hazard": "FZLVL",
                "frequency": null,
                "severity": null,
                "status": "NRML",
                "base": null,
                "top": null,
                "fzlBase": null,
                "fzlTop": null,
                "level": "160",
                "product": "ZULU",
                "rawAirSigmet": null,
                "validTimeTo": "2026-08-11T12:00:00.000",
                "validTimeFrom": [
                    "2026-08-11T10:03"
                ]
            }
        },
        {
            "type": "Feature",
            "geometry": {
                "type": "Polygon",
                "coordinates": [
                    [
                        [
                            "-92.63",
                            "32.88"
                        ],
                        [
                            "-91.11",
                            "32.45"
                        ],
                        [
                            "-90.07",
                            "31.60"
                        ],
                        [
                            "-90.70",
                            "29.95"
                        ],
                        [
                            "-91.76",
                            "29.61"
                        ],
                        [
                            "-92.97",
                            "29.80"
                        ],
                        [
                            "-93.91",
                            "29.94"
                        ],
                        [
                            "-93.91",
                            "31.33"
                        ],
                        [
                            "-93.62",
                            "32.26"
                        ],
                        [
                            "-92.63",
                            "32.88"
                        ]
                    ]
                ]
            },
            "properties": {
                "forecastId": null,
                "geometryId": null,
                "tag": "1E",
                "forecastHour": 3,
                "hazard": "IFR",
                "frequency": null,
                "severity": null,
                "status": "AMD",
                "base": null,
                "top": null,
                "fzlBase": null,
                "fzlTop": null,
                "level": null,
                "product": "SIERRA",
                "rawAirSigmet": "CIG BLW 010 VIS BLW 3SM PCPN BR FG",
                "validTimeTo": "2026-08-11T12:00:00.000",
                "validTimeFrom": [
                    "2026-08-11T10:52"
                ]
            }
        },
        {
            "type": "Feature",
            "geometry": {
                "type": "Polygon",
                "coordinates": [
                    [
                        [
                            "-104.47",
                            "37.29"
                        ],
                        [
                            "-103.61",
                            "37.23"
                        ],
                        [
                            "-104.04",
                            "35.81"
                        ],
                        [
                            "-105.92",
                            "34.84"
                        ],
                        [
                            "-107.06",
                            "35.06"
                        ],
                        [
                            "-107.29",
                            "36.29"
                        ],
                        [
                            "-105.90",
                            "36.45"
                        ],
                        [
                            "-104.47",
                            "37.29"
                        ]
                    ]
                ]
            },
            "properties": {
                "forecastId": null,
                "geometryId": null,
                "tag": "3E",
                "forecastHour": 3,
                "hazard": "MT_OBSC",
                "frequency": null,
                "severity": null,
                "status": "NRML",
                "base": null,
                "top": null,
                "fzlBase": null,
                "fzlTop": null,
                "level": null,
                "product": "SIERRA",
                "rawAirSigmet": "FU HZ",
                "validTimeTo": "2026-08-11T12:00:00.000",
                "validTimeFrom": [
                    "2026-08-11T10:52"
                ]
            }
        },
        {
            "type": "Feature",
            "geometry": {
                "type": "Polygon",
                "coordinates": [
                    [
                        [
                            "-94.56",
                            "48.68"
                        ],
                        [
                            "-92.94",
                            "48.43"
                        ],
                        [
                            "-91.38",
                            "48.03"
                        ],
                        [
                            "-89.27",
                            "47.95"
                        ],
                        [
                            "-88.24",
                            "48.25"
                        ],
                        [
                            "-84.93",
                            "46.83"
                        ],
                        [
                            "-82.60",
                            "45.21"
                        ],
                        [
                            "-82.13",
                            "43.23"
                        ],
                        [
                            "-83.77",
                            "41.88"
                        ],
                        [
                            "-85.71",
                            "42.24"
                        ],
                        [
                            "-86.76",
                            "42.76"
                        ],
                        [
                            "-88.55",
                            "42.64"
                        ],
                        [
                            "-90.24",
                            "41.88"
                        ],
                        [
                            "-91.36",
                            "41.67"
                        ],
                        [
                            "-91.61",
                            "41.75"
                        ],
                        [
                            "-91.86",
                            "42.45"
                        ],
                        [
                            "-92.45",
                            "42.64"
                        ],
                        [
                            "-93.45",
                            "42.79"
                        ],
                        [
                            "-94.03",
                            "42.93"
                        ],
                        [
                            "-94.24",
                            "43.05"
                        ],
                        [
                            "-94.28",
                            "43.57"
                        ],
                        [
                            "-93.89",
                            "43.79"
                        ],
                        [
                            "-93.17",
                            "43.81"
                        ],
                        [
                            "-92.52",
                            "43.66"
                        ],
                        [
                            "-91.22",
                            "43.54"
                        ],
                        [
                            "-90.21",
                            "43.61"
                        ],
                        [
                            "-88.98",
                            "43.95"
                        ],
                        [
                            "-87.90",
                            "44.39"
                        ],
                        [
                            "-87.50",
                            "44.48"
                        ],
                        [
                            "-86.53",
                            "44.34"
                        ],
                        [
                            "-85.35",
                            "44.04"
                        ],
                        [
                            "-83.90",
                            "44.33"
                        ],
                        [
                            "-83.77",
                            "44.96"
                        ],
                        [
                            "-85.42",
                            "46.48"
                        ],
                        [
                            "-87.29",
                            "47.07"
                        ],
                        [
                            "-89.58",
                            "47.18"
                        ],
                        [
                            "-91.62",
                            "47.01"
                        ],
                        [
                            "-94.18",
                            "46.43"
                        ],
                        [
                            "-95.18",
                            "46.75"
                        ],
                        [
                            "-95.79",
                            "47.37"
                        ],
                        [
                            "-94.56",
                            "48.68"
                        ]
                    ]
                ]
            },
            "properties": {
                "forecastId": null,
                "geometryId": null,
                "tag": "2W",
                "forecastHour": 3,
                "hazard": "TURB-HI",
                "frequency": null,
                "severity": "MOD",
                "status": "NRML",
                "base": "280",
                "top": "380",
                "fzlBase": null,
                "fzlTop": null,
                "level": null,
                "product": "TANGO",
                "rawAirSigmet": null,
                "validTimeTo": "2026-08-11T12:00:00.000",
                "validTimeFrom": [
                    "2026-08-11T08:45"
                ]
            }
        },
        {
            "type": "Feature",
            "geometry": {
                "type": "Polygon",
                "coordinates": [
                    [
                        [
                            "-83.33",
                            "37.34"
                        ],
                        [
                            "-82.74",
                            "37.17"
                        ],
                        [
                            "-81.79",
                            "37.02"
                        ],
                        [
                            "-81.44",
                            "35.59"
                        ],
                        [
                            "-83.04",
                            "34.56"
                        ],
                        [
                            "-84.99",
                            "34.65"
                        ],
                        [
                            "-85.85",
                            "34.79"
                        ],
                        [
                            "-86.03",
                            "35.01"
                        ],
                        [
                            "-86.24",
                            "35.70"
                        ],
                        [
                            "-85.66",
                            "36.40"
                        ],
                        [
                            "-83.33",
                            "37.34"
                        ]
                    ]
                ]
            },
            "properties": {
                "forecastId": null,
                "geometryId": null,
                "tag": "6E",
                "forecastHour": 3,
                "hazard": "IFR",
                "frequency": null,
                "severity": null,
                "status": "AMD",
                "base": null,
                "top": null,
                "fzlBase": null,
                "fzlTop": null,
                "level": null,
                "product": "SIERRA",
                "rawAirSigmet": "CIG BLW 010 VIS BLW 3SM BR FG",
                "validTimeTo": "2026-08-11T12:00:00.000",
                "validTimeFrom": [
                    "2026-08-11T10:52"
                ]
            }
        },
        {
            "type": "Feature",
            "geometry": {
                "type": "Polygon",
                "coordinates": [
                    [
                        [
                            "-76.85",
                            "43.14"
                        ],
                        [
                            "-75.64",
                            "42.61"
                        ],
                        [
                            "-73.90",
                            "41.31"
                        ],
                        [
                            "-74.31",
                            "40.65"
                        ],
                        [
                            "-75.33",
                            "40.38"
                        ],
                        [
                            "-76.47",
                            "40.44"
                        ],
                        [
                            "-76.91",
                            "40.49"
                        ],
                        [
                            "-78.25",
                            "40.12"
                        ],
                        [
                            "-78.62",
                            "39.46"
                        ],
                        [
                            "-78.67",
                            "38.87"
                        ],
                        [
                            "-78.66",
                            "38.31"
                        ],
                        [
                            "-79.49",
                            "37.63"
                        ],
                        [
                            "-80.57",
                            "37.34"
                        ],
                        [
                            "-81.72",
                            "37.11"
                        ],
                        [
                            "-82.70",
                            "37.13"
                        ],
                        [
                            "-83.38",
                            "37.36"
                        ],
                        [
                            "-83.46",
                            "38.10"
                        ],
                        [
                            "-82.47",
                            "39.62"
                        ],
                        [
                            "-81.77",
                            "40.34"
                        ],
                        [
                            "-81.12",
                            "41.11"
                        ],
                        [
                            "-80.70",
                            "41.87"
                        ],
                        [
                            "-79.93",
                            "42.38"
                        ],
                        [
                            "-79.00",
                            "42.87"
                        ],
                        [
                            "-76.85",
                            "43.14"
                        ]
                    ]
                ]
            },
            "properties": {
                "forecastId": null,
                "geometryId": null,
                "tag": "5E",
                "forecastHour": 3,
                "hazard": "IFR",
                "frequency": null,
                "severity": null,
                "status": "AMD",
                "base": null,
                "top": null,
                "fzlBase": null,
                "fzlTop": null,
                "level": null,
                "product": "SIERRA",
                "rawAirSigmet": "CIG BLW 010 VIS BLW 3SM PCPN BR",
                "validTimeTo": "2026-08-11T12:00:00.000",
                "validTimeFrom": [
                    "2026-08-11T10:52"
                ]
            }
        },
        {
            "type": "Feature",
            "geometry": {
                "type": "LineString",
                "coordinates": [
                    [
                        "-71.23",
                        "17.73"
                    ],
                    [
                        "-71.04",
                        "18.06"
                    ],
                    [
                        "-70.77",
                        "18.39"
                    ],
                    [
                        "-70.77",
                        "18.39"
                    ],
                    [
                        "-70.51",
                        "18.71"
                    ],
                    [
                        "-70.27",
                        "18.97"
                    ],
                    [
                        "-70.20",
                        "19.03"
                    ],
                    [
                        "-69.82",
                        "19.25"
                    ],
                    [
                        "-69.68",
                        "19.30"
                    ],
                    [
                        "-69.41",
                        "19.37"
                    ],
                    [
                        "-69.00",
                        "19.42"
                    ],
                    [
                        "-68.61",
                        "19.43"
                    ]
                ]
            },
            "properties": {
                "forecastId": null,
                "geometryId": null,
                "tag": "1C",
                "forecastHour": 3,
                "hazard": "FZLVL",
                "frequency": null,
                "severity": null,
                "status": "NRML",
                "base": null,
                "top": null,
                "fzlBase": null,
                "fzlTop": null,
                "level": "160",
                "product": "ZULU",
                "rawAirSigmet": null,
                "validTimeTo": "2026-08-11T12:00:00.000",
                "validTimeFrom": [
                    "2026-08-11T10:03"
                ]
            }
        },
        {
            "type": "Feature",
            "geometry": {
                "type": "Polygon",
                "coordinates": [
                    [
                        [
                            "-124.69",
                            "42.33"
                        ],
                        [
                            "-124.48",
                            "42.20"
                        ],
                        [
                            "-124.44",
                            "41.79"
                        ],
                        [
                            "-124.63",
                            "41.53"
                        ],
                        [
                            "-124.72",
                            "41.19"
                        ],
                        [
                            "-125.13",
                            "40.75"
                        ],
                        [
                            "-125.33",
                            "40.61"
                        ],
                        [
                            "-125.63",
                            "40.60"
                        ],
                        [
                            "-125.74",
                            "41.46"
                        ],
                        [
                            "-125.41",
                            "41.84"
                        ],
                        [
                            "-125.13",
                            "42.16"
                        ],
                        [
                            "-124.69",
                            "42.33"
                        ]
                    ]
                ]
            },
            "properties": {
                "forecastId": null,
                "geometryId": null,
                "tag": "1W",
                "forecastHour": 3,
                "hazard": "SFC_WND",
                "frequency": null,
                "severity": null,
                "status": "NRML",
                "base": null,
                "top": null,
                "fzlBase": null,
                "fzlTop": null,
                "level": null,
                "product": "TANGO",
                "rawAirSigmet": "USTAINED SFC WINDS GREATER THAN 30 KTS",
                "validTimeTo": "2026-08-11T12:00:00.000",
                "validTimeFrom": [
                    "2026-08-11T08:45"
                ]
            }
        },
        {
            "type": "Feature",
            "geometry": {
                "type": "Polygon",
                "coordinates": [
                    [
                        [
                            "-123.86",
                            "39.53"
                        ],
                        [
                            "-122.35",
                            "38.50"
                        ],
                        [
                            "-122.05",
                            "37.92"
                        ],
                        [
                            "-121.28",
                            "36.88"
                        ],
                        [
                            "-121.16",
                            "36.10"
                        ],
                        [
                            "-120.30",
                            "35.40"
                        ],
                        [
                            "-119.99",
                            "34.70"
                        ],
                        [
                            "-119.01",
                            "34.44"
                        ],
                        [
                            "-117.93",
                            "34.00"
                        ],
                        [
                            "-117.10",
                            "33.08"
                        ],
                        [
                            "-116.78",
                            "32.39"
                        ],
                        [
                            "-120.63",
                            "30.86"
                        ],
                        [
                            "-122.87",
                            "33.96"
                        ],
                        [
                            "-123.89",
                            "35.59"
                        ],
                        [
                            "-124.89",
                            "36.86"
                        ],
                        [
                            "-124.50",
                            "37.94"
                        ],
                        [
                            "-124.81",
                            "39.15"
                        ],
                        [
                            "-123.86",
                            "39.53"
                        ]
                    ]
                ]
            },
            "properties": {
                "forecastId": null,
                "geometryId": null,
                "tag": "3E",
                "forecastHour": 3,
                "hazard": "IFR",
                "frequency": null,
                "severity": null,
                "status": "AMD",
                "base": null,
                "top": null,
                "fzlBase": null,
                "fzlTop": null,
                "level": null,
                "product": "SIERRA",
                "rawAirSigmet": "CIG BLW 010 VIS BLW 3SM BR",
                "validTimeTo": "2026-08-11T12:00:00.000",
                "validTimeFrom": [
                    "2026-08-11T10:52"
                ]
            }
        },
        {
            "type": "Feature",
            "geometry": {
                "type": "Polygon",
                "coordinates": [
                    [
                        [
                            "-94.85",
                            "43.19"
                        ],
                        [
                            "-94.15",
                            "43.04"
                        ],
                        [
                            "-93.56",
                            "42.76"
                        ],
                        [
                            "-92.78",
                            "42.66"
                        ],
                        [
                            "-91.46",
                            "42.35"
                        ],
                        [
                            "-90.29",
                            "41.81"
                        ],
                        [
                            "-89.82",
                            "41.00"
                        ],
                        [
                            "-90.65",
                            "40.24"
                        ],
                        [
                            "-92.38",
                            "38.80"
                        ],
                        [
                            "-95.60",
                            "36.77"
                        ],
                        [
                            "-97.70",
                            "36.41"
                        ],
                        [
                            "-98.77",
                            "36.85"
                        ],
                        [
                            "-98.81",
                            "37.68"
                        ],
                        [
                            "-99.24",
                            "38.47"
                        ],
                        [
                            "-100.08",
                            "38.60"
                        ],
                        [
                            "-99.66",
                            "39.62"
                        ],
                        [
                            "-98.40",
                            "41.00"
                        ],
                        [
                            "-97.14",
                            "40.92"
                        ],
                        [
                            "-96.38",
                            "41.17"
                        ],
                        [
                            "-96.29",
                            "42.00"
                        ],
                        [
                            "-94.85",
                            "43.19"
                        ]
                    ]
                ]
            },
            "properties": {
                "forecastId": null,
                "geometryId": null,
                "tag": "2W",
                "forecastHour": 3,
                "hazard": "LLWS",
                "frequency": null,
                "severity": null,
                "status": "NRML",
                "base": null,
                "top": null,
                "fzlBase": null,
                "fzlTop": null,
                "level": null,
                "product": "TANGO",
                "rawAirSigmet": "AIR SPEED LOSS OR GAIN OF 20KTS OR MORE BELOW 2000 FT AGL",
                "validTimeTo": "2026-08-11T12:00:00.000",
                "validTimeFrom": [
                    "2026-08-11T08:45"
                ]
            }
        },
        {
            "type": "Feature",
            "geometry": {
                "type": "Polygon",
                "coordinates": [
                    [
                        [
                            "-97.02",
                            "32.54"
                        ],
                        [
                            "-95.80",
                            "32.42"
                        ],
                        [
                            "-95.23",
                            "30.71"
                        ],
                        [
                            "-95.10",
                            "29.89"
                        ],
                        [
                            "-95.28",
                            "29.35"
                        ],
                        [
                            "-96.64",
                            "28.47"
                        ],
                        [
                            "-97.47",
                            "28.49"
                        ],
                        [
                            "-98.05",
                            "28.34"
                        ],
                        [
                            "-98.75",
                            "27.73"
                        ],
                        [
                            "-99.39",
                            "26.60"
                        ],
                        [
                            "-100.67",
                            "29.01"
                        ],
                        [
                            "-98.64",
                            "30.42"
                        ],
                        [
                            "-98.23",
                            "30.87"
                        ],
                        [
                            "-97.91",
                            "31.18"
                        ],
                        [
                            "-97.02",
                            "32.54"
                        ]
                    ]
                ]
            },
            "properties": {
                "forecastId": null,
                "geometryId": null,
                "tag": "4E",
                "forecastHour": 3,
                "hazard": "IFR",
                "frequency": null,
                "severity": null,
                "status": "AMD",
                "base": null,
                "top": null,
                "fzlBase": null,
                "fzlTop": null,
                "level": null,
                "product": "SIERRA",
                "rawAirSigmet": "CIG BLW 010 VIS BLW 3SM PCPN BR FG",
                "validTimeTo": "2026-08-11T12:00:00.000",
                "validTimeFrom": [
                    "2026-08-11T10:52"
                ]
            }
        },
        {
            "type": "Feature",
            "geometry": {
                "type": "Polygon",
                "coordinates": [
                    [
                        [
                            "-91.48",
                            "35.33"
                        ],
                        [
                            "-91.03",
                            "35.47"
                        ],
                        [
                            "-90.59",
                            "35.48"
                        ],
                        [
                            "-90.15",
                            "35.38"
                        ],
                        [
                            "-90.02",
                            "35.28"
                        ],
                        [
                            "-89.73",
                            "34.93"
                        ],
                        [
                            "-89.73",
                            "34.92"
                        ],
                        [
                            "-89.70",
                            "34.55"
                        ],
                        [
                            "-89.77",
                            "34.20"
                        ],
                        [
                            "-89.77",
                            "34.19"
                        ],
                        [
                            "-90.22",
                            "33.91"
                        ],
                        [
                            "-90.65",
                            "34.05"
                        ],
                        [
                            "-90.95",
                            "34.23"
                        ],
                        [
                            "-91.07",
                            "34.31"
                        ],
                        [
                            "-91.36",
                            "34.60"
                        ],
                        [
                            "-91.49",
                            "34.83"
                        ],
                        [
                            "-91.56",
                            "34.96"
                        ],
                        [
                            "-91.48",
                            "35.32"
                        ],
                        [
                            "-91.48",
                            "35.33"
                        ]
                    ]
                ]
            },
            "properties": {
                "forecastId": null,
                "geometryId": null,
                "tag": "1C",
                "forecastHour": 3,
                "hazard": "FZLVL",
                "frequency": null,
                "severity": null,
                "status": "NRML",
                "base": null,
                "top": null,
                "fzlBase": null,
                "fzlTop": null,
                "level": "160",
                "product": "ZULU",
                "rawAirSigmet": null,
                "validTimeTo": "2026-08-11T12:00:00.000",
                "validTimeFrom": [
                    "2026-08-11T10:03"
                ]
            }
        },
        {
            "type": "Feature",
            "geometry": {
                "type": "Polygon",
                "coordinates": [
                    [
                        [
                            "-87.47",
                            "47.88"
                        ],
                        [
                            "-84.78",
                            "46.70"
                        ],
                        [
                            "-83.97",
                            "46.03"
                        ],
                        [
                            "-82.53",
                            "45.27"
                        ],
                        [
                            "-82.10",
                            "43.88"
                        ],
                        [
                            "-82.16",
                            "43.13"
                        ],
                        [
                            "-83.30",
                            "42.04"
                        ],
                        [
                            "-82.06",
                            "41.03"
                        ],
                        [
                            "-82.94",
                            "40.02"
                        ],
                        [
                            "-83.99",
                            "39.60"
                        ],
                        [
                            "-85.11",
                            "39.63"
                        ],
                        [
                            "-86.75",
                            "39.87"
                        ],
                        [
                            "-88.47",
                            "40.26"
                        ],
                        [
                            "-91.27",
                            "41.21"
                        ],
                        [
                            "-94.47",
                            "41.69"
                        ],
                        [
                            "-97.63",
                            "41.49"
                        ],
                        [
                            "-98.80",
                            "41.41"
                        ],
                        [
                            "-100.16",
                            "41.70"
                        ],
                        [
                            "-102.72",
                            "42.35"
                        ],
                        [
                            "-103.11",
                            "42.76"
                        ],
                        [
                            "-103.39",
                            "43.27"
                        ],
                        [
                            "-103.35",
                            "44.53"
                        ],
                        [
                            "-102.96",
                            "45.87"
                        ],
                        [
                            "-101.84",
                            "46.69"
                        ],
                        [
                            "-100.60",
                            "46.62"
                        ],
                        [
                            "-98.68",
                            "45.55"
                        ],
                        [
                            "-95.67",
                            "45.53"
                        ],
                        [
                            "-91.99",
                            "44.37"
                        ],
                        [
                            "-90.13",
                            "44.63"
                        ],
                        [
                            "-88.19",
                            "45.64"
                        ],
                        [
                            "-87.78",
                            "46.07"
                        ],
                        [
                            "-87.61",
                            "46.78"
                        ],
                        [
                            "-87.62",
                            "47.52"
                        ],
                        [
                            "-87.47",
                            "47.88"
                        ]
                    ]
                ]
            },
            "properties": {
                "forecastId": null,
                "geometryId": null,
                "tag": "7E",
                "forecastHour": 3,
                "hazard": "IFR",
                "frequency": null,
                "severity": null,
                "status": "AMD",
                "base": null,
                "top": null,
                "fzlBase": null,
                "fzlTop": null,
                "level": null,
                "product": "SIERRA",
                "rawAirSigmet": "CIG BLW 010 VIS BLW 3SM PCPN BR FG",
                "validTimeTo": "2026-08-11T12:00:00.000",
                "validTimeFrom": [
                    "2026-08-11T10:52"
                ]
            }
        },
        {
            "type": "Feature",
            "geometry": {
                "type": "LineString",
                "coordinates": [
                    [
                        "-94.68",
                        "19.71"
                    ],
                    [
                        "-94.97",
                        "21.10"
                    ],
                    [
                        "-94.69",
                        "22.52"
                    ],
                    [
                        "-93.56",
                        "24.81"
                    ],
                    [
                        "-93.24",
                        "25.84"
                    ],
                    [
                        "-93.18",
                        "27.26"
                    ],
                    [
                        "-92.46",
                        "28.39"
                    ],
                    [
                        "-92.05",
                        "29.54"
                    ],
                    [
                        "-92.70",
                        "30.25"
                    ],
                    [
                        "-94.03",
                        "30.63"
                    ],
                    [
                        "-95.11",
                        "31.20"
                    ],
                    [
                        "-94.67",
                        "31.54"
                    ],
                    [
                        "-94.01",
                        "31.38"
                    ],
                    [
                        "-91.25",
                        "30.92"
                    ],
                    [
                        "-89.66",
                        "30.48"
                    ],
                    [
                        "-88.23",
                        "30.70"
                    ],
                    [
                        "-86.63",
                        "30.53"
                    ],
                    [
                        "-84.98",
                        "30.55"
                    ],
                    [
                        "-83.35",
                        "30.18"
                    ],
                    [
                        "-82.00",
                        "29.56"
                    ],
                    [
                        "-80.89",
                        "28.95"
                    ],
                    [
                        "-79.70",
                        "28.75"
                    ],
                    [
                        "-78.15",
                        "28.20"
                    ],
                    [
                        "-76.90",
                        "27.40"
                    ],
                    [
                        "-76.34",
                        "26.67"
                    ],
                    [
                        "-76.66",
                        "26.27"
                    ],
                    [
                        "-77.32",
                        "26.19"
                    ],
                    [
                        "-79.16",
                        "26.20"
                    ],
                    [
                        "-80.74",
                        "26.03"
                    ],
                    [
                        "-85.58",
                        "26.84"
                    ],
                    [
                        "-86.02",
                        "25.72"
                    ],
                    [
                        "-85.80",
                        "24.94"
                    ],
                    [
                        "-85.46",
                        "24.74"
                    ],
                    [
                        "-84.45",
                        "24.66"
                    ],
                    [
                        "-83.81",
                        "24.38"
                    ],
                    [
                        "-82.77",
                        "23.58"
                    ],
                    [
                        "-81.46",
                        "22.05"
                    ],
                    [
                        "-82.26",
                        "21.09"
                    ],
                    [
                        "-82.85",
                        "20.80"
                    ],
                    [
                        "-83.67",
                        "20.98"
                    ],
                    [
                        "-84.80",
                        "21.01"
                    ],
                    [
                        "-85.61",
                        "20.73"
                    ],
                    [
                        "-86.91",
                        "19.48"
                    ]
                ]
            },
            "properties": {
                "forecastId": null,
                "geometryId": null,
                "tag": "1C",
                "forecastHour": 3,
                "hazard": "FZLVL",
                "frequency": null,
                "severity": null,
                "status": "NRML",
                "base": null,
                "top": null,
                "fzlBase": null,
                "fzlTop": null,
                "level": "160",
                "product": "ZULU",
                "rawAirSigmet": null,
                "validTimeTo": "2026-08-11T12:00:00.000",
                "validTimeFrom": [
                    "2026-08-11T10:03"
                ]
            }
        },
        {
            "type": "Feature",
            "geometry": {
                "type": "Polygon",
                "coordinates": [
                    [
                        [
                            "-114.58",
                            "36.06"
                        ],
                        [
                            "-114.16",
                            "36.24"
                        ],
                        [
                            "-113.72",
                            "36.26"
                        ],
                        [
                            "-113.35",
                            "36.15"
                        ],
                        [
                            "-113.23",
                            "35.80"
                        ],
                        [
                            "-113.58",
                            "35.48"
                        ],
                        [
                            "-114.01",
                            "35.36"
                        ],
                        [
                            "-114.46",
                            "35.43"
                        ],
                        [
                            "-114.90",
                            "35.61"
                        ],
                        [
                            "-114.70",
                            "36.00"
                        ],
                        [
                            "-114.58",
                            "36.06"
                        ]
                    ]
                ]
            },
            "properties": {
                "forecastId": null,
                "geometryId": null,
                "tag": "1C",
                "forecastHour": 3,
                "hazard": "FZLVL",
                "frequency": null,
                "severity": null,
                "status": "NRML",
                "base": null,
                "top": null,
                "fzlBase": null,
                "fzlTop": null,
                "level": "160",
                "product": "ZULU",
                "rawAirSigmet": null,
                "validTimeTo": "2026-08-11T12:00:00.000",
                "validTimeFrom": [
                    "2026-08-11T10:03"
                ]
            }
        },
        {
            "type": "Feature",
            "geometry": {
                "type": "Polygon",
                "coordinates": [
                    [
                        [
                            "-72.64",
                            "41.97"
                        ],
                        [
                            "-71.62",
                            "41.73"
                        ],
                        [
                            "-70.85",
                            "41.12"
                        ],
                        [
                            "-70.23",
                            "40.16"
                        ],
                        [
                            "-70.44",
                            "39.41"
                        ],
                        [
                            "-70.92",
                            "38.25"
                        ],
                        [
                            "-72.27",
                            "37.52"
                        ],
                        [
                            "-73.52",
                            "37.41"
                        ],
                        [
                            "-74.55",
                            "37.39"
                        ],
                        [
                            "-75.70",
                            "37.64"
                        ],
                        [
                            "-76.05",
                            "37.93"
                        ],
                        [
                            "-75.82",
                            "38.31"
                        ],
                        [
                            "-75.42",
                            "38.75"
                        ],
                        [
                            "-74.93",
                            "39.02"
                        ],
                        [
                            "-74.07",
                            "39.61"
                        ],
                        [
                            "-73.66",
                            "40.43"
                        ],
                        [
                            "-73.59",
                            "41.39"
                        ],
                        [
                            "-72.64",
                            "41.97"
                        ]
                    ]
                ]
            },
            "properties": {
                "forecastId": null,
                "geometryId": null,
                "tag": "2W",
                "forecastHour": 3,
                "hazard": "TURB-HI",
                "frequency": null,
                "severity": "MOD",
                "status": "NRML",
                "base": "290",
                "top": "390",
                "fzlBase": null,
                "fzlTop": null,
                "level": null,
                "product": "TANGO",
                "rawAirSigmet": null,
                "validTimeTo": "2026-08-11T12:00:00.000",
                "validTimeFrom": [
                    "2026-08-11T08:45"
                ]
            }
        },
        {
            "type": "Feature",
            "geometry": {
                "type": "Polygon",
                "coordinates": [
                    [
                        [
                            "-113.04",
                            "48.93"
                        ],
                        [
                            "-111.40",
                            "47.39"
                        ],
                        [
                            "-109.80",
                            "48.50"
                        ],
                        [
                            "-105.97",
                            "43.02"
                        ],
                        [
                            "-107.17",
                            "42.53"
                        ],
                        [
                            "-108.86",
                            "42.26"
                        ],
                        [
                            "-110.45",
                            "42.09"
                        ],
                        [
                            "-111.67",
                            "42.30"
                        ],
                        [
                            "-112.29",
                            "42.02"
                        ],
                        [
                            "-112.94",
                            "41.16"
                        ],
                        [
                            "-113.55",
                            "41.03"
                        ],
                        [
                            "-114.73",
                            "41.54"
                        ],
                        [
                            "-116.19",
                            "41.56"
                        ],
                        [
                            "-116.83",
                            "40.79"
                        ],
                        [
                            "-117.83",
                            "40.50"
                        ],
                        [
                            "-119.05",
                            "40.85"
                        ],
                        [
                            "-119.70",
                            "41.17"
                        ],
                        [
                            "-120.63",
                            "41.10"
                        ],
                        [
                            "-122.03",
                            "41.46"
                        ],
                        [
                            "-122.54",
                            "41.91"
                        ],
                        [
                            "-122.59",
                            "42.98"
                        ],
                        [
                            "-122.31",
                            "43.51"
                        ],
                        [
                            "-121.82",
                            "43.99"
                        ],
                        [
                            "-121.70",
                            "44.54"
                        ],
                        [
                            "-121.85",
                            "45.10"
                        ],
                        [
                            "-121.47",
                            "45.64"
                        ],
                        [
                            "-120.88",
                            "45.79"
                        ],
                        [
                            "-119.96",
                            "46.58"
                        ],
                        [
                            "-121.10",
                            "48.00"
                        ],
                        [
                            "-121.09",
                            "48.87"
                        ],
                        [
                            "-120.05",
                            "48.86"
                        ],
                        [
                            "-117.78",
                            "48.84"
                        ],
                        [
                            "-113.04",
                            "48.93"
                        ]
                    ]
                ]
            },
            "properties": {
                "forecastId": null,
                "geometryId": null,
                "tag": "1E",
                "forecastHour": 3,
                "hazard": "MT_OBSC",
                "frequency": null,
                "severity": null,
                "status": "NRML",
                "base": null,
                "top": null,
                "fzlBase": null,
                "fzlTop": null,
                "level": null,
                "product": "SIERRA",
                "rawAirSigmet": "FU HZ",
                "validTimeTo": "2026-08-11T12:00:00.000",
                "validTimeFrom": [
                    "2026-08-11T10:52"
                ]
            }
        },
        {
            "type": "Feature",
            "geometry": {
                "type": "Polygon",
                "coordinates": [
                    [
                        [
                            "-69.13",
                            "47.61"
                        ],
                        [
                            "-67.81",
                            "47.13"
                        ],
                        [
                            "-68.79",
                            "45.70"
                        ],
                        [
                            "-68.25",
                            "44.97"
                        ],
                        [
                            "-67.05",
                            "44.78"
                        ],
                        [
                            "-66.89",
                            "43.89"
                        ],
                        [
                            "-67.01",
                            "42.91"
                        ],
                        [
                            "-68.92",
                            "42.64"
                        ],
                        [
                            "-70.45",
                            "42.73"
                        ],
                        [
                            "-72.14",
                            "43.19"
                        ],
                        [
                            "-74.63",
                            "44.15"
                        ],
                        [
                            "-74.61",
                            "44.92"
                        ],
                        [
                            "-71.10",
                            "45.20"
                        ],
                        [
                            "-69.13",
                            "47.61"
                        ]
                    ]
                ]
            },
            "properties": {
                "forecastId": null,
                "geometryId": null,
                "tag": "8E",
                "forecastHour": 3,
                "hazard": "IFR",
                "frequency": null,
                "severity": null,
                "status": "NRML",
                "base": null,
                "top": null,
                "fzlBase": null,
                "fzlTop": null,
                "level": null,
                "product": "SIERRA",
                "rawAirSigmet": "CIG BLW 010 VIS BLW 3SM BR FG",
                "validTimeTo": "2026-08-11T12:00:00.000",
                "validTimeFrom": [
                    "2026-08-11T10:52"
                ]
            }
        },
        {
            "type": "Feature",
            "geometry": {
                "type": "Polygon",
                "coordinates": [
                    [
                        [
                            "-78.49",
                            "42.41"
                        ],
                        [
                            "-75.68",
                            "41.01"
                        ],
                        [
                            "-76.85",
                            "40.36"
                        ],
                        [
                            "-77.80",
                            "40.38"
                        ],
                        [
                            "-78.24",
                            "39.67"
                        ],
                        [
                            "-78.34",
                            "38.60"
                        ],
                        [
                            "-78.97",
                            "37.86"
                        ],
                        [
                            "-79.80",
                            "36.75"
                        ],
                        [
                            "-80.20",
                            "36.19"
                        ],
                        [
                            "-81.08",
                            "35.82"
                        ],
                        [
                            "-82.02",
                            "35.23"
                        ],
                        [
                            "-84.80",
                            "34.31"
                        ],
                        [
                            "-85.15",
                            "35.01"
                        ],
                        [
                            "-85.08",
                            "36.68"
                        ],
                        [
                            "-83.57",
                            "37.64"
                        ],
                        [
                            "-82.00",
                            "38.83"
                        ],
                        [
                            "-79.07",
                            "42.18"
                        ],
                        [
                            "-78.49",
                            "42.41"
                        ]
                    ]
                ]
            },
            "properties": {
                "forecastId": null,
                "geometryId": null,
                "tag": "2E",
                "forecastHour": 3,
                "hazard": "MT_OBSC",
                "frequency": null,
                "severity": null,
                "status": "NRML",
                "base": null,
                "top": null,
                "fzlBase": null,
                "fzlTop": null,
                "level": null,
                "product": "SIERRA",
                "rawAirSigmet": "MTNS OBSC BY CLDS PCPN BR FG",
                "validTimeTo": "2026-08-11T12:00:00.000",
                "validTimeFrom": [
                    "2026-08-11T10:52"
                ]
            }
        },
        {
            "type": "Feature",
            "geometry": {
                "type": "Polygon",
                "coordinates": [
                    [
                        [
                            "-122.54",
                            "48.96"
                        ],
                        [
                            "-122.10",
                            "48.11"
                        ],
                        [
                            "-122.22",
                            "47.17"
                        ],
                        [
                            "-122.65",
                            "46.26"
                        ],
                        [
                            "-123.23",
                            "44.95"
                        ],
                        [
                            "-123.74",
                            "44.08"
                        ],
                        [
                            "-123.92",
                            "43.39"
                        ],
                        [
                            "-123.92",
                            "42.36"
                        ],
                        [
                            "-123.76",
                            "41.13"
                        ],
                        [
                            "-123.76",
                            "40.79"
                        ],
                        [
                            "-124.19",
                            "40.62"
                        ],
                        [
                            "-124.37",
                            "42.94"
                        ],
                        [
                            "-124.13",
                            "45.92"
                        ],
                        [
                            "-124.65",
                            "48.26"
                        ],
                        [
                            "-122.54",
                            "48.96"
                        ]
                    ]
                ]
            },
            "properties": {
                "forecastId": null,
                "geometryId": null,
                "tag": "5E",
                "forecastHour": 3,
                "hazard": "MT_OBSC",
                "frequency": null,
                "severity": null,
                "status": "NRML",
                "base": null,
                "top": null,
                "fzlBase": null,
                "fzlTop": null,
                "level": null,
                "product": "SIERRA",
                "rawAirSigmet": "MTNS OBSC BY CLDS BR",
                "validTimeTo": "2026-08-11T12:00:00.000",
                "validTimeFrom": [
                    "2026-08-11T10:52"
                ]
            }
        },
        {
            "type": "Feature",
            "geometry": {
                "type": "LineString",
                "coordinates": [
                    [
                        "-82.38",
                        "19.16"
                    ],
                    [
                        "-82.26",
                        "19.34"
                    ],
                    [
                        "-82.11",
                        "19.50"
                    ],
                    [
                        "-81.84",
                        "19.68"
                    ],
                    [
                        "-81.44",
                        "19.76"
                    ],
                    [
                        "-81.08",
                        "19.77"
                    ],
                    [
                        "-81.05",
                        "19.77"
                    ],
                    [
                        "-81.03",
                        "19.76"
                    ],
                    [
                        "-80.68",
                        "19.63"
                    ],
                    [
                        "-80.56",
                        "19.35"
                    ],
                    [
                        "-80.61",
                        "18.99"
                    ]
                ]
            },
            "properties": {
                "forecastId": null,
                "geometryId": null,
                "tag": "1C",
                "forecastHour": 3,
                "hazard": "FZLVL",
                "frequency": null,
                "severity": null,
                "status": "NRML",
                "base": null,
                "top": null,
                "fzlBase": null,
                "fzlTop": null,
                "level": "160",
                "product": "ZULU",
                "rawAirSigmet": null,
                "validTimeTo": "2026-08-11T12:00:00.000",
                "validTimeFrom": [
                    "2026-08-11T10:03"
                ]
            }
        },
        {
            "type": "Feature",
            "geometry": {
                "type": "LineString",
                "coordinates": [
                    [
                        "-128.25",
                        "24.46"
                    ],
                    [
                        "-127.11",
                        "24.83"
                    ],
                    [
                        "-125.95",
                        "25.14"
                    ],
                    [
                        "-125.10",
                        "25.06"
                    ],
                    [
                        "-124.43",
                        "24.48"
                    ],
                    [
                        "-124.00",
                        "23.45"
                    ],
                    [
                        "-123.59",
                        "22.78"
                    ],
                    [
                        "-123.45",
                        "21.69"
                    ],
                    [
                        "-123.61",
                        "20.91"
                    ],
                    [
                        "-123.29",
                        "19.86"
                    ],
                    [
                        "-122.56",
                        "19.36"
                    ],
                    [
                        "-121.86",
                        "19.77"
                    ],
                    [
                        "-121.09",
                        "19.86"
                    ],
                    [
                        "-120.48",
                        "19.28"
                    ],
                    [
                        "-120.28",
                        "18.20"
                    ],
                    [
                        "-120.28",
                        "17.46"
                    ]
                ]
            },
            "properties": {
                "forecastId": null,
                "geometryId": null,
                "tag": "1C",
                "forecastHour": 3,
                "hazard": "FZLVL",
                "frequency": null,
                "severity": null,
                "status": "NRML",
                "base": null,
                "top": null,
                "fzlBase": null,
                "fzlTop": null,
                "level": "160",
                "product": "ZULU",
                "rawAirSigmet": null,
                "validTimeTo": "2026-08-11T12:00:00.000",
                "validTimeFrom": [
                    "2026-08-11T10:03"
                ]
            }
        },
        {
            "type": "Feature",
            "geometry": {
                "type": "Polygon",
                "coordinates": [
                    [
                        [
                            "-100.17",
                            "23.29"
                        ],
                        [
                            "-99.78",
                            "23.36"
                        ],
                        [
                            "-99.76",
                            "23.28"
                        ],
                        [
                            "-99.76",
                            "23.03"
                        ],
                        [
                            "-99.77",
                            "22.92"
                        ],
                        [
                            "-100.14",
                            "22.60"
                        ],
                        [
                            "-100.55",
                            "22.82"
                        ],
                        [
                            "-100.61",
                            "22.89"
                        ],
                        [
                            "-100.55",
                            "22.95"
                        ],
                        [
                            "-100.19",
                            "23.27"
                        ],
                        [
                            "-100.17",
                            "23.29"
                        ]
                    ]
                ]
            },
            "properties": {
                "forecastId": null,
                "geometryId": null,
                "tag": "1C",
                "forecastHour": 3,
                "hazard": "FZLVL",
                "frequency": null,
                "severity": null,
                "status": "NRML",
                "base": null,
                "top": null,
                "fzlBase": null,
                "fzlTop": null,
                "level": "160",
                "product": "ZULU",
                "rawAirSigmet": null,
                "validTimeTo": "2026-08-11T12:00:00.000",
                "validTimeFrom": [
                    "2026-08-11T10:03"
                ]
            }
        },
        {
            "type": "Feature",
            "geometry": {
                "type": "Polygon",
                "coordinates": [
                    [
                        [
                            "-94.83",
                            "49.19"
                        ],
                        [
                            "-93.37",
                            "48.50"
                        ],
                        [
                            "-90.18",
                            "48.02"
                        ],
                        [
                            "-88.49",
                            "48.31"
                        ],
                        [
                            "-89.49",
                            "46.88"
                        ],
                        [
                            "-90.47",
                            "46.01"
                        ],
                        [
                            "-92.50",
                            "45.48"
                        ],
                        [
                            "-94.21",
                            "45.78"
                        ],
                        [
                            "-95.48",
                            "46.74"
                        ],
                        [
                            "-95.98",
                            "47.69"
                        ],
                        [
                            "-97.03",
                            "49.09"
                        ],
                        [
                            "-94.83",
                            "49.19"
                        ]
                    ]
                ]
            },
            "properties": {
                "forecastId": null,
                "geometryId": null,
                "tag": "13E",
                "forecastHour": 3,
                "hazard": "IFR",
                "frequency": null,
                "severity": null,
                "status": "NEW",
                "base": null,
                "top": null,
                "fzlBase": null,
                "fzlTop": null,
                "level": null,
                "product": "SIERRA",
                "rawAirSigmet": "CIG BLW 010 VIS BLW 3SM BR FG",
                "validTimeTo": "2026-08-11T12:00:00.000",
                "validTimeFrom": [
                    "2026-08-11T10:52"
                ]
            }
        },
        {
            "type": "Feature",
            "geometry": {
                "type": "Polygon",
                "coordinates": [
                    [
                        [
                            "-73.46",
                            "45.01"
                        ],
                        [
                            "-72.07",
                            "42.87"
                        ],
                        [
                            "-74.02",
                            "41.87"
                        ],
                        [
                            "-75.64",
                            "40.92"
                        ],
                        [
                            "-78.41",
                            "42.41"
                        ],
                        [
                            "-76.25",
                            "43.19"
                        ],
                        [
                            "-74.78",
                            "44.86"
                        ],
                        [
                            "-73.46",
                            "45.01"
                        ]
                    ]
                ]
            },
            "properties": {
                "forecastId": null,
                "geometryId": null,
                "tag": "2E",
                "forecastHour": 3,
                "hazard": "MT_OBSC",
                "frequency": null,
                "severity": null,
                "status": "NRML",
                "base": null,
                "top": null,
                "fzlBase": null,
                "fzlTop": null,
                "level": null,
                "product": "SIERRA",
                "rawAirSigmet": "MTNS OBSC BY CLDS BR",
                "validTimeTo": "2026-08-11T12:00:00.000",
                "validTimeFrom": [
                    "2026-08-11T10:52"
                ]
            }
        },
        {
            "type": "Feature",
            "geometry": {
                "type": "Polygon",
                "coordinates": [
                    [
                        [
                            "-122.85",
                            "38.70"
                        ],
                        [
                            "-121.61",
                            "36.89"
                        ],
                        [
                            "-120.65",
                            "35.52"
                        ],
                        [
                            "-120.17",
                            "34.82"
                        ],
                        [
                            "-118.11",
                            "34.06"
                        ],
                        [
                            "-117.32",
                            "33.37"
                        ],
                        [
                            "-116.91",
                            "32.75"
                        ],
                        [
                            "-117.34",
                            "32.76"
                        ],
                        [
                            "-118.42",
                            "33.93"
                        ],
                        [
                            "-120.54",
                            "34.53"
                        ],
                        [
                            "-123.21",
                            "38.67"
                        ],
                        [
                            "-122.85",
                            "38.70"
                        ]
                    ]
                ]
            },
            "properties": {
                "forecastId": null,
                "geometryId": null,
                "tag": "4E",
                "forecastHour": 3,
                "hazard": "MT_OBSC",
                "frequency": null,
                "severity": null,
                "status": "NRML",
                "base": null,
                "top": null,
                "fzlBase": null,
                "fzlTop": null,
                "level": null,
                "product": "SIERRA",
                "rawAirSigmet": "MTNS OBSC BY CLDS BR",
                "validTimeTo": "2026-08-11T12:00:00.000",
                "validTimeFrom": [
                    "2026-08-11T10:52"
                ]
            }
        }
    ],
    "metadata": {
        "creationTime": "2026-08-11T10:57"
    }
}