{
    "type": "FeatureCollection",
    "features": [
        {
            "type": "Feature",
            "geometry": {
                "type": "LineString",
                "coordinates": [
                    [
                        "-137.57",
                        "49.97"
                    ],
                    [
                        "-137.07",
                        "50.04"
                    ],
                    [
                        "-136.59",
                        "50.15"
                    ],
                    [
                        "-136.15",
                        "50.36"
                    ],
                    [
                        "-135.88",
                        "50.58"
                    ],
                    [
                        "-135.78",
                        "50.69"
                    ],
                    [
                        "-135.58",
                        "50.98"
                    ],
                    [
                        "-135.49",
                        "51.20"
                    ],
                    [
                        "-135.42",
                        "51.35"
                    ],
                    [
                        "-135.22",
                        "51.73"
                    ],
                    [
                        "-135.21",
                        "51.74"
                    ],
                    [
                        "-135.03",
                        "52.10"
                    ],
                    [
                        "-134.95",
                        "52.32"
                    ],
                    [
                        "-134.90",
                        "52.46"
                    ],
                    [
                        "-134.87",
                        "52.80"
                    ],
                    [
                        "-134.96",
                        "53.12"
                    ],
                    [
                        "-135.15",
                        "53.41"
                    ],
                    [
                        "-135.41",
                        "53.70"
                    ]
                ]
            },
            "properties": {
                "forecastId": null,
                "geometryId": null,
                "tag": "1C",
                "forecastHour": 3,
                "hazard": "FZLVL",
                "frequency": null,
                "severity": null,
                "status": "NRML",
                "base": null,
                "top": null,
                "fzlBase": null,
                "fzlTop": null,
                "level": "080",
                "product": "ZULU",
                "rawAirSigmet": null,
                "validTimeTo": "2026-07-30T12:00:00.000",
                "validTimeFrom": [
                    "2026-07-30T11:37"
                ]
            }
        },
        {
            "type": "Feature",
            "geometry": {
                "type": "Polygon",
                "coordinates": [
                    [
                        [
                            "-104.18",
                            "47.38"
                        ],
                        [
                            "-102.97",
                            "47.28"
                        ],
                        [
                            "-102.31",
                            "46.38"
                        ],
                        [
                            "-102.90",
                            "45.51"
                        ],
                        [
                            "-103.11",
                            "44.17"
                        ],
                        [
                            "-103.87",
                            "43.19"
                        ],
                        [
                            "-104.84",
                            "42.75"
                        ],
                        [
                            "-106.29",
                            "42.47"
                        ],
                        [
                            "-107.46",
                            "42.68"
                        ],
                        [
                            "-108.26",
                            "43.51"
                        ],
                        [
                            "-107.88",
                            "45.03"
                        ],
                        [
                            "-106.74",
                            "46.31"
                        ],
                        [
                            "-105.49",
                            "47.07"
                        ],
                        [
                            "-104.18",
                            "47.38"
                        ]
                    ]
                ]
            },
            "properties": {
                "forecastId": null,
                "geometryId": null,
                "tag": "4C",
                "forecastHour": 3,
                "hazard": "ICE",
                "frequency": null,
                "severity": "MOD",
                "status": "NRML",
                "base": "150",
                "top": "260",
                "fzlBase": null,
                "fzlTop": null,
                "level": null,
                "product": "ZULU",
                "rawAirSigmet": "ICE",
                "validTimeTo": "2026-07-30T12:00:00.000",
                "validTimeFrom": [
                    "2026-07-30T11:37"
                ]
            }
        },
        {
            "type": "Feature",
            "geometry": {
                "type": "Polygon",
                "coordinates": [
                    [
                        [
                            "-79.35",
                            "39.54"
                        ],
                        [
                            "-78.81",
                            "39.24"
                        ],
                        [
                            "-79.16",
                            "38.61"
                        ],
                        [
                            "-80.55",
                            "37.21"
                        ],
                        [
                            "-82.02",
                            "36.94"
                        ],
                        [
                            "-82.75",
                            "35.13"
                        ],
                        [
                            "-84.18",
                            "34.62"
                        ],
                        [
                            "-84.75",
                            "35.06"
                        ],
                        [
                            "-84.41",
                            "35.88"
                        ],
                        [
                            "-83.79",
                            "36.16"
                        ],
                        [
                            "-82.79",
                            "36.81"
                        ],
                        [
                            "-82.21",
                            "37.89"
                        ],
                        [
                            "-81.75",
                            "38.64"
                        ],
                        [
                            "-80.78",
                            "39.54"
                        ],
                        [
                            "-79.35",
                            "39.54"
                        ]
                    ]
                ]
            },
            "properties": {
                "forecastId": null,
                "geometryId": null,
                "tag": "3E",
                "forecastHour": 3,
                "hazard": "MT_OBSC",
                "frequency": null,
                "severity": null,
                "status": "NRML",
                "base": null,
                "top": null,
                "fzlBase": null,
                "fzlTop": null,
                "level": null,
                "product": "SIERRA",
                "rawAirSigmet": "BR FG",
                "validTimeTo": "2026-07-30T12:00:00.000",
                "validTimeFrom": [
                    "2026-07-30T08:45"
                ]
            }
        },
        {
            "type": "Feature",
            "geometry": {
                "type": "Polygon",
                "coordinates": [
                    [
                        [
                            "-69.91",
                            "44.40"
                        ],
                        [
                            "-69.99",
                            "44.01"
                        ],
                        [
                            "-71.37",
                            "43.03"
                        ],
                        [
                            "-72.02",
                            "42.01"
                        ],
                        [
                            "-73.33",
                            "42.38"
                        ],
                        [
                            "-73.21",
                            "43.18"
                        ],
                        [
                            "-72.21",
                            "43.76"
                        ],
                        [
                            "-71.29",
                            "44.13"
                        ],
                        [
                            "-69.91",
                            "44.40"
                        ]
                    ]
                ]
            },
            "properties": {
                "forecastId": null,
                "geometryId": null,
                "tag": "1W",
                "forecastHour": 3,
                "hazard": "TURB-LO",
                "frequency": null,
                "severity": "MOD",
                "status": "NRML",
                "base": "020",
                "top": "100",
                "fzlBase": null,
                "fzlTop": null,
                "level": null,
                "product": "TANGO",
                "rawAirSigmet": null,
                "validTimeTo": "2026-07-30T12:00:00.000",
                "validTimeFrom": [
                    "2026-07-30T08:45"
                ]
            }
        },
        {
            "type": "Feature",
            "geometry": {
                "type": "Polygon",
                "coordinates": [
                    [
                        [
                            "-84.47",
                            "30.10"
                        ],
                        [
                            "-84.05",
                            "30.12"
                        ],
                        [
                            "-83.63",
                            "30.12"
                        ],
                        [
                            "-83.21",
                            "30.06"
                        ],
                        [
                            "-82.93",
                            "29.83"
                        ],
                        [
                            "-82.91",
                            "29.46"
                        ],
                        [
                            "-83.13",
                            "29.11"
                        ],
                        [
                            "-83.32",
                            "28.95"
                        ],
                        [
                            "-83.75",
                            "28.88"
                        ],
                        [
                            "-84.16",
                            "28.95"
                        ],
                        [
                            "-84.56",
                            "29.10"
                        ],
                        [
                            "-84.82",
                            "29.23"
                        ],
                        [
                            "-84.95",
                            "29.48"
                        ],
                        [
                            "-85.04",
                            "29.61"
                        ],
                        [
                            "-84.92",
                            "29.86"
                        ],
                        [
                            "-84.87",
                            "29.97"
                        ],
                        [
                            "-84.47",
                            "30.10"
                        ]
                    ]
                ]
            },
            "properties": {
                "forecastId": null,
                "geometryId": null,
                "tag": "1C",
                "forecastHour": 3,
                "hazard": "FZLVL",
                "frequency": null,
                "severity": null,
                "status": "NRML",
                "base": null,
                "top": null,
                "fzlBase": null,
                "fzlTop": null,
                "level": "160",
                "product": "ZULU",
                "rawAirSigmet": null,
                "validTimeTo": "2026-07-30T12:00:00.000",
                "validTimeFrom": [
                    "2026-07-30T11:37"
                ]
            }
        },
        {
            "type": "Feature",
            "geometry": {
                "type": "Polygon",
                "coordinates": [
                    [
                        [
                            "-97.78",
                            "41.80"
                        ],
                        [
                            "-96.74",
                            "41.31"
                        ],
                        [
                            "-96.74",
                            "40.58"
                        ],
                        [
                            "-97.88",
                            "39.99"
                        ],
                        [
                            "-98.41",
                            "39.19"
                        ],
                        [
                            "-99.41",
                            "38.70"
                        ],
                        [
                            "-100.65",
                            "38.81"
                        ],
                        [
                            "-101.24",
                            "39.67"
                        ],
                        [
                            "-100.76",
                            "40.86"
                        ],
                        [
                            "-99.17",
                            "41.69"
                        ],
                        [
                            "-97.78",
                            "41.80"
                        ]
                    ]
                ]
            },
            "properties": {
                "forecastId": null,
                "geometryId": null,
                "tag": "2C",
                "forecastHour": 3,
                "hazard": "ICE",
                "frequency": null,
                "severity": "MOD",
                "status": "AMD",
                "base": "160",
                "top": "260",
                "fzlBase": null,
                "fzlTop": null,
                "level": null,
                "product": "ZULU",
                "rawAirSigmet": "ICE",
                "validTimeTo": "2026-07-30T12:00:00.000",
                "validTimeFrom": [
                    "2026-07-30T11:37"
                ]
            }
        },
        {
            "type": "Feature",
            "geometry": {
                "type": "Polygon",
                "coordinates": [
                    [
                        [
                            "-82.24",
                            "35.04"
                        ],
                        [
                            "-81.80",
                            "35.04"
                        ],
                        [
                            "-81.37",
                            "34.92"
                        ],
                        [
                            "-81.22",
                            "34.79"
                        ],
                        [
                            "-81.33",
                            "34.43"
                        ],
                        [
                            "-81.44",
                            "34.37"
                        ],
                        [
                            "-81.89",
                            "34.29"
                        ],
                        [
                            "-82.31",
                            "34.43"
                        ],
                        [
                            "-82.46",
                            "34.52"
                        ],
                        [
                            "-82.60",
                            "34.90"
                        ],
                        [
                            "-82.24",
                            "35.04"
                        ]
                    ]
                ]
            },
            "properties": {
                "forecastId": null,
                "geometryId": null,
                "tag": "1C",
                "forecastHour": 3,
                "hazard": "FZLVL",
                "frequency": null,
                "severity": null,
                "status": "NRML",
                "base": null,
                "top": null,
                "fzlBase": null,
                "fzlTop": null,
                "level": "160",
                "product": "ZULU",
                "rawAirSigmet": null,
                "validTimeTo": "2026-07-30T12:00:00.000",
                "validTimeFrom": [
                    "2026-07-30T11:37"
                ]
            }
        },
        {
            "type": "Feature",
            "geometry": {
                "type": "LineString",
                "coordinates": [
                    [
                        "-132.97",
                        "55.05"
                    ],
                    [
                        "-132.41",
                        "55.06"
                    ],
                    [
                        "-131.82",
                        "54.97"
                    ],
                    [
                        "-131.80",
                        "54.96"
                    ],
                    [
                        "-131.18",
                        "54.74"
                    ],
                    [
                        "-131.12",
                        "54.72"
                    ],
                    [
                        "-130.63",
                        "54.51"
                    ],
                    [
                        "-130.42",
                        "54.42"
                    ],
                    [
                        "-130.08",
                        "54.27"
                    ],
                    [
                        "-129.73",
                        "54.12"
                    ],
                    [
                        "-129.52",
                        "54.03"
                    ],
                    [
                        "-129.06",
                        "53.85"
                    ],
                    [
                        "-128.83",
                        "53.81"
                    ],
                    [
                        "-128.46",
                        "53.75"
                    ],
                    [
                        "-127.93",
                        "53.80"
                    ],
                    [
                        "-127.46",
                        "53.99"
                    ],
                    [
                        "-127.42",
                        "54.01"
                    ],
                    [
                        "-127.05",
                        "54.32"
                    ],
                    [
                        "-126.98",
                        "54.40"
                    ],
                    [
                        "-126.74",
                        "54.75"
                    ],
                    [
                        "-126.71",
                        "54.84"
                    ],
                    [
                        "-126.56",
                        "55.10"
                    ],
                    [
                        "-126.48",
                        "55.43"
                    ],
                    [
                        "-126.48",
                        "55.64"
                    ],
                    [
                        "-126.47",
                        "55.75"
                    ],
                    [
                        "-126.54",
                        "56.05"
                    ],
                    [
                        "-126.67",
                        "56.35"
                    ]
                ]
            },
            "properties": {
                "forecastId": null,
                "geometryId": null,
                "tag": "1C",
                "forecastHour": 3,
                "hazard": "FZLVL",
                "frequency": null,
                "severity": null,
                "status": "NRML",
                "base": null,
                "top": null,
                "fzlBase": null,
                "fzlTop": null,
                "level": "080",
                "product": "ZULU",
                "rawAirSigmet": null,
                "validTimeTo": "2026-07-30T12:00:00.000",
                "validTimeFrom": [
                    "2026-07-30T11:37"
                ]
            }
        },
        {
            "type": "Feature",
            "geometry": {
                "type": "Polygon",
                "coordinates": [
                    [
                        [
                            "-69.31",
                            "47.63"
                        ],
                        [
                            "-67.89",
                            "47.26"
                        ],
                        [
                            "-67.76",
                            "45.94"
                        ],
                        [
                            "-67.17",
                            "44.87"
                        ],
                        [
                            "-67.07",
                            "43.61"
                        ],
                        [
                            "-68.45",
                            "43.35"
                        ],
                        [
                            "-69.77",
                            "43.65"
                        ],
                        [
                            "-71.37",
                            "43.33"
                        ],
                        [
                            "-71.84",
                            "42.61"
                        ],
                        [
                            "-71.50",
                            "41.78"
                        ],
                        [
                            "-70.60",
                            "41.07"
                        ],
                        [
                            "-70.28",
                            "40.14"
                        ],
                        [
                            "-71.11",
                            "39.12"
                        ],
                        [
                            "-72.41",
                            "38.73"
                        ],
                        [
                            "-73.63",
                            "39.16"
                        ],
                        [
                            "-74.02",
                            "40.07"
                        ],
                        [
                            "-73.43",
                            "40.80"
                        ],
                        [
                            "-73.69",
                            "41.81"
                        ],
                        [
                            "-74.77",
                            "42.58"
                        ],
                        [
                            "-75.22",
                            "43.34"
                        ],
                        [
                            "-74.96",
                            "44.30"
                        ],
                        [
                            "-73.97",
                            "45.02"
                        ],
                        [
                            "-70.96",
                            "45.08"
                        ],
                        [
                            "-69.31",
                            "47.63"
                        ]
                    ]
                ]
            },
            "properties": {
                "forecastId": null,
                "geometryId": null,
                "tag": "1C",
                "forecastHour": 3,
                "hazard": "ICE",
                "frequency": null,
                "severity": "MOD",
                "status": "NRML",
                "base": "110",
                "top": "250",
                "fzlBase": null,
                "fzlTop": null,
                "level": null,
                "product": "ZULU",
                "rawAirSigmet": "ICE",
                "validTimeTo": "2026-07-30T12:00:00.000",
                "validTimeFrom": [
                    "2026-07-30T11:37"
                ]
            }
        },
        {
            "type": "Feature",
            "geometry": {
                "type": "LineString",
                "coordinates": [
                    [
                        "-123.35",
                        "16.88"
                    ],
                    [
                        "-124.28",
                        "17.43"
                    ],
                    [
                        "-124.84",
                        "18.42"
                    ],
                    [
                        "-125.03",
                        "19.82"
                    ],
                    [
                        "-124.79",
                        "20.67"
                    ],
                    [
                        "-124.28",
                        "21.67"
                    ],
                    [
                        "-123.20",
                        "22.11"
                    ],
                    [
                        "-122.06",
                        "21.96"
                    ],
                    [
                        "-121.07",
                        "21.66"
                    ],
                    [
                        "-119.82",
                        "21.24"
                    ],
                    [
                        "-119.11",
                        "20.62"
                    ],
                    [
                        "-118.47",
                        "19.62"
                    ],
                    [
                        "-118.15",
                        "18.20"
                    ],
                    [
                        "-118.12",
                        "17.84"
                    ]
                ]
            },
            "properties": {
                "forecastId": null,
                "geometryId": null,
                "tag": "1C",
                "forecastHour": 3,
                "hazard": "FZLVL",
                "frequency": null,
                "severity": null,
                "status": "NRML",
                "base": null,
                "top": null,
                "fzlBase": null,
                "fzlTop": null,
                "level": "160",
                "product": "ZULU",
                "rawAirSigmet": null,
                "validTimeTo": "2026-07-30T12:00:00.000",
                "validTimeFrom": [
                    "2026-07-30T11:37"
                ]
            }
        },
        {
            "type": "Feature",
            "geometry": {
                "type": "Polygon",
                "coordinates": [
                    [
                        [
                            "-92.99",
                            "24.70"
                        ],
                        [
                            "-93.14",
                            "24.08"
                        ],
                        [
                            "-92.80",
                            "23.71"
                        ],
                        [
                            "-92.56",
                            "23.34"
                        ],
                        [
                            "-92.63",
                            "22.65"
                        ],
                        [
                            "-92.63",
                            "22.60"
                        ],
                        [
                            "-92.06",
                            "22.60"
                        ],
                        [
                            "-91.43",
                            "22.91"
                        ],
                        [
                            "-91.03",
                            "23.20"
                        ],
                        [
                            "-90.78",
                            "23.66"
                        ],
                        [
                            "-91.06",
                            "24.04"
                        ],
                        [
                            "-91.50",
                            "24.41"
                        ],
                        [
                            "-92.05",
                            "24.79"
                        ],
                        [
                            "-92.58",
                            "24.87"
                        ],
                        [
                            "-92.99",
                            "24.70"
                        ]
                    ]
                ]
            },
            "properties": {
                "forecastId": null,
                "geometryId": null,
                "tag": "1C",
                "forecastHour": 3,
                "hazard": "FZLVL",
                "frequency": null,
                "severity": null,
                "status": "NRML",
                "base": null,
                "top": null,
                "fzlBase": null,
                "fzlTop": null,
                "level": "160",
                "product": "ZULU",
                "rawAirSigmet": null,
                "validTimeTo": "2026-07-30T12:00:00.000",
                "validTimeFrom": [
                    "2026-07-30T11:37"
                ]
            }
        },
        {
            "type": "Feature",
            "geometry": {
                "type": "LineString",
                "coordinates": [
                    [
                        "-110.84",
                        "18.84"
                    ],
                    [
                        "-111.27",
                        "19.55"
                    ],
                    [
                        "-111.34",
                        "20.25"
                    ],
                    [
                        "-110.72",
                        "21.53"
                    ],
                    [
                        "-109.89",
                        "21.47"
                    ],
                    [
                        "-109.40",
                        "20.88"
                    ],
                    [
                        "-108.49",
                        "19.81"
                    ],
                    [
                        "-107.96",
                        "19.59"
                    ],
                    [
                        "-107.39",
                        "19.82"
                    ],
                    [
                        "-107.05",
                        "20.30"
                    ],
                    [
                        "-106.71",
                        "20.96"
                    ],
                    [
                        "-105.98",
                        "21.37"
                    ],
                    [
                        "-105.58",
                        "21.88"
                    ],
                    [
                        "-106.02",
                        "22.27"
                    ],
                    [
                        "-106.95",
                        "23.37"
                    ],
                    [
                        "-107.87",
                        "24.71"
                    ],
                    [
                        "-108.82",
                        "25.77"
                    ],
                    [
                        "-109.33",
                        "26.50"
                    ],
                    [
                        "-109.97",
                        "26.95"
                    ],
                    [
                        "-111.22",
                        "27.61"
                    ],
                    [
                        "-112.02",
                        "27.96"
                    ],
                    [
                        "-112.69",
                        "27.73"
                    ],
                    [
                        "-113.43",
                        "26.56"
                    ],
                    [
                        "-113.96",
                        "25.81"
                    ],
                    [
                        "-114.76",
                        "25.50"
                    ],
                    [
                        "-115.78",
                        "25.41"
                    ],
                    [
                        "-116.68",
                        "25.08"
                    ],
                    [
                        "-118.28",
                        "24.43"
                    ],
                    [
                        "-118.94",
                        "24.41"
                    ],
                    [
                        "-119.71",
                        "24.89"
                    ],
                    [
                        "-120.98",
                        "25.77"
                    ],
                    [
                        "-122.79",
                        "25.78"
                    ],
                    [
                        "-124.02",
                        "25.60"
                    ],
                    [
                        "-124.98",
                        "25.19"
                    ],
                    [
                        "-126.65",
                        "24.64"
                    ],
                    [
                        "-128.15",
                        "24.07"
                    ]
                ]
            },
            "properties": {
                "forecastId": null,
                "geometryId": null,
                "tag": "1C",
                "forecastHour": 3,
                "hazard": "FZLVL",
                "frequency": null,
                "severity": null,
                "status": "NRML",
                "base": null,
                "top": null,
                "fzlBase": null,
                "fzlTop": null,
                "level": "160",
                "product": "ZULU",
                "rawAirSigmet": null,
                "validTimeTo": "2026-07-30T12:00:00.000",
                "validTimeFrom": [
                    "2026-07-30T11:37"
                ]
            }
        },
        {
            "type": "Feature",
            "geometry": {
                "type": "Polygon",
                "coordinates": [
                    [
                        [
                            "-69.06",
                            "47.48"
                        ],
                        [
                            "-67.81",
                            "47.21"
                        ],
                        [
                            "-67.78",
                            "45.93"
                        ],
                        [
                            "-67.21",
                            "44.96"
                        ],
                        [
                            "-67.13",
                            "40.92"
                        ],
                        [
                            "-68.71",
                            "40.31"
                        ],
                        [
                            "-70.75",
                            "39.99"
                        ],
                        [
                            "-71.99",
                            "40.22"
                        ],
                        [
                            "-73.62",
                            "41.15"
                        ],
                        [
                            "-74.62",
                            "41.00"
                        ],
                        [
                            "-75.27",
                            "40.45"
                        ],
                        [
                            "-76.03",
                            "41.07"
                        ],
                        [
                            "-77.06",
                            "41.55"
                        ],
                        [
                            "-77.63",
                            "41.93"
                        ],
                        [
                            "-77.33",
                            "43.08"
                        ],
                        [
                            "-76.67",
                            "43.88"
                        ],
                        [
                            "-75.65",
                            "44.55"
                        ],
                        [
                            "-73.94",
                            "44.70"
                        ],
                        [
                            "-73.14",
                            "44.94"
                        ],
                        [
                            "-71.59",
                            "44.97"
                        ],
                        [
                            "-70.57",
                            "45.64"
                        ],
                        [
                            "-69.06",
                            "47.48"
                        ]
                    ]
                ]
            },
            "properties": {
                "forecastId": null,
                "geometryId": null,
                "tag": "2E",
                "forecastHour": 3,
                "hazard": "IFR",
                "frequency": null,
                "severity": null,
                "status": "NRML",
                "base": null,
                "top": null,
                "fzlBase": null,
                "fzlTop": null,
                "level": null,
                "product": "SIERRA",
                "rawAirSigmet": "CIG BLW 010 VIS BLW 3SM PCPN BR",
                "validTimeTo": "2026-07-30T12:00:00.000",
                "validTimeFrom": [
                    "2026-07-30T08:45"
                ]
            }
        },
        {
            "type": "Feature",
            "geometry": {
                "type": "Polygon",
                "coordinates": [
                    [
                        [
                            "-124.08",
                            "44.37"
                        ],
                        [
                            "-123.77",
                            "44.37"
                        ],
                        [
                            "-123.77",
                            "44.20"
                        ],
                        [
                            "-123.77",
                            "43.13"
                        ],
                        [
                            "-123.81",
                            "41.98"
                        ],
                        [
                            "-123.73",
                            "40.83"
                        ],
                        [
                            "-123.73",
                            "40.21"
                        ],
                        [
                            "-124.20",
                            "40.18"
                        ],
                        [
                            "-124.44",
                            "40.30"
                        ],
                        [
                            "-124.75",
                            "40.83"
                        ],
                        [
                            "-124.63",
                            "42.03"
                        ],
                        [
                            "-124.47",
                            "43.21"
                        ],
                        [
                            "-124.08",
                            "44.37"
                        ]
                    ]
                ]
            },
            "properties": {
                "forecastId": null,
                "geometryId": null,
                "tag": "3E",
                "forecastHour": 3,
                "hazard": "IFR",
                "frequency": null,
                "severity": null,
                "status": "NRML",
                "base": null,
                "top": null,
                "fzlBase": null,
                "fzlTop": null,
                "level": null,
                "product": "SIERRA",
                "rawAirSigmet": "CIG BLW 010 VIS BLW 3SM BR FG",
                "validTimeTo": "2026-07-30T12:00:00.000",
                "validTimeFrom": [
                    "2026-07-30T08:45"
                ]
            }
        },
        {
            "type": "Feature",
            "geometry": {
                "type": "Polygon",
                "coordinates": [
                    [
                        [
                            "-77.49",
                            "42.67"
                        ],
                        [
                            "-76.20",
                            "42.26"
                        ],
                        [
                            "-75.58",
                            "41.76"
                        ],
                        [
                            "-75.24",
                            "41.00"
                        ],
                        [
                            "-74.91",
                            "40.03"
                        ],
                        [
                            "-75.43",
                            "39.51"
                        ],
                        [
                            "-76.45",
                            "38.52"
                        ],
                        [
                            "-77.61",
                            "37.75"
                        ],
                        [
                            "-79.08",
                            "38.17"
                        ],
                        [
                            "-79.81",
                            "38.60"
                        ],
                        [
                            "-79.36",
                            "39.92"
                        ],
                        [
                            "-78.77",
                            "40.53"
                        ],
                        [
                            "-78.68",
                            "41.02"
                        ],
                        [
                            "-79.33",
                            "41.69"
                        ],
                        [
                            "-78.78",
                            "42.35"
                        ],
                        [
                            "-77.49",
                            "42.67"
                        ]
                    ]
                ]
            },
            "properties": {
                "forecastId": null,
                "geometryId": null,
                "tag": "2W",
                "forecastHour": 3,
                "hazard": "TURB-LO",
                "frequency": null,
                "severity": "MOD",
                "status": "NRML",
                "base": "020",
                "top": "080",
                "fzlBase": null,
                "fzlTop": null,
                "level": null,
                "product": "TANGO",
                "rawAirSigmet": null,
                "validTimeTo": "2026-07-30T12:00:00.000",
                "validTimeFrom": [
                    "2026-07-30T08:45"
                ]
            }
        },
        {
            "type": "Feature",
            "geometry": {
                "type": "Polygon",
                "coordinates": [
                    [
                        [
                            "-82.02",
                            "39.99"
                        ],
                        [
                            "-81.05",
                            "39.45"
                        ],
                        [
                            "-79.59",
                            "39.78"
                        ],
                        [
                            "-78.70",
                            "39.75"
                        ],
                        [
                            "-78.58",
                            "39.12"
                        ],
                        [
                            "-79.08",
                            "38.07"
                        ],
                        [
                            "-80.74",
                            "37.00"
                        ],
                        [
                            "-81.98",
                            "36.10"
                        ],
                        [
                            "-82.75",
                            "35.10"
                        ],
                        [
                            "-82.59",
                            "33.41"
                        ],
                        [
                            "-83.83",
                            "32.63"
                        ],
                        [
                            "-83.44",
                            "31.72"
                        ],
                        [
                            "-84.21",
                            "31.45"
                        ],
                        [
                            "-85.25",
                            "31.55"
                        ],
                        [
                            "-86.80",
                            "31.75"
                        ],
                        [
                            "-87.57",
                            "32.40"
                        ],
                        [
                            "-87.30",
                            "33.28"
                        ],
                        [
                            "-87.88",
                            "33.79"
                        ],
                        [
                            "-87.65",
                            "34.40"
                        ],
                        [
                            "-86.33",
                            "34.56"
                        ],
                        [
                            "-84.95",
                            "35.19"
                        ],
                        [
                            "-84.56",
                            "36.01"
                        ],
                        [
                            "-85.56",
                            "36.97"
                        ],
                        [
                            "-84.98",
                            "37.40"
                        ],
                        [
                            "-83.87",
                            "37.86"
                        ],
                        [
                            "-84.10",
                            "38.43"
                        ],
                        [
                            "-84.91",
                            "38.76"
                        ],
                        [
                            "-84.83",
                            "39.51"
                        ],
                        [
                            "-83.56",
                            "39.75"
                        ],
                        [
                            "-82.02",
                            "39.99"
                        ]
                    ]
                ]
            },
            "properties": {
                "forecastId": null,
                "geometryId": null,
                "tag": "4E",
                "forecastHour": 3,
                "hazard": "IFR",
                "frequency": null,
                "severity": null,
                "status": "NRML",
                "base": null,
                "top": null,
                "fzlBase": null,
                "fzlTop": null,
                "level": null,
                "product": "SIERRA",
                "rawAirSigmet": "CIG BLW 010 VIS BLW 3SM BR FG",
                "validTimeTo": "2026-07-30T12:00:00.000",
                "validTimeFrom": [
                    "2026-07-30T08:45"
                ]
            }
        },
        {
            "type": "Feature",
            "geometry": {
                "type": "Polygon",
                "coordinates": [
                    [
                        [
                            "-104.72",
                            "48.99"
                        ],
                        [
                            "-105.72",
                            "48.30"
                        ],
                        [
                            "-108.65",
                            "46.06"
                        ],
                        [
                            "-110.26",
                            "44.20"
                        ],
                        [
                            "-111.70",
                            "42.80"
                        ],
                        [
                            "-113.14",
                            "42.41"
                        ],
                        [
                            "-112.96",
                            "44.05"
                        ],
                        [
                            "-111.91",
                            "45.93"
                        ],
                        [
                            "-110.61",
                            "47.65"
                        ],
                        [
                            "-109.60",
                            "48.98"
                        ],
                        [
                            "-104.72",
                            "48.99"
                        ]
                    ]
                ]
            },
            "properties": {
                "forecastId": null,
                "geometryId": null,
                "tag": "1W",
                "forecastHour": 3,
                "hazard": "TURB-HI",
                "frequency": null,
                "severity": "MOD",
                "status": "NRML",
                "base": "300",
                "top": "400",
                "fzlBase": null,
                "fzlTop": null,
                "level": null,
                "product": "TANGO",
                "rawAirSigmet": null,
                "validTimeTo": "2026-07-30T12:00:00.000",
                "validTimeFrom": [
                    "2026-07-30T08:45"
                ]
            }
        },
        {
            "type": "Feature",
            "geometry": {
                "type": "Polygon",
                "coordinates": [
                    [
                        [
                            "-125.13",
                            "48.60"
                        ],
                        [
                            "-124.25",
                            "48.35"
                        ],
                        [
                            "-123.98",
                            "47.49"
                        ],
                        [
                            "-123.20",
                            "47.28"
                        ],
                        [
                            "-123.47",
                            "46.41"
                        ],
                        [
                            "-123.94",
                            "46.25"
                        ],
                        [
                            "-124.32",
                            "47.05"
                        ],
                        [
                            "-124.75",
                            "47.36"
                        ],
                        [
                            "-125.13",
                            "48.60"
                        ]
                    ]
                ]
            },
            "properties": {
                "forecastId": null,
                "geometryId": null,
                "tag": "3E",
                "forecastHour": 3,
                "hazard": "IFR",
                "frequency": null,
                "severity": null,
                "status": "NRML",
                "base": null,
                "top": null,
                "fzlBase": null,
                "fzlTop": null,
                "level": null,
                "product": "SIERRA",
                "rawAirSigmet": "CIG BLW 010 VIS BLW 3SM BR FG",
                "validTimeTo": "2026-07-30T12:00:00.000",
                "validTimeFrom": [
                    "2026-07-30T08:45"
                ]
            }
        },
        {
            "type": "Feature",
            "geometry": {
                "type": "Polygon",
                "coordinates": [
                    [
                        [
                            "-67.19",
                            "43.23"
                        ],
                        [
                            "-67.05",
                            "39.64"
                        ],
                        [
                            "-70.25",
                            "37.89"
                        ],
                        [
                            "-72.50",
                            "36.93"
                        ],
                        [
                            "-72.56",
                            "35.84"
                        ],
                        [
                            "-73.83",
                            "35.51"
                        ],
                        [
                            "-74.84",
                            "36.32"
                        ],
                        [
                            "-71.81",
                            "38.75"
                        ],
                        [
                            "-70.10",
                            "40.09"
                        ],
                        [
                            "-68.69",
                            "41.68"
                        ],
                        [
                            "-67.19",
                            "43.23"
                        ]
                    ]
                ]
            },
            "properties": {
                "forecastId": null,
                "geometryId": null,
                "tag": "2W",
                "forecastHour": 3,
                "hazard": "TURB-HI",
                "frequency": null,
                "severity": "MOD",
                "status": "NRML",
                "base": "290",
                "top": "380",
                "fzlBase": null,
                "fzlTop": null,
                "level": null,
                "product": "TANGO",
                "rawAirSigmet": null,
                "validTimeTo": "2026-07-30T12:00:00.000",
                "validTimeFrom": [
                    "2026-07-30T08:45"
                ]
            }
        },
        {
            "type": "Feature",
            "geometry": {
                "type": "Polygon",
                "coordinates": [
                    [
                        [
                            "-69.35",
                            "47.59"
                        ],
                        [
                            "-68.50",
                            "45.58"
                        ],
                        [
                            "-71.58",
                            "43.21"
                        ],
                        [
                            "-76.11",
                            "40.75"
                        ],
                        [
                            "-76.85",
                            "41.45"
                        ],
                        [
                            "-77.62",
                            "41.96"
                        ],
                        [
                            "-77.58",
                            "42.65"
                        ],
                        [
                            "-76.15",
                            "43.18"
                        ],
                        [
                            "-74.66",
                            "44.92"
                        ],
                        [
                            "-71.70",
                            "45.39"
                        ],
                        [
                            "-69.35",
                            "47.59"
                        ]
                    ]
                ]
            },
            "properties": {
                "forecastId": null,
                "geometryId": null,
                "tag": "2E",
                "forecastHour": 3,
                "hazard": "MT_OBSC",
                "frequency": null,
                "severity": null,
                "status": "NRML",
                "base": null,
                "top": null,
                "fzlBase": null,
                "fzlTop": null,
                "level": null,
                "product": "SIERRA",
                "rawAirSigmet": "MTNS OBSC BY CLDS PCPN BR",
                "validTimeTo": "2026-07-30T12:00:00.000",
                "validTimeFrom": [
                    "2026-07-30T08:45"
                ]
            }
        },
        {
            "type": "Feature",
            "geometry": {
                "type": "Polygon",
                "coordinates": [
                    [
                        [
                            "-95.16",
                            "49.36"
                        ],
                        [
                            "-94.80",
                            "49.33"
                        ],
                        [
                            "-94.65",
                            "48.73"
                        ],
                        [
                            "-93.83",
                            "48.54"
                        ],
                        [
                            "-92.97",
                            "48.58"
                        ],
                        [
                            "-92.30",
                            "48.22"
                        ],
                        [
                            "-91.43",
                            "48.06"
                        ],
                        [
                            "-89.44",
                            "48.02"
                        ],
                        [
                            "-90.11",
                            "47.63"
                        ],
                        [
                            "-91.57",
                            "47.64"
                        ],
                        [
                            "-95.35",
                            "48.50"
                        ],
                        [
                            "-96.60",
                            "48.90"
                        ],
                        [
                            "-98.50",
                            "47.99"
                        ],
                        [
                            "-100.08",
                            "48.17"
                        ],
                        [
                            "-99.76",
                            "48.95"
                        ],
                        [
                            "-95.12",
                            "48.97"
                        ],
                        [
                            "-95.16",
                            "49.36"
                        ]
                    ]
                ]
            },
            "properties": {
                "forecastId": null,
                "geometryId": null,
                "tag": "3W",
                "forecastHour": 3,
                "hazard": "LLWS",
                "frequency": null,
                "severity": null,
                "status": "NRML",
                "base": null,
                "top": null,
                "fzlBase": null,
                "fzlTop": null,
                "level": null,
                "product": "TANGO",
                "rawAirSigmet": "AIR SPEED LOSS OR GAIN OF 20KTS OR MORE BELOW 2000 FT AGL",
                "validTimeTo": "2026-07-30T12:00:00.000",
                "validTimeFrom": [
                    "2026-07-30T08:45"
                ]
            }
        },
        {
            "type": "Feature",
            "geometry": {
                "type": "LineString",
                "coordinates": [
                    [
                        "-131.54",
                        "35.26"
                    ],
                    [
                        "-129.86",
                        "36.01"
                    ],
                    [
                        "-128.38",
                        "36.84"
                    ],
                    [
                        "-126.64",
                        "38.25"
                    ],
                    [
                        "-125.50",
                        "39.50"
                    ],
                    [
                        "-124.21",
                        "39.90"
                    ],
                    [
                        "-122.76",
                        "40.14"
                    ],
                    [
                        "-120.96",
                        "40.25"
                    ],
                    [
                        "-119.97",
                        "39.94"
                    ],
                    [
                        "-119.11",
                        "39.92"
                    ],
                    [
                        "-118.31",
                        "40.21"
                    ],
                    [
                        "-117.19",
                        "40.70"
                    ],
                    [
                        "-115.30",
                        "41.46"
                    ],
                    [
                        "-114.58",
                        "42.08"
                    ],
                    [
                        "-113.36",
                        "42.44"
                    ],
                    [
                        "-111.93",
                        "42.03"
                    ],
                    [
                        "-111.31",
                        "41.00"
                    ],
                    [
                        "-110.49",
                        "40.46"
                    ],
                    [
                        "-109.41",
                        "41.14"
                    ],
                    [
                        "-108.76",
                        "41.14"
                    ],
                    [
                        "-107.93",
                        "40.59"
                    ],
                    [
                        "-106.86",
                        "40.64"
                    ],
                    [
                        "-106.12",
                        "41.16"
                    ],
                    [
                        "-105.62",
                        "41.58"
                    ],
                    [
                        "-104.75",
                        "41.81"
                    ],
                    [
                        "-103.46",
                        "42.16"
                    ],
                    [
                        "-102.60",
                        "42.86"
                    ],
                    [
                        "-101.43",
                        "43.21"
                    ],
                    [
                        "-99.53",
                        "42.42"
                    ],
                    [
                        "-98.45",
                        "42.40"
                    ],
                    [
                        "-97.76",
                        "42.84"
                    ],
                    [
                        "-96.33",
                        "43.33"
                    ],
                    [
                        "-95.00",
                        "42.80"
                    ],
                    [
                        "-93.84",
                        "42.53"
                    ],
                    [
                        "-92.88",
                        "43.22"
                    ],
                    [
                        "-91.72",
                        "43.10"
                    ],
                    [
                        "-90.85",
                        "42.65"
                    ],
                    [
                        "-89.84",
                        "42.27"
                    ],
                    [
                        "-88.43",
                        "41.98"
                    ],
                    [
                        "-87.50",
                        "41.41"
                    ],
                    [
                        "-86.99",
                        "40.51"
                    ],
                    [
                        "-86.31",
                        "39.50"
                    ],
                    [
                        "-86.05",
                        "38.62"
                    ],
                    [
                        "-85.66",
                        "37.86"
                    ],
                    [
                        "-85.05",
                        "37.25"
                    ],
                    [
                        "-83.93",
                        "35.75"
                    ],
                    [
                        "-84.02",
                        "33.91"
                    ],
                    [
                        "-84.38",
                        "32.97"
                    ],
                    [
                        "-85.61",
                        "32.64"
                    ],
                    [
                        "-86.50",
                        "32.46"
                    ],
                    [
                        "-86.77",
                        "31.95"
                    ],
                    [
                        "-86.50",
                        "31.48"
                    ],
                    [
                        "-85.79",
                        "30.82"
                    ],
                    [
                        "-85.74",
                        "30.18"
                    ],
                    [
                        "-86.01",
                        "29.56"
                    ],
                    [
                        "-85.81",
                        "29.02"
                    ],
                    [
                        "-85.38",
                        "28.17"
                    ],
                    [
                        "-84.31",
                        "27.64"
                    ],
                    [
                        "-83.69",
                        "26.85"
                    ],
                    [
                        "-82.52",
                        "26.74"
                    ],
                    [
                        "-81.61",
                        "27.09"
                    ],
                    [
                        "-79.77",
                        "27.72"
                    ],
                    [
                        "-78.94",
                        "27.28"
                    ],
                    [
                        "-78.81",
                        "26.15"
                    ],
                    [
                        "-78.97",
                        "24.89"
                    ],
                    [
                        "-78.77",
                        "23.76"
                    ],
                    [
                        "-79.24",
                        "23.07"
                    ],
                    [
                        "-80.52",
                        "23.21"
                    ],
                    [
                        "-81.48",
                        "23.09"
                    ],
                    [
                        "-82.30",
                        "23.35"
                    ],
                    [
                        "-83.25",
                        "24.00"
                    ],
                    [
                        "-84.56",
                        "24.42"
                    ],
                    [
                        "-85.47",
                        "24.52"
                    ],
                    [
                        "-85.99",
                        "23.64"
                    ],
                    [
                        "-87.10",
                        "22.42"
                    ],
                    [
                        "-87.90",
                        "21.94"
                    ],
                    [
                        "-88.91",
                        "21.75"
                    ],
                    [
                        "-89.57",
                        "20.99"
                    ],
                    [
                        "-89.90",
                        "19.62"
                    ]
                ]
            },
            "properties": {
                "forecastId": null,
                "geometryId": null,
                "tag": "1C",
                "forecastHour": 3,
                "hazard": "FZLVL",
                "frequency": null,
                "severity": null,
                "status": "NRML",
                "base": null,
                "top": null,
                "fzlBase": null,
                "fzlTop": null,
                "level": "160",
                "product": "ZULU",
                "rawAirSigmet": null,
                "validTimeTo": "2026-07-30T12:00:00.000",
                "validTimeFrom": [
                    "2026-07-30T11:37"
                ]
            }
        },
        {
            "type": "Feature",
            "geometry": {
                "type": "Polygon",
                "coordinates": [
                    [
                        [
                            "-92.87",
                            "48.53"
                        ],
                        [
                            "-92.23",
                            "48.20"
                        ],
                        [
                            "-91.28",
                            "48.02"
                        ],
                        [
                            "-89.54",
                            "47.98"
                        ],
                        [
                            "-89.14",
                            "47.89"
                        ],
                        [
                            "-88.22",
                            "48.26"
                        ],
                        [
                            "-84.95",
                            "46.92"
                        ],
                        [
                            "-83.71",
                            "45.70"
                        ],
                        [
                            "-83.65",
                            "43.74"
                        ],
                        [
                            "-83.99",
                            "41.32"
                        ],
                        [
                            "-83.66",
                            "39.51"
                        ],
                        [
                            "-82.69",
                            "37.04"
                        ],
                        [
                            "-83.51",
                            "35.21"
                        ],
                        [
                            "-84.48",
                            "34.83"
                        ],
                        [
                            "-85.00",
                            "35.87"
                        ],
                        [
                            "-86.24",
                            "37.85"
                        ],
                        [
                            "-86.84",
                            "39.71"
                        ],
                        [
                            "-87.58",
                            "42.17"
                        ],
                        [
                            "-88.21",
                            "43.95"
                        ],
                        [
                            "-88.55",
                            "44.42"
                        ],
                        [
                            "-91.82",
                            "47.18"
                        ],
                        [
                            "-92.87",
                            "48.53"
                        ]
                    ]
                ]
            },
            "properties": {
                "forecastId": null,
                "geometryId": null,
                "tag": "4W",
                "forecastHour": 3,
                "hazard": "TURB-HI",
                "frequency": null,
                "severity": "MOD",
                "status": "NRML",
                "base": "280",
                "top": "410",
                "fzlBase": null,
                "fzlTop": null,
                "level": null,
                "product": "TANGO",
                "rawAirSigmet": null,
                "validTimeTo": "2026-07-30T12:00:00.000",
                "validTimeFrom": [
                    "2026-07-30T08:45"
                ]
            }
        },
        {
            "type": "Feature",
            "geometry": {
                "type": "Polygon",
                "coordinates": [
                    [
                        [
                            "-123.07",
                            "38.34"
                        ],
                        [
                            "-122.64",
                            "38.22"
                        ],
                        [
                            "-122.37",
                            "37.72"
                        ],
                        [
                            "-121.98",
                            "37.29"
                        ],
                        [
                            "-121.55",
                            "36.42"
                        ],
                        [
                            "-121.08",
                            "35.47"
                        ],
                        [
                            "-120.30",
                            "34.80"
                        ],
                        [
                            "-118.62",
                            "34.15"
                        ],
                        [
                            "-117.68",
                            "34.15"
                        ],
                        [
                            "-117.14",
                            "33.63"
                        ],
                        [
                            "-116.98",
                            "32.52"
                        ],
                        [
                            "-120.43",
                            "30.49"
                        ],
                        [
                            "-122.51",
                            "33.34"
                        ],
                        [
                            "-122.36",
                            "34.72"
                        ],
                        [
                            "-122.05",
                            "35.54"
                        ],
                        [
                            "-122.32",
                            "36.35"
                        ],
                        [
                            "-122.70",
                            "37.27"
                        ],
                        [
                            "-122.84",
                            "37.63"
                        ],
                        [
                            "-123.15",
                            "38.12"
                        ],
                        [
                            "-123.07",
                            "38.34"
                        ]
                    ]
                ]
            },
            "properties": {
                "forecastId": null,
                "geometryId": null,
                "tag": "1E",
                "forecastHour": 3,
                "hazard": "IFR",
                "frequency": null,
                "severity": null,
                "status": "NRML",
                "base": null,
                "top": null,
                "fzlBase": null,
                "fzlTop": null,
                "level": null,
                "product": "SIERRA",
                "rawAirSigmet": "CIG BLW 010 VIS BLW 3SM BR FG",
                "validTimeTo": "2026-07-30T12:00:00.000",
                "validTimeFrom": [
                    "2026-07-30T08:45"
                ]
            }
        },
        {
            "type": "Feature",
            "geometry": {
                "type": "LineString",
                "coordinates": [
                    [
                        "-84.34",
                        "19.32"
                    ],
                    [
                        "-84.23",
                        "19.67"
                    ],
                    [
                        "-83.71",
                        "20.48"
                    ],
                    [
                        "-82.85",
                        "21.27"
                    ],
                    [
                        "-81.30",
                        "21.09"
                    ],
                    [
                        "-80.10",
                        "21.26"
                    ],
                    [
                        "-78.88",
                        "21.74"
                    ],
                    [
                        "-78.08",
                        "21.62"
                    ],
                    [
                        "-76.75",
                        "21.12"
                    ],
                    [
                        "-75.89",
                        "20.42"
                    ],
                    [
                        "-74.37",
                        "20.43"
                    ],
                    [
                        "-73.11",
                        "20.57"
                    ],
                    [
                        "-72.34",
                        "20.48"
                    ],
                    [
                        "-71.61",
                        "19.63"
                    ],
                    [
                        "-71.02",
                        "19.23"
                    ],
                    [
                        "-70.19",
                        "19.37"
                    ],
                    [
                        "-68.73",
                        "18.82"
                    ]
                ]
            },
            "properties": {
                "forecastId": null,
                "geometryId": null,
                "tag": "1C",
                "forecastHour": 3,
                "hazard": "FZLVL",
                "frequency": null,
                "severity": null,
                "status": "NRML",
                "base": null,
                "top": null,
                "fzlBase": null,
                "fzlTop": null,
                "level": "160",
                "product": "ZULU",
                "rawAirSigmet": null,
                "validTimeTo": "2026-07-30T12:00:00.000",
                "validTimeFrom": [
                    "2026-07-30T11:37"
                ]
            }
        },
        {
            "type": "Feature",
            "geometry": {
                "type": "Polygon",
                "coordinates": [
                    [
                        [
                            "-121.51",
                            "36.10"
                        ],
                        [
                            "-120.24",
                            "35.60"
                        ],
                        [
                            "-119.73",
                            "34.84"
                        ],
                        [
                            "-118.92",
                            "34.68"
                        ],
                        [
                            "-118.04",
                            "34.43"
                        ],
                        [
                            "-116.88",
                            "33.73"
                        ],
                        [
                            "-116.38",
                            "32.83"
                        ],
                        [
                            "-117.23",
                            "32.95"
                        ],
                        [
                            "-118.46",
                            "33.89"
                        ],
                        [
                            "-120.70",
                            "34.49"
                        ],
                        [
                            "-121.51",
                            "36.10"
                        ]
                    ]
                ]
            },
            "properties": {
                "forecastId": null,
                "geometryId": null,
                "tag": "4E",
                "forecastHour": 3,
                "hazard": "MT_OBSC",
                "frequency": null,
                "severity": null,
                "status": "NRML",
                "base": null,
                "top": null,
                "fzlBase": null,
                "fzlTop": null,
                "level": null,
                "product": "SIERRA",
                "rawAirSigmet": "BR FG",
                "validTimeTo": "2026-07-30T12:00:00.000",
                "validTimeFrom": [
                    "2026-07-30T08:45"
                ]
            }
        },
        {
            "type": "Feature",
            "geometry": {
                "type": "LineString",
                "coordinates": [
                    [
                        "-135.16",
                        "44.79"
                    ],
                    [
                        "-133.71",
                        "45.26"
                    ],
                    [
                        "-132.86",
                        "45.74"
                    ],
                    [
                        "-130.92",
                        "46.81"
                    ],
                    [
                        "-128.05",
                        "47.59"
                    ],
                    [
                        "-127.28",
                        "48.11"
                    ],
                    [
                        "-126.69",
                        "48.82"
                    ],
                    [
                        "-125.94",
                        "49.39"
                    ],
                    [
                        "-124.64",
                        "49.76"
                    ],
                    [
                        "-121.99",
                        "50.80"
                    ],
                    [
                        "-120.82",
                        "51.28"
                    ],
                    [
                        "-119.48",
                        "51.55"
                    ],
                    [
                        "-117.53",
                        "52.33"
                    ],
                    [
                        "-115.91",
                        "52.75"
                    ],
                    [
                        "-114.36",
                        "52.77"
                    ],
                    [
                        "-111.10",
                        "52.55"
                    ],
                    [
                        "-108.03",
                        "52.22"
                    ],
                    [
                        "-106.53",
                        "52.38"
                    ],
                    [
                        "-105.72",
                        "52.91"
                    ],
                    [
                        "-105.80",
                        "54.16"
                    ],
                    [
                        "-104.55",
                        "54.62"
                    ],
                    [
                        "-102.59",
                        "54.81"
                    ],
                    [
                        "-99.29",
                        "55.27"
                    ],
                    [
                        "-96.61",
                        "55.58"
                    ],
                    [
                        "-94.50",
                        "56.27"
                    ],
                    [
                        "-93.33",
                        "56.86"
                    ],
                    [
                        "-92.76",
                        "57.47"
                    ],
                    [
                        "-92.30",
                        "57.98"
                    ],
                    [
                        "-91.75",
                        "58.06"
                    ],
                    [
                        "-90.55",
                        "57.72"
                    ],
                    [
                        "-88.85",
                        "56.85"
                    ],
                    [
                        "-88.05",
                        "56.37"
                    ],
                    [
                        "-87.44",
                        "55.70"
                    ],
                    [
                        "-86.67",
                        "54.99"
                    ],
                    [
                        "-84.69",
                        "54.95"
                    ],
                    [
                        "-82.80",
                        "53.88"
                    ],
                    [
                        "-80.64",
                        "53.07"
                    ],
                    [
                        "-77.45",
                        "50.66"
                    ],
                    [
                        "-75.10",
                        "51.42"
                    ],
                    [
                        "-74.06",
                        "51.56"
                    ],
                    [
                        "-72.67",
                        "51.34"
                    ],
                    [
                        "-71.86",
                        "50.76"
                    ],
                    [
                        "-72.38",
                        "49.94"
                    ],
                    [
                        "-73.97",
                        "48.49"
                    ],
                    [
                        "-74.21",
                        "47.23"
                    ],
                    [
                        "-74.79",
                        "46.16"
                    ],
                    [
                        "-75.10",
                        "45.51"
                    ],
                    [
                        "-74.60",
                        "44.80"
                    ],
                    [
                        "-72.79",
                        "44.99"
                    ],
                    [
                        "-71.43",
                        "45.29"
                    ],
                    [
                        "-69.65",
                        "45.19"
                    ],
                    [
                        "-67.50",
                        "45.99"
                    ],
                    [
                        "-65.29",
                        "46.21"
                    ],
                    [
                        "-64.13",
                        "46.43"
                    ],
                    [
                        "-64.08",
                        "47.15"
                    ],
                    [
                        "-65.01",
                        "48.85"
                    ],
                    [
                        "-64.72",
                        "49.69"
                    ],
                    [
                        "-63.85",
                        "50.30"
                    ],
                    [
                        "-62.40",
                        "51.49"
                    ],
                    [
                        "-61.23",
                        "51.81"
                    ],
                    [
                        "-60.50",
                        "52.22"
                    ],
                    [
                        "-59.52",
                        "53.02"
                    ],
                    [
                        "-58.33",
                        "53.52"
                    ]
                ]
            },
            "properties": {
                "forecastId": null,
                "geometryId": null,
                "tag": "1C",
                "forecastHour": 3,
                "hazard": "FZLVL",
                "frequency": null,
                "severity": null,
                "status": "NRML",
                "base": null,
                "top": null,
                "fzlBase": null,
                "fzlTop": null,
                "level": "120",
                "product": "ZULU",
                "rawAirSigmet": null,
                "validTimeTo": "2026-07-30T12:00:00.000",
                "validTimeFrom": [
                    "2026-07-30T11:37"
                ]
            }
        },
        {
            "type": "Feature",
            "geometry": {
                "type": "Polygon",
                "coordinates": [
                    [
                        [
                            "-101.41",
                            "42.77"
                        ],
                        [
                            "-100.30",
                            "42.76"
                        ],
                        [
                            "-98.91",
                            "42.54"
                        ],
                        [
                            "-98.09",
                            "41.93"
                        ],
                        [
                            "-97.06",
                            "41.50"
                        ],
                        [
                            "-95.35",
                            "39.90"
                        ],
                        [
                            "-95.95",
                            "38.58"
                        ],
                        [
                            "-100.01",
                            "39.12"
                        ],
                        [
                            "-101.34",
                            "39.70"
                        ],
                        [
                            "-102.61",
                            "41.82"
                        ],
                        [
                            "-101.41",
                            "42.77"
                        ]
                    ]
                ]
            },
            "properties": {
                "forecastId": null,
                "geometryId": null,
                "tag": "5E",
                "forecastHour": 3,
                "hazard": "IFR",
                "frequency": null,
                "severity": null,
                "status": "NRML",
                "base": null,
                "top": null,
                "fzlBase": null,
                "fzlTop": null,
                "level": null,
                "product": "SIERRA",
                "rawAirSigmet": "CIG BLW 010 VIS BLW 3SM PCPN BR FG",
                "validTimeTo": "2026-07-30T12:00:00.000",
                "validTimeFrom": [
                    "2026-07-30T08:45"
                ]
            }
        },
        {
            "type": "Feature",
            "geometry": {
                "type": "Polygon",
                "coordinates": [
                    [
                        [
                            "-87.61",
                            "41.94"
                        ],
                        [
                            "-85.99",
                            "41.76"
                        ],
                        [
                            "-85.95",
                            "41.04"
                        ],
                        [
                            "-86.14",
                            "40.31"
                        ],
                        [
                            "-86.76",
                            "40.43"
                        ],
                        [
                            "-87.22",
                            "39.99"
                        ],
                        [
                            "-88.30",
                            "39.99"
                        ],
                        [
                            "-88.42",
                            "41.51"
                        ],
                        [
                            "-87.61",
                            "41.94"
                        ]
                    ]
                ]
            },
            "properties": {
                "forecastId": null,
                "geometryId": null,
                "tag": "6E",
                "forecastHour": 3,
                "hazard": "IFR",
                "frequency": null,
                "severity": null,
                "status": "NRML",
                "base": null,
                "top": null,
                "fzlBase": null,
                "fzlTop": null,
                "level": null,
                "product": "SIERRA",
                "rawAirSigmet": "CIG BLW 010 VIS BLW 3SM PCPN BR FG",
                "validTimeTo": "2026-07-30T12:00:00.000",
                "validTimeFrom": [
                    "2026-07-30T08:45"
                ]
            }
        },
        {
            "type": "Feature",
            "geometry": {
                "type": "Polygon",
                "coordinates": [
                    [
                        [
                            "-120.08",
                            "49.01"
                        ],
                        [
                            "-117.22",
                            "48.94"
                        ],
                        [
                            "-115.18",
                            "48.97"
                        ],
                        [
                            "-113.96",
                            "48.99"
                        ],
                        [
                            "-113.15",
                            "49.00"
                        ],
                        [
                            "-111.36",
                            "47.44"
                        ],
                        [
                            "-109.74",
                            "48.53"
                        ],
                        [
                            "-108.16",
                            "46.23"
                        ],
                        [
                            "-109.74",
                            "45.93"
                        ],
                        [
                            "-111.52",
                            "45.58"
                        ],
                        [
                            "-112.10",
                            "45.15"
                        ],
                        [
                            "-112.06",
                            "44.22"
                        ],
                        [
                            "-111.67",
                            "43.55"
                        ],
                        [
                            "-111.90",
                            "43.05"
                        ],
                        [
                            "-112.95",
                            "42.56"
                        ],
                        [
                            "-114.14",
                            "41.97"
                        ],
                        [
                            "-115.53",
                            "41.99"
                        ],
                        [
                            "-117.65",
                            "42.76"
                        ],
                        [
                            "-119.50",
                            "43.16"
                        ],
                        [
                            "-119.93",
                            "44.58"
                        ],
                        [
                            "-119.85",
                            "45.75"
                        ],
                        [
                            "-119.08",
                            "46.49"
                        ],
                        [
                            "-117.73",
                            "47.36"
                        ],
                        [
                            "-117.38",
                            "48.12"
                        ],
                        [
                            "-118.81",
                            "48.27"
                        ],
                        [
                            "-119.62",
                            "48.12"
                        ],
                        [
                            "-120.35",
                            "48.55"
                        ],
                        [
                            "-120.08",
                            "49.01"
                        ]
                    ]
                ]
            },
            "properties": {
                "forecastId": null,
                "geometryId": null,
                "tag": "1E",
                "forecastHour": 3,
                "hazard": "MT_OBSC",
                "frequency": null,
                "severity": null,
                "status": "NRML",
                "base": null,
                "top": null,
                "fzlBase": null,
                "fzlTop": null,
                "level": null,
                "product": "SIERRA",
                "rawAirSigmet": "FU HZ",
                "validTimeTo": "2026-07-30T12:00:00.000",
                "validTimeFrom": [
                    "2026-07-30T08:45"
                ]
            }
        }
    ],
    "metadata": {
        "creationTime": "2026-07-30T11:57"
    }
}