{
    "type": "FeatureCollection",
    "features": [
        {
            "type": "Feature",
            "geometry": {
                "type": "LineString",
                "coordinates": [
                    [
                        "-63.47",
                        "56.06"
                    ],
                    [
                        "-62.79",
                        "55.29"
                    ],
                    [
                        "-62.42",
                        "54.91"
                    ],
                    [
                        "-62.11",
                        "54.55"
                    ],
                    [
                        "-61.20",
                        "53.95"
                    ],
                    [
                        "-60.06",
                        "53.51"
                    ],
                    [
                        "-59.82",
                        "53.44"
                    ],
                    [
                        "-58.78",
                        "53.16"
                    ],
                    [
                        "-57.38",
                        "52.87"
                    ],
                    [
                        "-56.98",
                        "52.79"
                    ],
                    [
                        "-55.93",
                        "52.60"
                    ]
                ]
            },
            "properties": {
                "forecastId": null,
                "geometryId": null,
                "tag": "1C",
                "forecastHour": 6,
                "hazard": "FZLVL",
                "frequency": null,
                "severity": null,
                "status": "NRML",
                "base": null,
                "top": null,
                "fzlBase": null,
                "fzlTop": null,
                "level": "080",
                "product": "ZULU",
                "rawAirSigmet": null,
                "validTimeTo": "2026-09-04T15:00:00.000",
                "validTimeFrom": [
                    "2026-09-04T08:45"
                ]
            }
        },
        {
            "type": "Feature",
            "geometry": {
                "type": "Polygon",
                "coordinates": [
                    [
                        [
                            "-123.24",
                            "46.34"
                        ],
                        [
                            "-121.58",
                            "46.19"
                        ],
                        [
                            "-121.00",
                            "45.44"
                        ],
                        [
                            "-120.70",
                            "44.11"
                        ],
                        [
                            "-121.20",
                            "43.11"
                        ],
                        [
                            "-122.47",
                            "41.94"
                        ],
                        [
                            "-123.14",
                            "40.96"
                        ],
                        [
                            "-124.06",
                            "40.34"
                        ],
                        [
                            "-124.33",
                            "42.99"
                        ],
                        [
                            "-124.10",
                            "45.02"
                        ],
                        [
                            "-123.99",
                            "45.83"
                        ],
                        [
                            "-123.24",
                            "46.34"
                        ]
                    ]
                ]
            },
            "properties": {
                "forecastId": null,
                "geometryId": null,
                "tag": "1E",
                "forecastHour": 6,
                "hazard": "MT_OBSC",
                "frequency": null,
                "severity": null,
                "status": "NRML",
                "base": null,
                "top": null,
                "fzlBase": null,
                "fzlTop": null,
                "level": null,
                "product": "SIERRA",
                "rawAirSigmet": "MTNS OBSC BY CLDS PCPN BR",
                "validTimeTo": "2026-09-04T15:00:00.000",
                "validTimeFrom": [
                    "2026-09-04T13:43"
                ]
            }
        },
        {
            "type": "Feature",
            "geometry": {
                "type": "Polygon",
                "coordinates": [
                    [
                        [
                            "-121.10",
                            "40.88"
                        ],
                        [
                            "-120.80",
                            "40.42"
                        ],
                        [
                            "-120.14",
                            "39.79"
                        ],
                        [
                            "-119.81",
                            "38.90"
                        ],
                        [
                            "-119.87",
                            "38.17"
                        ],
                        [
                            "-120.50",
                            "38.41"
                        ],
                        [
                            "-121.33",
                            "39.22"
                        ],
                        [
                            "-122.00",
                            "40.70"
                        ],
                        [
                            "-121.50",
                            "40.88"
                        ],
                        [
                            "-121.10",
                            "40.88"
                        ]
                    ]
                ]
            },
            "properties": {
                "forecastId": null,
                "geometryId": null,
                "tag": "3E",
                "forecastHour": 6,
                "hazard": "IFR",
                "frequency": null,
                "severity": null,
                "status": "NRML",
                "base": null,
                "top": null,
                "fzlBase": null,
                "fzlTop": null,
                "level": null,
                "product": "SIERRA",
                "rawAirSigmet": "CIG BLW 010 VIS BLW 3SM PCPN BR",
                "validTimeTo": "2026-09-04T15:00:00.000",
                "validTimeFrom": [
                    "2026-09-04T13:43"
                ]
            }
        },
        {
            "type": "Feature",
            "geometry": {
                "type": "Polygon",
                "coordinates": [
                    [
                        [
                            "-77.86",
                            "42.32"
                        ],
                        [
                            "-76.88",
                            "41.28"
                        ],
                        [
                            "-77.12",
                            "40.80"
                        ],
                        [
                            "-78.23",
                            "40.11"
                        ],
                        [
                            "-79.57",
                            "39.66"
                        ],
                        [
                            "-80.32",
                            "39.81"
                        ],
                        [
                            "-80.97",
                            "40.02"
                        ],
                        [
                            "-79.13",
                            "42.18"
                        ],
                        [
                            "-77.86",
                            "42.32"
                        ]
                    ]
                ]
            },
            "properties": {
                "forecastId": null,
                "geometryId": null,
                "tag": "4E",
                "forecastHour": 6,
                "hazard": "MT_OBSC",
                "frequency": null,
                "severity": null,
                "status": "NRML",
                "base": null,
                "top": null,
                "fzlBase": null,
                "fzlTop": null,
                "level": null,
                "product": "SIERRA",
                "rawAirSigmet": "MTNS OBSC BY CLDS PCPN BR",
                "validTimeTo": "2026-09-04T15:00:00.000",
                "validTimeFrom": [
                    "2026-09-04T13:43"
                ]
            }
        },
        {
            "type": "Feature",
            "geometry": {
                "type": "Polygon",
                "coordinates": [
                    [
                        [
                            "-125.04",
                            "47.41"
                        ],
                        [
                            "-125.66",
                            "46.36"
                        ],
                        [
                            "-125.51",
                            "45.26"
                        ],
                        [
                            "-124.89",
                            "43.84"
                        ],
                        [
                            "-124.55",
                            "43.09"
                        ],
                        [
                            "-123.98",
                            "42.51"
                        ],
                        [
                            "-122.62",
                            "42.38"
                        ],
                        [
                            "-121.63",
                            "42.66"
                        ],
                        [
                            "-120.85",
                            "43.16"
                        ],
                        [
                            "-120.44",
                            "44.08"
                        ],
                        [
                            "-120.33",
                            "44.87"
                        ],
                        [
                            "-119.79",
                            "46.03"
                        ],
                        [
                            "-118.79",
                            "46.70"
                        ],
                        [
                            "-117.95",
                            "47.62"
                        ],
                        [
                            "-118.10",
                            "48.41"
                        ],
                        [
                            "-118.55",
                            "48.93"
                        ],
                        [
                            "-119.87",
                            "49.20"
                        ],
                        [
                            "-122.16",
                            "48.88"
                        ],
                        [
                            "-124.19",
                            "48.08"
                        ],
                        [
                            "-125.04",
                            "47.41"
                        ]
                    ]
                ]
            },
            "properties": {
                "forecastId": null,
                "geometryId": null,
                "tag": "1C",
                "forecastHour": 6,
                "hazard": "FZLVL",
                "frequency": null,
                "severity": null,
                "status": "NRML",
                "base": null,
                "top": null,
                "fzlBase": null,
                "fzlTop": null,
                "level": "080",
                "product": "ZULU",
                "rawAirSigmet": null,
                "validTimeTo": "2026-09-04T15:00:00.000",
                "validTimeFrom": [
                    "2026-09-04T08:45"
                ]
            }
        },
        {
            "type": "Feature",
            "geometry": {
                "type": "Polygon",
                "coordinates": [
                    [
                        [
                            "-69.38",
                            "47.45"
                        ],
                        [
                            "-67.92",
                            "47.09"
                        ],
                        [
                            "-67.78",
                            "45.78"
                        ],
                        [
                            "-67.14",
                            "45.06"
                        ],
                        [
                            "-66.99",
                            "40.34"
                        ],
                        [
                            "-69.56",
                            "41.31"
                        ],
                        [
                            "-70.28",
                            "41.58"
                        ],
                        [
                            "-70.50",
                            "43.23"
                        ],
                        [
                            "-69.65",
                            "44.37"
                        ],
                        [
                            "-69.48",
                            "45.29"
                        ],
                        [
                            "-70.47",
                            "45.71"
                        ],
                        [
                            "-69.38",
                            "47.45"
                        ]
                    ]
                ]
            },
            "properties": {
                "forecastId": null,
                "geometryId": null,
                "tag": "6E",
                "forecastHour": 6,
                "hazard": "IFR",
                "frequency": null,
                "severity": null,
                "status": "NRML",
                "base": null,
                "top": null,
                "fzlBase": null,
                "fzlTop": null,
                "level": null,
                "product": "SIERRA",
                "rawAirSigmet": "CIG BLW 010 VIS BLW 3SM BR FG",
                "validTimeTo": "2026-09-04T15:00:00.000",
                "validTimeFrom": [
                    "2026-09-04T13:43"
                ]
            }
        },
        {
            "type": "Feature",
            "geometry": {
                "type": "Polygon",
                "coordinates": [
                    [
                        [
                            "-123.35",
                            "48.70"
                        ],
                        [
                            "-123.20",
                            "45.86"
                        ],
                        [
                            "-124.29",
                            "44.01"
                        ],
                        [
                            "-126.71",
                            "43.41"
                        ],
                        [
                            "-126.51",
                            "45.24"
                        ],
                        [
                            "-128.05",
                            "48.23"
                        ],
                        [
                            "-123.35",
                            "48.70"
                        ]
                    ]
                ]
            },
            "properties": {
                "forecastId": null,
                "geometryId": null,
                "tag": "4W",
                "forecastHour": 6,
                "hazard": "TURB-HI",
                "frequency": null,
                "severity": "MOD",
                "status": "NRML",
                "base": "180",
                "top": "390",
                "fzlBase": null,
                "fzlTop": null,
                "level": null,
                "product": "TANGO",
                "rawAirSigmet": null,
                "validTimeTo": "2026-09-04T15:00:00.000",
                "validTimeFrom": [
                    "2026-09-04T08:45"
                ]
            }
        },
        {
            "type": "Feature",
            "geometry": {
                "type": "LineString",
                "coordinates": [
                    [
                        "-145.77",
                        "35.04"
                    ],
                    [
                        "-144.70",
                        "36.15"
                    ],
                    [
                        "-144.14",
                        "36.75"
                    ],
                    [
                        "-143.22",
                        "37.11"
                    ],
                    [
                        "-142.19",
                        "37.14"
                    ],
                    [
                        "-141.03",
                        "36.98"
                    ],
                    [
                        "-139.64",
                        "36.53"
                    ],
                    [
                        "-136.15",
                        "34.09"
                    ],
                    [
                        "-133.89",
                        "33.39"
                    ],
                    [
                        "-131.40",
                        "33.18"
                    ],
                    [
                        "-129.54",
                        "33.17"
                    ],
                    [
                        "-127.10",
                        "33.46"
                    ],
                    [
                        "-123.73",
                        "34.48"
                    ],
                    [
                        "-120.81",
                        "35.18"
                    ],
                    [
                        "-118.66",
                        "35.39"
                    ],
                    [
                        "-116.66",
                        "35.96"
                    ],
                    [
                        "-115.05",
                        "36.54"
                    ],
                    [
                        "-113.14",
                        "37.08"
                    ],
                    [
                        "-111.63",
                        "37.21"
                    ],
                    [
                        "-109.31",
                        "36.40"
                    ],
                    [
                        "-107.99",
                        "36.72"
                    ],
                    [
                        "-107.30",
                        "37.54"
                    ],
                    [
                        "-106.41",
                        "39.30"
                    ],
                    [
                        "-105.28",
                        "41.14"
                    ],
                    [
                        "-103.94",
                        "41.75"
                    ],
                    [
                        "-102.91",
                        "41.74"
                    ],
                    [
                        "-102.06",
                        "41.49"
                    ],
                    [
                        "-101.06",
                        "40.85"
                    ],
                    [
                        "-100.58",
                        "40.29"
                    ],
                    [
                        "-99.95",
                        "39.13"
                    ],
                    [
                        "-99.24",
                        "38.64"
                    ],
                    [
                        "-98.10",
                        "39.16"
                    ],
                    [
                        "-97.65",
                        "40.05"
                    ],
                    [
                        "-96.94",
                        "40.81"
                    ],
                    [
                        "-96.24",
                        "40.51"
                    ],
                    [
                        "-94.79",
                        "39.93"
                    ],
                    [
                        "-93.17",
                        "40.09"
                    ],
                    [
                        "-90.66",
                        "40.77"
                    ],
                    [
                        "-89.36",
                        "41.00"
                    ],
                    [
                        "-87.94",
                        "41.07"
                    ],
                    [
                        "-86.23",
                        "40.83"
                    ],
                    [
                        "-84.71",
                        "40.32"
                    ],
                    [
                        "-81.74",
                        "39.31"
                    ],
                    [
                        "-80.26",
                        "38.43"
                    ],
                    [
                        "-80.60",
                        "37.48"
                    ],
                    [
                        "-81.51",
                        "36.18"
                    ],
                    [
                        "-80.94",
                        "35.57"
                    ],
                    [
                        "-80.42",
                        "35.46"
                    ],
                    [
                        "-77.75",
                        "35.10"
                    ],
                    [
                        "-76.67",
                        "34.82"
                    ],
                    [
                        "-75.48",
                        "34.06"
                    ],
                    [
                        "-73.52",
                        "32.56"
                    ],
                    [
                        "-72.31",
                        "31.92"
                    ],
                    [
                        "-71.01",
                        "31.49"
                    ],
                    [
                        "-69.02",
                        "31.39"
                    ],
                    [
                        "-66.68",
                        "31.59"
                    ],
                    [
                        "-64.51",
                        "31.65"
                    ],
                    [
                        "-62.76",
                        "31.33"
                    ],
                    [
                        "-62.64",
                        "30.35"
                    ],
                    [
                        "-63.02",
                        "29.02"
                    ],
                    [
                        "-62.81",
                        "28.00"
                    ],
                    [
                        "-62.08",
                        "26.39"
                    ],
                    [
                        "-61.77",
                        "25.07"
                    ],
                    [
                        "-61.07",
                        "23.58"
                    ]
                ]
            },
            "properties": {
                "forecastId": null,
                "geometryId": null,
                "tag": "1C",
                "forecastHour": 6,
                "hazard": "FZLVL",
                "frequency": null,
                "severity": null,
                "status": "NRML",
                "base": null,
                "top": null,
                "fzlBase": null,
                "fzlTop": null,
                "level": "160",
                "product": "ZULU",
                "rawAirSigmet": null,
                "validTimeTo": "2026-09-04T15:00:00.000",
                "validTimeFrom": [
                    "2026-09-04T08:45"
                ]
            }
        },
        {
            "type": "Feature",
            "geometry": {
                "type": "Polygon",
                "coordinates": [
                    [
                        [
                            "-107.64",
                            "45.23"
                        ],
                        [
                            "-106.89",
                            "44.95"
                        ],
                        [
                            "-106.39",
                            "44.13"
                        ],
                        [
                            "-105.24",
                            "42.33"
                        ],
                        [
                            "-104.73",
                            "41.13"
                        ],
                        [
                            "-104.75",
                            "39.70"
                        ],
                        [
                            "-104.93",
                            "37.92"
                        ],
                        [
                            "-104.99",
                            "37.00"
                        ],
                        [
                            "-105.46",
                            "36.94"
                        ],
                        [
                            "-105.80",
                            "37.55"
                        ],
                        [
                            "-106.38",
                            "38.52"
                        ],
                        [
                            "-106.93",
                            "39.44"
                        ],
                        [
                            "-109.54",
                            "38.80"
                        ],
                        [
                            "-110.02",
                            "38.71"
                        ],
                        [
                            "-110.36",
                            "38.29"
                        ],
                        [
                            "-109.54",
                            "36.25"
                        ],
                        [
                            "-110.78",
                            "34.97"
                        ],
                        [
                            "-110.74",
                            "34.36"
                        ],
                        [
                            "-113.83",
                            "33.90"
                        ],
                        [
                            "-116.11",
                            "35.88"
                        ],
                        [
                            "-116.26",
                            "36.67"
                        ],
                        [
                            "-117.01",
                            "37.75"
                        ],
                        [
                            "-115.00",
                            "39.43"
                        ],
                        [
                            "-112.46",
                            "41.11"
                        ],
                        [
                            "-112.25",
                            "43.42"
                        ],
                        [
                            "-109.29",
                            "43.85"
                        ],
                        [
                            "-108.71",
                            "45.05"
                        ],
                        [
                            "-107.64",
                            "45.23"
                        ]
                    ]
                ]
            },
            "properties": {
                "forecastId": null,
                "geometryId": null,
                "tag": "2W",
                "forecastHour": 6,
                "hazard": "TURB-LO",
                "frequency": null,
                "severity": "MOD",
                "status": "NRML",
                "base": "SFC",
                "top": "210",
                "fzlBase": null,
                "fzlTop": null,
                "level": null,
                "product": "TANGO",
                "rawAirSigmet": null,
                "validTimeTo": "2026-09-04T15:00:00.000",
                "validTimeFrom": [
                    "2026-09-04T08:45"
                ]
            }
        },
        {
            "type": "Feature",
            "geometry": {
                "type": "Polygon",
                "coordinates": [
                    [
                        [
                            "-115.01",
                            "49.04"
                        ],
                        [
                            "-112.73",
                            "48.96"
                        ],
                        [
                            "-108.32",
                            "48.97"
                        ],
                        [
                            "-104.61",
                            "48.92"
                        ],
                        [
                            "-103.83",
                            "48.37"
                        ],
                        [
                            "-103.49",
                            "47.51"
                        ],
                        [
                            "-104.10",
                            "46.22"
                        ],
                        [
                            "-105.99",
                            "46.48"
                        ],
                        [
                            "-108.44",
                            "47.75"
                        ],
                        [
                            "-109.68",
                            "46.54"
                        ],
                        [
                            "-108.77",
                            "45.10"
                        ],
                        [
                            "-109.24",
                            "43.88"
                        ],
                        [
                            "-112.25",
                            "43.38"
                        ],
                        [
                            "-114.56",
                            "43.15"
                        ],
                        [
                            "-116.13",
                            "41.80"
                        ],
                        [
                            "-116.95",
                            "42.59"
                        ],
                        [
                            "-116.15",
                            "43.71"
                        ],
                        [
                            "-115.62",
                            "44.89"
                        ],
                        [
                            "-115.38",
                            "46.16"
                        ],
                        [
                            "-114.90",
                            "47.79"
                        ],
                        [
                            "-115.01",
                            "49.04"
                        ]
                    ]
                ]
            },
            "properties": {
                "forecastId": null,
                "geometryId": null,
                "tag": "1W",
                "forecastHour": 6,
                "hazard": "TURB-LO",
                "frequency": null,
                "severity": "MOD",
                "status": "NRML",
                "base": "SFC",
                "top": "180",
                "fzlBase": null,
                "fzlTop": null,
                "level": null,
                "product": "TANGO",
                "rawAirSigmet": null,
                "validTimeTo": "2026-09-04T15:00:00.000",
                "validTimeFrom": [
                    "2026-09-04T08:45"
                ]
            }
        },
        {
            "type": "Feature",
            "geometry": {
                "type": "Polygon",
                "coordinates": [
                    [
                        [
                            "-92.64",
                            "32.11"
                        ],
                        [
                            "-93.98",
                            "31.39"
                        ],
                        [
                            "-94.48",
                            "30.68"
                        ],
                        [
                            "-94.06",
                            "29.84"
                        ],
                        [
                            "-93.42",
                            "29.03"
                        ],
                        [
                            "-93.35",
                            "27.73"
                        ],
                        [
                            "-93.22",
                            "26.48"
                        ],
                        [
                            "-92.85",
                            "25.18"
                        ],
                        [
                            "-91.86",
                            "23.56"
                        ],
                        [
                            "-90.91",
                            "22.55"
                        ],
                        [
                            "-89.61",
                            "21.88"
                        ],
                        [
                            "-87.60",
                            "21.26"
                        ],
                        [
                            "-86.33",
                            "21.47"
                        ],
                        [
                            "-85.65",
                            "22.56"
                        ],
                        [
                            "-85.05",
                            "24.09"
                        ],
                        [
                            "-84.94",
                            "25.22"
                        ],
                        [
                            "-85.41",
                            "26.33"
                        ],
                        [
                            "-86.08",
                            "27.30"
                        ],
                        [
                            "-87.13",
                            "28.25"
                        ],
                        [
                            "-88.18",
                            "28.61"
                        ],
                        [
                            "-89.12",
                            "29.04"
                        ],
                        [
                            "-89.64",
                            "29.53"
                        ],
                        [
                            "-89.70",
                            "30.99"
                        ],
                        [
                            "-90.50",
                            "31.83"
                        ],
                        [
                            "-91.80",
                            "32.23"
                        ],
                        [
                            "-92.64",
                            "32.11"
                        ]
                    ]
                ]
            },
            "properties": {
                "forecastId": null,
                "geometryId": null,
                "tag": "1C",
                "forecastHour": 6,
                "hazard": "FZLVL",
                "frequency": null,
                "severity": null,
                "status": "NRML",
                "base": null,
                "top": null,
                "fzlBase": null,
                "fzlTop": null,
                "level": "160",
                "product": "ZULU",
                "rawAirSigmet": null,
                "validTimeTo": "2026-09-04T15:00:00.000",
                "validTimeFrom": [
                    "2026-09-04T08:45"
                ]
            }
        },
        {
            "type": "Feature",
            "geometry": {
                "type": "Polygon",
                "coordinates": [
                    [
                        [
                            "-77.20",
                            "30.30"
                        ],
                        [
                            "-77.67",
                            "30.32"
                        ],
                        [
                            "-78.58",
                            "30.22"
                        ],
                        [
                            "-78.65",
                            "30.20"
                        ],
                        [
                            "-79.35",
                            "29.77"
                        ],
                        [
                            "-79.53",
                            "29.12"
                        ],
                        [
                            "-79.39",
                            "28.77"
                        ],
                        [
                            "-78.94",
                            "28.15"
                        ],
                        [
                            "-78.93",
                            "28.13"
                        ],
                        [
                            "-78.52",
                            "27.42"
                        ],
                        [
                            "-78.04",
                            "27.04"
                        ],
                        [
                            "-77.97",
                            "26.98"
                        ],
                        [
                            "-77.90",
                            "26.98"
                        ],
                        [
                            "-77.22",
                            "26.88"
                        ],
                        [
                            "-76.37",
                            "26.95"
                        ],
                        [
                            "-76.32",
                            "26.95"
                        ],
                        [
                            "-75.41",
                            "27.23"
                        ],
                        [
                            "-75.04",
                            "27.77"
                        ],
                        [
                            "-75.02",
                            "28.51"
                        ],
                        [
                            "-75.16",
                            "28.86"
                        ],
                        [
                            "-75.44",
                            "29.47"
                        ],
                        [
                            "-75.54",
                            "29.59"
                        ],
                        [
                            "-76.13",
                            "30.02"
                        ],
                        [
                            "-76.84",
                            "30.26"
                        ],
                        [
                            "-77.20",
                            "30.30"
                        ]
                    ]
                ]
            },
            "properties": {
                "forecastId": null,
                "geometryId": null,
                "tag": "1C",
                "forecastHour": 6,
                "hazard": "FZLVL",
                "frequency": null,
                "severity": null,
                "status": "NRML",
                "base": null,
                "top": null,
                "fzlBase": null,
                "fzlTop": null,
                "level": "160",
                "product": "ZULU",
                "rawAirSigmet": null,
                "validTimeTo": "2026-09-04T15:00:00.000",
                "validTimeFrom": [
                    "2026-09-04T08:45"
                ]
            }
        },
        {
            "type": "Feature",
            "geometry": {
                "type": "Polygon",
                "coordinates": [
                    [
                        [
                            "-109.37",
                            "49.12"
                        ],
                        [
                            "-106.88",
                            "49.11"
                        ],
                        [
                            "-105.29",
                            "48.21"
                        ],
                        [
                            "-103.73",
                            "47.58"
                        ],
                        [
                            "-102.98",
                            "46.97"
                        ],
                        [
                            "-103.15",
                            "46.29"
                        ],
                        [
                            "-104.94",
                            "46.08"
                        ],
                        [
                            "-106.37",
                            "46.34"
                        ],
                        [
                            "-107.50",
                            "47.64"
                        ],
                        [
                            "-108.51",
                            "47.97"
                        ],
                        [
                            "-109.92",
                            "47.56"
                        ],
                        [
                            "-109.79",
                            "46.58"
                        ],
                        [
                            "-109.22",
                            "45.96"
                        ],
                        [
                            "-108.95",
                            "44.95"
                        ],
                        [
                            "-109.01",
                            "44.56"
                        ],
                        [
                            "-108.90",
                            "43.73"
                        ],
                        [
                            "-108.90",
                            "42.97"
                        ],
                        [
                            "-109.00",
                            "42.74"
                        ],
                        [
                            "-110.16",
                            "42.48"
                        ],
                        [
                            "-111.19",
                            "43.53"
                        ],
                        [
                            "-111.30",
                            "43.70"
                        ],
                        [
                            "-111.81",
                            "43.89"
                        ],
                        [
                            "-112.58",
                            "43.93"
                        ],
                        [
                            "-113.27",
                            "43.66"
                        ],
                        [
                            "-113.98",
                            "43.77"
                        ],
                        [
                            "-114.45",
                            "44.34"
                        ],
                        [
                            "-114.38",
                            "45.43"
                        ],
                        [
                            "-114.44",
                            "46.50"
                        ],
                        [
                            "-114.38",
                            "47.21"
                        ],
                        [
                            "-114.35",
                            "47.68"
                        ],
                        [
                            "-113.57",
                            "47.90"
                        ],
                        [
                            "-113.06",
                            "47.18"
                        ],
                        [
                            "-112.31",
                            "46.77"
                        ],
                        [
                            "-111.53",
                            "46.58"
                        ],
                        [
                            "-110.97",
                            "47.92"
                        ],
                        [
                            "-111.37",
                            "48.97"
                        ],
                        [
                            "-109.37",
                            "49.12"
                        ]
                    ]
                ]
            },
            "properties": {
                "forecastId": null,
                "geometryId": null,
                "tag": "3W",
                "forecastHour": 6,
                "hazard": "LLWS",
                "frequency": null,
                "severity": null,
                "status": "NRML",
                "base": null,
                "top": null,
                "fzlBase": null,
                "fzlTop": null,
                "level": null,
                "product": "TANGO",
                "rawAirSigmet": "AIR SPEED LOSS OR GAIN OF 20KTS OR MORE BELOW 2000 FT AGL",
                "validTimeTo": "2026-09-04T15:00:00.000",
                "validTimeFrom": [
                    "2026-09-04T08:45"
                ]
            }
        },
        {
            "type": "Feature",
            "geometry": {
                "type": "Polygon",
                "coordinates": [
                    [
                        [
                            "-115.24",
                            "48.08"
                        ],
                        [
                            "-114.57",
                            "47.40"
                        ],
                        [
                            "-114.54",
                            "46.51"
                        ],
                        [
                            "-115.00",
                            "45.36"
                        ],
                        [
                            "-115.30",
                            "44.50"
                        ],
                        [
                            "-116.00",
                            "44.24"
                        ],
                        [
                            "-116.80",
                            "44.66"
                        ],
                        [
                            "-116.66",
                            "45.85"
                        ],
                        [
                            "-116.22",
                            "46.59"
                        ],
                        [
                            "-116.68",
                            "47.48"
                        ],
                        [
                            "-116.32",
                            "47.94"
                        ],
                        [
                            "-115.24",
                            "48.08"
                        ]
                    ]
                ]
            },
            "properties": {
                "forecastId": null,
                "geometryId": null,
                "tag": "1E",
                "forecastHour": 6,
                "hazard": "IFR",
                "frequency": null,
                "severity": null,
                "status": "NRML",
                "base": null,
                "top": null,
                "fzlBase": null,
                "fzlTop": null,
                "level": null,
                "product": "SIERRA",
                "rawAirSigmet": "CIG BLW 010 VIS BLW 3SM PCPN BR",
                "validTimeTo": "2026-09-04T15:00:00.000",
                "validTimeFrom": [
                    "2026-09-04T13:43"
                ]
            }
        },
        {
            "type": "Feature",
            "geometry": {
                "type": "LineString",
                "coordinates": [
                    [
                        "-129.77",
                        "55.88"
                    ],
                    [
                        "-135.59",
                        "46.93"
                    ],
                    [
                        "-135.65",
                        "45.17"
                    ],
                    [
                        "-135.38",
                        "42.74"
                    ],
                    [
                        "-134.92",
                        "41.40"
                    ],
                    [
                        "-134.38",
                        "40.56"
                    ],
                    [
                        "-133.38",
                        "39.58"
                    ],
                    [
                        "-131.99",
                        "38.77"
                    ],
                    [
                        "-129.60",
                        "38.11"
                    ],
                    [
                        "-128.52",
                        "37.96"
                    ],
                    [
                        "-126.62",
                        "37.97"
                    ],
                    [
                        "-123.84",
                        "38.43"
                    ],
                    [
                        "-120.20",
                        "38.68"
                    ],
                    [
                        "-117.77",
                        "39.82"
                    ],
                    [
                        "-115.85",
                        "41.09"
                    ],
                    [
                        "-114.34",
                        "42.82"
                    ],
                    [
                        "-113.70",
                        "44.02"
                    ],
                    [
                        "-113.07",
                        "45.65"
                    ],
                    [
                        "-112.45",
                        "48.04"
                    ],
                    [
                        "-111.65",
                        "50.09"
                    ],
                    [
                        "-110.49",
                        "51.31"
                    ],
                    [
                        "-109.37",
                        "51.92"
                    ],
                    [
                        "-107.20",
                        "52.62"
                    ],
                    [
                        "-104.35",
                        "53.00"
                    ],
                    [
                        "-102.91",
                        "53.24"
                    ],
                    [
                        "-100.60",
                        "53.92"
                    ],
                    [
                        "-99.03",
                        "54.69"
                    ],
                    [
                        "-97.42",
                        "55.32"
                    ],
                    [
                        "-95.52",
                        "55.78"
                    ],
                    [
                        "-94.50",
                        "56.14"
                    ],
                    [
                        "-93.81",
                        "56.61"
                    ],
                    [
                        "-93.44",
                        "57.42"
                    ],
                    [
                        "-93.52",
                        "57.97"
                    ],
                    [
                        "-94.58",
                        "59.19"
                    ],
                    [
                        "-95.07",
                        "59.97"
                    ],
                    [
                        "-93.25",
                        "59.89"
                    ],
                    [
                        "-90.10",
                        "58.55"
                    ],
                    [
                        "-86.36",
                        "56.63"
                    ],
                    [
                        "-84.34",
                        "55.74"
                    ],
                    [
                        "-81.68",
                        "54.69"
                    ],
                    [
                        "-80.76",
                        "54.06"
                    ],
                    [
                        "-80.28",
                        "52.72"
                    ],
                    [
                        "-80.43",
                        "51.50"
                    ],
                    [
                        "-80.20",
                        "50.68"
                    ],
                    [
                        "-79.31",
                        "49.46"
                    ],
                    [
                        "-78.25",
                        "48.27"
                    ],
                    [
                        "-76.82",
                        "47.12"
                    ],
                    [
                        "-75.76",
                        "46.54"
                    ],
                    [
                        "-72.93",
                        "45.50"
                    ],
                    [
                        "-70.96",
                        "44.95"
                    ],
                    [
                        "-69.37",
                        "44.63"
                    ],
                    [
                        "-67.64",
                        "44.72"
                    ],
                    [
                        "-66.41",
                        "44.97"
                    ],
                    [
                        "-64.39",
                        "45.19"
                    ],
                    [
                        "-62.68",
                        "45.04"
                    ],
                    [
                        "-59.49",
                        "44.24"
                    ],
                    [
                        "-56.60",
                        "43.33"
                    ],
                    [
                        "-54.91",
                        "44.24"
                    ],
                    [
                        "-53.52",
                        "44.17"
                    ],
                    [
                        "-51.94",
                        "43.87"
                    ],
                    [
                        "-50.01",
                        "44.04"
                    ],
                    [
                        "-48.97",
                        "44.01"
                    ],
                    [
                        "-47.96",
                        "43.73"
                    ],
                    [
                        "-45.76",
                        "42.39"
                    ],
                    [
                        "-43.73",
                        "41.26"
                    ],
                    [
                        "-42.24",
                        "40.80"
                    ],
                    [
                        "-41.18",
                        "40.74"
                    ]
                ]
            },
            "properties": {
                "forecastId": null,
                "geometryId": null,
                "tag": "1C",
                "forecastHour": 6,
                "hazard": "FZLVL",
                "frequency": null,
                "severity": null,
                "status": "NRML",
                "base": null,
                "top": null,
                "fzlBase": null,
                "fzlTop": null,
                "level": "120",
                "product": "ZULU",
                "rawAirSigmet": null,
                "validTimeTo": "2026-09-04T15:00:00.000",
                "validTimeFrom": [
                    "2026-09-04T08:45"
                ]
            }
        },
        {
            "type": "Feature",
            "geometry": {
                "type": "Polygon",
                "coordinates": [
                    [
                        [
                            "-88.69",
                            "47.47"
                        ],
                        [
                            "-87.07",
                            "46.62"
                        ],
                        [
                            "-84.71",
                            "45.38"
                        ],
                        [
                            "-83.50",
                            "44.51"
                        ],
                        [
                            "-82.11",
                            "43.56"
                        ],
                        [
                            "-82.66",
                            "42.62"
                        ],
                        [
                            "-84.24",
                            "42.61"
                        ],
                        [
                            "-87.09",
                            "43.28"
                        ],
                        [
                            "-88.54",
                            "44.14"
                        ],
                        [
                            "-88.69",
                            "47.47"
                        ]
                    ]
                ]
            },
            "properties": {
                "forecastId": null,
                "geometryId": null,
                "tag": "4E",
                "forecastHour": 6,
                "hazard": "IFR",
                "frequency": null,
                "severity": null,
                "status": "NRML",
                "base": null,
                "top": null,
                "fzlBase": null,
                "fzlTop": null,
                "level": null,
                "product": "SIERRA",
                "rawAirSigmet": "CIG BLW 010 VIS BLW 3SM PCPN BR",
                "validTimeTo": "2026-09-04T15:00:00.000",
                "validTimeFrom": [
                    "2026-09-04T13:43"
                ]
            }
        },
        {
            "type": "Feature",
            "geometry": {
                "type": "Polygon",
                "coordinates": [
                    [
                        [
                            "-120.11",
                            "40.19"
                        ],
                        [
                            "-119.42",
                            "39.70"
                        ],
                        [
                            "-118.91",
                            "39.22"
                        ],
                        [
                            "-118.40",
                            "38.45"
                        ],
                        [
                            "-118.23",
                            "37.87"
                        ],
                        [
                            "-118.20",
                            "37.00"
                        ],
                        [
                            "-118.78",
                            "36.97"
                        ],
                        [
                            "-119.17",
                            "37.13"
                        ],
                        [
                            "-120.08",
                            "38.10"
                        ],
                        [
                            "-120.70",
                            "38.99"
                        ],
                        [
                            "-120.97",
                            "39.84"
                        ],
                        [
                            "-120.11",
                            "40.19"
                        ]
                    ]
                ]
            },
            "properties": {
                "forecastId": null,
                "geometryId": null,
                "tag": "5W",
                "forecastHour": 6,
                "hazard": "LLWS",
                "frequency": null,
                "severity": null,
                "status": "NRML",
                "base": null,
                "top": null,
                "fzlBase": null,
                "fzlTop": null,
                "level": null,
                "product": "TANGO",
                "rawAirSigmet": "AIR SPEED LOSS OR GAIN OF 20KTS OR MORE BELOW 2000 FT AGL",
                "validTimeTo": "2026-09-04T15:00:00.000",
                "validTimeFrom": [
                    "2026-09-04T08:45"
                ]
            }
        },
        {
            "type": "Feature",
            "geometry": {
                "type": "Polygon",
                "coordinates": [
                    [
                        [
                            "-123.34",
                            "38.84"
                        ],
                        [
                            "-122.32",
                            "38.77"
                        ],
                        [
                            "-121.97",
                            "38.18"
                        ],
                        [
                            "-119.91",
                            "35.47"
                        ],
                        [
                            "-119.98",
                            "34.95"
                        ],
                        [
                            "-118.78",
                            "34.58"
                        ],
                        [
                            "-117.54",
                            "34.06"
                        ],
                        [
                            "-117.02",
                            "33.46"
                        ],
                        [
                            "-116.62",
                            "32.78"
                        ],
                        [
                            "-117.29",
                            "32.84"
                        ],
                        [
                            "-118.48",
                            "34.03"
                        ],
                        [
                            "-120.76",
                            "34.55"
                        ],
                        [
                            "-123.34",
                            "38.84"
                        ]
                    ]
                ]
            },
            "properties": {
                "forecastId": null,
                "geometryId": null,
                "tag": "5E",
                "forecastHour": 6,
                "hazard": "MT_OBSC",
                "frequency": null,
                "severity": null,
                "status": "NRML",
                "base": null,
                "top": null,
                "fzlBase": null,
                "fzlTop": null,
                "level": null,
                "product": "SIERRA",
                "rawAirSigmet": "MTNS OBSC BY CLDS BR FG",
                "validTimeTo": "2026-09-04T15:00:00.000",
                "validTimeFrom": [
                    "2026-09-04T13:43"
                ]
            }
        },
        {
            "type": "Feature",
            "geometry": {
                "type": "Polygon",
                "coordinates": [
                    [
                        [
                            "-110.14",
                            "41.77"
                        ],
                        [
                            "-109.68",
                            "41.20"
                        ],
                        [
                            "-109.19",
                            "40.78"
                        ],
                        [
                            "-109.20",
                            "40.26"
                        ],
                        [
                            "-109.38",
                            "39.89"
                        ],
                        [
                            "-109.71",
                            "39.68"
                        ],
                        [
                            "-110.19",
                            "39.41"
                        ],
                        [
                            "-110.85",
                            "39.01"
                        ],
                        [
                            "-111.44",
                            "38.29"
                        ],
                        [
                            "-112.17",
                            "37.59"
                        ],
                        [
                            "-113.02",
                            "37.40"
                        ],
                        [
                            "-114.09",
                            "37.36"
                        ],
                        [
                            "-114.86",
                            "37.85"
                        ],
                        [
                            "-114.85",
                            "38.41"
                        ],
                        [
                            "-114.71",
                            "38.94"
                        ],
                        [
                            "-113.91",
                            "39.63"
                        ],
                        [
                            "-113.22",
                            "40.29"
                        ],
                        [
                            "-111.11",
                            "41.53"
                        ],
                        [
                            "-110.14",
                            "41.77"
                        ]
                    ]
                ]
            },
            "properties": {
                "forecastId": null,
                "geometryId": null,
                "tag": "4W",
                "forecastHour": 6,
                "hazard": "LLWS",
                "frequency": null,
                "severity": null,
                "status": "NRML",
                "base": null,
                "top": null,
                "fzlBase": null,
                "fzlTop": null,
                "level": null,
                "product": "TANGO",
                "rawAirSigmet": "AIR SPEED LOSS OR GAIN OF 20KTS OR MORE BELOW 2000 FT AGL",
                "validTimeTo": "2026-09-04T15:00:00.000",
                "validTimeFrom": [
                    "2026-09-04T08:45"
                ]
            }
        },
        {
            "type": "Feature",
            "geometry": {
                "type": "Polygon",
                "coordinates": [
                    [
                        [
                            "-102.53",
                            "49.04"
                        ],
                        [
                            "-99.34",
                            "48.93"
                        ],
                        [
                            "-95.79",
                            "48.89"
                        ],
                        [
                            "-94.67",
                            "48.93"
                        ],
                        [
                            "-93.87",
                            "48.59"
                        ],
                        [
                            "-92.29",
                            "48.16"
                        ],
                        [
                            "-89.88",
                            "47.96"
                        ],
                        [
                            "-88.59",
                            "47.53"
                        ],
                        [
                            "-88.59",
                            "44.11"
                        ],
                        [
                            "-89.62",
                            "44.08"
                        ],
                        [
                            "-91.04",
                            "44.28"
                        ],
                        [
                            "-93.15",
                            "44.63"
                        ],
                        [
                            "-94.58",
                            "44.33"
                        ],
                        [
                            "-95.59",
                            "44.07"
                        ],
                        [
                            "-97.01",
                            "44.75"
                        ],
                        [
                            "-97.64",
                            "45.27"
                        ],
                        [
                            "-98.29",
                            "44.50"
                        ],
                        [
                            "-98.97",
                            "44.41"
                        ],
                        [
                            "-99.70",
                            "44.86"
                        ],
                        [
                            "-100.27",
                            "45.69"
                        ],
                        [
                            "-102.42",
                            "46.11"
                        ],
                        [
                            "-104.04",
                            "47.68"
                        ],
                        [
                            "-104.82",
                            "48.96"
                        ],
                        [
                            "-102.53",
                            "49.04"
                        ]
                    ]
                ]
            },
            "properties": {
                "forecastId": null,
                "geometryId": null,
                "tag": "4E",
                "forecastHour": 6,
                "hazard": "IFR",
                "frequency": null,
                "severity": null,
                "status": "AMD",
                "base": null,
                "top": null,
                "fzlBase": null,
                "fzlTop": null,
                "level": null,
                "product": "SIERRA",
                "rawAirSigmet": "CIG BLW 010 VIS BLW 3SM BR",
                "validTimeTo": "2026-09-04T15:00:00.000",
                "validTimeFrom": [
                    "2026-09-04T13:43"
                ]
            }
        },
        {
            "type": "Feature",
            "geometry": {
                "type": "Polygon",
                "coordinates": [
                    [
                        [
                            "-69.38",
                            "47.59"
                        ],
                        [
                            "-68.56",
                            "45.51"
                        ],
                        [
                            "-71.04",
                            "43.63"
                        ],
                        [
                            "-71.89",
                            "44.13"
                        ],
                        [
                            "-71.53",
                            "44.90"
                        ],
                        [
                            "-70.63",
                            "45.56"
                        ],
                        [
                            "-69.38",
                            "47.59"
                        ]
                    ]
                ]
            },
            "properties": {
                "forecastId": null,
                "geometryId": null,
                "tag": "4E",
                "forecastHour": 6,
                "hazard": "MT_OBSC",
                "frequency": null,
                "severity": null,
                "status": "NRML",
                "base": null,
                "top": null,
                "fzlBase": null,
                "fzlTop": null,
                "level": null,
                "product": "SIERRA",
                "rawAirSigmet": "MTNS OBSC BY CLDS PCPN BR",
                "validTimeTo": "2026-09-04T15:00:00.000",
                "validTimeFrom": [
                    "2026-09-04T13:43"
                ]
            }
        },
        {
            "type": "Feature",
            "geometry": {
                "type": "Polygon",
                "coordinates": [
                    [
                        [
                            "-102.29",
                            "30.69"
                        ],
                        [
                            "-102.35",
                            "30.03"
                        ],
                        [
                            "-102.13",
                            "29.37"
                        ],
                        [
                            "-101.61",
                            "28.91"
                        ],
                        [
                            "-100.93",
                            "28.76"
                        ],
                        [
                            "-100.17",
                            "28.60"
                        ],
                        [
                            "-98.81",
                            "27.91"
                        ],
                        [
                            "-98.29",
                            "27.75"
                        ],
                        [
                            "-98.25",
                            "27.14"
                        ],
                        [
                            "-98.27",
                            "26.50"
                        ],
                        [
                            "-97.48",
                            "26.42"
                        ],
                        [
                            "-97.47",
                            "27.08"
                        ],
                        [
                            "-98.01",
                            "27.80"
                        ],
                        [
                            "-97.60",
                            "28.36"
                        ],
                        [
                            "-96.97",
                            "28.94"
                        ],
                        [
                            "-96.32",
                            "29.64"
                        ],
                        [
                            "-96.19",
                            "30.36"
                        ],
                        [
                            "-97.65",
                            "30.93"
                        ],
                        [
                            "-99.18",
                            "31.06"
                        ],
                        [
                            "-100.28",
                            "31.24"
                        ],
                        [
                            "-101.49",
                            "31.34"
                        ],
                        [
                            "-102.29",
                            "30.69"
                        ]
                    ]
                ]
            },
            "properties": {
                "forecastId": null,
                "geometryId": null,
                "tag": "1C",
                "forecastHour": 6,
                "hazard": "FZLVL",
                "frequency": null,
                "severity": null,
                "status": "NRML",
                "base": null,
                "top": null,
                "fzlBase": null,
                "fzlTop": null,
                "level": "160",
                "product": "ZULU",
                "rawAirSigmet": null,
                "validTimeTo": "2026-09-04T15:00:00.000",
                "validTimeFrom": [
                    "2026-09-04T08:45"
                ]
            }
        },
        {
            "type": "Feature",
            "geometry": {
                "type": "Polygon",
                "coordinates": [
                    [
                        [
                            "-71.48",
                            "28.10"
                        ],
                        [
                            "-72.34",
                            "27.97"
                        ],
                        [
                            "-72.51",
                            "27.92"
                        ],
                        [
                            "-73.38",
                            "27.64"
                        ],
                        [
                            "-73.47",
                            "27.59"
                        ],
                        [
                            "-74.13",
                            "27.30"
                        ],
                        [
                            "-74.42",
                            "26.72"
                        ],
                        [
                            "-74.31",
                            "26.34"
                        ],
                        [
                            "-74.24",
                            "25.89"
                        ],
                        [
                            "-74.09",
                            "25.45"
                        ],
                        [
                            "-73.60",
                            "24.97"
                        ],
                        [
                            "-72.89",
                            "24.84"
                        ],
                        [
                            "-72.51",
                            "24.93"
                        ],
                        [
                            "-71.84",
                            "25.17"
                        ],
                        [
                            "-71.75",
                            "25.22"
                        ],
                        [
                            "-71.23",
                            "25.66"
                        ],
                        [
                            "-70.83",
                            "26.17"
                        ],
                        [
                            "-70.53",
                            "26.75"
                        ],
                        [
                            "-70.40",
                            "27.10"
                        ],
                        [
                            "-70.43",
                            "27.47"
                        ],
                        [
                            "-70.58",
                            "27.99"
                        ],
                        [
                            "-71.36",
                            "28.12"
                        ],
                        [
                            "-71.48",
                            "28.10"
                        ]
                    ]
                ]
            },
            "properties": {
                "forecastId": null,
                "geometryId": null,
                "tag": "1C",
                "forecastHour": 6,
                "hazard": "FZLVL",
                "frequency": null,
                "severity": null,
                "status": "NRML",
                "base": null,
                "top": null,
                "fzlBase": null,
                "fzlTop": null,
                "level": "160",
                "product": "ZULU",
                "rawAirSigmet": null,
                "validTimeTo": "2026-09-04T15:00:00.000",
                "validTimeFrom": [
                    "2026-09-04T08:45"
                ]
            }
        },
        {
            "type": "Feature",
            "geometry": {
                "type": "Polygon",
                "coordinates": [
                    [
                        [
                            "-124.49",
                            "43.21"
                        ],
                        [
                            "-123.64",
                            "43.15"
                        ],
                        [
                            "-123.58",
                            "42.11"
                        ],
                        [
                            "-123.88",
                            "40.74"
                        ],
                        [
                            "-123.69",
                            "39.64"
                        ],
                        [
                            "-123.07",
                            "38.82"
                        ],
                        [
                            "-122.10",
                            "37.97"
                        ],
                        [
                            "-121.71",
                            "37.11"
                        ],
                        [
                            "-120.59",
                            "36.81"
                        ],
                        [
                            "-120.02",
                            "35.31"
                        ],
                        [
                            "-120.08",
                            "34.26"
                        ],
                        [
                            "-120.35",
                            "33.06"
                        ],
                        [
                            "-121.25",
                            "32.48"
                        ],
                        [
                            "-122.02",
                            "32.61"
                        ],
                        [
                            "-124.27",
                            "36.08"
                        ],
                        [
                            "-125.69",
                            "37.42"
                        ],
                        [
                            "-125.38",
                            "38.39"
                        ],
                        [
                            "-125.01",
                            "39.42"
                        ],
                        [
                            "-125.03",
                            "41.10"
                        ],
                        [
                            "-125.10",
                            "42.35"
                        ],
                        [
                            "-124.49",
                            "43.21"
                        ]
                    ]
                ]
            },
            "properties": {
                "forecastId": null,
                "geometryId": null,
                "tag": "10E",
                "forecastHour": 6,
                "hazard": "IFR",
                "frequency": null,
                "severity": null,
                "status": "NRML",
                "base": null,
                "top": null,
                "fzlBase": null,
                "fzlTop": null,
                "level": null,
                "product": "SIERRA",
                "rawAirSigmet": "CIG BLW 010 VIS BLW 3SM BR",
                "validTimeTo": "2026-09-04T15:00:00.000",
                "validTimeFrom": [
                    "2026-09-04T13:43"
                ]
            }
        },
        {
            "type": "Feature",
            "geometry": {
                "type": "Polygon",
                "coordinates": [
                    [
                        [
                            "-122.23",
                            "48.91"
                        ],
                        [
                            "-120.95",
                            "48.18"
                        ],
                        [
                            "-120.73",
                            "47.69"
                        ],
                        [
                            "-118.54",
                            "47.04"
                        ],
                        [
                            "-118.08",
                            "46.23"
                        ],
                        [
                            "-118.85",
                            "45.36"
                        ],
                        [
                            "-120.18",
                            "45.12"
                        ],
                        [
                            "-120.47",
                            "43.99"
                        ],
                        [
                            "-121.48",
                            "43.00"
                        ],
                        [
                            "-122.39",
                            "42.35"
                        ],
                        [
                            "-123.30",
                            "42.15"
                        ],
                        [
                            "-124.80",
                            "42.55"
                        ],
                        [
                            "-125.61",
                            "43.00"
                        ],
                        [
                            "-125.50",
                            "43.58"
                        ],
                        [
                            "-124.74",
                            "44.60"
                        ],
                        [
                            "-125.08",
                            "45.04"
                        ],
                        [
                            "-124.45",
                            "45.87"
                        ],
                        [
                            "-123.22",
                            "46.09"
                        ],
                        [
                            "-123.24",
                            "46.84"
                        ],
                        [
                            "-123.56",
                            "47.13"
                        ],
                        [
                            "-123.72",
                            "47.89"
                        ],
                        [
                            "-122.23",
                            "48.91"
                        ]
                    ]
                ]
            },
            "properties": {
                "forecastId": null,
                "geometryId": null,
                "tag": "3C",
                "forecastHour": 6,
                "hazard": "ICE",
                "frequency": null,
                "severity": "MOD",
                "status": "NRML",
                "base": "FZL",
                "top": "180",
                "fzlBase": "070",
                "fzlTop": "080",
                "level": null,
                "product": "ZULU",
                "rawAirSigmet": "ICE",
                "validTimeTo": "2026-09-04T15:00:00.000",
                "validTimeFrom": [
                    "2026-09-04T08:45"
                ]
            }
        },
        {
            "type": "Feature",
            "geometry": {
                "type": "Polygon",
                "coordinates": [
                    [
                        [
                            "-120.13",
                            "49.05"
                        ],
                        [
                            "-111.22",
                            "48.99"
                        ],
                        [
                            "-112.51",
                            "47.83"
                        ],
                        [
                            "-112.72",
                            "46.87"
                        ],
                        [
                            "-112.53",
                            "46.00"
                        ],
                        [
                            "-112.48",
                            "45.10"
                        ],
                        [
                            "-113.26",
                            "43.87"
                        ],
                        [
                            "-113.99",
                            "43.03"
                        ],
                        [
                            "-114.80",
                            "42.01"
                        ],
                        [
                            "-116.78",
                            "41.36"
                        ],
                        [
                            "-118.05",
                            "40.68"
                        ],
                        [
                            "-119.80",
                            "40.92"
                        ],
                        [
                            "-119.60",
                            "42.07"
                        ],
                        [
                            "-118.48",
                            "42.83"
                        ],
                        [
                            "-118.11",
                            "43.66"
                        ],
                        [
                            "-116.80",
                            "44.37"
                        ],
                        [
                            "-116.14",
                            "45.14"
                        ],
                        [
                            "-115.52",
                            "46.98"
                        ],
                        [
                            "-116.66",
                            "47.04"
                        ],
                        [
                            "-119.60",
                            "48.18"
                        ],
                        [
                            "-120.13",
                            "49.05"
                        ]
                    ]
                ]
            },
            "properties": {
                "forecastId": null,
                "geometryId": null,
                "tag": "1C",
                "forecastHour": 6,
                "hazard": "ICE",
                "frequency": null,
                "severity": "MOD",
                "status": "NRML",
                "base": "FZL",
                "top": "200",
                "fzlBase": "080",
                "fzlTop": "120",
                "level": null,
                "product": "ZULU",
                "rawAirSigmet": "ICE",
                "validTimeTo": "2026-09-04T15:00:00.000",
                "validTimeFrom": [
                    "2026-09-04T08:45"
                ]
            }
        },
        {
            "type": "Feature",
            "geometry": {
                "type": "Polygon",
                "coordinates": [
                    [
                        [
                            "-99.03",
                            "61.17"
                        ],
                        [
                            "-99.01",
                            "61.16"
                        ],
                        [
                            "-99.05",
                            "60.34"
                        ],
                        [
                            "-99.21",
                            "60.34"
                        ],
                        [
                            "-99.25",
                            "60.35"
                        ],
                        [
                            "-99.07",
                            "61.16"
                        ],
                        [
                            "-99.03",
                            "61.17"
                        ]
                    ]
                ]
            },
            "properties": {
                "forecastId": null,
                "geometryId": null,
                "tag": "1C",
                "forecastHour": 6,
                "hazard": "FZLVL",
                "frequency": null,
                "severity": null,
                "status": "NRML",
                "base": null,
                "top": null,
                "fzlBase": null,
                "fzlTop": null,
                "level": "120",
                "product": "ZULU",
                "rawAirSigmet": null,
                "validTimeTo": "2026-09-04T15:00:00.000",
                "validTimeFrom": [
                    "2026-09-04T08:45"
                ]
            }
        },
        {
            "type": "Feature",
            "geometry": {
                "type": "Polygon",
                "coordinates": [
                    [
                        [
                            "-108.46",
                            "20.28"
                        ],
                        [
                            "-108.42",
                            "19.80"
                        ],
                        [
                            "-107.91",
                            "18.90"
                        ],
                        [
                            "-107.26",
                            "18.35"
                        ],
                        [
                            "-106.50",
                            "17.87"
                        ],
                        [
                            "-105.89",
                            "17.47"
                        ],
                        [
                            "-105.30",
                            "17.16"
                        ],
                        [
                            "-104.70",
                            "17.46"
                        ],
                        [
                            "-104.69",
                            "18.39"
                        ],
                        [
                            "-104.99",
                            "18.97"
                        ],
                        [
                            "-105.37",
                            "19.55"
                        ],
                        [
                            "-105.96",
                            "20.13"
                        ],
                        [
                            "-106.72",
                            "20.70"
                        ],
                        [
                            "-107.86",
                            "20.96"
                        ],
                        [
                            "-108.46",
                            "20.28"
                        ]
                    ]
                ]
            },
            "properties": {
                "forecastId": null,
                "geometryId": null,
                "tag": "1C",
                "forecastHour": 6,
                "hazard": "FZLVL",
                "frequency": null,
                "severity": null,
                "status": "NRML",
                "base": null,
                "top": null,
                "fzlBase": null,
                "fzlTop": null,
                "level": "160",
                "product": "ZULU",
                "rawAirSigmet": null,
                "validTimeTo": "2026-09-04T15:00:00.000",
                "validTimeFrom": [
                    "2026-09-04T08:45"
                ]
            }
        },
        {
            "type": "Feature",
            "geometry": {
                "type": "Polygon",
                "coordinates": [
                    [
                        [
                            "-119.67",
                            "49.10"
                        ],
                        [
                            "-115.62",
                            "49.04"
                        ],
                        [
                            "-110.17",
                            "48.96"
                        ],
                        [
                            "-110.88",
                            "47.41"
                        ],
                        [
                            "-112.46",
                            "45.96"
                        ],
                        [
                            "-118.03",
                            "42.98"
                        ],
                        [
                            "-120.44",
                            "42.15"
                        ],
                        [
                            "-123.10",
                            "41.24"
                        ],
                        [
                            "-127.08",
                            "40.42"
                        ],
                        [
                            "-126.87",
                            "41.90"
                        ],
                        [
                            "-125.31",
                            "42.06"
                        ],
                        [
                            "-123.12",
                            "42.93"
                        ],
                        [
                            "-120.81",
                            "44.76"
                        ],
                        [
                            "-118.89",
                            "46.81"
                        ],
                        [
                            "-119.67",
                            "49.10"
                        ]
                    ]
                ]
            },
            "properties": {
                "forecastId": null,
                "geometryId": null,
                "tag": "1W",
                "forecastHour": 6,
                "hazard": "TURB-HI",
                "frequency": null,
                "severity": "MOD",
                "status": "NRML",
                "base": "210",
                "top": "360",
                "fzlBase": null,
                "fzlTop": null,
                "level": null,
                "product": "TANGO",
                "rawAirSigmet": null,
                "validTimeTo": "2026-09-04T15:00:00.000",
                "validTimeFrom": [
                    "2026-09-04T08:45"
                ]
            }
        },
        {
            "type": "Feature",
            "geometry": {
                "type": "Polygon",
                "coordinates": [
                    [
                        [
                            "-113.56",
                            "49.00"
                        ],
                        [
                            "-113.20",
                            "47.84"
                        ],
                        [
                            "-113.40",
                            "46.62"
                        ],
                        [
                            "-113.78",
                            "45.43"
                        ],
                        [
                            "-113.97",
                            "44.38"
                        ],
                        [
                            "-113.77",
                            "43.27"
                        ],
                        [
                            "-114.62",
                            "41.98"
                        ],
                        [
                            "-116.52",
                            "40.90"
                        ],
                        [
                            "-118.28",
                            "40.18"
                        ],
                        [
                            "-119.47",
                            "38.94"
                        ],
                        [
                            "-119.46",
                            "37.92"
                        ],
                        [
                            "-120.24",
                            "37.57"
                        ],
                        [
                            "-121.52",
                            "39.25"
                        ],
                        [
                            "-121.67",
                            "39.79"
                        ],
                        [
                            "-121.29",
                            "40.38"
                        ],
                        [
                            "-120.79",
                            "40.56"
                        ],
                        [
                            "-119.43",
                            "41.55"
                        ],
                        [
                            "-118.34",
                            "42.37"
                        ],
                        [
                            "-117.01",
                            "43.72"
                        ],
                        [
                            "-116.99",
                            "44.84"
                        ],
                        [
                            "-117.46",
                            "45.75"
                        ],
                        [
                            "-117.76",
                            "46.64"
                        ],
                        [
                            "-117.86",
                            "48.07"
                        ],
                        [
                            "-117.48",
                            "48.95"
                        ],
                        [
                            "-113.56",
                            "49.00"
                        ]
                    ]
                ]
            },
            "properties": {
                "forecastId": null,
                "geometryId": null,
                "tag": "2E",
                "forecastHour": 6,
                "hazard": "MT_OBSC",
                "frequency": null,
                "severity": null,
                "status": "NRML",
                "base": null,
                "top": null,
                "fzlBase": null,
                "fzlTop": null,
                "level": null,
                "product": "SIERRA",
                "rawAirSigmet": "MTNS OBSC BY CLDS PCPN BR",
                "validTimeTo": "2026-09-04T15:00:00.000",
                "validTimeFrom": [
                    "2026-09-04T13:43"
                ]
            }
        },
        {
            "type": "Feature",
            "geometry": {
                "type": "Polygon",
                "coordinates": [
                    [
                        [
                            "-120.45",
                            "40.57"
                        ],
                        [
                            "-119.88",
                            "40.01"
                        ],
                        [
                            "-119.55",
                            "39.40"
                        ],
                        [
                            "-118.81",
                            "38.39"
                        ],
                        [
                            "-117.87",
                            "37.79"
                        ],
                        [
                            "-116.98",
                            "37.57"
                        ],
                        [
                            "-116.22",
                            "36.56"
                        ],
                        [
                            "-116.08",
                            "35.19"
                        ],
                        [
                            "-116.33",
                            "34.12"
                        ],
                        [
                            "-115.56",
                            "32.61"
                        ],
                        [
                            "-116.51",
                            "32.69"
                        ],
                        [
                            "-116.98",
                            "33.87"
                        ],
                        [
                            "-118.26",
                            "34.35"
                        ],
                        [
                            "-118.69",
                            "36.56"
                        ],
                        [
                            "-120.41",
                            "38.02"
                        ],
                        [
                            "-121.65",
                            "39.47"
                        ],
                        [
                            "-121.38",
                            "40.39"
                        ],
                        [
                            "-120.45",
                            "40.57"
                        ]
                    ]
                ]
            },
            "properties": {
                "forecastId": null,
                "geometryId": null,
                "tag": "3W",
                "forecastHour": 6,
                "hazard": "TURB-LO",
                "frequency": null,
                "severity": "MOD",
                "status": "NRML",
                "base": "SFC",
                "top": "120",
                "fzlBase": null,
                "fzlTop": null,
                "level": null,
                "product": "TANGO",
                "rawAirSigmet": null,
                "validTimeTo": "2026-09-04T15:00:00.000",
                "validTimeFrom": [
                    "2026-09-04T08:45"
                ]
            }
        },
        {
            "type": "Feature",
            "geometry": {
                "type": "Polygon",
                "coordinates": [
                    [
                        [
                            "-103.46",
                            "38.81"
                        ],
                        [
                            "-102.09",
                            "38.53"
                        ],
                        [
                            "-102.44",
                            "37.57"
                        ],
                        [
                            "-102.60",
                            "36.49"
                        ],
                        [
                            "-104.52",
                            "34.45"
                        ],
                        [
                            "-106.79",
                            "34.47"
                        ],
                        [
                            "-105.11",
                            "38.20"
                        ],
                        [
                            "-103.46",
                            "38.81"
                        ]
                    ]
                ]
            },
            "properties": {
                "forecastId": null,
                "geometryId": null,
                "tag": "4C",
                "forecastHour": 6,
                "hazard": "ICE",
                "frequency": null,
                "severity": "MOD",
                "status": "NRML",
                "base": "160",
                "top": "280",
                "fzlBase": null,
                "fzlTop": null,
                "level": null,
                "product": "ZULU",
                "rawAirSigmet": "ICE",
                "validTimeTo": "2026-09-04T15:00:00.000",
                "validTimeFrom": [
                    "2026-09-04T08:45"
                ]
            }
        }
    ],
    "metadata": {
        "creationTime": "2026-09-04T14:10"
    }
}