{
    "type": "FeatureCollection",
    "features": [
        {
            "type": "Feature",
            "geometry": {
                "type": "LineString",
                "coordinates": [
                    [
                        "-150.18",
                        "43.94"
                    ],
                    [
                        "-148.50",
                        "44.42"
                    ],
                    [
                        "-146.48",
                        "45.47"
                    ],
                    [
                        "-145.36",
                        "45.87"
                    ],
                    [
                        "-144.08",
                        "46.07"
                    ],
                    [
                        "-141.56",
                        "46.04"
                    ],
                    [
                        "-139.96",
                        "45.66"
                    ],
                    [
                        "-138.01",
                        "45.02"
                    ],
                    [
                        "-136.26",
                        "44.81"
                    ],
                    [
                        "-133.72",
                        "45.08"
                    ],
                    [
                        "-129.81",
                        "45.46"
                    ],
                    [
                        "-127.29",
                        "45.59"
                    ],
                    [
                        "-124.26",
                        "45.90"
                    ],
                    [
                        "-121.50",
                        "46.37"
                    ],
                    [
                        "-119.03",
                        "46.97"
                    ],
                    [
                        "-115.73",
                        "47.81"
                    ],
                    [
                        "-113.77",
                        "48.83"
                    ],
                    [
                        "-112.28",
                        "49.70"
                    ],
                    [
                        "-110.80",
                        "50.72"
                    ],
                    [
                        "-109.51",
                        "52.37"
                    ],
                    [
                        "-109.13",
                        "53.96"
                    ],
                    [
                        "-109.31",
                        "56.04"
                    ],
                    [
                        "-109.28",
                        "56.98"
                    ],
                    [
                        "-108.81",
                        "57.84"
                    ],
                    [
                        "-107.14",
                        "58.93"
                    ],
                    [
                        "-104.18",
                        "60.03"
                    ],
                    [
                        "-102.62",
                        "60.48"
                    ],
                    [
                        "-101.47",
                        "60.66"
                    ],
                    [
                        "-99.47",
                        "60.79"
                    ],
                    [
                        "-97.50",
                        "60.65"
                    ],
                    [
                        "-95.51",
                        "60.20"
                    ],
                    [
                        "-94.22",
                        "59.76"
                    ],
                    [
                        "-91.68",
                        "58.53"
                    ],
                    [
                        "-90.74",
                        "57.88"
                    ],
                    [
                        "-90.18",
                        "57.25"
                    ],
                    [
                        "-89.64",
                        "56.10"
                    ],
                    [
                        "-89.24",
                        "54.07"
                    ],
                    [
                        "-88.70",
                        "52.44"
                    ],
                    [
                        "-87.88",
                        "50.97"
                    ],
                    [
                        "-87.10",
                        "49.90"
                    ],
                    [
                        "-85.46",
                        "48.24"
                    ],
                    [
                        "-84.04",
                        "47.60"
                    ],
                    [
                        "-82.59",
                        "47.34"
                    ],
                    [
                        "-80.32",
                        "47.65"
                    ],
                    [
                        "-78.42",
                        "48.02"
                    ],
                    [
                        "-76.40",
                        "48.81"
                    ],
                    [
                        "-73.99",
                        "50.33"
                    ],
                    [
                        "-72.02",
                        "51.01"
                    ],
                    [
                        "-69.84",
                        "51.38"
                    ],
                    [
                        "-67.44",
                        "51.40"
                    ],
                    [
                        "-66.05",
                        "51.46"
                    ],
                    [
                        "-64.56",
                        "51.83"
                    ],
                    [
                        "-62.58",
                        "53.03"
                    ],
                    [
                        "-60.57",
                        "53.79"
                    ],
                    [
                        "-59.01",
                        "54.08"
                    ]
                ]
            },
            "properties": {
                "forecastId": null,
                "geometryId": null,
                "tag": "1C",
                "forecastHour": 0,
                "hazard": "FZLVL",
                "frequency": null,
                "severity": null,
                "status": "NRML",
                "base": null,
                "top": null,
                "fzlBase": null,
                "fzlTop": null,
                "level": "120",
                "product": "ZULU",
                "rawAirSigmet": null,
                "validTimeTo": "2026-08-02T15:00:00.000",
                "validTimeFrom": [
                    "2026-08-02T14:45"
                ]
            }
        },
        {
            "type": "Feature",
            "geometry": {
                "type": "LineString",
                "coordinates": [
                    [
                        "-127.86",
                        "15.68"
                    ],
                    [
                        "-127.84",
                        "15.73"
                    ],
                    [
                        "-127.52",
                        "16.42"
                    ],
                    [
                        "-127.51",
                        "16.44"
                    ],
                    [
                        "-127.26",
                        "17.13"
                    ],
                    [
                        "-127.23",
                        "17.26"
                    ],
                    [
                        "-127.07",
                        "17.82"
                    ],
                    [
                        "-127.10",
                        "18.42"
                    ],
                    [
                        "-127.36",
                        "18.95"
                    ],
                    [
                        "-127.81",
                        "19.40"
                    ],
                    [
                        "-128.36",
                        "19.80"
                    ],
                    [
                        "-128.37",
                        "19.81"
                    ],
                    [
                        "-129.15",
                        "20.05"
                    ],
                    [
                        "-129.41",
                        "20.02"
                    ],
                    [
                        "-129.81",
                        "19.98"
                    ],
                    [
                        "-130.32",
                        "19.64"
                    ],
                    [
                        "-130.34",
                        "19.61"
                    ]
                ]
            },
            "properties": {
                "forecastId": null,
                "geometryId": null,
                "tag": "1C",
                "forecastHour": 0,
                "hazard": "FZLVL",
                "frequency": null,
                "severity": null,
                "status": "NRML",
                "base": null,
                "top": null,
                "fzlBase": null,
                "fzlTop": null,
                "level": "160",
                "product": "ZULU",
                "rawAirSigmet": null,
                "validTimeTo": "2026-08-02T15:00:00.000",
                "validTimeFrom": [
                    "2026-08-02T14:45"
                ]
            }
        },
        {
            "type": "Feature",
            "geometry": {
                "type": "Polygon",
                "coordinates": [
                    [
                        [
                            "-111.99",
                            "48.93"
                        ],
                        [
                            "-109.84",
                            "47.56"
                        ],
                        [
                            "-109.91",
                            "46.48"
                        ],
                        [
                            "-113.03",
                            "46.55"
                        ],
                        [
                            "-113.81",
                            "47.79"
                        ],
                        [
                            "-114.73",
                            "48.90"
                        ],
                        [
                            "-111.99",
                            "48.93"
                        ]
                    ]
                ]
            },
            "properties": {
                "forecastId": null,
                "geometryId": null,
                "tag": "4W",
                "forecastHour": 0,
                "hazard": "TURB-LO",
                "frequency": null,
                "severity": "MOD",
                "status": "NRML",
                "base": "SFC",
                "top": "180",
                "fzlBase": null,
                "fzlTop": null,
                "level": null,
                "product": "TANGO",
                "rawAirSigmet": "MTN WAVE",
                "validTimeTo": "2026-08-02T15:00:00.000",
                "validTimeFrom": [
                    "2026-08-02T14:45"
                ]
            }
        },
        {
            "type": "Feature",
            "geometry": {
                "type": "Polygon",
                "coordinates": [
                    [
                        [
                            "-113.37",
                            "43.33"
                        ],
                        [
                            "-112.90",
                            "42.88"
                        ],
                        [
                            "-113.51",
                            "42.14"
                        ],
                        [
                            "-114.94",
                            "42.03"
                        ],
                        [
                            "-116.12",
                            "42.90"
                        ],
                        [
                            "-115.03",
                            "43.04"
                        ],
                        [
                            "-113.98",
                            "43.18"
                        ],
                        [
                            "-113.37",
                            "43.33"
                        ]
                    ]
                ]
            },
            "properties": {
                "forecastId": null,
                "geometryId": null,
                "tag": "4E",
                "forecastHour": 0,
                "hazard": "IFR",
                "frequency": null,
                "severity": null,
                "status": "NRML",
                "base": null,
                "top": null,
                "fzlBase": null,
                "fzlTop": null,
                "level": null,
                "product": "SIERRA",
                "rawAirSigmet": "CIG BLW 010 VIS BLW 3SM HZ FU",
                "validTimeTo": "2026-08-02T15:00:00.000",
                "validTimeFrom": [
                    "2026-08-02T14:45"
                ]
            }
        },
        {
            "type": "Feature",
            "geometry": {
                "type": "LineString",
                "coordinates": [
                    [
                        "-77.38",
                        "59.63"
                    ],
                    [
                        "-77.80",
                        "59.19"
                    ],
                    [
                        "-78.05",
                        "58.90"
                    ],
                    [
                        "-78.28",
                        "58.05"
                    ],
                    [
                        "-77.83",
                        "57.38"
                    ],
                    [
                        "-76.51",
                        "57.01"
                    ],
                    [
                        "-74.99",
                        "56.85"
                    ],
                    [
                        "-74.18",
                        "56.84"
                    ],
                    [
                        "-73.24",
                        "56.88"
                    ],
                    [
                        "-72.19",
                        "57.11"
                    ],
                    [
                        "-70.98",
                        "57.65"
                    ]
                ]
            },
            "properties": {
                "forecastId": null,
                "geometryId": null,
                "tag": "1C",
                "forecastHour": 0,
                "hazard": "FZLVL",
                "frequency": null,
                "severity": null,
                "status": "NRML",
                "base": null,
                "top": null,
                "fzlBase": null,
                "fzlTop": null,
                "level": "080",
                "product": "ZULU",
                "rawAirSigmet": null,
                "validTimeTo": "2026-08-02T15:00:00.000",
                "validTimeFrom": [
                    "2026-08-02T14:45"
                ]
            }
        },
        {
            "type": "Feature",
            "geometry": {
                "type": "Polygon",
                "coordinates": [
                    [
                        [
                            "-92.06",
                            "46.98"
                        ],
                        [
                            "-90.68",
                            "46.63"
                        ],
                        [
                            "-89.60",
                            "46.64"
                        ],
                        [
                            "-90.48",
                            "46.23"
                        ],
                        [
                            "-91.53",
                            "46.43"
                        ],
                        [
                            "-92.46",
                            "46.28"
                        ],
                        [
                            "-92.71",
                            "46.70"
                        ],
                        [
                            "-92.06",
                            "46.98"
                        ]
                    ]
                ]
            },
            "properties": {
                "forecastId": null,
                "geometryId": null,
                "tag": "15E",
                "forecastHour": 0,
                "hazard": "IFR",
                "frequency": null,
                "severity": null,
                "status": "NRML",
                "base": null,
                "top": null,
                "fzlBase": null,
                "fzlTop": null,
                "level": null,
                "product": "SIERRA",
                "rawAirSigmet": "CIG BLW 010 VIS BLW 3SM BR",
                "validTimeTo": "2026-08-02T15:00:00.000",
                "validTimeFrom": [
                    "2026-08-02T14:45"
                ]
            }
        },
        {
            "type": "Feature",
            "geometry": {
                "type": "Polygon",
                "coordinates": [
                    [
                        [
                            "-113.16",
                            "49.15"
                        ],
                        [
                            "-111.37",
                            "47.48"
                        ],
                        [
                            "-109.81",
                            "48.53"
                        ],
                        [
                            "-108.34",
                            "46.56"
                        ],
                        [
                            "-106.99",
                            "44.70"
                        ],
                        [
                            "-107.79",
                            "44.77"
                        ],
                        [
                            "-108.10",
                            "44.11"
                        ],
                        [
                            "-108.52",
                            "43.90"
                        ],
                        [
                            "-109.28",
                            "44.17"
                        ],
                        [
                            "-109.66",
                            "44.29"
                        ],
                        [
                            "-109.64",
                            "44.85"
                        ],
                        [
                            "-110.11",
                            "44.94"
                        ],
                        [
                            "-111.26",
                            "45.08"
                        ],
                        [
                            "-112.10",
                            "44.20"
                        ],
                        [
                            "-110.57",
                            "44.15"
                        ],
                        [
                            "-110.76",
                            "43.37"
                        ],
                        [
                            "-110.53",
                            "42.37"
                        ],
                        [
                            "-108.93",
                            "42.84"
                        ],
                        [
                            "-107.91",
                            "42.34"
                        ],
                        [
                            "-107.82",
                            "41.80"
                        ],
                        [
                            "-109.66",
                            "41.83"
                        ],
                        [
                            "-109.24",
                            "40.70"
                        ],
                        [
                            "-109.80",
                            "38.69"
                        ],
                        [
                            "-112.89",
                            "38.51"
                        ],
                        [
                            "-115.58",
                            "39.29"
                        ],
                        [
                            "-116.24",
                            "40.16"
                        ],
                        [
                            "-115.44",
                            "40.75"
                        ],
                        [
                            "-114.92",
                            "41.37"
                        ],
                        [
                            "-115.98",
                            "41.11"
                        ],
                        [
                            "-117.59",
                            "40.95"
                        ],
                        [
                            "-117.85",
                            "41.67"
                        ],
                        [
                            "-117.04",
                            "42.64"
                        ],
                        [
                            "-117.63",
                            "43.89"
                        ],
                        [
                            "-117.34",
                            "44.41"
                        ],
                        [
                            "-117.34",
                            "44.41"
                        ],
                        [
                            "-118.12",
                            "44.53"
                        ],
                        [
                            "-118.47",
                            "44.61"
                        ],
                        [
                            "-119.57",
                            "44.37"
                        ],
                        [
                            "-120.03",
                            "44.08"
                        ],
                        [
                            "-119.92",
                            "43.82"
                        ],
                        [
                            "-120.36",
                            "43.87"
                        ],
                        [
                            "-120.81",
                            "44.51"
                        ],
                        [
                            "-120.18",
                            "44.86"
                        ],
                        [
                            "-121.35",
                            "44.79"
                        ],
                        [
                            "-121.70",
                            "45.24"
                        ],
                        [
                            "-121.57",
                            "45.55"
                        ],
                        [
                            "-119.88",
                            "45.24"
                        ],
                        [
                            "-119.55",
                            "45.04"
                        ],
                        [
                            "-118.73",
                            "45.54"
                        ],
                        [
                            "-117.98",
                            "45.52"
                        ],
                        [
                            "-117.72",
                            "45.04"
                        ],
                        [
                            "-117.02",
                            "45.19"
                        ],
                        [
                            "-116.68",
                            "45.75"
                        ],
                        [
                            "-116.34",
                            "46.12"
                        ],
                        [
                            "-115.57",
                            "46.38"
                        ],
                        [
                            "-114.18",
                            "46.80"
                        ],
                        [
                            "-113.19",
                            "47.11"
                        ],
                        [
                            "-112.64",
                            "47.43"
                        ],
                        [
                            "-112.44",
                            "47.62"
                        ],
                        [
                            "-113.65",
                            "47.67"
                        ],
                        [
                            "-114.46",
                            "47.54"
                        ],
                        [
                            "-115.43",
                            "47.40"
                        ],
                        [
                            "-116.09",
                            "47.10"
                        ],
                        [
                            "-116.52",
                            "46.88"
                        ],
                        [
                            "-118.15",
                            "46.60"
                        ],
                        [
                            "-119.46",
                            "46.33"
                        ],
                        [
                            "-120.57",
                            "46.54"
                        ],
                        [
                            "-121.02",
                            "47.32"
                        ],
                        [
                            "-120.75",
                            "48.12"
                        ],
                        [
                            "-119.77",
                            "48.10"
                        ],
                        [
                            "-120.22",
                            "48.89"
                        ],
                        [
                            "-119.44",
                            "48.95"
                        ],
                        [
                            "-118.66",
                            "48.98"
                        ],
                        [
                            "-117.32",
                            "48.94"
                        ],
                        [
                            "-113.16",
                            "49.15"
                        ]
                    ]
                ]
            },
            "properties": {
                "forecastId": null,
                "geometryId": null,
                "tag": "2E",
                "forecastHour": 0,
                "hazard": "MT_OBSC",
                "frequency": null,
                "severity": null,
                "status": "NRML",
                "base": null,
                "top": null,
                "fzlBase": null,
                "fzlTop": null,
                "level": null,
                "product": "SIERRA",
                "rawAirSigmet": "FU HZ",
                "validTimeTo": "2026-08-02T15:00:00.000",
                "validTimeFrom": [
                    "2026-08-02T14:45"
                ]
            }
        },
        {
            "type": "Feature",
            "geometry": {
                "type": "LineString",
                "coordinates": [
                    [
                        "-76.91",
                        "13.64"
                    ],
                    [
                        "-76.62",
                        "13.72"
                    ],
                    [
                        "-76.13",
                        "13.90"
                    ],
                    [
                        "-75.89",
                        "13.95"
                    ],
                    [
                        "-75.34",
                        "14.16"
                    ],
                    [
                        "-75.20",
                        "14.20"
                    ],
                    [
                        "-74.53",
                        "14.42"
                    ],
                    [
                        "-74.50",
                        "14.43"
                    ],
                    [
                        "-73.79",
                        "14.56"
                    ],
                    [
                        "-73.65",
                        "14.58"
                    ],
                    [
                        "-73.08",
                        "14.63"
                    ],
                    [
                        "-72.66",
                        "14.63"
                    ],
                    [
                        "-72.41",
                        "14.63"
                    ],
                    [
                        "-71.79",
                        "14.55"
                    ],
                    [
                        "-71.35",
                        "14.46"
                    ],
                    [
                        "-71.18",
                        "14.46"
                    ],
                    [
                        "-70.52",
                        "14.57"
                    ],
                    [
                        "-70.36",
                        "14.65"
                    ],
                    [
                        "-69.82",
                        "14.78"
                    ],
                    [
                        "-69.61",
                        "14.73"
                    ],
                    [
                        "-69.04",
                        "14.55"
                    ],
                    [
                        "-68.42",
                        "14.45"
                    ],
                    [
                        "-68.40",
                        "14.45"
                    ],
                    [
                        "-67.73",
                        "14.43"
                    ],
                    [
                        "-67.46",
                        "14.45"
                    ],
                    [
                        "-67.01",
                        "14.44"
                    ]
                ]
            },
            "properties": {
                "forecastId": null,
                "geometryId": null,
                "tag": "1C",
                "forecastHour": 0,
                "hazard": "FZLVL",
                "frequency": null,
                "severity": null,
                "status": "NRML",
                "base": null,
                "top": null,
                "fzlBase": null,
                "fzlTop": null,
                "level": "160",
                "product": "ZULU",
                "rawAirSigmet": null,
                "validTimeTo": "2026-08-02T15:00:00.000",
                "validTimeFrom": [
                    "2026-08-02T14:45"
                ]
            }
        },
        {
            "type": "Feature",
            "geometry": {
                "type": "Polygon",
                "coordinates": [
                    [
                        [
                            "-84.68",
                            "46.78"
                        ],
                        [
                            "-84.27",
                            "46.33"
                        ],
                        [
                            "-82.56",
                            "45.27"
                        ],
                        [
                            "-83.07",
                            "44.19"
                        ],
                        [
                            "-83.14",
                            "42.09"
                        ],
                        [
                            "-84.51",
                            "40.68"
                        ],
                        [
                            "-87.73",
                            "41.68"
                        ],
                        [
                            "-88.27",
                            "42.86"
                        ],
                        [
                            "-87.40",
                            "44.24"
                        ],
                        [
                            "-86.77",
                            "45.36"
                        ],
                        [
                            "-85.95",
                            "46.18"
                        ],
                        [
                            "-84.68",
                            "46.78"
                        ]
                    ]
                ]
            },
            "properties": {
                "forecastId": null,
                "geometryId": null,
                "tag": "1W",
                "forecastHour": 0,
                "hazard": "TURB-HI",
                "frequency": null,
                "severity": "MOD",
                "status": "NRML",
                "base": "270",
                "top": "400",
                "fzlBase": null,
                "fzlTop": null,
                "level": null,
                "product": "TANGO",
                "rawAirSigmet": null,
                "validTimeTo": "2026-08-02T15:00:00.000",
                "validTimeFrom": [
                    "2026-08-02T14:45"
                ]
            }
        },
        {
            "type": "Feature",
            "geometry": {
                "type": "Polygon",
                "coordinates": [
                    [
                        [
                            "-122.59",
                            "37.75"
                        ],
                        [
                            "-121.49",
                            "36.75"
                        ],
                        [
                            "-121.78",
                            "36.31"
                        ],
                        [
                            "-120.97",
                            "35.64"
                        ],
                        [
                            "-120.40",
                            "35.08"
                        ],
                        [
                            "-119.99",
                            "34.68"
                        ],
                        [
                            "-119.09",
                            "34.16"
                        ],
                        [
                            "-118.12",
                            "33.88"
                        ],
                        [
                            "-117.08",
                            "33.17"
                        ],
                        [
                            "-117.05",
                            "32.49"
                        ],
                        [
                            "-117.76",
                            "32.07"
                        ],
                        [
                            "-119.10",
                            "31.52"
                        ],
                        [
                            "-120.50",
                            "30.98"
                        ],
                        [
                            "-120.69",
                            "30.75"
                        ],
                        [
                            "-121.48",
                            "31.72"
                        ],
                        [
                            "-121.42",
                            "33.64"
                        ],
                        [
                            "-121.20",
                            "34.57"
                        ],
                        [
                            "-122.29",
                            "36.62"
                        ],
                        [
                            "-122.70",
                            "37.49"
                        ],
                        [
                            "-122.59",
                            "37.75"
                        ]
                    ]
                ]
            },
            "properties": {
                "forecastId": null,
                "geometryId": null,
                "tag": "3E",
                "forecastHour": 0,
                "hazard": "IFR",
                "frequency": null,
                "severity": null,
                "status": "NRML",
                "base": null,
                "top": null,
                "fzlBase": null,
                "fzlTop": null,
                "level": null,
                "product": "SIERRA",
                "rawAirSigmet": "CIG BLW 010 VIS BLW 3SM BR FG",
                "validTimeTo": "2026-08-02T15:00:00.000",
                "validTimeFrom": [
                    "2026-08-02T14:45"
                ]
            }
        },
        {
            "type": "Feature",
            "geometry": {
                "type": "Polygon",
                "coordinates": [
                    [
                        [
                            "-122.49",
                            "49.03"
                        ],
                        [
                            "-120.19",
                            "48.94"
                        ],
                        [
                            "-121.07",
                            "47.57"
                        ],
                        [
                            "-121.86",
                            "45.99"
                        ],
                        [
                            "-122.43",
                            "44.89"
                        ],
                        [
                            "-124.03",
                            "44.56"
                        ],
                        [
                            "-123.94",
                            "47.03"
                        ],
                        [
                            "-124.38",
                            "48.21"
                        ],
                        [
                            "-123.29",
                            "48.26"
                        ],
                        [
                            "-122.49",
                            "49.03"
                        ]
                    ]
                ]
            },
            "properties": {
                "forecastId": null,
                "geometryId": null,
                "tag": "1E",
                "forecastHour": 0,
                "hazard": "MT_OBSC",
                "frequency": null,
                "severity": null,
                "status": "NRML",
                "base": null,
                "top": null,
                "fzlBase": null,
                "fzlTop": null,
                "level": null,
                "product": "SIERRA",
                "rawAirSigmet": "MTNS OBSC BY CLDS BR FG",
                "validTimeTo": "2026-08-02T15:00:00.000",
                "validTimeFrom": [
                    "2026-08-02T14:45"
                ]
            }
        },
        {
            "type": "Feature",
            "geometry": {
                "type": "Polygon",
                "coordinates": [
                    [
                        [
                            "-125.15",
                            "54.39"
                        ],
                        [
                            "-127.51",
                            "53.57"
                        ],
                        [
                            "-128.82",
                            "52.75"
                        ],
                        [
                            "-129.34",
                            "52.17"
                        ],
                        [
                            "-130.62",
                            "50.42"
                        ],
                        [
                            "-130.14",
                            "49.56"
                        ],
                        [
                            "-128.73",
                            "49.03"
                        ],
                        [
                            "-127.38",
                            "48.83"
                        ],
                        [
                            "-124.75",
                            "48.67"
                        ],
                        [
                            "-122.15",
                            "48.86"
                        ],
                        [
                            "-119.18",
                            "49.78"
                        ],
                        [
                            "-117.48",
                            "50.84"
                        ],
                        [
                            "-116.99",
                            "51.67"
                        ],
                        [
                            "-116.95",
                            "52.50"
                        ],
                        [
                            "-117.58",
                            "53.51"
                        ],
                        [
                            "-118.19",
                            "53.95"
                        ],
                        [
                            "-120.94",
                            "55.18"
                        ],
                        [
                            "-121.47",
                            "55.65"
                        ],
                        [
                            "-122.41",
                            "55.57"
                        ],
                        [
                            "-124.00",
                            "54.87"
                        ],
                        [
                            "-125.15",
                            "54.39"
                        ]
                    ]
                ]
            },
            "properties": {
                "forecastId": null,
                "geometryId": null,
                "tag": "1C",
                "forecastHour": 0,
                "hazard": "FZLVL",
                "frequency": null,
                "severity": null,
                "status": "NRML",
                "base": null,
                "top": null,
                "fzlBase": null,
                "fzlTop": null,
                "level": "080",
                "product": "ZULU",
                "rawAirSigmet": null,
                "validTimeTo": "2026-08-02T15:00:00.000",
                "validTimeFrom": [
                    "2026-08-02T14:45"
                ]
            }
        },
        {
            "type": "Feature",
            "geometry": {
                "type": "LineString",
                "coordinates": [
                    [
                        "-112.82",
                        "15.05"
                    ],
                    [
                        "-112.14",
                        "15.69"
                    ],
                    [
                        "-110.58",
                        "16.42"
                    ],
                    [
                        "-109.96",
                        "16.48"
                    ],
                    [
                        "-108.05",
                        "16.38"
                    ],
                    [
                        "-107.06",
                        "16.68"
                    ],
                    [
                        "-105.87",
                        "17.72"
                    ],
                    [
                        "-105.30",
                        "18.65"
                    ],
                    [
                        "-103.90",
                        "20.71"
                    ],
                    [
                        "-102.19",
                        "23.06"
                    ],
                    [
                        "-104.67",
                        "22.35"
                    ],
                    [
                        "-106.17",
                        "22.70"
                    ],
                    [
                        "-107.97",
                        "22.97"
                    ],
                    [
                        "-109.38",
                        "22.08"
                    ],
                    [
                        "-110.36",
                        "21.08"
                    ],
                    [
                        "-111.81",
                        "20.49"
                    ],
                    [
                        "-112.30",
                        "20.31"
                    ],
                    [
                        "-112.63",
                        "19.65"
                    ],
                    [
                        "-115.11",
                        "18.66"
                    ],
                    [
                        "-115.79",
                        "18.04"
                    ],
                    [
                        "-116.02",
                        "17.22"
                    ],
                    [
                        "-115.96",
                        "16.79"
                    ],
                    [
                        "-115.65",
                        "15.19"
                    ],
                    [
                        "-115.80",
                        "14.02"
                    ]
                ]
            },
            "properties": {
                "forecastId": null,
                "geometryId": null,
                "tag": "1C",
                "forecastHour": 0,
                "hazard": "FZLVL",
                "frequency": null,
                "severity": null,
                "status": "NRML",
                "base": null,
                "top": null,
                "fzlBase": null,
                "fzlTop": null,
                "level": "160",
                "product": "ZULU",
                "rawAirSigmet": null,
                "validTimeTo": "2026-08-02T15:00:00.000",
                "validTimeFrom": [
                    "2026-08-02T14:45"
                ]
            }
        },
        {
            "type": "Feature",
            "geometry": {
                "type": "Polygon",
                "coordinates": [
                    [
                        [
                            "-114.77",
                            "49.01"
                        ],
                        [
                            "-110.78",
                            "48.94"
                        ],
                        [
                            "-110.07",
                            "47.38"
                        ],
                        [
                            "-113.00",
                            "47.06"
                        ],
                        [
                            "-114.74",
                            "48.40"
                        ],
                        [
                            "-114.77",
                            "49.01"
                        ]
                    ]
                ]
            },
            "properties": {
                "forecastId": null,
                "geometryId": null,
                "tag": "4W",
                "forecastHour": 0,
                "hazard": "TURB-HI",
                "frequency": null,
                "severity": "MOD",
                "status": "NRML",
                "base": "320",
                "top": "450",
                "fzlBase": null,
                "fzlTop": null,
                "level": null,
                "product": "TANGO",
                "rawAirSigmet": "MTN WAVE",
                "validTimeTo": "2026-08-02T15:00:00.000",
                "validTimeFrom": [
                    "2026-08-02T14:45"
                ]
            }
        },
        {
            "type": "Feature",
            "geometry": {
                "type": "Polygon",
                "coordinates": [
                    [
                        [
                            "-83.50",
                            "42.29"
                        ],
                        [
                            "-82.81",
                            "41.69"
                        ],
                        [
                            "-84.97",
                            "39.80"
                        ],
                        [
                            "-85.15",
                            "38.47"
                        ],
                        [
                            "-85.69",
                            "37.32"
                        ],
                        [
                            "-86.86",
                            "36.57"
                        ],
                        [
                            "-89.27",
                            "36.11"
                        ],
                        [
                            "-89.13",
                            "37.14"
                        ],
                        [
                            "-88.63",
                            "38.61"
                        ],
                        [
                            "-87.77",
                            "39.74"
                        ],
                        [
                            "-85.87",
                            "40.84"
                        ],
                        [
                            "-84.42",
                            "42.07"
                        ],
                        [
                            "-83.50",
                            "42.29"
                        ]
                    ]
                ]
            },
            "properties": {
                "forecastId": null,
                "geometryId": null,
                "tag": "1E",
                "forecastHour": 0,
                "hazard": "IFR",
                "frequency": null,
                "severity": null,
                "status": "NRML",
                "base": null,
                "top": null,
                "fzlBase": null,
                "fzlTop": null,
                "level": null,
                "product": "SIERRA",
                "rawAirSigmet": "CIG BLW 010 VIS BLW 3SM PCPN BR FG",
                "validTimeTo": "2026-08-02T15:00:00.000",
                "validTimeFrom": [
                    "2026-08-02T14:45"
                ]
            }
        },
        {
            "type": "Feature",
            "geometry": {
                "type": "Polygon",
                "coordinates": [
                    [
                        [
                            "-73.17",
                            "39.62"
                        ],
                        [
                            "-72.80",
                            "39.04"
                        ],
                        [
                            "-72.80",
                            "38.33"
                        ],
                        [
                            "-73.61",
                            "37.03"
                        ],
                        [
                            "-74.62",
                            "36.07"
                        ],
                        [
                            "-76.23",
                            "35.17"
                        ],
                        [
                            "-78.33",
                            "34.57"
                        ],
                        [
                            "-79.55",
                            "33.13"
                        ],
                        [
                            "-81.30",
                            "31.27"
                        ],
                        [
                            "-82.65",
                            "30.30"
                        ],
                        [
                            "-83.59",
                            "30.04"
                        ],
                        [
                            "-84.49",
                            "29.54"
                        ],
                        [
                            "-85.00",
                            "28.57"
                        ],
                        [
                            "-85.35",
                            "28.42"
                        ],
                        [
                            "-85.94",
                            "28.77"
                        ],
                        [
                            "-85.43",
                            "29.68"
                        ],
                        [
                            "-85.62",
                            "30.60"
                        ],
                        [
                            "-87.31",
                            "31.06"
                        ],
                        [
                            "-88.86",
                            "31.66"
                        ],
                        [
                            "-90.82",
                            "32.80"
                        ],
                        [
                            "-90.70",
                            "33.35"
                        ],
                        [
                            "-89.71",
                            "33.78"
                        ],
                        [
                            "-87.64",
                            "34.64"
                        ],
                        [
                            "-86.37",
                            "35.52"
                        ],
                        [
                            "-84.86",
                            "36.87"
                        ],
                        [
                            "-83.76",
                            "37.60"
                        ],
                        [
                            "-82.56",
                            "37.48"
                        ],
                        [
                            "-81.38",
                            "35.74"
                        ],
                        [
                            "-80.56",
                            "35.09"
                        ],
                        [
                            "-79.38",
                            "34.94"
                        ],
                        [
                            "-78.44",
                            "35.56"
                        ],
                        [
                            "-77.96",
                            "36.75"
                        ],
                        [
                            "-77.45",
                            "37.85"
                        ],
                        [
                            "-76.67",
                            "38.73"
                        ],
                        [
                            "-75.35",
                            "39.54"
                        ],
                        [
                            "-74.09",
                            "39.84"
                        ],
                        [
                            "-73.17",
                            "39.62"
                        ]
                    ]
                ]
            },
            "properties": {
                "forecastId": null,
                "geometryId": null,
                "tag": "1C",
                "forecastHour": 0,
                "hazard": "FZLVL",
                "frequency": null,
                "severity": null,
                "status": "NRML",
                "base": null,
                "top": null,
                "fzlBase": null,
                "fzlTop": null,
                "level": "160",
                "product": "ZULU",
                "rawAirSigmet": null,
                "validTimeTo": "2026-08-02T15:00:00.000",
                "validTimeFrom": [
                    "2026-08-02T14:45"
                ]
            }
        },
        {
            "type": "Feature",
            "geometry": {
                "type": "Polygon",
                "coordinates": [
                    [
                        [
                            "-74.46",
                            "44.97"
                        ],
                        [
                            "-73.75",
                            "44.31"
                        ],
                        [
                            "-73.06",
                            "43.91"
                        ],
                        [
                            "-73.78",
                            "42.62"
                        ],
                        [
                            "-74.81",
                            "42.83"
                        ],
                        [
                            "-76.80",
                            "42.42"
                        ],
                        [
                            "-75.92",
                            "40.74"
                        ],
                        [
                            "-77.00",
                            "40.16"
                        ],
                        [
                            "-77.93",
                            "39.23"
                        ],
                        [
                            "-80.05",
                            "36.60"
                        ],
                        [
                            "-81.00",
                            "35.23"
                        ],
                        [
                            "-84.47",
                            "33.55"
                        ],
                        [
                            "-85.19",
                            "34.97"
                        ],
                        [
                            "-85.18",
                            "36.73"
                        ],
                        [
                            "-82.47",
                            "38.38"
                        ],
                        [
                            "-81.99",
                            "38.77"
                        ],
                        [
                            "-81.70",
                            "39.15"
                        ],
                        [
                            "-81.25",
                            "39.66"
                        ],
                        [
                            "-80.19",
                            "40.97"
                        ],
                        [
                            "-79.10",
                            "42.23"
                        ],
                        [
                            "-76.24",
                            "43.13"
                        ],
                        [
                            "-74.46",
                            "44.97"
                        ]
                    ]
                ]
            },
            "properties": {
                "forecastId": null,
                "geometryId": null,
                "tag": "4E",
                "forecastHour": 0,
                "hazard": "MT_OBSC",
                "frequency": null,
                "severity": null,
                "status": "NRML",
                "base": null,
                "top": null,
                "fzlBase": null,
                "fzlTop": null,
                "level": null,
                "product": "SIERRA",
                "rawAirSigmet": "MTNS OBSC BY CLDS PCPN BR FG",
                "validTimeTo": "2026-08-02T15:00:00.000",
                "validTimeFrom": [
                    "2026-08-02T14:45"
                ]
            }
        },
        {
            "type": "Feature",
            "geometry": {
                "type": "LineString",
                "coordinates": [
                    [
                        "-61.75",
                        "21.89"
                    ],
                    [
                        "-63.01",
                        "21.34"
                    ],
                    [
                        "-64.26",
                        "20.00"
                    ],
                    [
                        "-65.44",
                        "18.65"
                    ],
                    [
                        "-66.56",
                        "18.62"
                    ],
                    [
                        "-68.25",
                        "19.40"
                    ],
                    [
                        "-69.57",
                        "20.68"
                    ],
                    [
                        "-70.35",
                        "21.73"
                    ],
                    [
                        "-70.70",
                        "22.34"
                    ],
                    [
                        "-70.60",
                        "23.03"
                    ],
                    [
                        "-69.08",
                        "23.54"
                    ],
                    [
                        "-67.88",
                        "23.84"
                    ],
                    [
                        "-66.58",
                        "24.36"
                    ],
                    [
                        "-65.23",
                        "24.71"
                    ],
                    [
                        "-63.65",
                        "24.66"
                    ],
                    [
                        "-62.08",
                        "24.39"
                    ],
                    [
                        "-60.62",
                        "24.26"
                    ],
                    [
                        "-60.37",
                        "24.23"
                    ]
                ]
            },
            "properties": {
                "forecastId": null,
                "geometryId": null,
                "tag": "1C",
                "forecastHour": 0,
                "hazard": "FZLVL",
                "frequency": null,
                "severity": null,
                "status": "NRML",
                "base": null,
                "top": null,
                "fzlBase": null,
                "fzlTop": null,
                "level": "160",
                "product": "ZULU",
                "rawAirSigmet": null,
                "validTimeTo": "2026-08-02T15:00:00.000",
                "validTimeFrom": [
                    "2026-08-02T14:45"
                ]
            }
        },
        {
            "type": "Feature",
            "geometry": {
                "type": "Polygon",
                "coordinates": [
                    [
                        [
                            "-82.26",
                            "44.95"
                        ],
                        [
                            "-82.22",
                            "43.54"
                        ],
                        [
                            "-84.79",
                            "43.35"
                        ],
                        [
                            "-85.92",
                            "42.90"
                        ],
                        [
                            "-88.19",
                            "41.78"
                        ],
                        [
                            "-90.05",
                            "41.53"
                        ],
                        [
                            "-91.79",
                            "42.28"
                        ],
                        [
                            "-92.72",
                            "43.45"
                        ],
                        [
                            "-92.16",
                            "43.98"
                        ],
                        [
                            "-90.46",
                            "43.99"
                        ],
                        [
                            "-88.66",
                            "43.65"
                        ],
                        [
                            "-87.00",
                            "43.93"
                        ],
                        [
                            "-84.32",
                            "44.68"
                        ],
                        [
                            "-82.26",
                            "44.95"
                        ]
                    ]
                ]
            },
            "properties": {
                "forecastId": null,
                "geometryId": null,
                "tag": "14E",
                "forecastHour": 0,
                "hazard": "IFR",
                "frequency": null,
                "severity": null,
                "status": "NRML",
                "base": null,
                "top": null,
                "fzlBase": null,
                "fzlTop": null,
                "level": null,
                "product": "SIERRA",
                "rawAirSigmet": "CIG BLW 010 VIS BLW 3SM BR FG",
                "validTimeTo": "2026-08-02T15:00:00.000",
                "validTimeFrom": [
                    "2026-08-02T14:45"
                ]
            }
        },
        {
            "type": "Feature",
            "geometry": {
                "type": "Polygon",
                "coordinates": [
                    [
                        [
                            "-83.14",
                            "42.08"
                        ],
                        [
                            "-81.37",
                            "41.89"
                        ],
                        [
                            "-81.39",
                            "40.82"
                        ],
                        [
                            "-83.35",
                            "38.61"
                        ],
                        [
                            "-86.92",
                            "35.31"
                        ],
                        [
                            "-90.64",
                            "33.55"
                        ],
                        [
                            "-92.11",
                            "34.21"
                        ],
                        [
                            "-90.65",
                            "35.80"
                        ],
                        [
                            "-87.21",
                            "37.87"
                        ],
                        [
                            "-85.17",
                            "39.92"
                        ],
                        [
                            "-83.14",
                            "42.08"
                        ]
                    ]
                ]
            },
            "properties": {
                "forecastId": null,
                "geometryId": null,
                "tag": "3W",
                "forecastHour": 0,
                "hazard": "TURB-HI",
                "frequency": null,
                "severity": "MOD",
                "status": "NRML",
                "base": "280",
                "top": "380",
                "fzlBase": null,
                "fzlTop": null,
                "level": null,
                "product": "TANGO",
                "rawAirSigmet": null,
                "validTimeTo": "2026-08-02T15:00:00.000",
                "validTimeFrom": [
                    "2026-08-02T14:45"
                ]
            }
        },
        {
            "type": "Feature",
            "geometry": {
                "type": "Polygon",
                "coordinates": [
                    [
                        [
                            "-78.25",
                            "42.43"
                        ],
                        [
                            "-77.57",
                            "41.52"
                        ],
                        [
                            "-77.35",
                            "41.07"
                        ],
                        [
                            "-77.35",
                            "40.68"
                        ],
                        [
                            "-77.58",
                            "40.39"
                        ],
                        [
                            "-77.47",
                            "39.73"
                        ],
                        [
                            "-77.52",
                            "39.32"
                        ],
                        [
                            "-77.84",
                            "37.92"
                        ],
                        [
                            "-78.40",
                            "36.38"
                        ],
                        [
                            "-79.44",
                            "34.89"
                        ],
                        [
                            "-79.97",
                            "34.08"
                        ],
                        [
                            "-80.40",
                            "33.06"
                        ],
                        [
                            "-80.88",
                            "32.77"
                        ],
                        [
                            "-82.41",
                            "31.75"
                        ],
                        [
                            "-82.95",
                            "31.50"
                        ],
                        [
                            "-83.53",
                            "32.29"
                        ],
                        [
                            "-84.34",
                            "33.39"
                        ],
                        [
                            "-84.78",
                            "34.06"
                        ],
                        [
                            "-84.53",
                            "34.48"
                        ],
                        [
                            "-83.33",
                            "35.41"
                        ],
                        [
                            "-81.66",
                            "36.88"
                        ],
                        [
                            "-81.02",
                            "37.79"
                        ],
                        [
                            "-79.60",
                            "39.10"
                        ],
                        [
                            "-80.28",
                            "39.65"
                        ],
                        [
                            "-80.91",
                            "40.77"
                        ],
                        [
                            "-80.83",
                            "41.61"
                        ],
                        [
                            "-79.20",
                            "42.18"
                        ],
                        [
                            "-78.25",
                            "42.43"
                        ]
                    ]
                ]
            },
            "properties": {
                "forecastId": null,
                "geometryId": null,
                "tag": "7E",
                "forecastHour": 0,
                "hazard": "IFR",
                "frequency": null,
                "severity": null,
                "status": "NRML",
                "base": null,
                "top": null,
                "fzlBase": null,
                "fzlTop": null,
                "level": null,
                "product": "SIERRA",
                "rawAirSigmet": "CIG BLW 010 VIS BLW 3SM PCPN BR FG",
                "validTimeTo": "2026-08-02T15:00:00.000",
                "validTimeFrom": [
                    "2026-08-02T14:45"
                ]
            }
        },
        {
            "type": "Feature",
            "geometry": {
                "type": "Polygon",
                "coordinates": [
                    [
                        [
                            "-124.94",
                            "42.11"
                        ],
                        [
                            "-124.59",
                            "41.97"
                        ],
                        [
                            "-124.30",
                            "41.26"
                        ],
                        [
                            "-124.62",
                            "40.62"
                        ],
                        [
                            "-124.21",
                            "40.15"
                        ],
                        [
                            "-123.99",
                            "39.47"
                        ],
                        [
                            "-123.86",
                            "38.43"
                        ],
                        [
                            "-123.53",
                            "37.64"
                        ],
                        [
                            "-123.82",
                            "36.74"
                        ],
                        [
                            "-123.73",
                            "35.19"
                        ],
                        [
                            "-124.27",
                            "35.96"
                        ],
                        [
                            "-124.81",
                            "35.84"
                        ],
                        [
                            "-126.92",
                            "36.44"
                        ],
                        [
                            "-126.59",
                            "38.59"
                        ],
                        [
                            "-127.05",
                            "40.08"
                        ],
                        [
                            "-126.95",
                            "40.82"
                        ],
                        [
                            "-126.00",
                            "41.48"
                        ],
                        [
                            "-124.94",
                            "42.11"
                        ]
                    ]
                ]
            },
            "properties": {
                "forecastId": null,
                "geometryId": null,
                "tag": "1W",
                "forecastHour": 0,
                "hazard": "SFC_WND",
                "frequency": null,
                "severity": null,
                "status": "NRML",
                "base": null,
                "top": null,
                "fzlBase": null,
                "fzlTop": null,
                "level": null,
                "product": "TANGO",
                "rawAirSigmet": "USTAINED SFC WINDS GREATER THAN 30 KTS",
                "validTimeTo": "2026-08-02T15:00:00.000",
                "validTimeFrom": [
                    "2026-08-02T14:45"
                ]
            }
        },
        {
            "type": "Feature",
            "geometry": {
                "type": "Polygon",
                "coordinates": [
                    [
                        [
                            "-67.05",
                            "44.96"
                        ],
                        [
                            "-66.87",
                            "44.56"
                        ],
                        [
                            "-67.06",
                            "42.83"
                        ],
                        [
                            "-67.79",
                            "42.68"
                        ],
                        [
                            "-68.90",
                            "42.83"
                        ],
                        [
                            "-69.58",
                            "43.25"
                        ],
                        [
                            "-69.79",
                            "43.78"
                        ],
                        [
                            "-69.68",
                            "44.63"
                        ],
                        [
                            "-68.75",
                            "44.90"
                        ],
                        [
                            "-68.27",
                            "44.56"
                        ],
                        [
                            "-67.05",
                            "44.96"
                        ]
                    ]
                ]
            },
            "properties": {
                "forecastId": null,
                "geometryId": null,
                "tag": "5E",
                "forecastHour": 0,
                "hazard": "IFR",
                "frequency": null,
                "severity": null,
                "status": "NRML",
                "base": null,
                "top": null,
                "fzlBase": null,
                "fzlTop": null,
                "level": null,
                "product": "SIERRA",
                "rawAirSigmet": "CIG BLW 010 VIS BLW 3SM BR FG",
                "validTimeTo": "2026-08-02T15:00:00.000",
                "validTimeFrom": [
                    "2026-08-02T14:45"
                ]
            }
        },
        {
            "type": "Feature",
            "geometry": {
                "type": "Polygon",
                "coordinates": [
                    [
                        [
                            "-75.09",
                            "44.99"
                        ],
                        [
                            "-72.57",
                            "44.56"
                        ],
                        [
                            "-72.92",
                            "42.95"
                        ],
                        [
                            "-74.11",
                            "42.37"
                        ],
                        [
                            "-75.03",
                            "41.85"
                        ],
                        [
                            "-76.80",
                            "38.93"
                        ],
                        [
                            "-78.39",
                            "35.81"
                        ],
                        [
                            "-79.58",
                            "34.88"
                        ],
                        [
                            "-80.54",
                            "35.73"
                        ],
                        [
                            "-81.45",
                            "36.05"
                        ],
                        [
                            "-81.99",
                            "36.74"
                        ],
                        [
                            "-81.31",
                            "37.47"
                        ],
                        [
                            "-80.25",
                            "38.46"
                        ],
                        [
                            "-79.79",
                            "39.31"
                        ],
                        [
                            "-80.54",
                            "39.98"
                        ],
                        [
                            "-80.12",
                            "40.95"
                        ],
                        [
                            "-78.91",
                            "42.10"
                        ],
                        [
                            "-76.01",
                            "42.93"
                        ],
                        [
                            "-75.09",
                            "44.99"
                        ]
                    ]
                ]
            },
            "properties": {
                "forecastId": null,
                "geometryId": null,
                "tag": "3C",
                "forecastHour": 0,
                "hazard": "ICE",
                "frequency": null,
                "severity": "MOD",
                "status": "NRML",
                "base": "FZL",
                "top": "260",
                "fzlBase": "130",
                "fzlTop": "160",
                "level": null,
                "product": "ZULU",
                "rawAirSigmet": "ICE",
                "validTimeTo": "2026-08-02T15:00:00.000",
                "validTimeFrom": [
                    "2026-08-02T14:45"
                ]
            }
        },
        {
            "type": "Feature",
            "geometry": {
                "type": "Polygon",
                "coordinates": [
                    [
                        [
                            "-124.43",
                            "41.27"
                        ],
                        [
                            "-123.86",
                            "41.18"
                        ],
                        [
                            "-123.86",
                            "40.53"
                        ],
                        [
                            "-123.77",
                            "40.03"
                        ],
                        [
                            "-124.34",
                            "40.32"
                        ],
                        [
                            "-124.43",
                            "41.27"
                        ]
                    ]
                ]
            },
            "properties": {
                "forecastId": null,
                "geometryId": null,
                "tag": "13E",
                "forecastHour": 0,
                "hazard": "IFR",
                "frequency": null,
                "severity": null,
                "status": "NRML",
                "base": null,
                "top": null,
                "fzlBase": null,
                "fzlTop": null,
                "level": null,
                "product": "SIERRA",
                "rawAirSigmet": "CIG BLW 010 VIS BLW 3SM BR FG",
                "validTimeTo": "2026-08-02T15:00:00.000",
                "validTimeFrom": [
                    "2026-08-02T14:45"
                ]
            }
        },
        {
            "type": "Feature",
            "geometry": {
                "type": "LineString",
                "coordinates": [
                    [
                        "-131.60",
                        "20.76"
                    ],
                    [
                        "-130.54",
                        "22.87"
                    ],
                    [
                        "-129.93",
                        "25.12"
                    ],
                    [
                        "-129.75",
                        "26.74"
                    ],
                    [
                        "-130.04",
                        "27.86"
                    ],
                    [
                        "-131.30",
                        "29.21"
                    ],
                    [
                        "-132.40",
                        "30.20"
                    ],
                    [
                        "-134.52",
                        "32.29"
                    ],
                    [
                        "-136.09",
                        "33.74"
                    ],
                    [
                        "-137.18",
                        "34.37"
                    ],
                    [
                        "-139.00",
                        "35.15"
                    ],
                    [
                        "-139.72",
                        "35.92"
                    ],
                    [
                        "-139.97",
                        "36.82"
                    ],
                    [
                        "-139.62",
                        "37.41"
                    ],
                    [
                        "-138.49",
                        "37.95"
                    ],
                    [
                        "-136.45",
                        "38.58"
                    ],
                    [
                        "-132.32",
                        "40.13"
                    ],
                    [
                        "-127.50",
                        "41.66"
                    ],
                    [
                        "-124.51",
                        "42.48"
                    ],
                    [
                        "-122.57",
                        "42.85"
                    ],
                    [
                        "-116.31",
                        "43.98"
                    ],
                    [
                        "-114.82",
                        "44.30"
                    ],
                    [
                        "-112.38",
                        "45.08"
                    ],
                    [
                        "-110.37",
                        "45.84"
                    ],
                    [
                        "-108.82",
                        "46.31"
                    ],
                    [
                        "-106.57",
                        "47.28"
                    ],
                    [
                        "-104.43",
                        "48.53"
                    ],
                    [
                        "-103.29",
                        "48.60"
                    ],
                    [
                        "-102.58",
                        "48.10"
                    ],
                    [
                        "-102.14",
                        "47.76"
                    ],
                    [
                        "-101.46",
                        "46.55"
                    ],
                    [
                        "-100.12",
                        "44.12"
                    ],
                    [
                        "-98.67",
                        "42.98"
                    ],
                    [
                        "-96.75",
                        "42.16"
                    ],
                    [
                        "-94.96",
                        "41.93"
                    ],
                    [
                        "-92.63",
                        "41.92"
                    ],
                    [
                        "-91.99",
                        "41.51"
                    ],
                    [
                        "-91.94",
                        "41.09"
                    ],
                    [
                        "-92.01",
                        "40.68"
                    ],
                    [
                        "-93.07",
                        "39.03"
                    ],
                    [
                        "-93.80",
                        "37.70"
                    ],
                    [
                        "-94.75",
                        "36.48"
                    ],
                    [
                        "-95.93",
                        "35.38"
                    ],
                    [
                        "-96.77",
                        "34.30"
                    ],
                    [
                        "-96.69",
                        "33.30"
                    ],
                    [
                        "-96.40",
                        "32.91"
                    ],
                    [
                        "-95.10",
                        "31.92"
                    ],
                    [
                        "-94.87",
                        "31.33"
                    ],
                    [
                        "-95.23",
                        "31.00"
                    ],
                    [
                        "-95.83",
                        "30.65"
                    ],
                    [
                        "-97.06",
                        "30.46"
                    ],
                    [
                        "-98.17",
                        "30.50"
                    ],
                    [
                        "-100.00",
                        "31.00"
                    ],
                    [
                        "-100.91",
                        "31.78"
                    ],
                    [
                        "-102.28",
                        "32.68"
                    ],
                    [
                        "-103.70",
                        "32.74"
                    ],
                    [
                        "-105.18",
                        "31.83"
                    ],
                    [
                        "-105.64",
                        "31.26"
                    ],
                    [
                        "-105.78",
                        "30.23"
                    ],
                    [
                        "-104.72",
                        "29.21"
                    ],
                    [
                        "-103.50",
                        "28.32"
                    ],
                    [
                        "-102.23",
                        "27.81"
                    ],
                    [
                        "-100.61",
                        "27.85"
                    ],
                    [
                        "-99.61",
                        "27.81"
                    ],
                    [
                        "-98.48",
                        "27.50"
                    ],
                    [
                        "-96.75",
                        "27.09"
                    ],
                    [
                        "-95.04",
                        "26.73"
                    ],
                    [
                        "-93.83",
                        "25.88"
                    ],
                    [
                        "-93.61",
                        "24.96"
                    ],
                    [
                        "-93.72",
                        "24.20"
                    ],
                    [
                        "-94.22",
                        "23.05"
                    ],
                    [
                        "-94.23",
                        "21.87"
                    ],
                    [
                        "-93.40",
                        "21.18"
                    ],
                    [
                        "-90.00",
                        "20.56"
                    ],
                    [
                        "-87.02",
                        "19.92"
                    ],
                    [
                        "-85.36",
                        "20.03"
                    ],
                    [
                        "-83.92",
                        "20.63"
                    ],
                    [
                        "-81.97",
                        "21.73"
                    ],
                    [
                        "-79.62",
                        "22.53"
                    ],
                    [
                        "-78.19",
                        "22.81"
                    ],
                    [
                        "-77.54",
                        "22.13"
                    ],
                    [
                        "-77.61",
                        "21.30"
                    ],
                    [
                        "-78.00",
                        "20.22"
                    ],
                    [
                        "-77.96",
                        "19.73"
                    ],
                    [
                        "-77.51",
                        "18.58"
                    ],
                    [
                        "-77.42",
                        "17.45"
                    ],
                    [
                        "-77.73",
                        "16.44"
                    ],
                    [
                        "-79.12",
                        "14.35"
                    ]
                ]
            },
            "properties": {
                "forecastId": null,
                "geometryId": null,
                "tag": "1C",
                "forecastHour": 0,
                "hazard": "FZLVL",
                "frequency": null,
                "severity": null,
                "status": "NRML",
                "base": null,
                "top": null,
                "fzlBase": null,
                "fzlTop": null,
                "level": "160",
                "product": "ZULU",
                "rawAirSigmet": null,
                "validTimeTo": "2026-08-02T15:00:00.000",
                "validTimeFrom": [
                    "2026-08-02T14:45"
                ]
            }
        },
        {
            "type": "Feature",
            "geometry": {
                "type": "Polygon",
                "coordinates": [
                    [
                        [
                            "-96.01",
                            "29.81"
                        ],
                        [
                            "-94.99",
                            "29.59"
                        ],
                        [
                            "-94.52",
                            "29.23"
                        ],
                        [
                            "-94.81",
                            "28.61"
                        ],
                        [
                            "-95.58",
                            "28.10"
                        ],
                        [
                            "-97.14",
                            "28.25"
                        ],
                        [
                            "-98.19",
                            "28.32"
                        ],
                        [
                            "-98.44",
                            "28.65"
                        ],
                        [
                            "-98.12",
                            "28.97"
                        ],
                        [
                            "-96.01",
                            "29.81"
                        ]
                    ]
                ]
            },
            "properties": {
                "forecastId": null,
                "geometryId": null,
                "tag": "5C",
                "forecastHour": 0,
                "hazard": "ICE",
                "frequency": null,
                "severity": "MOD",
                "status": "NRML",
                "base": "150",
                "top": "270",
                "fzlBase": null,
                "fzlTop": null,
                "level": null,
                "product": "ZULU",
                "rawAirSigmet": "ICE",
                "validTimeTo": "2026-08-02T15:00:00.000",
                "validTimeFrom": [
                    "2026-08-02T14:45"
                ]
            }
        },
        {
            "type": "Feature",
            "geometry": {
                "type": "Polygon",
                "coordinates": [
                    [
                        [
                            "-127.75",
                            "47.61"
                        ],
                        [
                            "-122.25",
                            "47.51"
                        ],
                        [
                            "-122.02",
                            "46.81"
                        ],
                        [
                            "-123.46",
                            "46.33"
                        ],
                        [
                            "-127.28",
                            "46.52"
                        ],
                        [
                            "-127.75",
                            "47.61"
                        ]
                    ]
                ]
            },
            "properties": {
                "forecastId": null,
                "geometryId": null,
                "tag": "1C",
                "forecastHour": 0,
                "hazard": "M_FZLVL",
                "frequency": null,
                "severity": null,
                "status": "NRML",
                "base": "090",
                "top": "110",
                "fzlBase": null,
                "fzlTop": null,
                "level": null,
                "product": "ZULU",
                "rawAirSigmet": null,
                "validTimeTo": "2026-08-02T15:00:00.000",
                "validTimeFrom": [
                    "2026-08-02T14:45"
                ]
            }
        },
        {
            "type": "Feature",
            "geometry": {
                "type": "Polygon",
                "coordinates": [
                    [
                        [
                            "-119.59",
                            "48.91"
                        ],
                        [
                            "-118.75",
                            "48.30"
                        ],
                        [
                            "-117.65",
                            "48.36"
                        ],
                        [
                            "-116.09",
                            "48.81"
                        ],
                        [
                            "-116.54",
                            "47.44"
                        ],
                        [
                            "-118.41",
                            "47.21"
                        ],
                        [
                            "-119.58",
                            "46.98"
                        ],
                        [
                            "-120.82",
                            "47.61"
                        ],
                        [
                            "-120.92",
                            "48.11"
                        ],
                        [
                            "-120.57",
                            "48.10"
                        ],
                        [
                            "-119.74",
                            "47.88"
                        ],
                        [
                            "-119.92",
                            "48.90"
                        ],
                        [
                            "-119.59",
                            "48.91"
                        ]
                    ]
                ]
            },
            "properties": {
                "forecastId": null,
                "geometryId": null,
                "tag": "2E",
                "forecastHour": 0,
                "hazard": "IFR",
                "frequency": null,
                "severity": null,
                "status": "NRML",
                "base": null,
                "top": null,
                "fzlBase": null,
                "fzlTop": null,
                "level": null,
                "product": "SIERRA",
                "rawAirSigmet": "CIG BLW 010 VIS BLW 3SM HZ FU",
                "validTimeTo": "2026-08-02T15:00:00.000",
                "validTimeFrom": [
                    "2026-08-02T14:45"
                ]
            }
        }
    ],
    "metadata": {
        "creationTime": "2026-08-02T15:08"
    }
}