{
    "type": "FeatureCollection",
    "features": [
        {
            "type": "Feature",
            "geometry": {
                "type": "Polygon",
                "coordinates": [
                    [
                        [
                            "-93.21",
                            "43.05"
                        ],
                        [
                            "-91.97",
                            "42.49"
                        ],
                        [
                            "-93.42",
                            "39.69"
                        ],
                        [
                            "-94.67",
                            "39.50"
                        ],
                        [
                            "-96.07",
                            "40.88"
                        ],
                        [
                            "-96.01",
                            "41.76"
                        ],
                        [
                            "-95.46",
                            "42.33"
                        ],
                        [
                            "-93.21",
                            "43.05"
                        ]
                    ]
                ]
            },
            "properties": {
                "forecastId": null,
                "geometryId": null,
                "tag": "2W",
                "forecastHour": 0,
                "hazard": "LLWS",
                "frequency": null,
                "severity": null,
                "status": "NRML",
                "base": null,
                "top": null,
                "fzlBase": null,
                "fzlTop": null,
                "level": null,
                "product": "TANGO",
                "rawAirSigmet": "AIR SPEED LOSS OR GAIN OF 20KTS OR MORE BELOW 2000 FT AGL",
                "validTimeTo": "2026-08-01T09:00:00.000",
                "validTimeFrom": [
                    "2026-08-01T08:45"
                ]
            }
        },
        {
            "type": "Feature",
            "geometry": {
                "type": "LineString",
                "coordinates": [
                    [
                        "-148.15",
                        "45.09"
                    ],
                    [
                        "-146.30",
                        "44.29"
                    ],
                    [
                        "-144.04",
                        "43.72"
                    ],
                    [
                        "-139.99",
                        "43.21"
                    ],
                    [
                        "-138.40",
                        "43.07"
                    ],
                    [
                        "-136.25",
                        "43.05"
                    ],
                    [
                        "-134.07",
                        "43.23"
                    ],
                    [
                        "-132.01",
                        "43.60"
                    ],
                    [
                        "-129.30",
                        "44.50"
                    ],
                    [
                        "-126.94",
                        "45.66"
                    ],
                    [
                        "-125.48",
                        "46.76"
                    ],
                    [
                        "-124.52",
                        "47.92"
                    ],
                    [
                        "-123.77",
                        "49.49"
                    ],
                    [
                        "-123.34",
                        "51.19"
                    ],
                    [
                        "-122.17",
                        "54.14"
                    ],
                    [
                        "-121.24",
                        "55.15"
                    ],
                    [
                        "-119.61",
                        "55.95"
                    ],
                    [
                        "-118.22",
                        "56.40"
                    ],
                    [
                        "-115.69",
                        "57.00"
                    ],
                    [
                        "-113.75",
                        "57.21"
                    ],
                    [
                        "-111.70",
                        "57.18"
                    ],
                    [
                        "-108.78",
                        "56.43"
                    ],
                    [
                        "-106.63",
                        "55.64"
                    ],
                    [
                        "-101.75",
                        "54.00"
                    ],
                    [
                        "-96.71",
                        "52.27"
                    ],
                    [
                        "-95.07",
                        "51.91"
                    ],
                    [
                        "-91.77",
                        "51.39"
                    ],
                    [
                        "-88.95",
                        "51.07"
                    ],
                    [
                        "-85.76",
                        "50.60"
                    ],
                    [
                        "-83.02",
                        "50.58"
                    ],
                    [
                        "-80.53",
                        "50.76"
                    ],
                    [
                        "-78.69",
                        "51.11"
                    ],
                    [
                        "-77.06",
                        "51.44"
                    ],
                    [
                        "-75.60",
                        "51.50"
                    ],
                    [
                        "-73.78",
                        "51.36"
                    ],
                    [
                        "-72.06",
                        "51.12"
                    ],
                    [
                        "-70.60",
                        "50.60"
                    ],
                    [
                        "-68.60",
                        "48.95"
                    ],
                    [
                        "-67.32",
                        "48.30"
                    ],
                    [
                        "-65.68",
                        "48.52"
                    ],
                    [
                        "-65.03",
                        "48.78"
                    ],
                    [
                        "-64.08",
                        "49.31"
                    ],
                    [
                        "-63.22",
                        "50.06"
                    ],
                    [
                        "-62.22",
                        "51.47"
                    ],
                    [
                        "-61.10",
                        "52.41"
                    ],
                    [
                        "-59.42",
                        "52.81"
                    ],
                    [
                        "-57.34",
                        "51.73"
                    ],
                    [
                        "-54.73",
                        "51.18"
                    ],
                    [
                        "-52.48",
                        "50.65"
                    ]
                ]
            },
            "properties": {
                "forecastId": null,
                "geometryId": null,
                "tag": "1C",
                "forecastHour": 0,
                "hazard": "FZLVL",
                "frequency": null,
                "severity": null,
                "status": "NRML",
                "base": null,
                "top": null,
                "fzlBase": null,
                "fzlTop": null,
                "level": "120",
                "product": "ZULU",
                "rawAirSigmet": null,
                "validTimeTo": "2026-08-01T09:00:00.000",
                "validTimeFrom": [
                    "2026-08-01T08:45"
                ]
            }
        },
        {
            "type": "Feature",
            "geometry": {
                "type": "Polygon",
                "coordinates": [
                    [
                        [
                            "-85.48",
                            "46.93"
                        ],
                        [
                            "-82.66",
                            "45.37"
                        ],
                        [
                            "-82.20",
                            "43.18"
                        ],
                        [
                            "-83.85",
                            "41.37"
                        ],
                        [
                            "-85.00",
                            "41.08"
                        ],
                        [
                            "-85.80",
                            "41.64"
                        ],
                        [
                            "-87.16",
                            "42.04"
                        ],
                        [
                            "-88.96",
                            "42.45"
                        ],
                        [
                            "-91.03",
                            "42.62"
                        ],
                        [
                            "-91.93",
                            "42.81"
                        ],
                        [
                            "-92.49",
                            "43.42"
                        ],
                        [
                            "-92.11",
                            "44.44"
                        ],
                        [
                            "-90.62",
                            "45.80"
                        ],
                        [
                            "-89.56",
                            "46.08"
                        ],
                        [
                            "-87.53",
                            "46.07"
                        ],
                        [
                            "-85.48",
                            "46.93"
                        ]
                    ]
                ]
            },
            "properties": {
                "forecastId": null,
                "geometryId": null,
                "tag": "1C",
                "forecastHour": 0,
                "hazard": "ICE",
                "frequency": null,
                "severity": "MOD",
                "status": "NRML",
                "base": "FZL",
                "top": "260",
                "fzlBase": "130",
                "fzlTop": "160",
                "level": null,
                "product": "ZULU",
                "rawAirSigmet": "ICE",
                "validTimeTo": "2026-08-01T09:00:00.000",
                "validTimeFrom": [
                    "2026-08-01T08:45"
                ]
            }
        },
        {
            "type": "Feature",
            "geometry": {
                "type": "Polygon",
                "coordinates": [
                    [
                        [
                            "-113.53",
                            "39.76"
                        ],
                        [
                            "-113.09",
                            "39.55"
                        ],
                        [
                            "-112.86",
                            "39.02"
                        ],
                        [
                            "-112.26",
                            "38.57"
                        ],
                        [
                            "-111.45",
                            "38.10"
                        ],
                        [
                            "-111.23",
                            "37.94"
                        ],
                        [
                            "-111.14",
                            "37.52"
                        ],
                        [
                            "-111.25",
                            "37.20"
                        ],
                        [
                            "-111.95",
                            "37.29"
                        ],
                        [
                            "-112.37",
                            "37.67"
                        ],
                        [
                            "-112.68",
                            "38.17"
                        ],
                        [
                            "-113.14",
                            "38.48"
                        ],
                        [
                            "-113.55",
                            "38.66"
                        ],
                        [
                            "-114.45",
                            "38.27"
                        ],
                        [
                            "-114.90",
                            "37.89"
                        ],
                        [
                            "-115.25",
                            "37.69"
                        ],
                        [
                            "-114.58",
                            "37.52"
                        ],
                        [
                            "-114.47",
                            "37.35"
                        ],
                        [
                            "-114.86",
                            "36.94"
                        ],
                        [
                            "-115.46",
                            "36.75"
                        ],
                        [
                            "-115.70",
                            "36.72"
                        ],
                        [
                            "-115.97",
                            "36.68"
                        ],
                        [
                            "-116.08",
                            "37.13"
                        ],
                        [
                            "-116.46",
                            "37.30"
                        ],
                        [
                            "-116.50",
                            "38.07"
                        ],
                        [
                            "-115.46",
                            "38.39"
                        ],
                        [
                            "-115.05",
                            "38.67"
                        ],
                        [
                            "-114.61",
                            "39.22"
                        ],
                        [
                            "-114.27",
                            "39.58"
                        ],
                        [
                            "-113.53",
                            "39.76"
                        ]
                    ]
                ]
            },
            "properties": {
                "forecastId": null,
                "geometryId": null,
                "tag": "4E",
                "forecastHour": 0,
                "hazard": "MT_OBSC",
                "frequency": null,
                "severity": null,
                "status": "NRML",
                "base": null,
                "top": null,
                "fzlBase": null,
                "fzlTop": null,
                "level": null,
                "product": "SIERRA",
                "rawAirSigmet": "FU HZ",
                "validTimeTo": "2026-08-01T09:00:00.000",
                "validTimeFrom": [
                    "2026-08-01T08:45"
                ]
            }
        },
        {
            "type": "Feature",
            "geometry": {
                "type": "Polygon",
                "coordinates": [
                    [
                        [
                            "-122.86",
                            "38.91"
                        ],
                        [
                            "-122.21",
                            "38.54"
                        ],
                        [
                            "-121.73",
                            "37.52"
                        ],
                        [
                            "-122.59",
                            "37.39"
                        ],
                        [
                            "-123.60",
                            "38.24"
                        ],
                        [
                            "-122.86",
                            "38.91"
                        ]
                    ]
                ]
            },
            "properties": {
                "forecastId": null,
                "geometryId": null,
                "tag": "1W",
                "forecastHour": 0,
                "hazard": "LLWS",
                "frequency": null,
                "severity": null,
                "status": "NRML",
                "base": null,
                "top": null,
                "fzlBase": null,
                "fzlTop": null,
                "level": null,
                "product": "TANGO",
                "rawAirSigmet": "AIR SPEED LOSS OR GAIN OF 20KTS OR MORE BELOW 2000 FT AGL",
                "validTimeTo": "2026-08-01T09:00:00.000",
                "validTimeFrom": [
                    "2026-08-01T08:45"
                ]
            }
        },
        {
            "type": "Feature",
            "geometry": {
                "type": "Polygon",
                "coordinates": [
                    [
                        [
                            "-93.26",
                            "42.99"
                        ],
                        [
                            "-92.33",
                            "42.29"
                        ],
                        [
                            "-92.58",
                            "41.46"
                        ],
                        [
                            "-93.34",
                            "40.14"
                        ],
                        [
                            "-93.57",
                            "39.19"
                        ],
                        [
                            "-94.71",
                            "37.93"
                        ],
                        [
                            "-95.56",
                            "37.05"
                        ],
                        [
                            "-96.84",
                            "36.94"
                        ],
                        [
                            "-97.47",
                            "37.88"
                        ],
                        [
                            "-97.14",
                            "39.84"
                        ],
                        [
                            "-96.63",
                            "40.83"
                        ],
                        [
                            "-95.68",
                            "41.88"
                        ],
                        [
                            "-94.19",
                            "42.78"
                        ],
                        [
                            "-93.26",
                            "42.99"
                        ]
                    ]
                ]
            },
            "properties": {
                "forecastId": null,
                "geometryId": null,
                "tag": "1W",
                "forecastHour": 0,
                "hazard": "TURB-LO",
                "frequency": null,
                "severity": "MOD",
                "status": "NRML",
                "base": "SFC",
                "top": "090",
                "fzlBase": null,
                "fzlTop": null,
                "level": null,
                "product": "TANGO",
                "rawAirSigmet": null,
                "validTimeTo": "2026-08-01T09:00:00.000",
                "validTimeFrom": [
                    "2026-08-01T08:45"
                ]
            }
        },
        {
            "type": "Feature",
            "geometry": {
                "type": "Polygon",
                "coordinates": [
                    [
                        [
                            "-80.87",
                            "34.19"
                        ],
                        [
                            "-81.03",
                            "33.33"
                        ],
                        [
                            "-81.63",
                            "32.04"
                        ],
                        [
                            "-82.27",
                            "32.19"
                        ],
                        [
                            "-82.23",
                            "32.62"
                        ],
                        [
                            "-82.23",
                            "33.07"
                        ],
                        [
                            "-82.70",
                            "33.40"
                        ],
                        [
                            "-83.45",
                            "33.71"
                        ],
                        [
                            "-83.10",
                            "34.05"
                        ],
                        [
                            "-80.87",
                            "34.19"
                        ]
                    ]
                ]
            },
            "properties": {
                "forecastId": null,
                "geometryId": null,
                "tag": "6E",
                "forecastHour": 0,
                "hazard": "IFR",
                "frequency": null,
                "severity": null,
                "status": "NRML",
                "base": null,
                "top": null,
                "fzlBase": null,
                "fzlTop": null,
                "level": null,
                "product": "SIERRA",
                "rawAirSigmet": "CIG BLW 010 VIS BLW 3SM BR FG",
                "validTimeTo": "2026-08-01T09:00:00.000",
                "validTimeFrom": [
                    "2026-08-01T08:45"
                ]
            }
        },
        {
            "type": "Feature",
            "geometry": {
                "type": "Polygon",
                "coordinates": [
                    [
                        [
                            "-88.03",
                            "34.47"
                        ],
                        [
                            "-86.59",
                            "34.44"
                        ],
                        [
                            "-85.62",
                            "34.35"
                        ],
                        [
                            "-85.25",
                            "33.42"
                        ],
                        [
                            "-84.96",
                            "32.37"
                        ],
                        [
                            "-85.05",
                            "31.88"
                        ],
                        [
                            "-83.61",
                            "31.29"
                        ],
                        [
                            "-83.55",
                            "30.90"
                        ],
                        [
                            "-83.98",
                            "30.74"
                        ],
                        [
                            "-84.69",
                            "31.13"
                        ],
                        [
                            "-85.27",
                            "31.28"
                        ],
                        [
                            "-85.90",
                            "31.43"
                        ],
                        [
                            "-86.52",
                            "31.35"
                        ],
                        [
                            "-87.93",
                            "31.22"
                        ],
                        [
                            "-88.24",
                            "32.17"
                        ],
                        [
                            "-88.39",
                            "32.77"
                        ],
                        [
                            "-89.12",
                            "32.86"
                        ],
                        [
                            "-89.29",
                            "33.42"
                        ],
                        [
                            "-89.12",
                            "33.52"
                        ],
                        [
                            "-88.14",
                            "34.34"
                        ],
                        [
                            "-88.03",
                            "34.47"
                        ]
                    ]
                ]
            },
            "properties": {
                "forecastId": null,
                "geometryId": null,
                "tag": "7E",
                "forecastHour": 0,
                "hazard": "IFR",
                "frequency": null,
                "severity": null,
                "status": "NRML",
                "base": null,
                "top": null,
                "fzlBase": null,
                "fzlTop": null,
                "level": null,
                "product": "SIERRA",
                "rawAirSigmet": "CIG BLW 010 VIS BLW 3SM PCPN BR FG",
                "validTimeTo": "2026-08-01T09:00:00.000",
                "validTimeFrom": [
                    "2026-08-01T08:45"
                ]
            }
        },
        {
            "type": "Feature",
            "geometry": {
                "type": "Polygon",
                "coordinates": [
                    [
                        [
                            "-74.33",
                            "41.88"
                        ],
                        [
                            "-70.94",
                            "41.59"
                        ],
                        [
                            "-71.44",
                            "37.58"
                        ],
                        [
                            "-72.61",
                            "37.25"
                        ],
                        [
                            "-73.05",
                            "36.02"
                        ],
                        [
                            "-75.38",
                            "34.14"
                        ],
                        [
                            "-80.02",
                            "32.17"
                        ],
                        [
                            "-82.00",
                            "32.69"
                        ],
                        [
                            "-84.02",
                            "33.93"
                        ],
                        [
                            "-84.07",
                            "35.52"
                        ],
                        [
                            "-83.75",
                            "36.65"
                        ],
                        [
                            "-82.84",
                            "37.77"
                        ],
                        [
                            "-81.64",
                            "37.88"
                        ],
                        [
                            "-79.97",
                            "37.90"
                        ],
                        [
                            "-77.44",
                            "39.29"
                        ],
                        [
                            "-75.54",
                            "40.55"
                        ],
                        [
                            "-74.33",
                            "41.88"
                        ]
                    ]
                ]
            },
            "properties": {
                "forecastId": null,
                "geometryId": null,
                "tag": "2W",
                "forecastHour": 0,
                "hazard": "TURB-HI",
                "frequency": null,
                "severity": "MOD",
                "status": "NRML",
                "base": "300",
                "top": "410",
                "fzlBase": null,
                "fzlTop": null,
                "level": null,
                "product": "TANGO",
                "rawAirSigmet": null,
                "validTimeTo": "2026-08-01T09:00:00.000",
                "validTimeFrom": [
                    "2026-08-01T08:45"
                ]
            }
        },
        {
            "type": "Feature",
            "geometry": {
                "type": "Polygon",
                "coordinates": [
                    [
                        [
                            "-125.00",
                            "48.60"
                        ],
                        [
                            "-123.82",
                            "48.23"
                        ],
                        [
                            "-123.85",
                            "48.13"
                        ],
                        [
                            "-123.80",
                            "48.03"
                        ],
                        [
                            "-123.80",
                            "48.03"
                        ],
                        [
                            "-123.83",
                            "47.86"
                        ],
                        [
                            "-124.01",
                            "47.71"
                        ],
                        [
                            "-124.16",
                            "47.56"
                        ],
                        [
                            "-123.98",
                            "47.39"
                        ],
                        [
                            "-123.44",
                            "47.42"
                        ],
                        [
                            "-123.25",
                            "47.46"
                        ],
                        [
                            "-122.94",
                            "47.29"
                        ],
                        [
                            "-122.59",
                            "46.91"
                        ],
                        [
                            "-122.50",
                            "46.77"
                        ],
                        [
                            "-122.27",
                            "46.46"
                        ],
                        [
                            "-122.41",
                            "45.95"
                        ],
                        [
                            "-122.81",
                            "45.78"
                        ],
                        [
                            "-123.31",
                            "45.61"
                        ],
                        [
                            "-123.41",
                            "45.36"
                        ],
                        [
                            "-123.39",
                            "44.83"
                        ],
                        [
                            "-123.35",
                            "44.30"
                        ],
                        [
                            "-123.12",
                            "43.98"
                        ],
                        [
                            "-123.39",
                            "43.41"
                        ],
                        [
                            "-123.91",
                            "42.86"
                        ],
                        [
                            "-124.28",
                            "42.52"
                        ],
                        [
                            "-124.08",
                            "42.16"
                        ],
                        [
                            "-123.87",
                            "42.12"
                        ],
                        [
                            "-123.89",
                            "41.76"
                        ],
                        [
                            "-123.63",
                            "41.40"
                        ],
                        [
                            "-123.55",
                            "41.04"
                        ],
                        [
                            "-123.67",
                            "40.62"
                        ],
                        [
                            "-123.63",
                            "40.25"
                        ],
                        [
                            "-123.41",
                            "39.99"
                        ],
                        [
                            "-123.67",
                            "40.03"
                        ],
                        [
                            "-123.95",
                            "40.39"
                        ],
                        [
                            "-124.30",
                            "40.34"
                        ],
                        [
                            "-124.66",
                            "39.90"
                        ],
                        [
                            "-124.62",
                            "39.18"
                        ],
                        [
                            "-124.30",
                            "38.74"
                        ],
                        [
                            "-123.97",
                            "38.42"
                        ],
                        [
                            "-123.67",
                            "38.07"
                        ],
                        [
                            "-123.34",
                            "37.74"
                        ],
                        [
                            "-123.10",
                            "37.54"
                        ],
                        [
                            "-123.08",
                            "37.75"
                        ],
                        [
                            "-123.09",
                            "38.27"
                        ],
                        [
                            "-122.71",
                            "38.04"
                        ],
                        [
                            "-122.75",
                            "37.83"
                        ],
                        [
                            "-122.64",
                            "37.59"
                        ],
                        [
                            "-122.23",
                            "37.94"
                        ],
                        [
                            "-121.91",
                            "37.61"
                        ],
                        [
                            "-122.31",
                            "37.39"
                        ],
                        [
                            "-122.08",
                            "37.04"
                        ],
                        [
                            "-121.73",
                            "37.02"
                        ],
                        [
                            "-121.52",
                            "36.64"
                        ],
                        [
                            "-121.78",
                            "36.33"
                        ],
                        [
                            "-121.41",
                            "35.90"
                        ],
                        [
                            "-120.81",
                            "35.06"
                        ],
                        [
                            "-120.45",
                            "34.88"
                        ],
                        [
                            "-120.20",
                            "34.54"
                        ],
                        [
                            "-120.28",
                            "34.24"
                        ],
                        [
                            "-120.04",
                            "33.97"
                        ],
                        [
                            "-119.88",
                            "33.24"
                        ],
                        [
                            "-120.01",
                            "31.80"
                        ],
                        [
                            "-119.14",
                            "31.83"
                        ],
                        [
                            "-118.42",
                            "32.59"
                        ],
                        [
                            "-118.85",
                            "34.06"
                        ],
                        [
                            "-118.67",
                            "34.03"
                        ],
                        [
                            "-118.14",
                            "33.69"
                        ],
                        [
                            "-117.80",
                            "33.66"
                        ],
                        [
                            "-117.54",
                            "33.41"
                        ],
                        [
                            "-117.46",
                            "32.97"
                        ],
                        [
                            "-117.24",
                            "32.53"
                        ],
                        [
                            "-117.64",
                            "32.18"
                        ],
                        [
                            "-120.68",
                            "30.76"
                        ],
                        [
                            "-122.93",
                            "33.88"
                        ],
                        [
                            "-125.35",
                            "37.42"
                        ],
                        [
                            "-126.63",
                            "39.13"
                        ],
                        [
                            "-127.08",
                            "39.96"
                        ],
                        [
                            "-126.57",
                            "40.96"
                        ],
                        [
                            "-126.35",
                            "41.55"
                        ],
                        [
                            "-126.12",
                            "41.89"
                        ],
                        [
                            "-125.99",
                            "42.63"
                        ],
                        [
                            "-126.04",
                            "43.07"
                        ],
                        [
                            "-125.81",
                            "43.73"
                        ],
                        [
                            "-125.85",
                            "44.33"
                        ],
                        [
                            "-125.56",
                            "44.82"
                        ],
                        [
                            "-125.51",
                            "45.30"
                        ],
                        [
                            "-125.54",
                            "45.83"
                        ],
                        [
                            "-125.71",
                            "45.47"
                        ],
                        [
                            "-125.92",
                            "44.72"
                        ],
                        [
                            "-126.33",
                            "44.25"
                        ],
                        [
                            "-126.54",
                            "44.20"
                        ],
                        [
                            "-126.53",
                            "45.05"
                        ],
                        [
                            "-128.05",
                            "48.28"
                        ],
                        [
                            "-125.00",
                            "48.60"
                        ]
                    ]
                ]
            },
            "properties": {
                "forecastId": null,
                "geometryId": null,
                "tag": "3E",
                "forecastHour": 0,
                "hazard": "IFR",
                "frequency": null,
                "severity": null,
                "status": "NRML",
                "base": null,
                "top": null,
                "fzlBase": null,
                "fzlTop": null,
                "level": null,
                "product": "SIERRA",
                "rawAirSigmet": "CIG BLW 010 VIS BLW 3SM BR FG",
                "validTimeTo": "2026-08-01T09:00:00.000",
                "validTimeFrom": [
                    "2026-08-01T08:45"
                ]
            }
        },
        {
            "type": "Feature",
            "geometry": {
                "type": "Polygon",
                "coordinates": [
                    [
                        [
                            "-124.20",
                            "48.40"
                        ],
                        [
                            "-123.68",
                            "48.02"
                        ],
                        [
                            "-123.32",
                            "47.46"
                        ],
                        [
                            "-123.08",
                            "47.05"
                        ],
                        [
                            "-122.62",
                            "46.72"
                        ],
                        [
                            "-123.00",
                            "46.23"
                        ],
                        [
                            "-122.84",
                            "45.96"
                        ],
                        [
                            "-123.13",
                            "45.67"
                        ],
                        [
                            "-123.68",
                            "45.09"
                        ],
                        [
                            "-123.57",
                            "44.78"
                        ],
                        [
                            "-123.47",
                            "44.34"
                        ],
                        [
                            "-123.74",
                            "44.22"
                        ],
                        [
                            "-123.74",
                            "43.83"
                        ],
                        [
                            "-123.61",
                            "43.64"
                        ],
                        [
                            "-123.60",
                            "43.30"
                        ],
                        [
                            "-123.96",
                            "42.82"
                        ],
                        [
                            "-124.09",
                            "42.52"
                        ],
                        [
                            "-123.99",
                            "42.09"
                        ],
                        [
                            "-123.94",
                            "41.80"
                        ],
                        [
                            "-123.70",
                            "41.43"
                        ],
                        [
                            "-123.67",
                            "41.18"
                        ],
                        [
                            "-123.71",
                            "40.79"
                        ],
                        [
                            "-123.53",
                            "40.08"
                        ],
                        [
                            "-123.64",
                            "40.04"
                        ],
                        [
                            "-124.14",
                            "40.63"
                        ],
                        [
                            "-124.36",
                            "43.08"
                        ],
                        [
                            "-124.07",
                            "44.65"
                        ],
                        [
                            "-124.12",
                            "46.84"
                        ],
                        [
                            "-124.61",
                            "48.32"
                        ],
                        [
                            "-124.20",
                            "48.40"
                        ]
                    ]
                ]
            },
            "properties": {
                "forecastId": null,
                "geometryId": null,
                "tag": "3E",
                "forecastHour": 0,
                "hazard": "MT_OBSC",
                "frequency": null,
                "severity": null,
                "status": "NRML",
                "base": null,
                "top": null,
                "fzlBase": null,
                "fzlTop": null,
                "level": null,
                "product": "SIERRA",
                "rawAirSigmet": "MTNS OBSC BY CLDS PCPN BR FG",
                "validTimeTo": "2026-08-01T09:00:00.000",
                "validTimeFrom": [
                    "2026-08-01T08:45"
                ]
            }
        },
        {
            "type": "Feature",
            "geometry": {
                "type": "Polygon",
                "coordinates": [
                    [
                        [
                            "-109.00",
                            "47.77"
                        ],
                        [
                            "-107.22",
                            "47.04"
                        ],
                        [
                            "-106.00",
                            "46.22"
                        ],
                        [
                            "-105.14",
                            "44.77"
                        ],
                        [
                            "-104.29",
                            "41.78"
                        ],
                        [
                            "-102.54",
                            "40.59"
                        ],
                        [
                            "-103.91",
                            "38.95"
                        ],
                        [
                            "-106.61",
                            "40.39"
                        ],
                        [
                            "-107.98",
                            "41.86"
                        ],
                        [
                            "-109.19",
                            "44.63"
                        ],
                        [
                            "-110.06",
                            "46.90"
                        ],
                        [
                            "-109.00",
                            "47.77"
                        ]
                    ]
                ]
            },
            "properties": {
                "forecastId": null,
                "geometryId": null,
                "tag": "1W",
                "forecastHour": 0,
                "hazard": "TURB-HI",
                "frequency": null,
                "severity": "MOD",
                "status": "NRML",
                "base": "360",
                "top": "430",
                "fzlBase": null,
                "fzlTop": null,
                "level": null,
                "product": "TANGO",
                "rawAirSigmet": null,
                "validTimeTo": "2026-08-01T09:00:00.000",
                "validTimeFrom": [
                    "2026-08-01T08:45"
                ]
            }
        },
        {
            "type": "Feature",
            "geometry": {
                "type": "Polygon",
                "coordinates": [
                    [
                        [
                            "-102.54",
                            "40.62"
                        ],
                        [
                            "-98.82",
                            "39.88"
                        ],
                        [
                            "-95.59",
                            "39.67"
                        ],
                        [
                            "-93.78",
                            "39.47"
                        ],
                        [
                            "-92.76",
                            "38.05"
                        ],
                        [
                            "-95.65",
                            "37.63"
                        ],
                        [
                            "-99.86",
                            "37.88"
                        ],
                        [
                            "-103.83",
                            "38.95"
                        ],
                        [
                            "-102.54",
                            "40.62"
                        ]
                    ]
                ]
            },
            "properties": {
                "forecastId": null,
                "geometryId": null,
                "tag": "4W",
                "forecastHour": 0,
                "hazard": "TURB-HI",
                "frequency": null,
                "severity": "MOD",
                "status": "NRML",
                "base": "300",
                "top": "410",
                "fzlBase": null,
                "fzlTop": null,
                "level": null,
                "product": "TANGO",
                "rawAirSigmet": null,
                "validTimeTo": "2026-08-01T09:00:00.000",
                "validTimeFrom": [
                    "2026-08-01T08:45"
                ]
            }
        },
        {
            "type": "Feature",
            "geometry": {
                "type": "Polygon",
                "coordinates": [
                    [
                        [
                            "-87.65",
                            "47.97"
                        ],
                        [
                            "-84.89",
                            "46.65"
                        ],
                        [
                            "-82.41",
                            "45.25"
                        ],
                        [
                            "-82.25",
                            "44.19"
                        ],
                        [
                            "-86.50",
                            "45.03"
                        ],
                        [
                            "-87.48",
                            "43.33"
                        ],
                        [
                            "-88.69",
                            "42.66"
                        ],
                        [
                            "-90.03",
                            "42.64"
                        ],
                        [
                            "-91.46",
                            "43.56"
                        ],
                        [
                            "-92.23",
                            "45.35"
                        ],
                        [
                            "-90.39",
                            "47.37"
                        ],
                        [
                            "-87.65",
                            "47.97"
                        ]
                    ]
                ]
            },
            "properties": {
                "forecastId": null,
                "geometryId": null,
                "tag": "3W",
                "forecastHour": 0,
                "hazard": "TURB-HI",
                "frequency": null,
                "severity": "MOD",
                "status": "NRML",
                "base": "340",
                "top": "430",
                "fzlBase": null,
                "fzlTop": null,
                "level": null,
                "product": "TANGO",
                "rawAirSigmet": null,
                "validTimeTo": "2026-08-01T09:00:00.000",
                "validTimeFrom": [
                    "2026-08-01T08:45"
                ]
            }
        },
        {
            "type": "Feature",
            "geometry": {
                "type": "Polygon",
                "coordinates": [
                    [
                        [
                            "-88.37",
                            "48.31"
                        ],
                        [
                            "-84.86",
                            "46.81"
                        ],
                        [
                            "-84.71",
                            "46.56"
                        ],
                        [
                            "-82.58",
                            "45.29"
                        ],
                        [
                            "-82.27",
                            "44.35"
                        ],
                        [
                            "-84.32",
                            "44.57"
                        ],
                        [
                            "-85.93",
                            "44.95"
                        ],
                        [
                            "-87.30",
                            "45.40"
                        ],
                        [
                            "-88.95",
                            "45.58"
                        ],
                        [
                            "-90.46",
                            "45.51"
                        ],
                        [
                            "-91.60",
                            "45.32"
                        ],
                        [
                            "-92.66",
                            "44.72"
                        ],
                        [
                            "-93.42",
                            "43.95"
                        ],
                        [
                            "-94.64",
                            "43.91"
                        ],
                        [
                            "-93.51",
                            "45.03"
                        ],
                        [
                            "-92.79",
                            "45.58"
                        ],
                        [
                            "-92.20",
                            "46.05"
                        ],
                        [
                            "-91.60",
                            "46.46"
                        ],
                        [
                            "-89.27",
                            "46.80"
                        ],
                        [
                            "-88.67",
                            "47.41"
                        ],
                        [
                            "-89.39",
                            "47.73"
                        ],
                        [
                            "-88.37",
                            "48.31"
                        ]
                    ]
                ]
            },
            "properties": {
                "forecastId": null,
                "geometryId": null,
                "tag": "2E",
                "forecastHour": 0,
                "hazard": "IFR",
                "frequency": null,
                "severity": null,
                "status": "NRML",
                "base": null,
                "top": null,
                "fzlBase": null,
                "fzlTop": null,
                "level": null,
                "product": "SIERRA",
                "rawAirSigmet": "CIG BLW 010 VIS BLW 3SM PCPN BR FG",
                "validTimeTo": "2026-08-01T09:00:00.000",
                "validTimeFrom": [
                    "2026-08-01T08:45"
                ]
            }
        },
        {
            "type": "Feature",
            "geometry": {
                "type": "LineString",
                "coordinates": [
                    [
                        "-142.19",
                        "49.50"
                    ],
                    [
                        "-140.81",
                        "48.27"
                    ],
                    [
                        "-139.41",
                        "47.07"
                    ],
                    [
                        "-137.68",
                        "46.05"
                    ],
                    [
                        "-136.36",
                        "45.73"
                    ],
                    [
                        "-134.84",
                        "45.75"
                    ],
                    [
                        "-133.74",
                        "45.92"
                    ],
                    [
                        "-132.53",
                        "46.37"
                    ],
                    [
                        "-131.12",
                        "47.38"
                    ],
                    [
                        "-130.47",
                        "48.22"
                    ],
                    [
                        "-129.96",
                        "49.31"
                    ],
                    [
                        "-129.69",
                        "50.70"
                    ],
                    [
                        "-129.77",
                        "51.54"
                    ],
                    [
                        "-130.40",
                        "53.08"
                    ],
                    [
                        "-131.27",
                        "54.59"
                    ],
                    [
                        "-131.79",
                        "55.33"
                    ]
                ]
            },
            "properties": {
                "forecastId": null,
                "geometryId": null,
                "tag": "1C",
                "forecastHour": 0,
                "hazard": "FZLVL",
                "frequency": null,
                "severity": null,
                "status": "NRML",
                "base": null,
                "top": null,
                "fzlBase": null,
                "fzlTop": null,
                "level": "080",
                "product": "ZULU",
                "rawAirSigmet": null,
                "validTimeTo": "2026-08-01T09:00:00.000",
                "validTimeFrom": [
                    "2026-08-01T08:45"
                ]
            }
        },
        {
            "type": "Feature",
            "geometry": {
                "type": "LineString",
                "coordinates": [
                    [
                        "-87.96",
                        "60.91"
                    ],
                    [
                        "-87.40",
                        "60.30"
                    ],
                    [
                        "-86.82",
                        "59.87"
                    ],
                    [
                        "-86.20",
                        "59.53"
                    ],
                    [
                        "-84.79",
                        "59.11"
                    ],
                    [
                        "-83.20",
                        "58.98"
                    ],
                    [
                        "-82.54",
                        "59.06"
                    ],
                    [
                        "-81.26",
                        "59.25"
                    ],
                    [
                        "-80.52",
                        "59.50"
                    ],
                    [
                        "-79.35",
                        "60.13"
                    ]
                ]
            },
            "properties": {
                "forecastId": null,
                "geometryId": null,
                "tag": "1C",
                "forecastHour": 0,
                "hazard": "FZLVL",
                "frequency": null,
                "severity": null,
                "status": "NRML",
                "base": null,
                "top": null,
                "fzlBase": null,
                "fzlTop": null,
                "level": "080",
                "product": "ZULU",
                "rawAirSigmet": null,
                "validTimeTo": "2026-08-01T09:00:00.000",
                "validTimeFrom": [
                    "2026-08-01T08:45"
                ]
            }
        },
        {
            "type": "Feature",
            "geometry": {
                "type": "LineString",
                "coordinates": [
                    [
                        "-134.74",
                        "24.87"
                    ],
                    [
                        "-134.18",
                        "25.25"
                    ],
                    [
                        "-133.88",
                        "25.41"
                    ],
                    [
                        "-133.59",
                        "25.57"
                    ],
                    [
                        "-133.52",
                        "25.59"
                    ],
                    [
                        "-132.93",
                        "25.78"
                    ],
                    [
                        "-132.18",
                        "25.85"
                    ],
                    [
                        "-131.52",
                        "25.82"
                    ],
                    [
                        "-131.37",
                        "25.79"
                    ],
                    [
                        "-130.56",
                        "25.75"
                    ],
                    [
                        "-130.10",
                        "25.74"
                    ],
                    [
                        "-129.77",
                        "25.69"
                    ],
                    [
                        "-129.00",
                        "25.51"
                    ],
                    [
                        "-128.87",
                        "25.42"
                    ],
                    [
                        "-128.38",
                        "25.07"
                    ],
                    [
                        "-128.23",
                        "24.45"
                    ],
                    [
                        "-128.33",
                        "24.30"
                    ],
                    [
                        "-128.60",
                        "23.64"
                    ],
                    [
                        "-128.69",
                        "23.51"
                    ],
                    [
                        "-128.89",
                        "22.85"
                    ],
                    [
                        "-128.98",
                        "22.61"
                    ],
                    [
                        "-129.10",
                        "22.11"
                    ],
                    [
                        "-129.23",
                        "21.65"
                    ],
                    [
                        "-129.32",
                        "21.35"
                    ],
                    [
                        "-129.52",
                        "20.81"
                    ],
                    [
                        "-129.64",
                        "20.57"
                    ],
                    [
                        "-129.86",
                        "20.10"
                    ],
                    [
                        "-130.13",
                        "19.71"
                    ],
                    [
                        "-130.25",
                        "19.49"
                    ]
                ]
            },
            "properties": {
                "forecastId": null,
                "geometryId": null,
                "tag": "1C",
                "forecastHour": 0,
                "hazard": "FZLVL",
                "frequency": null,
                "severity": null,
                "status": "NRML",
                "base": null,
                "top": null,
                "fzlBase": null,
                "fzlTop": null,
                "level": "160",
                "product": "ZULU",
                "rawAirSigmet": null,
                "validTimeTo": "2026-08-01T09:00:00.000",
                "validTimeFrom": [
                    "2026-08-01T08:45"
                ]
            }
        },
        {
            "type": "Feature",
            "geometry": {
                "type": "LineString",
                "coordinates": [
                    [
                        "-126.32",
                        "12.76"
                    ],
                    [
                        "-125.73",
                        "13.58"
                    ],
                    [
                        "-124.43",
                        "14.48"
                    ],
                    [
                        "-122.56",
                        "14.69"
                    ],
                    [
                        "-121.59",
                        "15.48"
                    ],
                    [
                        "-121.14",
                        "16.77"
                    ],
                    [
                        "-121.06",
                        "17.88"
                    ],
                    [
                        "-121.52",
                        "19.16"
                    ],
                    [
                        "-122.15",
                        "19.61"
                    ],
                    [
                        "-122.73",
                        "19.40"
                    ],
                    [
                        "-123.85",
                        "18.45"
                    ],
                    [
                        "-124.42",
                        "19.06"
                    ],
                    [
                        "-124.59",
                        "19.80"
                    ],
                    [
                        "-124.71",
                        "21.16"
                    ],
                    [
                        "-124.73",
                        "22.55"
                    ],
                    [
                        "-124.53",
                        "23.89"
                    ],
                    [
                        "-123.32",
                        "26.46"
                    ],
                    [
                        "-123.69",
                        "27.60"
                    ],
                    [
                        "-125.41",
                        "28.19"
                    ],
                    [
                        "-128.19",
                        "28.82"
                    ],
                    [
                        "-129.77",
                        "29.12"
                    ],
                    [
                        "-131.67",
                        "29.20"
                    ],
                    [
                        "-134.60",
                        "29.45"
                    ],
                    [
                        "-136.09",
                        "29.50"
                    ],
                    [
                        "-138.34",
                        "28.89"
                    ]
                ]
            },
            "properties": {
                "forecastId": null,
                "geometryId": null,
                "tag": "1C",
                "forecastHour": 0,
                "hazard": "FZLVL",
                "frequency": null,
                "severity": null,
                "status": "NRML",
                "base": null,
                "top": null,
                "fzlBase": null,
                "fzlTop": null,
                "level": "160",
                "product": "ZULU",
                "rawAirSigmet": null,
                "validTimeTo": "2026-08-01T09:00:00.000",
                "validTimeFrom": [
                    "2026-08-01T08:45"
                ]
            }
        },
        {
            "type": "Feature",
            "geometry": {
                "type": "LineString",
                "coordinates": [
                    [
                        "-141.64",
                        "31.80"
                    ],
                    [
                        "-141.46",
                        "33.36"
                    ],
                    [
                        "-141.60",
                        "34.10"
                    ],
                    [
                        "-142.02",
                        "34.51"
                    ],
                    [
                        "-144.18",
                        "35.37"
                    ],
                    [
                        "-145.39",
                        "36.46"
                    ],
                    [
                        "-145.77",
                        "37.16"
                    ],
                    [
                        "-145.24",
                        "37.92"
                    ],
                    [
                        "-144.22",
                        "38.28"
                    ],
                    [
                        "-142.93",
                        "38.54"
                    ],
                    [
                        "-139.90",
                        "38.96"
                    ],
                    [
                        "-136.67",
                        "39.42"
                    ],
                    [
                        "-134.20",
                        "39.97"
                    ],
                    [
                        "-132.70",
                        "40.48"
                    ],
                    [
                        "-130.14",
                        "41.45"
                    ],
                    [
                        "-128.16",
                        "42.18"
                    ],
                    [
                        "-126.27",
                        "42.76"
                    ],
                    [
                        "-124.00",
                        "43.49"
                    ],
                    [
                        "-121.93",
                        "44.54"
                    ],
                    [
                        "-119.91",
                        "45.41"
                    ],
                    [
                        "-117.42",
                        "45.61"
                    ],
                    [
                        "-114.40",
                        "45.79"
                    ],
                    [
                        "-112.49",
                        "46.41"
                    ],
                    [
                        "-111.31",
                        "47.11"
                    ],
                    [
                        "-109.62",
                        "48.31"
                    ],
                    [
                        "-108.49",
                        "48.53"
                    ],
                    [
                        "-107.58",
                        "48.31"
                    ],
                    [
                        "-106.70",
                        "47.82"
                    ],
                    [
                        "-105.90",
                        "46.32"
                    ],
                    [
                        "-105.45",
                        "43.78"
                    ],
                    [
                        "-104.58",
                        "40.77"
                    ],
                    [
                        "-104.08",
                        "39.58"
                    ],
                    [
                        "-103.14",
                        "38.26"
                    ],
                    [
                        "-102.06",
                        "37.25"
                    ],
                    [
                        "-101.08",
                        "36.65"
                    ],
                    [
                        "-100.19",
                        "36.74"
                    ],
                    [
                        "-99.40",
                        "38.19"
                    ],
                    [
                        "-98.33",
                        "39.11"
                    ],
                    [
                        "-97.30",
                        "39.61"
                    ],
                    [
                        "-95.53",
                        "39.85"
                    ],
                    [
                        "-93.30",
                        "39.59"
                    ],
                    [
                        "-90.72",
                        "39.69"
                    ],
                    [
                        "-89.64",
                        "39.49"
                    ],
                    [
                        "-88.79",
                        "38.86"
                    ],
                    [
                        "-87.92",
                        "38.11"
                    ],
                    [
                        "-86.65",
                        "37.35"
                    ],
                    [
                        "-85.24",
                        "36.85"
                    ],
                    [
                        "-84.18",
                        "36.81"
                    ],
                    [
                        "-83.07",
                        "36.83"
                    ],
                    [
                        "-81.81",
                        "36.60"
                    ],
                    [
                        "-79.96",
                        "35.59"
                    ],
                    [
                        "-77.39",
                        "33.68"
                    ],
                    [
                        "-76.75",
                        "33.09"
                    ],
                    [
                        "-76.54",
                        "32.06"
                    ],
                    [
                        "-77.21",
                        "30.55"
                    ],
                    [
                        "-77.98",
                        "29.38"
                    ],
                    [
                        "-79.21",
                        "28.75"
                    ],
                    [
                        "-80.41",
                        "28.39"
                    ],
                    [
                        "-81.61",
                        "27.90"
                    ],
                    [
                        "-82.20",
                        "27.44"
                    ],
                    [
                        "-82.48",
                        "26.76"
                    ],
                    [
                        "-82.46",
                        "25.97"
                    ],
                    [
                        "-82.75",
                        "25.31"
                    ],
                    [
                        "-83.77",
                        "24.10"
                    ],
                    [
                        "-83.71",
                        "23.05"
                    ],
                    [
                        "-83.24",
                        "22.37"
                    ],
                    [
                        "-82.15",
                        "21.35"
                    ],
                    [
                        "-81.19",
                        "20.78"
                    ],
                    [
                        "-78.85",
                        "20.55"
                    ],
                    [
                        "-75.04",
                        "21.30"
                    ],
                    [
                        "-73.76",
                        "21.38"
                    ],
                    [
                        "-72.40",
                        "21.00"
                    ],
                    [
                        "-71.30",
                        "19.16"
                    ],
                    [
                        "-71.16",
                        "18.14"
                    ],
                    [
                        "-71.96",
                        "17.65"
                    ],
                    [
                        "-72.51",
                        "17.31"
                    ],
                    [
                        "-72.55",
                        "16.63"
                    ],
                    [
                        "-72.36",
                        "16.02"
                    ],
                    [
                        "-72.54",
                        "14.92"
                    ],
                    [
                        "-73.17",
                        "13.65"
                    ],
                    [
                        "-72.90",
                        "11.88"
                    ]
                ]
            },
            "properties": {
                "forecastId": null,
                "geometryId": null,
                "tag": "1C",
                "forecastHour": 0,
                "hazard": "FZLVL",
                "frequency": null,
                "severity": null,
                "status": "NRML",
                "base": null,
                "top": null,
                "fzlBase": null,
                "fzlTop": null,
                "level": "160",
                "product": "ZULU",
                "rawAirSigmet": null,
                "validTimeTo": "2026-08-01T09:00:00.000",
                "validTimeFrom": [
                    "2026-08-01T08:45"
                ]
            }
        },
        {
            "type": "Feature",
            "geometry": {
                "type": "LineString",
                "coordinates": [
                    [
                        "-99.88",
                        "17.03"
                    ],
                    [
                        "-99.61",
                        "17.57"
                    ],
                    [
                        "-99.45",
                        "18.71"
                    ],
                    [
                        "-99.92",
                        "19.34"
                    ],
                    [
                        "-100.96",
                        "19.67"
                    ],
                    [
                        "-102.20",
                        "19.74"
                    ],
                    [
                        "-103.45",
                        "19.72"
                    ],
                    [
                        "-104.58",
                        "19.55"
                    ],
                    [
                        "-105.31",
                        "19.33"
                    ],
                    [
                        "-106.12",
                        "18.96"
                    ],
                    [
                        "-107.12",
                        "18.40"
                    ],
                    [
                        "-107.72",
                        "18.28"
                    ],
                    [
                        "-108.93",
                        "18.15"
                    ],
                    [
                        "-110.10",
                        "17.70"
                    ],
                    [
                        "-110.64",
                        "17.13"
                    ],
                    [
                        "-111.00",
                        "16.38"
                    ],
                    [
                        "-111.47",
                        "15.77"
                    ],
                    [
                        "-112.19",
                        "15.33"
                    ],
                    [
                        "-112.72",
                        "14.99"
                    ]
                ]
            },
            "properties": {
                "forecastId": null,
                "geometryId": null,
                "tag": "1C",
                "forecastHour": 0,
                "hazard": "FZLVL",
                "frequency": null,
                "severity": null,
                "status": "NRML",
                "base": null,
                "top": null,
                "fzlBase": null,
                "fzlTop": null,
                "level": "160",
                "product": "ZULU",
                "rawAirSigmet": null,
                "validTimeTo": "2026-08-01T09:00:00.000",
                "validTimeFrom": [
                    "2026-08-01T08:45"
                ]
            }
        },
        {
            "type": "Feature",
            "geometry": {
                "type": "LineString",
                "coordinates": [
                    [
                        "-65.28",
                        "17.05"
                    ],
                    [
                        "-65.50",
                        "17.14"
                    ],
                    [
                        "-66.09",
                        "17.35"
                    ],
                    [
                        "-66.71",
                        "17.52"
                    ],
                    [
                        "-66.90",
                        "17.56"
                    ],
                    [
                        "-67.36",
                        "17.65"
                    ],
                    [
                        "-67.98",
                        "17.81"
                    ],
                    [
                        "-68.54",
                        "18.06"
                    ],
                    [
                        "-68.90",
                        "18.56"
                    ],
                    [
                        "-68.80",
                        "18.93"
                    ],
                    [
                        "-68.58",
                        "19.50"
                    ],
                    [
                        "-68.32",
                        "20.05"
                    ],
                    [
                        "-68.04",
                        "20.59"
                    ],
                    [
                        "-67.68",
                        "21.08"
                    ],
                    [
                        "-67.14",
                        "21.44"
                    ],
                    [
                        "-66.41",
                        "21.63"
                    ],
                    [
                        "-66.37",
                        "21.64"
                    ],
                    [
                        "-65.54",
                        "21.68"
                    ],
                    [
                        "-65.39",
                        "21.67"
                    ],
                    [
                        "-64.76",
                        "21.61"
                    ],
                    [
                        "-64.17",
                        "21.49"
                    ],
                    [
                        "-64.05",
                        "21.46"
                    ],
                    [
                        "-63.35",
                        "21.30"
                    ],
                    [
                        "-62.91",
                        "21.25"
                    ],
                    [
                        "-62.56",
                        "21.22"
                    ]
                ]
            },
            "properties": {
                "forecastId": null,
                "geometryId": null,
                "tag": "1C",
                "forecastHour": 0,
                "hazard": "FZLVL",
                "frequency": null,
                "severity": null,
                "status": "NRML",
                "base": null,
                "top": null,
                "fzlBase": null,
                "fzlTop": null,
                "level": "160",
                "product": "ZULU",
                "rawAirSigmet": null,
                "validTimeTo": "2026-08-01T09:00:00.000",
                "validTimeFrom": [
                    "2026-08-01T08:45"
                ]
            }
        },
        {
            "type": "Feature",
            "geometry": {
                "type": "Polygon",
                "coordinates": [
                    [
                        [
                            "-87.82",
                            "44.45"
                        ],
                        [
                            "-87.28",
                            "44.11"
                        ],
                        [
                            "-87.78",
                            "43.77"
                        ],
                        [
                            "-87.49",
                            "42.81"
                        ],
                        [
                            "-87.53",
                            "42.05"
                        ],
                        [
                            "-87.28",
                            "41.75"
                        ],
                        [
                            "-86.76",
                            "40.47"
                        ],
                        [
                            "-86.94",
                            "39.63"
                        ],
                        [
                            "-87.27",
                            "39.07"
                        ],
                        [
                            "-87.58",
                            "38.79"
                        ],
                        [
                            "-88.73",
                            "38.90"
                        ],
                        [
                            "-89.57",
                            "39.33"
                        ],
                        [
                            "-90.50",
                            "39.83"
                        ],
                        [
                            "-90.92",
                            "39.75"
                        ],
                        [
                            "-92.50",
                            "39.80"
                        ],
                        [
                            "-94.31",
                            "40.28"
                        ],
                        [
                            "-94.75",
                            "41.06"
                        ],
                        [
                            "-94.15",
                            "42.11"
                        ],
                        [
                            "-93.18",
                            "42.84"
                        ],
                        [
                            "-92.02",
                            "43.66"
                        ],
                        [
                            "-90.50",
                            "44.03"
                        ],
                        [
                            "-89.32",
                            "43.99"
                        ],
                        [
                            "-88.56",
                            "44.00"
                        ],
                        [
                            "-88.10",
                            "44.29"
                        ],
                        [
                            "-87.82",
                            "44.45"
                        ]
                    ]
                ]
            },
            "properties": {
                "forecastId": null,
                "geometryId": null,
                "tag": "1E",
                "forecastHour": 0,
                "hazard": "IFR",
                "frequency": null,
                "severity": null,
                "status": "NRML",
                "base": null,
                "top": null,
                "fzlBase": null,
                "fzlTop": null,
                "level": null,
                "product": "SIERRA",
                "rawAirSigmet": "CIG BLW 010 VIS BLW 3SM PCPN BR FG",
                "validTimeTo": "2026-08-01T09:00:00.000",
                "validTimeFrom": [
                    "2026-08-01T08:45"
                ]
            }
        },
        {
            "type": "Feature",
            "geometry": {
                "type": "LineString",
                "coordinates": [
                    [
                        "-42.16",
                        "39.07"
                    ],
                    [
                        "-42.20",
                        "39.09"
                    ],
                    [
                        "-43.01",
                        "39.54"
                    ],
                    [
                        "-43.73",
                        "39.80"
                    ],
                    [
                        "-44.26",
                        "39.83"
                    ],
                    [
                        "-44.81",
                        "39.82"
                    ],
                    [
                        "-45.56",
                        "39.38"
                    ],
                    [
                        "-45.70",
                        "39.19"
                    ],
                    [
                        "-45.62",
                        "38.40"
                    ],
                    [
                        "-45.19",
                        "37.77"
                    ]
                ]
            },
            "properties": {
                "forecastId": null,
                "geometryId": null,
                "tag": "1C",
                "forecastHour": 0,
                "hazard": "FZLVL",
                "frequency": null,
                "severity": null,
                "status": "NRML",
                "base": null,
                "top": null,
                "fzlBase": null,
                "fzlTop": null,
                "level": "160",
                "product": "ZULU",
                "rawAirSigmet": null,
                "validTimeTo": "2026-08-01T09:00:00.000",
                "validTimeFrom": [
                    "2026-08-01T08:45"
                ]
            }
        },
        {
            "type": "Feature",
            "geometry": {
                "type": "Polygon",
                "coordinates": [
                    [
                        [
                            "-69.29",
                            "47.57"
                        ],
                        [
                            "-68.65",
                            "45.98"
                        ],
                        [
                            "-69.27",
                            "46.40"
                        ],
                        [
                            "-69.83",
                            "47.05"
                        ],
                        [
                            "-69.29",
                            "47.57"
                        ]
                    ]
                ]
            },
            "properties": {
                "forecastId": null,
                "geometryId": null,
                "tag": "2E",
                "forecastHour": 0,
                "hazard": "MT_OBSC",
                "frequency": null,
                "severity": null,
                "status": "NRML",
                "base": null,
                "top": null,
                "fzlBase": null,
                "fzlTop": null,
                "level": null,
                "product": "SIERRA",
                "rawAirSigmet": "MTNS OBSC BY CLDS BR FG",
                "validTimeTo": "2026-08-01T09:00:00.000",
                "validTimeFrom": [
                    "2026-08-01T08:45"
                ]
            }
        },
        {
            "type": "Feature",
            "geometry": {
                "type": "Polygon",
                "coordinates": [
                    [
                        [
                            "-120.42",
                            "49.03"
                        ],
                        [
                            "-118.06",
                            "48.97"
                        ],
                        [
                            "-115.88",
                            "48.95"
                        ],
                        [
                            "-114.70",
                            "48.84"
                        ],
                        [
                            "-113.19",
                            "48.97"
                        ],
                        [
                            "-111.39",
                            "47.49"
                        ],
                        [
                            "-109.86",
                            "48.52"
                        ],
                        [
                            "-107.59",
                            "45.40"
                        ],
                        [
                            "-110.12",
                            "46.79"
                        ],
                        [
                            "-111.08",
                            "46.13"
                        ],
                        [
                            "-112.90",
                            "46.66"
                        ],
                        [
                            "-113.61",
                            "46.35"
                        ],
                        [
                            "-113.37",
                            "45.92"
                        ],
                        [
                            "-113.42",
                            "45.91"
                        ],
                        [
                            "-113.52",
                            "45.53"
                        ],
                        [
                            "-114.73",
                            "45.48"
                        ],
                        [
                            "-116.16",
                            "44.82"
                        ],
                        [
                            "-116.56",
                            "44.00"
                        ],
                        [
                            "-117.35",
                            "42.88"
                        ],
                        [
                            "-118.06",
                            "43.38"
                        ],
                        [
                            "-119.08",
                            "43.23"
                        ],
                        [
                            "-119.45",
                            "42.46"
                        ],
                        [
                            "-120.09",
                            "42.88"
                        ],
                        [
                            "-120.91",
                            "44.18"
                        ],
                        [
                            "-120.84",
                            "45.33"
                        ],
                        [
                            "-121.31",
                            "45.06"
                        ],
                        [
                            "-121.54",
                            "45.45"
                        ],
                        [
                            "-120.51",
                            "46.44"
                        ],
                        [
                            "-119.49",
                            "47.65"
                        ],
                        [
                            "-120.78",
                            "48.08"
                        ],
                        [
                            "-120.42",
                            "49.03"
                        ]
                    ]
                ]
            },
            "properties": {
                "forecastId": null,
                "geometryId": null,
                "tag": "1E",
                "forecastHour": 0,
                "hazard": "MT_OBSC",
                "frequency": null,
                "severity": null,
                "status": "NRML",
                "base": null,
                "top": null,
                "fzlBase": null,
                "fzlTop": null,
                "level": null,
                "product": "SIERRA",
                "rawAirSigmet": "FU HZ",
                "validTimeTo": "2026-08-01T09:00:00.000",
                "validTimeFrom": [
                    "2026-08-01T08:45"
                ]
            }
        },
        {
            "type": "Feature",
            "geometry": {
                "type": "LineString",
                "coordinates": [
                    [
                        "-54.21",
                        "30.32"
                    ],
                    [
                        "-55.55",
                        "30.67"
                    ],
                    [
                        "-57.15",
                        "31.24"
                    ],
                    [
                        "-58.06",
                        "32.07"
                    ],
                    [
                        "-58.02",
                        "32.65"
                    ],
                    [
                        "-57.51",
                        "33.57"
                    ],
                    [
                        "-56.56",
                        "34.73"
                    ],
                    [
                        "-55.57",
                        "36.19"
                    ],
                    [
                        "-54.93",
                        "36.79"
                    ],
                    [
                        "-53.79",
                        "37.46"
                    ],
                    [
                        "-51.89",
                        "37.82"
                    ],
                    [
                        "-49.90",
                        "38.07"
                    ],
                    [
                        "-48.82",
                        "38.56"
                    ],
                    [
                        "-47.86",
                        "39.54"
                    ],
                    [
                        "-47.88",
                        "40.89"
                    ],
                    [
                        "-47.62",
                        "41.72"
                    ],
                    [
                        "-46.72",
                        "42.23"
                    ],
                    [
                        "-44.62",
                        "42.49"
                    ],
                    [
                        "-42.63",
                        "42.87"
                    ]
                ]
            },
            "properties": {
                "forecastId": null,
                "geometryId": null,
                "tag": "1C",
                "forecastHour": 0,
                "hazard": "FZLVL",
                "frequency": null,
                "severity": null,
                "status": "NRML",
                "base": null,
                "top": null,
                "fzlBase": null,
                "fzlTop": null,
                "level": "160",
                "product": "ZULU",
                "rawAirSigmet": null,
                "validTimeTo": "2026-08-01T09:00:00.000",
                "validTimeFrom": [
                    "2026-08-01T08:45"
                ]
            }
        },
        {
            "type": "Feature",
            "geometry": {
                "type": "Polygon",
                "coordinates": [
                    [
                        [
                            "-69.15",
                            "47.62"
                        ],
                        [
                            "-67.89",
                            "47.23"
                        ],
                        [
                            "-67.87",
                            "45.83"
                        ],
                        [
                            "-66.92",
                            "44.50"
                        ],
                        [
                            "-67.07",
                            "42.86"
                        ],
                        [
                            "-67.07",
                            "40.79"
                        ],
                        [
                            "-68.11",
                            "40.70"
                        ],
                        [
                            "-68.33",
                            "40.68"
                        ],
                        [
                            "-69.64",
                            "40.56"
                        ],
                        [
                            "-70.56",
                            "40.74"
                        ],
                        [
                            "-70.57",
                            "40.94"
                        ],
                        [
                            "-70.44",
                            "41.24"
                        ],
                        [
                            "-70.53",
                            "41.52"
                        ],
                        [
                            "-70.68",
                            "41.75"
                        ],
                        [
                            "-71.17",
                            "41.94"
                        ],
                        [
                            "-71.85",
                            "41.84"
                        ],
                        [
                            "-72.14",
                            "41.60"
                        ],
                        [
                            "-72.75",
                            "41.95"
                        ],
                        [
                            "-72.95",
                            "42.16"
                        ],
                        [
                            "-73.75",
                            "42.50"
                        ],
                        [
                            "-74.87",
                            "43.18"
                        ],
                        [
                            "-75.24",
                            "44.05"
                        ],
                        [
                            "-74.72",
                            "44.68"
                        ],
                        [
                            "-73.91",
                            "45.01"
                        ],
                        [
                            "-72.96",
                            "45.16"
                        ],
                        [
                            "-71.56",
                            "45.57"
                        ],
                        [
                            "-69.15",
                            "47.62"
                        ]
                    ]
                ]
            },
            "properties": {
                "forecastId": null,
                "geometryId": null,
                "tag": "5E",
                "forecastHour": 0,
                "hazard": "IFR",
                "frequency": null,
                "severity": null,
                "status": "NRML",
                "base": null,
                "top": null,
                "fzlBase": null,
                "fzlTop": null,
                "level": null,
                "product": "SIERRA",
                "rawAirSigmet": "CIG BLW 010 VIS BLW 3SM BR FG",
                "validTimeTo": "2026-08-01T09:00:00.000",
                "validTimeFrom": [
                    "2026-08-01T08:45"
                ]
            }
        }
    ],
    "metadata": {
        "creationTime": "2026-08-01T09:11"
    }
}