{
    "type": "FeatureCollection",
    "features": [
        {
            "type": "Feature",
            "geometry": {
                "type": "LineString",
                "coordinates": [
                    [
                        "-78.12",
                        "18.72"
                    ],
                    [
                        "-78.75",
                        "19.48"
                    ],
                    [
                        "-79.48",
                        "19.91"
                    ],
                    [
                        "-79.86",
                        "20.03"
                    ],
                    [
                        "-79.40",
                        "20.14"
                    ],
                    [
                        "-79.35",
                        "20.69"
                    ],
                    [
                        "-79.32",
                        "21.18"
                    ],
                    [
                        "-78.46",
                        "21.32"
                    ],
                    [
                        "-77.40",
                        "21.57"
                    ],
                    [
                        "-76.97",
                        "22.25"
                    ],
                    [
                        "-77.49",
                        "23.02"
                    ],
                    [
                        "-78.24",
                        "23.42"
                    ],
                    [
                        "-79.01",
                        "23.64"
                    ],
                    [
                        "-79.83",
                        "23.51"
                    ],
                    [
                        "-81.78",
                        "24.04"
                    ],
                    [
                        "-83.80",
                        "23.83"
                    ],
                    [
                        "-84.99",
                        "23.75"
                    ],
                    [
                        "-85.46",
                        "23.05"
                    ],
                    [
                        "-85.98",
                        "21.62"
                    ],
                    [
                        "-86.76",
                        "20.94"
                    ],
                    [
                        "-87.60",
                        "20.64"
                    ],
                    [
                        "-88.13",
                        "20.28"
                    ],
                    [
                        "-88.47",
                        "19.56"
                    ]
                ]
            },
            "properties": {
                "forecastId": null,
                "geometryId": null,
                "tag": "1C",
                "forecastHour": 0,
                "hazard": "FZLVL",
                "frequency": null,
                "severity": null,
                "status": "NRML",
                "base": null,
                "top": null,
                "fzlBase": null,
                "fzlTop": null,
                "level": "160",
                "product": "ZULU",
                "rawAirSigmet": null,
                "validTimeTo": "2026-10-09T09:00:00.000",
                "validTimeFrom": [
                    "2026-10-09T08:45"
                ]
            }
        },
        {
            "type": "Feature",
            "geometry": {
                "type": "Polygon",
                "coordinates": [
                    [
                        [
                            "-86.22",
                            "52.64"
                        ],
                        [
                            "-86.56",
                            "52.33"
                        ],
                        [
                            "-86.39",
                            "52.00"
                        ],
                        [
                            "-86.12",
                            "51.81"
                        ],
                        [
                            "-85.72",
                            "51.65"
                        ],
                        [
                            "-85.62",
                            "51.60"
                        ],
                        [
                            "-85.43",
                            "51.64"
                        ],
                        [
                            "-85.08",
                            "51.82"
                        ],
                        [
                            "-85.02",
                            "51.94"
                        ],
                        [
                            "-84.98",
                            "52.26"
                        ],
                        [
                            "-85.02",
                            "52.32"
                        ],
                        [
                            "-85.35",
                            "52.60"
                        ],
                        [
                            "-85.50",
                            "52.66"
                        ],
                        [
                            "-86.03",
                            "52.68"
                        ],
                        [
                            "-86.22",
                            "52.64"
                        ]
                    ]
                ]
            },
            "properties": {
                "forecastId": null,
                "geometryId": null,
                "tag": "1C",
                "forecastHour": 0,
                "hazard": "FZLVL",
                "frequency": null,
                "severity": null,
                "status": "NRML",
                "base": null,
                "top": null,
                "fzlBase": null,
                "fzlTop": null,
                "level": "SFC",
                "product": "ZULU",
                "rawAirSigmet": null,
                "validTimeTo": "2026-10-09T09:00:00.000",
                "validTimeFrom": [
                    "2026-10-09T08:45"
                ]
            }
        },
        {
            "type": "Feature",
            "geometry": {
                "type": "LineString",
                "coordinates": [
                    [
                        "-124.35",
                        "56.65"
                    ],
                    [
                        "-124.00",
                        "56.48"
                    ],
                    [
                        "-123.82",
                        "56.40"
                    ],
                    [
                        "-123.32",
                        "56.18"
                    ],
                    [
                        "-122.90",
                        "56.19"
                    ],
                    [
                        "-122.70",
                        "56.04"
                    ],
                    [
                        "-122.75",
                        "56.21"
                    ],
                    [
                        "-122.82",
                        "56.51"
                    ],
                    [
                        "-122.86",
                        "56.82"
                    ]
                ]
            },
            "properties": {
                "forecastId": null,
                "geometryId": null,
                "tag": "1C",
                "forecastHour": 0,
                "hazard": "FZLVL",
                "frequency": null,
                "severity": null,
                "status": "NRML",
                "base": null,
                "top": null,
                "fzlBase": null,
                "fzlTop": null,
                "level": "SFC",
                "product": "ZULU",
                "rawAirSigmet": null,
                "validTimeTo": "2026-10-09T09:00:00.000",
                "validTimeFrom": [
                    "2026-10-09T08:45"
                ]
            }
        },
        {
            "type": "Feature",
            "geometry": {
                "type": "Polygon",
                "coordinates": [
                    [
                        [
                            "-82.92",
                            "32.16"
                        ],
                        [
                            "-82.49",
                            "32.10"
                        ],
                        [
                            "-82.28",
                            "31.93"
                        ],
                        [
                            "-82.64",
                            "31.72"
                        ],
                        [
                            "-82.77",
                            "31.56"
                        ],
                        [
                            "-82.93",
                            "31.37"
                        ],
                        [
                            "-82.86",
                            "30.76"
                        ],
                        [
                            "-82.26",
                            "30.32"
                        ],
                        [
                            "-82.71",
                            "29.67"
                        ],
                        [
                            "-83.15",
                            "29.24"
                        ],
                        [
                            "-83.76",
                            "29.06"
                        ],
                        [
                            "-84.44",
                            "29.04"
                        ],
                        [
                            "-85.26",
                            "29.26"
                        ],
                        [
                            "-85.62",
                            "29.51"
                        ],
                        [
                            "-86.86",
                            "29.80"
                        ],
                        [
                            "-87.45",
                            "30.01"
                        ],
                        [
                            "-88.21",
                            "30.52"
                        ],
                        [
                            "-87.39",
                            "30.90"
                        ],
                        [
                            "-86.74",
                            "31.23"
                        ],
                        [
                            "-85.68",
                            "31.56"
                        ],
                        [
                            "-84.91",
                            "31.70"
                        ],
                        [
                            "-84.56",
                            "31.76"
                        ],
                        [
                            "-83.85",
                            "31.94"
                        ],
                        [
                            "-83.29",
                            "32.08"
                        ],
                        [
                            "-82.92",
                            "32.16"
                        ]
                    ]
                ]
            },
            "properties": {
                "forecastId": null,
                "geometryId": null,
                "tag": "4C",
                "forecastHour": 0,
                "hazard": "ICE",
                "frequency": null,
                "severity": "MOD",
                "status": "NRML",
                "base": "140",
                "top": "270",
                "fzlBase": null,
                "fzlTop": null,
                "level": null,
                "product": "ZULU",
                "rawAirSigmet": "ICE",
                "validTimeTo": "2026-10-09T09:00:00.000",
                "validTimeFrom": [
                    "2026-10-09T08:45"
                ]
            }
        },
        {
            "type": "Feature",
            "geometry": {
                "type": "Polygon",
                "coordinates": [
                    [
                        [
                            "-82.25",
                            "31.31"
                        ],
                        [
                            "-81.87",
                            "31.25"
                        ],
                        [
                            "-81.69",
                            "31.07"
                        ],
                        [
                            "-81.50",
                            "30.22"
                        ],
                        [
                            "-80.89",
                            "29.28"
                        ],
                        [
                            "-80.61",
                            "28.87"
                        ],
                        [
                            "-80.11",
                            "27.79"
                        ],
                        [
                            "-80.24",
                            "26.88"
                        ],
                        [
                            "-80.63",
                            "26.35"
                        ],
                        [
                            "-81.88",
                            "26.23"
                        ],
                        [
                            "-82.65",
                            "26.95"
                        ],
                        [
                            "-83.63",
                            "27.41"
                        ],
                        [
                            "-85.18",
                            "27.47"
                        ],
                        [
                            "-86.06",
                            "26.96"
                        ],
                        [
                            "-87.75",
                            "27.57"
                        ],
                        [
                            "-87.91",
                            "28.22"
                        ],
                        [
                            "-89.27",
                            "28.21"
                        ],
                        [
                            "-88.66",
                            "29.06"
                        ],
                        [
                            "-88.17",
                            "29.93"
                        ],
                        [
                            "-86.73",
                            "31.00"
                        ],
                        [
                            "-85.28",
                            "31.18"
                        ],
                        [
                            "-83.45",
                            "31.20"
                        ],
                        [
                            "-82.93",
                            "31.26"
                        ],
                        [
                            "-82.25",
                            "31.31"
                        ]
                    ]
                ]
            },
            "properties": {
                "forecastId": null,
                "geometryId": null,
                "tag": "3E",
                "forecastHour": 6,
                "hazard": "IFR",
                "frequency": null,
                "severity": null,
                "status": "NRML",
                "base": null,
                "top": null,
                "fzlBase": null,
                "fzlTop": null,
                "level": null,
                "product": "SIERRA",
                "rawAirSigmet": "CIG BLW 010 VIS BLW 3SM PCPN BR",
                "validTimeTo": "2026-10-09T09:00:00.000",
                "validTimeFrom": [
                    "2026-10-09T02:45"
                ]
            }
        },
        {
            "type": "Feature",
            "geometry": {
                "type": "Polygon",
                "coordinates": [
                    [
                        [
                            "-79.40",
                            "42.89"
                        ],
                        [
                            "-76.10",
                            "42.49"
                        ],
                        [
                            "-73.09",
                            "41.84"
                        ],
                        [
                            "-69.75",
                            "41.04"
                        ],
                        [
                            "-67.82",
                            "40.08"
                        ],
                        [
                            "-67.08",
                            "39.52"
                        ],
                        [
                            "-66.90",
                            "39.10"
                        ],
                        [
                            "-72.31",
                            "37.31"
                        ],
                        [
                            "-72.57",
                            "35.94"
                        ],
                        [
                            "-82.46",
                            "35.14"
                        ],
                        [
                            "-91.47",
                            "32.04"
                        ],
                        [
                            "-91.38",
                            "33.10"
                        ],
                        [
                            "-90.72",
                            "35.59"
                        ],
                        [
                            "-87.94",
                            "38.14"
                        ],
                        [
                            "-86.47",
                            "40.51"
                        ],
                        [
                            "-85.68",
                            "40.46"
                        ],
                        [
                            "-83.11",
                            "42.17"
                        ],
                        [
                            "-82.17",
                            "41.74"
                        ],
                        [
                            "-79.40",
                            "42.89"
                        ]
                    ]
                ]
            },
            "properties": {
                "forecastId": null,
                "geometryId": null,
                "tag": "2W",
                "forecastHour": 0,
                "hazard": "TURB-HI",
                "frequency": null,
                "severity": "MOD",
                "status": "NRML",
                "base": "260",
                "top": "420",
                "fzlBase": null,
                "fzlTop": null,
                "level": null,
                "product": "TANGO",
                "rawAirSigmet": null,
                "validTimeTo": "2026-10-09T09:00:00.000",
                "validTimeFrom": [
                    "2026-10-09T08:45"
                ]
            }
        },
        {
            "type": "Feature",
            "geometry": {
                "type": "Polygon",
                "coordinates": [
                    [
                        [
                            "-92.35",
                            "48.42"
                        ],
                        [
                            "-89.32",
                            "47.92"
                        ],
                        [
                            "-88.22",
                            "48.29"
                        ],
                        [
                            "-84.93",
                            "46.76"
                        ],
                        [
                            "-82.43",
                            "45.25"
                        ],
                        [
                            "-82.08",
                            "43.27"
                        ],
                        [
                            "-83.14",
                            "42.20"
                        ],
                        [
                            "-85.58",
                            "40.54"
                        ],
                        [
                            "-86.60",
                            "40.50"
                        ],
                        [
                            "-87.12",
                            "41.37"
                        ],
                        [
                            "-87.24",
                            "42.65"
                        ],
                        [
                            "-87.52",
                            "43.46"
                        ],
                        [
                            "-89.63",
                            "45.34"
                        ],
                        [
                            "-91.79",
                            "47.21"
                        ],
                        [
                            "-92.35",
                            "48.42"
                        ]
                    ]
                ]
            },
            "properties": {
                "forecastId": null,
                "geometryId": null,
                "tag": "3W",
                "forecastHour": 0,
                "hazard": "TURB-HI",
                "frequency": null,
                "severity": "MOD",
                "status": "NRML",
                "base": "220",
                "top": "400",
                "fzlBase": null,
                "fzlTop": null,
                "level": null,
                "product": "TANGO",
                "rawAirSigmet": null,
                "validTimeTo": "2026-10-09T09:00:00.000",
                "validTimeFrom": [
                    "2026-10-09T08:45"
                ]
            }
        },
        {
            "type": "Feature",
            "geometry": {
                "type": "LineString",
                "coordinates": [
                    [
                        "-106.60",
                        "58.10"
                    ],
                    [
                        "-106.29",
                        "57.87"
                    ],
                    [
                        "-106.24",
                        "57.82"
                    ],
                    [
                        "-105.85",
                        "57.53"
                    ],
                    [
                        "-105.66",
                        "57.38"
                    ],
                    [
                        "-105.43",
                        "57.25"
                    ],
                    [
                        "-105.05",
                        "57.04"
                    ],
                    [
                        "-104.75",
                        "56.97"
                    ],
                    [
                        "-104.47",
                        "56.90"
                    ],
                    [
                        "-103.92",
                        "56.97"
                    ],
                    [
                        "-103.87",
                        "57.01"
                    ],
                    [
                        "-103.49",
                        "57.32"
                    ],
                    [
                        "-103.41",
                        "57.42"
                    ],
                    [
                        "-103.25",
                        "57.63"
                    ],
                    [
                        "-103.11",
                        "57.94"
                    ],
                    [
                        "-103.13",
                        "58.24"
                    ]
                ]
            },
            "properties": {
                "forecastId": null,
                "geometryId": null,
                "tag": "1C",
                "forecastHour": 0,
                "hazard": "FZLVL",
                "frequency": null,
                "severity": null,
                "status": "NRML",
                "base": null,
                "top": null,
                "fzlBase": null,
                "fzlTop": null,
                "level": "SFC",
                "product": "ZULU",
                "rawAirSigmet": null,
                "validTimeTo": "2026-10-09T09:00:00.000",
                "validTimeFrom": [
                    "2026-10-09T08:45"
                ]
            }
        },
        {
            "type": "Feature",
            "geometry": {
                "type": "Polygon",
                "coordinates": [
                    [
                        [
                            "-108.11",
                            "49.09"
                        ],
                        [
                            "-104.89",
                            "49.05"
                        ],
                        [
                            "-105.66",
                            "47.73"
                        ],
                        [
                            "-106.82",
                            "47.21"
                        ],
                        [
                            "-107.86",
                            "47.57"
                        ],
                        [
                            "-108.15",
                            "48.37"
                        ],
                        [
                            "-108.11",
                            "49.09"
                        ]
                    ]
                ]
            },
            "properties": {
                "forecastId": null,
                "geometryId": null,
                "tag": "3W",
                "forecastHour": 0,
                "hazard": "LLWS",
                "frequency": null,
                "severity": null,
                "status": "NRML",
                "base": null,
                "top": null,
                "fzlBase": null,
                "fzlTop": null,
                "level": null,
                "product": "TANGO",
                "rawAirSigmet": "AIR SPEED LOSS OR GAIN OF 20KTS OR MORE BELOW 2000 FT AGL",
                "validTimeTo": "2026-10-09T09:00:00.000",
                "validTimeFrom": [
                    "2026-10-09T08:45"
                ]
            }
        },
        {
            "type": "Feature",
            "geometry": {
                "type": "Polygon",
                "coordinates": [
                    [
                        [
                            "-77.07",
                            "40.68"
                        ],
                        [
                            "-76.67",
                            "40.64"
                        ],
                        [
                            "-75.93",
                            "40.64"
                        ],
                        [
                            "-75.70",
                            "40.36"
                        ],
                        [
                            "-76.14",
                            "40.20"
                        ],
                        [
                            "-76.49",
                            "40.16"
                        ],
                        [
                            "-76.94",
                            "40.29"
                        ],
                        [
                            "-77.29",
                            "40.42"
                        ],
                        [
                            "-77.07",
                            "40.68"
                        ]
                    ]
                ]
            },
            "properties": {
                "forecastId": null,
                "geometryId": null,
                "tag": "2C",
                "forecastHour": 0,
                "hazard": "M_FZLVL",
                "frequency": null,
                "severity": null,
                "status": "NRML",
                "base": "080",
                "top": "110",
                "fzlBase": null,
                "fzlTop": null,
                "level": null,
                "product": "ZULU",
                "rawAirSigmet": null,
                "validTimeTo": "2026-10-09T09:00:00.000",
                "validTimeFrom": [
                    "2026-10-09T08:45"
                ]
            }
        },
        {
            "type": "Feature",
            "geometry": {
                "type": "Polygon",
                "coordinates": [
                    [
                        [
                            "-97.19",
                            "48.97"
                        ],
                        [
                            "-96.59",
                            "48.61"
                        ],
                        [
                            "-96.79",
                            "48.11"
                        ],
                        [
                            "-98.58",
                            "47.91"
                        ],
                        [
                            "-100.62",
                            "47.92"
                        ],
                        [
                            "-101.75",
                            "48.15"
                        ],
                        [
                            "-102.82",
                            "48.96"
                        ],
                        [
                            "-97.19",
                            "48.97"
                        ]
                    ]
                ]
            },
            "properties": {
                "forecastId": null,
                "geometryId": null,
                "tag": "3C",
                "forecastHour": 0,
                "hazard": "ICE",
                "frequency": null,
                "severity": "MOD",
                "status": "NRML",
                "base": "FZL",
                "top": "200",
                "fzlBase": "080",
                "fzlTop": "110",
                "level": null,
                "product": "ZULU",
                "rawAirSigmet": "ICE",
                "validTimeTo": "2026-10-09T09:00:00.000",
                "validTimeFrom": [
                    "2026-10-09T08:45"
                ]
            }
        },
        {
            "type": "Feature",
            "geometry": {
                "type": "LineString",
                "coordinates": [
                    [
                        "-68.78",
                        "18.60"
                    ],
                    [
                        "-69.14",
                        "18.76"
                    ],
                    [
                        "-69.33",
                        "18.87"
                    ],
                    [
                        "-69.48",
                        "19.00"
                    ],
                    [
                        "-69.83",
                        "19.22"
                    ],
                    [
                        "-70.22",
                        "19.23"
                    ],
                    [
                        "-70.48",
                        "19.08"
                    ],
                    [
                        "-70.67",
                        "18.93"
                    ],
                    [
                        "-70.81",
                        "18.76"
                    ],
                    [
                        "-70.98",
                        "18.42"
                    ],
                    [
                        "-71.04",
                        "18.06"
                    ],
                    [
                        "-71.06",
                        "17.70"
                    ]
                ]
            },
            "properties": {
                "forecastId": null,
                "geometryId": null,
                "tag": "1C",
                "forecastHour": 0,
                "hazard": "FZLVL",
                "frequency": null,
                "severity": null,
                "status": "NRML",
                "base": null,
                "top": null,
                "fzlBase": null,
                "fzlTop": null,
                "level": "160",
                "product": "ZULU",
                "rawAirSigmet": null,
                "validTimeTo": "2026-10-09T09:00:00.000",
                "validTimeFrom": [
                    "2026-10-09T08:45"
                ]
            }
        },
        {
            "type": "Feature",
            "geometry": {
                "type": "Polygon",
                "coordinates": [
                    [
                        [
                            "-126.64",
                            "48.45"
                        ],
                        [
                            "-126.86",
                            "47.74"
                        ],
                        [
                            "-127.51",
                            "47.30"
                        ],
                        [
                            "-128.08",
                            "48.26"
                        ],
                        [
                            "-126.64",
                            "48.45"
                        ]
                    ]
                ]
            },
            "properties": {
                "forecastId": null,
                "geometryId": null,
                "tag": "1W",
                "forecastHour": 0,
                "hazard": "SFC_WND",
                "frequency": null,
                "severity": null,
                "status": "NRML",
                "base": null,
                "top": null,
                "fzlBase": null,
                "fzlTop": null,
                "level": null,
                "product": "TANGO",
                "rawAirSigmet": "USTAINED SFC WINDS GREATER THAN 30 KTS",
                "validTimeTo": "2026-10-09T09:00:00.000",
                "validTimeFrom": [
                    "2026-10-09T08:45"
                ]
            }
        },
        {
            "type": "Feature",
            "geometry": {
                "type": "Polygon",
                "coordinates": [
                    [
                        [
                            "-120.32",
                            "48.99"
                        ],
                        [
                            "-120.47",
                            "47.46"
                        ],
                        [
                            "-120.97",
                            "46.21"
                        ],
                        [
                            "-122.19",
                            "44.92"
                        ],
                        [
                            "-124.11",
                            "44.32"
                        ],
                        [
                            "-124.01",
                            "46.46"
                        ],
                        [
                            "-124.68",
                            "48.29"
                        ],
                        [
                            "-122.76",
                            "48.89"
                        ],
                        [
                            "-120.32",
                            "48.99"
                        ]
                    ]
                ]
            },
            "properties": {
                "forecastId": null,
                "geometryId": null,
                "tag": "2E",
                "forecastHour": 6,
                "hazard": "MT_OBSC",
                "frequency": null,
                "severity": null,
                "status": "NRML",
                "base": null,
                "top": null,
                "fzlBase": null,
                "fzlTop": null,
                "level": null,
                "product": "SIERRA",
                "rawAirSigmet": "MTNS OBSC BY CLDS PCPN BR",
                "validTimeTo": "2026-10-09T09:00:00.000",
                "validTimeFrom": [
                    "2026-10-09T02:45"
                ]
            }
        },
        {
            "type": "Feature",
            "geometry": {
                "type": "LineString",
                "coordinates": [
                    [
                        "-129.54",
                        "28.96"
                    ],
                    [
                        "-127.92",
                        "29.30"
                    ],
                    [
                        "-126.20",
                        "29.30"
                    ],
                    [
                        "-125.38",
                        "29.04"
                    ],
                    [
                        "-124.88",
                        "28.51"
                    ],
                    [
                        "-121.68",
                        "27.99"
                    ],
                    [
                        "-120.41",
                        "27.46"
                    ],
                    [
                        "-119.28",
                        "26.81"
                    ],
                    [
                        "-117.99",
                        "26.74"
                    ],
                    [
                        "-117.56",
                        "27.34"
                    ],
                    [
                        "-116.94",
                        "27.67"
                    ],
                    [
                        "-115.79",
                        "27.06"
                    ],
                    [
                        "-114.99",
                        "26.06"
                    ],
                    [
                        "-112.34",
                        "24.64"
                    ],
                    [
                        "-109.92",
                        "23.34"
                    ],
                    [
                        "-109.12",
                        "23.36"
                    ],
                    [
                        "-108.59",
                        "23.73"
                    ],
                    [
                        "-108.06",
                        "24.07"
                    ],
                    [
                        "-107.02",
                        "24.02"
                    ],
                    [
                        "-105.40",
                        "23.82"
                    ],
                    [
                        "-104.71",
                        "23.72"
                    ],
                    [
                        "-104.15",
                        "23.21"
                    ],
                    [
                        "-102.79",
                        "22.79"
                    ],
                    [
                        "-101.70",
                        "22.05"
                    ],
                    [
                        "-101.07",
                        "21.58"
                    ],
                    [
                        "-101.04",
                        "20.68"
                    ],
                    [
                        "-101.78",
                        "19.55"
                    ]
                ]
            },
            "properties": {
                "forecastId": null,
                "geometryId": null,
                "tag": "1C",
                "forecastHour": 0,
                "hazard": "FZLVL",
                "frequency": null,
                "severity": null,
                "status": "NRML",
                "base": null,
                "top": null,
                "fzlBase": null,
                "fzlTop": null,
                "level": "160",
                "product": "ZULU",
                "rawAirSigmet": null,
                "validTimeTo": "2026-10-09T09:00:00.000",
                "validTimeFrom": [
                    "2026-10-09T08:45"
                ]
            }
        },
        {
            "type": "Feature",
            "geometry": {
                "type": "LineString",
                "coordinates": [
                    [
                        "-135.98",
                        "46.64"
                    ],
                    [
                        "-133.09",
                        "46.65"
                    ],
                    [
                        "-131.01",
                        "47.05"
                    ],
                    [
                        "-128.74",
                        "47.78"
                    ],
                    [
                        "-127.34",
                        "48.67"
                    ],
                    [
                        "-124.41",
                        "50.18"
                    ],
                    [
                        "-123.45",
                        "50.66"
                    ],
                    [
                        "-123.26",
                        "51.39"
                    ],
                    [
                        "-122.72",
                        "51.95"
                    ],
                    [
                        "-122.04",
                        "52.22"
                    ],
                    [
                        "-118.93",
                        "53.78"
                    ],
                    [
                        "-117.81",
                        "54.10"
                    ],
                    [
                        "-116.26",
                        "54.35"
                    ],
                    [
                        "-113.50",
                        "54.29"
                    ],
                    [
                        "-109.46",
                        "53.76"
                    ],
                    [
                        "-107.40",
                        "53.30"
                    ],
                    [
                        "-105.65",
                        "52.72"
                    ],
                    [
                        "-102.77",
                        "51.14"
                    ],
                    [
                        "-101.24",
                        "50.45"
                    ],
                    [
                        "-99.41",
                        "49.86"
                    ],
                    [
                        "-97.63",
                        "49.19"
                    ],
                    [
                        "-96.32",
                        "48.56"
                    ],
                    [
                        "-93.55",
                        "46.84"
                    ],
                    [
                        "-90.50",
                        "45.49"
                    ],
                    [
                        "-86.95",
                        "44.18"
                    ],
                    [
                        "-85.32",
                        "43.42"
                    ],
                    [
                        "-83.63",
                        "42.83"
                    ],
                    [
                        "-80.03",
                        "41.79"
                    ],
                    [
                        "-78.06",
                        "41.16"
                    ],
                    [
                        "-75.94",
                        "40.75"
                    ],
                    [
                        "-73.54",
                        "40.74"
                    ],
                    [
                        "-71.68",
                        "40.94"
                    ],
                    [
                        "-69.56",
                        "41.25"
                    ],
                    [
                        "-67.77",
                        "41.40"
                    ],
                    [
                        "-62.00",
                        "44.37"
                    ]
                ]
            },
            "properties": {
                "forecastId": null,
                "geometryId": null,
                "tag": "1C",
                "forecastHour": 0,
                "hazard": "FZLVL",
                "frequency": null,
                "severity": null,
                "status": "NRML",
                "base": null,
                "top": null,
                "fzlBase": null,
                "fzlTop": null,
                "level": "080",
                "product": "ZULU",
                "rawAirSigmet": null,
                "validTimeTo": "2026-10-09T09:00:00.000",
                "validTimeFrom": [
                    "2026-10-09T08:45"
                ]
            }
        },
        {
            "type": "Feature",
            "geometry": {
                "type": "Polygon",
                "coordinates": [
                    [
                        [
                            "-94.61",
                            "42.49"
                        ],
                        [
                            "-94.04",
                            "41.77"
                        ],
                        [
                            "-94.25",
                            "41.02"
                        ],
                        [
                            "-95.02",
                            "40.71"
                        ],
                        [
                            "-97.56",
                            "40.37"
                        ],
                        [
                            "-98.71",
                            "40.51"
                        ],
                        [
                            "-98.72",
                            "40.81"
                        ],
                        [
                            "-98.57",
                            "41.17"
                        ],
                        [
                            "-97.38",
                            "42.13"
                        ],
                        [
                            "-95.89",
                            "42.46"
                        ],
                        [
                            "-94.61",
                            "42.49"
                        ]
                    ]
                ]
            },
            "properties": {
                "forecastId": null,
                "geometryId": null,
                "tag": "1W",
                "forecastHour": 0,
                "hazard": "LLWS",
                "frequency": null,
                "severity": null,
                "status": "NRML",
                "base": null,
                "top": null,
                "fzlBase": null,
                "fzlTop": null,
                "level": null,
                "product": "TANGO",
                "rawAirSigmet": "AIR SPEED LOSS OR GAIN OF 20KTS OR MORE BELOW 2000 FT AGL",
                "validTimeTo": "2026-10-09T09:00:00.000",
                "validTimeFrom": [
                    "2026-10-09T08:45"
                ]
            }
        },
        {
            "type": "Feature",
            "geometry": {
                "type": "Polygon",
                "coordinates": [
                    [
                        [
                            "-90.79",
                            "30.28"
                        ],
                        [
                            "-89.76",
                            "30.09"
                        ],
                        [
                            "-89.73",
                            "29.27"
                        ],
                        [
                            "-91.47",
                            "28.24"
                        ],
                        [
                            "-92.27",
                            "29.12"
                        ],
                        [
                            "-92.05",
                            "29.84"
                        ],
                        [
                            "-90.79",
                            "30.28"
                        ]
                    ]
                ]
            },
            "properties": {
                "forecastId": null,
                "geometryId": null,
                "tag": "3E",
                "forecastHour": 6,
                "hazard": "IFR",
                "frequency": null,
                "severity": null,
                "status": "NRML",
                "base": null,
                "top": null,
                "fzlBase": null,
                "fzlTop": null,
                "level": null,
                "product": "SIERRA",
                "rawAirSigmet": "CIG BLW 010 VIS BLW 3SM PCPN BR",
                "validTimeTo": "2026-10-09T09:00:00.000",
                "validTimeFrom": [
                    "2026-10-09T02:45"
                ]
            }
        },
        {
            "type": "Feature",
            "geometry": {
                "type": "Polygon",
                "coordinates": [
                    [
                        [
                            "-84.37",
                            "32.55"
                        ],
                        [
                            "-81.31",
                            "32.19"
                        ],
                        [
                            "-77.98",
                            "32.39"
                        ],
                        [
                            "-76.98",
                            "32.27"
                        ],
                        [
                            "-77.06",
                            "31.08"
                        ],
                        [
                            "-78.09",
                            "30.57"
                        ],
                        [
                            "-79.91",
                            "30.36"
                        ],
                        [
                            "-80.79",
                            "30.30"
                        ],
                        [
                            "-82.32",
                            "29.71"
                        ],
                        [
                            "-84.13",
                            "28.98"
                        ],
                        [
                            "-85.65",
                            "28.30"
                        ],
                        [
                            "-86.94",
                            "28.84"
                        ],
                        [
                            "-87.92",
                            "28.90"
                        ],
                        [
                            "-89.38",
                            "28.57"
                        ],
                        [
                            "-89.56",
                            "28.59"
                        ],
                        [
                            "-89.10",
                            "29.94"
                        ],
                        [
                            "-88.48",
                            "30.99"
                        ],
                        [
                            "-87.25",
                            "31.72"
                        ],
                        [
                            "-84.37",
                            "32.55"
                        ]
                    ]
                ]
            },
            "properties": {
                "forecastId": null,
                "geometryId": null,
                "tag": "3W",
                "forecastHour": 0,
                "hazard": "TURB-LO",
                "frequency": null,
                "severity": "MOD",
                "status": "NRML",
                "base": "080",
                "top": "180",
                "fzlBase": null,
                "fzlTop": null,
                "level": null,
                "product": "TANGO",
                "rawAirSigmet": null,
                "validTimeTo": "2026-10-09T09:00:00.000",
                "validTimeFrom": [
                    "2026-10-09T08:45"
                ]
            }
        },
        {
            "type": "Feature",
            "geometry": {
                "type": "LineString",
                "coordinates": [
                    [
                        "-135.36",
                        "45.26"
                    ],
                    [
                        "-133.40",
                        "45.39"
                    ],
                    [
                        "-131.01",
                        "45.74"
                    ],
                    [
                        "-122.73",
                        "48.21"
                    ],
                    [
                        "-121.43",
                        "48.94"
                    ],
                    [
                        "-120.48",
                        "50.12"
                    ],
                    [
                        "-119.34",
                        "50.12"
                    ],
                    [
                        "-118.61",
                        "49.86"
                    ],
                    [
                        "-117.38",
                        "49.84"
                    ],
                    [
                        "-116.57",
                        "50.11"
                    ],
                    [
                        "-115.36",
                        "51.25"
                    ],
                    [
                        "-114.26",
                        "51.47"
                    ],
                    [
                        "-113.31",
                        "51.38"
                    ],
                    [
                        "-111.58",
                        "50.87"
                    ],
                    [
                        "-109.40",
                        "50.39"
                    ],
                    [
                        "-107.60",
                        "49.95"
                    ],
                    [
                        "-106.13",
                        "49.29"
                    ],
                    [
                        "-104.65",
                        "48.62"
                    ],
                    [
                        "-103.00",
                        "48.04"
                    ],
                    [
                        "-99.66",
                        "46.75"
                    ],
                    [
                        "-96.75",
                        "45.19"
                    ],
                    [
                        "-95.13",
                        "44.45"
                    ],
                    [
                        "-94.05",
                        "43.47"
                    ],
                    [
                        "-92.99",
                        "42.50"
                    ],
                    [
                        "-91.73",
                        "41.58"
                    ],
                    [
                        "-88.37",
                        "40.28"
                    ],
                    [
                        "-86.94",
                        "39.68"
                    ],
                    [
                        "-84.96",
                        "39.08"
                    ],
                    [
                        "-82.47",
                        "39.14"
                    ],
                    [
                        "-80.77",
                        "39.40"
                    ],
                    [
                        "-79.11",
                        "39.66"
                    ],
                    [
                        "-76.86",
                        "39.41"
                    ],
                    [
                        "-74.93",
                        "39.20"
                    ],
                    [
                        "-73.17",
                        "39.40"
                    ],
                    [
                        "-69.31",
                        "39.89"
                    ],
                    [
                        "-67.49",
                        "40.26"
                    ],
                    [
                        "-65.97",
                        "40.74"
                    ],
                    [
                        "-64.56",
                        "41.40"
                    ],
                    [
                        "-62.85",
                        "41.83"
                    ]
                ]
            },
            "properties": {
                "forecastId": null,
                "geometryId": null,
                "tag": "1C",
                "forecastHour": 0,
                "hazard": "FZLVL",
                "frequency": null,
                "severity": null,
                "status": "NRML",
                "base": null,
                "top": null,
                "fzlBase": null,
                "fzlTop": null,
                "level": "120",
                "product": "ZULU",
                "rawAirSigmet": null,
                "validTimeTo": "2026-10-09T09:00:00.000",
                "validTimeFrom": [
                    "2026-10-09T08:45"
                ]
            }
        },
        {
            "type": "Feature",
            "geometry": {
                "type": "LineString",
                "coordinates": [
                    [
                        "-108.60",
                        "58.01"
                    ],
                    [
                        "-107.88",
                        "57.44"
                    ],
                    [
                        "-106.47",
                        "56.82"
                    ],
                    [
                        "-103.77",
                        "55.72"
                    ],
                    [
                        "-102.20",
                        "55.33"
                    ],
                    [
                        "-100.30",
                        "55.23"
                    ],
                    [
                        "-99.04",
                        "55.19"
                    ],
                    [
                        "-98.26",
                        "54.98"
                    ],
                    [
                        "-97.14",
                        "54.38"
                    ],
                    [
                        "-92.71",
                        "51.51"
                    ],
                    [
                        "-92.39",
                        "50.54"
                    ],
                    [
                        "-91.50",
                        "49.52"
                    ],
                    [
                        "-90.37",
                        "48.85"
                    ],
                    [
                        "-88.46",
                        "48.68"
                    ],
                    [
                        "-87.08",
                        "48.32"
                    ],
                    [
                        "-84.86",
                        "48.10"
                    ],
                    [
                        "-82.58",
                        "47.94"
                    ],
                    [
                        "-81.06",
                        "47.57"
                    ],
                    [
                        "-78.43",
                        "46.51"
                    ],
                    [
                        "-77.02",
                        "46.06"
                    ],
                    [
                        "-75.39",
                        "46.26"
                    ],
                    [
                        "-69.67",
                        "47.65"
                    ],
                    [
                        "-67.81",
                        "49.20"
                    ],
                    [
                        "-67.16",
                        "50.50"
                    ],
                    [
                        "-66.19",
                        "51.57"
                    ],
                    [
                        "-67.16",
                        "53.51"
                    ],
                    [
                        "-67.46",
                        "54.39"
                    ],
                    [
                        "-66.33",
                        "54.42"
                    ],
                    [
                        "-65.26",
                        "54.08"
                    ],
                    [
                        "-64.40",
                        "53.54"
                    ],
                    [
                        "-64.16",
                        "52.52"
                    ],
                    [
                        "-64.21",
                        "51.76"
                    ],
                    [
                        "-63.60",
                        "51.52"
                    ],
                    [
                        "-62.31",
                        "51.88"
                    ],
                    [
                        "-58.78",
                        "52.54"
                    ]
                ]
            },
            "properties": {
                "forecastId": null,
                "geometryId": null,
                "tag": "1C",
                "forecastHour": 0,
                "hazard": "FZLVL",
                "frequency": null,
                "severity": null,
                "status": "NRML",
                "base": null,
                "top": null,
                "fzlBase": null,
                "fzlTop": null,
                "level": "040",
                "product": "ZULU",
                "rawAirSigmet": null,
                "validTimeTo": "2026-10-09T09:00:00.000",
                "validTimeFrom": [
                    "2026-10-09T08:45"
                ]
            }
        },
        {
            "type": "Feature",
            "geometry": {
                "type": "Polygon",
                "coordinates": [
                    [
                        [
                            "-119.01",
                            "48.97"
                        ],
                        [
                            "-118.76",
                            "48.21"
                        ],
                        [
                            "-118.74",
                            "47.33"
                        ],
                        [
                            "-119.04",
                            "46.74"
                        ],
                        [
                            "-119.65",
                            "46.19"
                        ],
                        [
                            "-120.76",
                            "46.07"
                        ],
                        [
                            "-121.53",
                            "46.27"
                        ],
                        [
                            "-121.85",
                            "46.97"
                        ],
                        [
                            "-121.52",
                            "48.92"
                        ],
                        [
                            "-119.01",
                            "48.97"
                        ]
                    ]
                ]
            },
            "properties": {
                "forecastId": null,
                "geometryId": null,
                "tag": "4W",
                "forecastHour": 0,
                "hazard": "TURB-LO",
                "frequency": null,
                "severity": "MOD",
                "status": "NRML",
                "base": "SFC",
                "top": "160",
                "fzlBase": null,
                "fzlTop": null,
                "level": null,
                "product": "TANGO",
                "rawAirSigmet": "MTN WAVE",
                "validTimeTo": "2026-10-09T09:00:00.000",
                "validTimeFrom": [
                    "2026-10-09T08:45"
                ]
            }
        },
        {
            "type": "Feature",
            "geometry": {
                "type": "Polygon",
                "coordinates": [
                    [
                        [
                            "-72.63",
                            "35.90"
                        ],
                        [
                            "-72.69",
                            "35.10"
                        ],
                        [
                            "-77.01",
                            "32.43"
                        ],
                        [
                            "-76.84",
                            "30.72"
                        ],
                        [
                            "-80.43",
                            "30.67"
                        ],
                        [
                            "-82.86",
                            "30.53"
                        ],
                        [
                            "-85.93",
                            "30.00"
                        ],
                        [
                            "-87.00",
                            "29.48"
                        ],
                        [
                            "-87.97",
                            "28.85"
                        ],
                        [
                            "-88.56",
                            "28.31"
                        ],
                        [
                            "-91.02",
                            "28.28"
                        ],
                        [
                            "-91.37",
                            "29.54"
                        ],
                        [
                            "-91.58",
                            "31.07"
                        ],
                        [
                            "-91.44",
                            "32.06"
                        ],
                        [
                            "-82.20",
                            "35.18"
                        ],
                        [
                            "-72.63",
                            "35.90"
                        ]
                    ]
                ]
            },
            "properties": {
                "forecastId": null,
                "geometryId": null,
                "tag": "2W",
                "forecastHour": 0,
                "hazard": "TURB-HI",
                "frequency": null,
                "severity": "MOD",
                "status": "NRML",
                "base": "160",
                "top": "420",
                "fzlBase": null,
                "fzlTop": null,
                "level": null,
                "product": "TANGO",
                "rawAirSigmet": null,
                "validTimeTo": "2026-10-09T09:00:00.000",
                "validTimeFrom": [
                    "2026-10-09T08:45"
                ]
            }
        },
        {
            "type": "Feature",
            "geometry": {
                "type": "Polygon",
                "coordinates": [
                    [
                        [
                            "-69.32",
                            "47.57"
                        ],
                        [
                            "-68.67",
                            "46.05"
                        ],
                        [
                            "-70.04",
                            "44.48"
                        ],
                        [
                            "-71.65",
                            "43.23"
                        ],
                        [
                            "-74.78",
                            "41.39"
                        ],
                        [
                            "-76.03",
                            "42.08"
                        ],
                        [
                            "-76.33",
                            "42.69"
                        ],
                        [
                            "-76.10",
                            "43.15"
                        ],
                        [
                            "-74.77",
                            "44.89"
                        ],
                        [
                            "-71.66",
                            "45.46"
                        ],
                        [
                            "-69.32",
                            "47.57"
                        ]
                    ]
                ]
            },
            "properties": {
                "forecastId": null,
                "geometryId": null,
                "tag": "1E",
                "forecastHour": 6,
                "hazard": "MT_OBSC",
                "frequency": null,
                "severity": null,
                "status": "NRML",
                "base": null,
                "top": null,
                "fzlBase": null,
                "fzlTop": null,
                "level": null,
                "product": "SIERRA",
                "rawAirSigmet": "MTNS OBSC BY CLDS PCPN BR",
                "validTimeTo": "2026-10-09T09:00:00.000",
                "validTimeFrom": [
                    "2026-10-09T02:45"
                ]
            }
        },
        {
            "type": "Feature",
            "geometry": {
                "type": "LineString",
                "coordinates": [
                    [
                        "-123.54",
                        "56.43"
                    ],
                    [
                        "-123.46",
                        "56.13"
                    ],
                    [
                        "-123.09",
                        "55.58"
                    ],
                    [
                        "-122.45",
                        "55.36"
                    ],
                    [
                        "-121.86",
                        "55.27"
                    ],
                    [
                        "-120.74",
                        "55.23"
                    ],
                    [
                        "-119.72",
                        "55.51"
                    ],
                    [
                        "-119.22",
                        "55.68"
                    ],
                    [
                        "-118.20",
                        "55.98"
                    ],
                    [
                        "-117.45",
                        "56.14"
                    ],
                    [
                        "-116.62",
                        "56.28"
                    ],
                    [
                        "-115.52",
                        "56.31"
                    ],
                    [
                        "-114.96",
                        "56.35"
                    ],
                    [
                        "-114.45",
                        "56.52"
                    ],
                    [
                        "-114.53",
                        "56.84"
                    ],
                    [
                        "-115.18",
                        "57.26"
                    ],
                    [
                        "-115.49",
                        "57.54"
                    ]
                ]
            },
            "properties": {
                "forecastId": null,
                "geometryId": null,
                "tag": "1C",
                "forecastHour": 0,
                "hazard": "FZLVL",
                "frequency": null,
                "severity": null,
                "status": "NRML",
                "base": null,
                "top": null,
                "fzlBase": null,
                "fzlTop": null,
                "level": "040",
                "product": "ZULU",
                "rawAirSigmet": null,
                "validTimeTo": "2026-10-09T09:00:00.000",
                "validTimeFrom": [
                    "2026-10-09T08:45"
                ]
            }
        },
        {
            "type": "Feature",
            "geometry": {
                "type": "LineString",
                "coordinates": [
                    [
                        "-96.47",
                        "19.70"
                    ],
                    [
                        "-97.08",
                        "20.67"
                    ],
                    [
                        "-98.13",
                        "21.20"
                    ],
                    [
                        "-98.81",
                        "21.95"
                    ],
                    [
                        "-98.50",
                        "22.85"
                    ],
                    [
                        "-97.41",
                        "24.30"
                    ],
                    [
                        "-96.84",
                        "24.91"
                    ],
                    [
                        "-96.02",
                        "25.32"
                    ],
                    [
                        "-94.74",
                        "25.43"
                    ],
                    [
                        "-93.78",
                        "25.78"
                    ],
                    [
                        "-92.91",
                        "26.21"
                    ],
                    [
                        "-92.28",
                        "26.80"
                    ],
                    [
                        "-91.74",
                        "27.39"
                    ],
                    [
                        "-90.90",
                        "27.15"
                    ],
                    [
                        "-88.66",
                        "26.82"
                    ],
                    [
                        "-86.87",
                        "26.00"
                    ],
                    [
                        "-85.96",
                        "25.36"
                    ],
                    [
                        "-85.11",
                        "25.16"
                    ],
                    [
                        "-84.32",
                        "25.44"
                    ],
                    [
                        "-83.81",
                        "26.23"
                    ],
                    [
                        "-82.76",
                        "26.21"
                    ],
                    [
                        "-82.16",
                        "25.62"
                    ],
                    [
                        "-81.60",
                        "25.42"
                    ],
                    [
                        "-81.21",
                        "25.71"
                    ],
                    [
                        "-80.68",
                        "26.53"
                    ],
                    [
                        "-79.60",
                        "27.93"
                    ],
                    [
                        "-77.88",
                        "28.62"
                    ],
                    [
                        "-76.96",
                        "29.17"
                    ],
                    [
                        "-75.97",
                        "29.45"
                    ],
                    [
                        "-73.95",
                        "29.71"
                    ],
                    [
                        "-72.92",
                        "30.04"
                    ],
                    [
                        "-71.97",
                        "30.10"
                    ],
                    [
                        "-70.09",
                        "29.85"
                    ],
                    [
                        "-66.01",
                        "30.76"
                    ]
                ]
            },
            "properties": {
                "forecastId": null,
                "geometryId": null,
                "tag": "1C",
                "forecastHour": 0,
                "hazard": "FZLVL",
                "frequency": null,
                "severity": null,
                "status": "NRML",
                "base": null,
                "top": null,
                "fzlBase": null,
                "fzlTop": null,
                "level": "160",
                "product": "ZULU",
                "rawAirSigmet": null,
                "validTimeTo": "2026-10-09T09:00:00.000",
                "validTimeFrom": [
                    "2026-10-09T08:45"
                ]
            }
        },
        {
            "type": "Feature",
            "geometry": {
                "type": "Polygon",
                "coordinates": [
                    [
                        [
                            "-86.74",
                            "29.66"
                        ],
                        [
                            "-86.19",
                            "29.10"
                        ],
                        [
                            "-85.38",
                            "27.21"
                        ],
                        [
                            "-87.78",
                            "27.17"
                        ],
                        [
                            "-87.84",
                            "28.18"
                        ],
                        [
                            "-90.50",
                            "28.23"
                        ],
                        [
                            "-89.04",
                            "28.78"
                        ],
                        [
                            "-87.98",
                            "29.27"
                        ],
                        [
                            "-87.32",
                            "29.59"
                        ],
                        [
                            "-86.74",
                            "29.66"
                        ]
                    ]
                ]
            },
            "properties": {
                "forecastId": null,
                "geometryId": null,
                "tag": "3W",
                "forecastHour": 0,
                "hazard": "SFC_WND",
                "frequency": null,
                "severity": null,
                "status": "NRML",
                "base": null,
                "top": null,
                "fzlBase": null,
                "fzlTop": null,
                "level": null,
                "product": "TANGO",
                "rawAirSigmet": "USTAINED SFC WINDS GREATER THAN 30 KTS",
                "validTimeTo": "2026-10-09T09:00:00.000",
                "validTimeFrom": [
                    "2026-10-09T08:45"
                ]
            }
        },
        {
            "type": "Feature",
            "geometry": {
                "type": "Polygon",
                "coordinates": [
                    [
                        [
                            "-94.46",
                            "43.03"
                        ],
                        [
                            "-93.00",
                            "42.77"
                        ],
                        [
                            "-92.33",
                            "42.59"
                        ],
                        [
                            "-90.90",
                            "42.02"
                        ],
                        [
                            "-89.99",
                            "41.71"
                        ],
                        [
                            "-89.45",
                            "41.18"
                        ],
                        [
                            "-88.61",
                            "40.69"
                        ],
                        [
                            "-88.04",
                            "40.22"
                        ],
                        [
                            "-88.58",
                            "39.92"
                        ],
                        [
                            "-89.06",
                            "40.17"
                        ],
                        [
                            "-90.38",
                            "40.40"
                        ],
                        [
                            "-91.18",
                            "40.93"
                        ],
                        [
                            "-92.09",
                            "41.61"
                        ],
                        [
                            "-92.96",
                            "42.04"
                        ],
                        [
                            "-93.89",
                            "42.50"
                        ],
                        [
                            "-94.16",
                            "42.85"
                        ],
                        [
                            "-94.46",
                            "43.03"
                        ]
                    ]
                ]
            },
            "properties": {
                "forecastId": null,
                "geometryId": null,
                "tag": "1C",
                "forecastHour": 0,
                "hazard": "ICE",
                "frequency": null,
                "severity": "MOD",
                "status": "NRML",
                "base": "120",
                "top": "220",
                "fzlBase": null,
                "fzlTop": null,
                "level": null,
                "product": "ZULU",
                "rawAirSigmet": "ICE",
                "validTimeTo": "2026-10-09T09:00:00.000",
                "validTimeFrom": [
                    "2026-10-09T08:45"
                ]
            }
        },
        {
            "type": "Feature",
            "geometry": {
                "type": "Polygon",
                "coordinates": [
                    [
                        [
                            "-112.32",
                            "49.07"
                        ],
                        [
                            "-112.06",
                            "47.83"
                        ],
                        [
                            "-112.90",
                            "47.61"
                        ],
                        [
                            "-114.07",
                            "47.60"
                        ],
                        [
                            "-114.88",
                            "48.36"
                        ],
                        [
                            "-114.90",
                            "49.03"
                        ],
                        [
                            "-112.32",
                            "49.07"
                        ]
                    ]
                ]
            },
            "properties": {
                "forecastId": null,
                "geometryId": null,
                "tag": "2W",
                "forecastHour": 0,
                "hazard": "LLWS",
                "frequency": null,
                "severity": null,
                "status": "NRML",
                "base": null,
                "top": null,
                "fzlBase": null,
                "fzlTop": null,
                "level": null,
                "product": "TANGO",
                "rawAirSigmet": "AIR SPEED LOSS OR GAIN OF 20KTS OR MORE BELOW 2000 FT AGL",
                "validTimeTo": "2026-10-09T09:00:00.000",
                "validTimeFrom": [
                    "2026-10-09T08:45"
                ]
            }
        },
        {
            "type": "Feature",
            "geometry": {
                "type": "LineString",
                "coordinates": [
                    [
                        "-64.32",
                        "56.17"
                    ],
                    [
                        "-64.25",
                        "55.84"
                    ],
                    [
                        "-64.11",
                        "55.59"
                    ],
                    [
                        "-64.07",
                        "55.50"
                    ],
                    [
                        "-63.76",
                        "55.14"
                    ],
                    [
                        "-63.74",
                        "55.13"
                    ],
                    [
                        "-63.30",
                        "54.84"
                    ],
                    [
                        "-63.05",
                        "54.72"
                    ],
                    [
                        "-62.83",
                        "54.63"
                    ],
                    [
                        "-62.31",
                        "54.53"
                    ],
                    [
                        "-62.00",
                        "54.58"
                    ],
                    [
                        "-61.69",
                        "54.69"
                    ],
                    [
                        "-61.50",
                        "54.83"
                    ],
                    [
                        "-61.33",
                        "55.12"
                    ]
                ]
            },
            "properties": {
                "forecastId": null,
                "geometryId": null,
                "tag": "1C",
                "forecastHour": 0,
                "hazard": "FZLVL",
                "frequency": null,
                "severity": null,
                "status": "NRML",
                "base": null,
                "top": null,
                "fzlBase": null,
                "fzlTop": null,
                "level": "SFC",
                "product": "ZULU",
                "rawAirSigmet": null,
                "validTimeTo": "2026-10-09T09:00:00.000",
                "validTimeFrom": [
                    "2026-10-09T08:45"
                ]
            }
        },
        {
            "type": "Feature",
            "geometry": {
                "type": "Polygon",
                "coordinates": [
                    [
                        [
                            "-122.56",
                            "48.99"
                        ],
                        [
                            "-120.28",
                            "48.93"
                        ],
                        [
                            "-121.01",
                            "47.43"
                        ],
                        [
                            "-121.33",
                            "46.99"
                        ],
                        [
                            "-122.08",
                            "46.30"
                        ],
                        [
                            "-122.99",
                            "45.66"
                        ],
                        [
                            "-123.35",
                            "44.98"
                        ],
                        [
                            "-123.82",
                            "44.19"
                        ],
                        [
                            "-123.72",
                            "43.57"
                        ],
                        [
                            "-124.01",
                            "42.91"
                        ],
                        [
                            "-123.86",
                            "42.07"
                        ],
                        [
                            "-123.89",
                            "41.18"
                        ],
                        [
                            "-124.06",
                            "40.57"
                        ],
                        [
                            "-123.79",
                            "39.57"
                        ],
                        [
                            "-123.14",
                            "38.43"
                        ],
                        [
                            "-122.04",
                            "37.64"
                        ],
                        [
                            "-121.59",
                            "36.87"
                        ],
                        [
                            "-121.40",
                            "36.39"
                        ],
                        [
                            "-120.94",
                            "35.77"
                        ],
                        [
                            "-120.49",
                            "35.36"
                        ],
                        [
                            "-120.30",
                            "35.08"
                        ],
                        [
                            "-119.79",
                            "34.67"
                        ],
                        [
                            "-119.03",
                            "34.44"
                        ],
                        [
                            "-118.14",
                            "34.20"
                        ],
                        [
                            "-117.19",
                            "33.32"
                        ],
                        [
                            "-116.76",
                            "32.56"
                        ],
                        [
                            "-120.81",
                            "30.64"
                        ],
                        [
                            "-127.07",
                            "39.73"
                        ],
                        [
                            "-126.51",
                            "45.20"
                        ],
                        [
                            "-126.55",
                            "45.94"
                        ],
                        [
                            "-126.54",
                            "46.88"
                        ],
                        [
                            "-126.32",
                            "47.58"
                        ],
                        [
                            "-126.12",
                            "48.46"
                        ],
                        [
                            "-124.88",
                            "48.61"
                        ],
                        [
                            "-123.74",
                            "48.25"
                        ],
                        [
                            "-122.75",
                            "47.41"
                        ],
                        [
                            "-122.23",
                            "47.86"
                        ],
                        [
                            "-122.08",
                            "47.94"
                        ],
                        [
                            "-122.56",
                            "48.99"
                        ]
                    ]
                ]
            },
            "properties": {
                "forecastId": null,
                "geometryId": null,
                "tag": "1E",
                "forecastHour": 6,
                "hazard": "IFR",
                "frequency": null,
                "severity": null,
                "status": "NRML",
                "base": null,
                "top": null,
                "fzlBase": null,
                "fzlTop": null,
                "level": null,
                "product": "SIERRA",
                "rawAirSigmet": "CIG BLW 010 VIS BLW 3SM BR FG",
                "validTimeTo": "2026-10-09T09:00:00.000",
                "validTimeFrom": [
                    "2026-10-09T02:45"
                ]
            }
        },
        {
            "type": "Feature",
            "geometry": {
                "type": "Polygon",
                "coordinates": [
                    [
                        [
                            "-121.51",
                            "36.93"
                        ],
                        [
                            "-120.83",
                            "36.06"
                        ],
                        [
                            "-120.42",
                            "35.67"
                        ],
                        [
                            "-120.14",
                            "35.36"
                        ],
                        [
                            "-119.63",
                            "34.82"
                        ],
                        [
                            "-118.31",
                            "34.40"
                        ],
                        [
                            "-117.83",
                            "33.85"
                        ],
                        [
                            "-118.03",
                            "33.57"
                        ],
                        [
                            "-118.68",
                            "34.03"
                        ],
                        [
                            "-120.59",
                            "34.55"
                        ],
                        [
                            "-121.97",
                            "36.76"
                        ],
                        [
                            "-121.51",
                            "36.93"
                        ]
                    ]
                ]
            },
            "properties": {
                "forecastId": null,
                "geometryId": null,
                "tag": "3E",
                "forecastHour": 6,
                "hazard": "MT_OBSC",
                "frequency": null,
                "severity": null,
                "status": "NRML",
                "base": null,
                "top": null,
                "fzlBase": null,
                "fzlTop": null,
                "level": null,
                "product": "SIERRA",
                "rawAirSigmet": "MTNS OBSC BY CLDS BR",
                "validTimeTo": "2026-10-09T09:00:00.000",
                "validTimeFrom": [
                    "2026-10-09T02:45"
                ]
            }
        },
        {
            "type": "Feature",
            "geometry": {
                "type": "Polygon",
                "coordinates": [
                    [
                        [
                            "-94.22",
                            "43.67"
                        ],
                        [
                            "-93.26",
                            "43.42"
                        ],
                        [
                            "-92.64",
                            "43.29"
                        ],
                        [
                            "-91.58",
                            "42.98"
                        ],
                        [
                            "-90.54",
                            "42.59"
                        ],
                        [
                            "-90.36",
                            "41.87"
                        ],
                        [
                            "-90.43",
                            "41.45"
                        ],
                        [
                            "-91.15",
                            "41.27"
                        ],
                        [
                            "-91.59",
                            "41.30"
                        ],
                        [
                            "-92.92",
                            "41.75"
                        ],
                        [
                            "-94.11",
                            "42.17"
                        ],
                        [
                            "-94.83",
                            "42.50"
                        ],
                        [
                            "-95.35",
                            "43.06"
                        ],
                        [
                            "-95.03",
                            "43.57"
                        ],
                        [
                            "-94.22",
                            "43.67"
                        ]
                    ]
                ]
            },
            "properties": {
                "forecastId": null,
                "geometryId": null,
                "tag": "2E",
                "forecastHour": 6,
                "hazard": "IFR",
                "frequency": null,
                "severity": null,
                "status": "NRML",
                "base": null,
                "top": null,
                "fzlBase": null,
                "fzlTop": null,
                "level": null,
                "product": "SIERRA",
                "rawAirSigmet": "CIG BLW 010 VIS BLW 3SM PCPN BR",
                "validTimeTo": "2026-10-09T09:00:00.000",
                "validTimeFrom": [
                    "2026-10-09T02:45"
                ]
            }
        },
        {
            "type": "Feature",
            "geometry": {
                "type": "LineString",
                "coordinates": [
                    [
                        "-128.19",
                        "56.15"
                    ],
                    [
                        "-127.78",
                        "56.04"
                    ],
                    [
                        "-127.53",
                        "55.92"
                    ],
                    [
                        "-127.12",
                        "55.83"
                    ],
                    [
                        "-126.55",
                        "55.74"
                    ],
                    [
                        "-126.52",
                        "55.73"
                    ],
                    [
                        "-125.97",
                        "55.76"
                    ],
                    [
                        "-125.61",
                        "55.86"
                    ],
                    [
                        "-125.46",
                        "55.91"
                    ],
                    [
                        "-125.04",
                        "56.24"
                    ],
                    [
                        "-125.03",
                        "56.25"
                    ],
                    [
                        "-124.83",
                        "56.59"
                    ]
                ]
            },
            "properties": {
                "forecastId": null,
                "geometryId": null,
                "tag": "1C",
                "forecastHour": 0,
                "hazard": "FZLVL",
                "frequency": null,
                "severity": null,
                "status": "NRML",
                "base": null,
                "top": null,
                "fzlBase": null,
                "fzlTop": null,
                "level": "SFC",
                "product": "ZULU",
                "rawAirSigmet": null,
                "validTimeTo": "2026-10-09T09:00:00.000",
                "validTimeFrom": [
                    "2026-10-09T08:45"
                ]
            }
        },
        {
            "type": "Feature",
            "geometry": {
                "type": "Polygon",
                "coordinates": [
                    [
                        [
                            "-69.13",
                            "47.54"
                        ],
                        [
                            "-68.95",
                            "47.15"
                        ],
                        [
                            "-68.91",
                            "46.14"
                        ],
                        [
                            "-69.74",
                            "44.83"
                        ],
                        [
                            "-70.85",
                            "43.94"
                        ],
                        [
                            "-72.07",
                            "43.17"
                        ],
                        [
                            "-73.22",
                            "42.71"
                        ],
                        [
                            "-74.90",
                            "42.87"
                        ],
                        [
                            "-75.79",
                            "43.55"
                        ],
                        [
                            "-76.24",
                            "44.17"
                        ],
                        [
                            "-74.95",
                            "44.98"
                        ],
                        [
                            "-73.59",
                            "44.95"
                        ],
                        [
                            "-71.41",
                            "45.10"
                        ],
                        [
                            "-70.57",
                            "45.96"
                        ],
                        [
                            "-69.13",
                            "47.54"
                        ]
                    ]
                ]
            },
            "properties": {
                "forecastId": null,
                "geometryId": null,
                "tag": "4E",
                "forecastHour": 6,
                "hazard": "IFR",
                "frequency": null,
                "severity": null,
                "status": "NRML",
                "base": null,
                "top": null,
                "fzlBase": null,
                "fzlTop": null,
                "level": null,
                "product": "SIERRA",
                "rawAirSigmet": "CIG BLW 010 VIS BLW 3SM BR",
                "validTimeTo": "2026-10-09T09:00:00.000",
                "validTimeFrom": [
                    "2026-10-09T02:45"
                ]
            }
        },
        {
            "type": "Feature",
            "geometry": {
                "type": "Polygon",
                "coordinates": [
                    [
                        [
                            "-114.65",
                            "49.12"
                        ],
                        [
                            "-111.89",
                            "49.01"
                        ],
                        [
                            "-110.59",
                            "49.03"
                        ],
                        [
                            "-109.79",
                            "49.03"
                        ],
                        [
                            "-109.06",
                            "46.80"
                        ],
                        [
                            "-109.25",
                            "46.17"
                        ],
                        [
                            "-110.12",
                            "46.10"
                        ],
                        [
                            "-111.47",
                            "46.04"
                        ],
                        [
                            "-112.38",
                            "46.18"
                        ],
                        [
                            "-113.30",
                            "47.01"
                        ],
                        [
                            "-114.65",
                            "49.12"
                        ]
                    ]
                ]
            },
            "properties": {
                "forecastId": null,
                "geometryId": null,
                "tag": "5W",
                "forecastHour": 0,
                "hazard": "TURB-HI",
                "frequency": null,
                "severity": "MOD",
                "status": "NRML",
                "base": "350",
                "top": "450",
                "fzlBase": null,
                "fzlTop": null,
                "level": null,
                "product": "TANGO",
                "rawAirSigmet": "MTN WAVE",
                "validTimeTo": "2026-10-09T09:00:00.000",
                "validTimeFrom": [
                    "2026-10-09T08:45"
                ]
            }
        },
        {
            "type": "Feature",
            "geometry": {
                "type": "Polygon",
                "coordinates": [
                    [
                        [
                            "-99.25",
                            "31.58"
                        ],
                        [
                            "-97.59",
                            "31.45"
                        ],
                        [
                            "-95.62",
                            "30.94"
                        ],
                        [
                            "-94.37",
                            "30.33"
                        ],
                        [
                            "-94.02",
                            "29.71"
                        ],
                        [
                            "-94.42",
                            "29.40"
                        ],
                        [
                            "-95.17",
                            "29.24"
                        ],
                        [
                            "-96.32",
                            "29.23"
                        ],
                        [
                            "-97.57",
                            "29.31"
                        ],
                        [
                            "-98.69",
                            "29.29"
                        ],
                        [
                            "-99.87",
                            "29.28"
                        ],
                        [
                            "-100.85",
                            "29.50"
                        ],
                        [
                            "-101.28",
                            "29.80"
                        ],
                        [
                            "-101.25",
                            "30.22"
                        ],
                        [
                            "-100.62",
                            "31.03"
                        ],
                        [
                            "-99.25",
                            "31.58"
                        ]
                    ]
                ]
            },
            "properties": {
                "forecastId": null,
                "geometryId": null,
                "tag": "4W",
                "forecastHour": 0,
                "hazard": "TURB-HI",
                "frequency": null,
                "severity": "MOD",
                "status": "NRML",
                "base": "220",
                "top": "320",
                "fzlBase": null,
                "fzlTop": null,
                "level": null,
                "product": "TANGO",
                "rawAirSigmet": null,
                "validTimeTo": "2026-10-09T09:00:00.000",
                "validTimeFrom": [
                    "2026-10-09T08:45"
                ]
            }
        },
        {
            "type": "Feature",
            "geometry": {
                "type": "Polygon",
                "coordinates": [
                    [
                        [
                            "-110.36",
                            "49.10"
                        ],
                        [
                            "-109.98",
                            "48.01"
                        ],
                        [
                            "-110.32",
                            "47.18"
                        ],
                        [
                            "-110.69",
                            "46.76"
                        ],
                        [
                            "-111.21",
                            "46.48"
                        ],
                        [
                            "-112.10",
                            "46.35"
                        ],
                        [
                            "-112.77",
                            "46.48"
                        ],
                        [
                            "-113.71",
                            "47.35"
                        ],
                        [
                            "-114.87",
                            "49.07"
                        ],
                        [
                            "-110.36",
                            "49.10"
                        ]
                    ]
                ]
            },
            "properties": {
                "forecastId": null,
                "geometryId": null,
                "tag": "1W",
                "forecastHour": 0,
                "hazard": "TURB-LO",
                "frequency": null,
                "severity": "MOD",
                "status": "NRML",
                "base": "SFC",
                "top": "180",
                "fzlBase": null,
                "fzlTop": null,
                "level": null,
                "product": "TANGO",
                "rawAirSigmet": "MTN WAVE",
                "validTimeTo": "2026-10-09T09:00:00.000",
                "validTimeFrom": [
                    "2026-10-09T08:45"
                ]
            }
        }
    ],
    "metadata": {
        "creationTime": "2026-10-09T08:51"
    }
}