{
    "type": "FeatureCollection",
    "features": [
        {
            "type": "Feature",
            "geometry": {
                "type": "Polygon",
                "coordinates": [
                    [
                        [
                            "-111.92",
                            "40.19"
                        ],
                        [
                            "-110.34",
                            "39.26"
                        ],
                        [
                            "-109.52",
                            "38.62"
                        ],
                        [
                            "-108.59",
                            "37.57"
                        ],
                        [
                            "-108.38",
                            "36.89"
                        ],
                        [
                            "-108.88",
                            "36.69"
                        ],
                        [
                            "-109.94",
                            "36.47"
                        ],
                        [
                            "-110.55",
                            "36.41"
                        ],
                        [
                            "-110.98",
                            "36.00"
                        ],
                        [
                            "-111.85",
                            "36.75"
                        ],
                        [
                            "-112.39",
                            "37.12"
                        ],
                        [
                            "-113.44",
                            "37.49"
                        ],
                        [
                            "-113.96",
                            "37.95"
                        ],
                        [
                            "-114.19",
                            "38.82"
                        ],
                        [
                            "-113.65",
                            "39.19"
                        ],
                        [
                            "-112.77",
                            "39.51"
                        ],
                        [
                            "-111.92",
                            "40.19"
                        ]
                    ]
                ]
            },
            "properties": {
                "forecastId": null,
                "geometryId": null,
                "tag": "2E",
                "forecastHour": 0,
                "hazard": "MT_OBSC",
                "frequency": null,
                "severity": null,
                "status": "NRML",
                "base": null,
                "top": null,
                "fzlBase": null,
                "fzlTop": null,
                "level": null,
                "product": "SIERRA",
                "rawAirSigmet": "FU HZ",
                "validTimeTo": "2026-08-08T09:00:00.000",
                "validTimeFrom": [
                    "2026-08-08T08:45"
                ]
            }
        },
        {
            "type": "Feature",
            "geometry": {
                "type": "LineString",
                "coordinates": [
                    [
                        "-136.01",
                        "46.70"
                    ],
                    [
                        "-130.48",
                        "49.53"
                    ],
                    [
                        "-127.86",
                        "50.97"
                    ],
                    [
                        "-126.07",
                        "51.73"
                    ],
                    [
                        "-124.08",
                        "52.26"
                    ],
                    [
                        "-121.80",
                        "52.58"
                    ],
                    [
                        "-119.96",
                        "53.25"
                    ],
                    [
                        "-119.11",
                        "53.50"
                    ],
                    [
                        "-117.79",
                        "53.58"
                    ],
                    [
                        "-115.82",
                        "53.38"
                    ],
                    [
                        "-113.81",
                        "53.19"
                    ],
                    [
                        "-112.37",
                        "52.61"
                    ],
                    [
                        "-111.46",
                        "52.19"
                    ],
                    [
                        "-110.26",
                        "52.08"
                    ],
                    [
                        "-109.01",
                        "52.19"
                    ],
                    [
                        "-107.74",
                        "52.12"
                    ],
                    [
                        "-104.24",
                        "51.56"
                    ],
                    [
                        "-102.25",
                        "51.04"
                    ],
                    [
                        "-100.64",
                        "50.31"
                    ],
                    [
                        "-98.03",
                        "48.88"
                    ],
                    [
                        "-96.54",
                        "48.03"
                    ],
                    [
                        "-95.00",
                        "47.52"
                    ],
                    [
                        "-91.17",
                        "46.85"
                    ],
                    [
                        "-88.64",
                        "46.69"
                    ],
                    [
                        "-86.60",
                        "46.95"
                    ],
                    [
                        "-83.95",
                        "48.25"
                    ],
                    [
                        "-83.09",
                        "48.22"
                    ],
                    [
                        "-82.06",
                        "47.87"
                    ],
                    [
                        "-80.41",
                        "48.48"
                    ],
                    [
                        "-75.15",
                        "51.61"
                    ],
                    [
                        "-73.96",
                        "52.50"
                    ],
                    [
                        "-72.89",
                        "52.56"
                    ],
                    [
                        "-71.66",
                        "52.29"
                    ],
                    [
                        "-68.87",
                        "52.23"
                    ],
                    [
                        "-66.90",
                        "52.32"
                    ],
                    [
                        "-63.66",
                        "53.22"
                    ],
                    [
                        "-58.94",
                        "52.18"
                    ]
                ]
            },
            "properties": {
                "forecastId": null,
                "geometryId": null,
                "tag": "1C",
                "forecastHour": 0,
                "hazard": "FZLVL",
                "frequency": null,
                "severity": null,
                "status": "NRML",
                "base": null,
                "top": null,
                "fzlBase": null,
                "fzlTop": null,
                "level": "120",
                "product": "ZULU",
                "rawAirSigmet": null,
                "validTimeTo": "2026-08-08T09:00:00.000",
                "validTimeFrom": [
                    "2026-08-08T08:45"
                ]
            }
        },
        {
            "type": "Feature",
            "geometry": {
                "type": "Polygon",
                "coordinates": [
                    [
                        [
                            "-102.61",
                            "43.96"
                        ],
                        [
                            "-101.83",
                            "42.28"
                        ],
                        [
                            "-101.69",
                            "40.44"
                        ],
                        [
                            "-101.43",
                            "38.66"
                        ],
                        [
                            "-101.49",
                            "37.80"
                        ],
                        [
                            "-101.95",
                            "37.59"
                        ],
                        [
                            "-102.59",
                            "37.90"
                        ],
                        [
                            "-103.31",
                            "38.49"
                        ],
                        [
                            "-103.83",
                            "39.22"
                        ],
                        [
                            "-104.95",
                            "40.50"
                        ],
                        [
                            "-104.25",
                            "43.85"
                        ],
                        [
                            "-102.61",
                            "43.96"
                        ]
                    ]
                ]
            },
            "properties": {
                "forecastId": null,
                "geometryId": null,
                "tag": "1W",
                "forecastHour": 0,
                "hazard": "LLWS",
                "frequency": null,
                "severity": null,
                "status": "NRML",
                "base": null,
                "top": null,
                "fzlBase": null,
                "fzlTop": null,
                "level": null,
                "product": "TANGO",
                "rawAirSigmet": "AIR SPEED LOSS OR GAIN OF 20KTS OR MORE BELOW 2000 FT AGL",
                "validTimeTo": "2026-08-08T09:00:00.000",
                "validTimeFrom": [
                    "2026-08-08T08:45"
                ]
            }
        },
        {
            "type": "Feature",
            "geometry": {
                "type": "Polygon",
                "coordinates": [
                    [
                        [
                            "-81.34",
                            "40.63"
                        ],
                        [
                            "-79.89",
                            "40.18"
                        ],
                        [
                            "-81.04",
                            "38.00"
                        ],
                        [
                            "-81.92",
                            "37.58"
                        ],
                        [
                            "-83.70",
                            "38.08"
                        ],
                        [
                            "-83.70",
                            "39.30"
                        ],
                        [
                            "-83.14",
                            "40.46"
                        ],
                        [
                            "-81.34",
                            "40.63"
                        ]
                    ]
                ]
            },
            "properties": {
                "forecastId": null,
                "geometryId": null,
                "tag": "2W",
                "forecastHour": 0,
                "hazard": "LLWS",
                "frequency": null,
                "severity": null,
                "status": "NRML",
                "base": null,
                "top": null,
                "fzlBase": null,
                "fzlTop": null,
                "level": null,
                "product": "TANGO",
                "rawAirSigmet": "AIR SPEED LOSS OR GAIN OF 20KTS OR MORE BELOW 2000 FT AGL",
                "validTimeTo": "2026-08-08T09:00:00.000",
                "validTimeFrom": [
                    "2026-08-08T08:45"
                ]
            }
        },
        {
            "type": "Feature",
            "geometry": {
                "type": "Polygon",
                "coordinates": [
                    [
                        [
                            "-120.71",
                            "48.98"
                        ],
                        [
                            "-116.81",
                            "48.96"
                        ],
                        [
                            "-113.13",
                            "48.97"
                        ],
                        [
                            "-111.39",
                            "47.43"
                        ],
                        [
                            "-109.77",
                            "48.53"
                        ],
                        [
                            "-108.38",
                            "46.68"
                        ],
                        [
                            "-105.55",
                            "42.45"
                        ],
                        [
                            "-105.08",
                            "41.52"
                        ],
                        [
                            "-107.63",
                            "41.70"
                        ],
                        [
                            "-108.77",
                            "41.78"
                        ],
                        [
                            "-109.58",
                            "41.83"
                        ],
                        [
                            "-110.71",
                            "41.98"
                        ],
                        [
                            "-111.28",
                            "42.03"
                        ],
                        [
                            "-111.95",
                            "41.90"
                        ],
                        [
                            "-112.85",
                            "41.81"
                        ],
                        [
                            "-113.52",
                            "41.79"
                        ],
                        [
                            "-114.25",
                            "41.40"
                        ],
                        [
                            "-115.16",
                            "41.35"
                        ],
                        [
                            "-115.96",
                            "41.53"
                        ],
                        [
                            "-116.82",
                            "41.62"
                        ],
                        [
                            "-117.54",
                            "41.85"
                        ],
                        [
                            "-118.51",
                            "41.96"
                        ],
                        [
                            "-119.14",
                            "41.80"
                        ],
                        [
                            "-119.67",
                            "41.34"
                        ],
                        [
                            "-120.42",
                            "41.20"
                        ],
                        [
                            "-120.98",
                            "41.25"
                        ],
                        [
                            "-121.95",
                            "41.75"
                        ],
                        [
                            "-122.28",
                            "42.27"
                        ],
                        [
                            "-121.75",
                            "42.89"
                        ],
                        [
                            "-121.68",
                            "43.36"
                        ],
                        [
                            "-120.90",
                            "43.98"
                        ],
                        [
                            "-120.87",
                            "44.63"
                        ],
                        [
                            "-121.40",
                            "44.94"
                        ],
                        [
                            "-121.90",
                            "45.26"
                        ],
                        [
                            "-121.91",
                            "45.57"
                        ],
                        [
                            "-121.25",
                            "45.61"
                        ],
                        [
                            "-120.33",
                            "45.78"
                        ],
                        [
                            "-119.47",
                            "46.14"
                        ],
                        [
                            "-119.38",
                            "46.47"
                        ],
                        [
                            "-120.33",
                            "47.36"
                        ],
                        [
                            "-120.92",
                            "47.81"
                        ],
                        [
                            "-120.60",
                            "48.18"
                        ],
                        [
                            "-120.71",
                            "48.98"
                        ]
                    ]
                ]
            },
            "properties": {
                "forecastId": null,
                "geometryId": null,
                "tag": "1E",
                "forecastHour": 0,
                "hazard": "MT_OBSC",
                "frequency": null,
                "severity": null,
                "status": "NRML",
                "base": null,
                "top": null,
                "fzlBase": null,
                "fzlTop": null,
                "level": null,
                "product": "SIERRA",
                "rawAirSigmet": "FU HZ",
                "validTimeTo": "2026-08-08T09:00:00.000",
                "validTimeFrom": [
                    "2026-08-08T08:45"
                ]
            }
        },
        {
            "type": "Feature",
            "geometry": {
                "type": "LineString",
                "coordinates": [
                    [
                        "-73.42",
                        "18.08"
                    ],
                    [
                        "-73.44",
                        "18.45"
                    ],
                    [
                        "-73.47",
                        "18.51"
                    ],
                    [
                        "-73.63",
                        "18.85"
                    ],
                    [
                        "-73.77",
                        "19.02"
                    ],
                    [
                        "-74.08",
                        "19.28"
                    ],
                    [
                        "-74.11",
                        "19.30"
                    ],
                    [
                        "-74.48",
                        "19.44"
                    ],
                    [
                        "-74.87",
                        "19.44"
                    ],
                    [
                        "-74.99",
                        "19.41"
                    ],
                    [
                        "-75.18",
                        "19.07"
                    ],
                    [
                        "-75.16",
                        "18.70"
                    ],
                    [
                        "-75.11",
                        "18.33"
                    ]
                ]
            },
            "properties": {
                "forecastId": null,
                "geometryId": null,
                "tag": "1C",
                "forecastHour": 0,
                "hazard": "FZLVL",
                "frequency": null,
                "severity": null,
                "status": "NRML",
                "base": null,
                "top": null,
                "fzlBase": null,
                "fzlTop": null,
                "level": "160",
                "product": "ZULU",
                "rawAirSigmet": null,
                "validTimeTo": "2026-08-08T09:00:00.000",
                "validTimeFrom": [
                    "2026-08-08T08:45"
                ]
            }
        },
        {
            "type": "Feature",
            "geometry": {
                "type": "LineString",
                "coordinates": [
                    [
                        "-107.89",
                        "58.04"
                    ],
                    [
                        "-107.18",
                        "57.63"
                    ],
                    [
                        "-106.02",
                        "57.53"
                    ],
                    [
                        "-103.95",
                        "57.18"
                    ],
                    [
                        "-102.75",
                        "56.42"
                    ],
                    [
                        "-101.02",
                        "55.65"
                    ],
                    [
                        "-99.35",
                        "55.19"
                    ],
                    [
                        "-97.70",
                        "54.62"
                    ],
                    [
                        "-96.42",
                        "54.48"
                    ],
                    [
                        "-95.00",
                        "54.55"
                    ],
                    [
                        "-94.24",
                        "54.82"
                    ],
                    [
                        "-93.91",
                        "55.36"
                    ],
                    [
                        "-93.37",
                        "55.95"
                    ],
                    [
                        "-93.25",
                        "56.55"
                    ],
                    [
                        "-95.00",
                        "57.12"
                    ],
                    [
                        "-96.42",
                        "57.76"
                    ],
                    [
                        "-97.48",
                        "58.35"
                    ]
                ]
            },
            "properties": {
                "forecastId": null,
                "geometryId": null,
                "tag": "1C",
                "forecastHour": 0,
                "hazard": "FZLVL",
                "frequency": null,
                "severity": null,
                "status": "NRML",
                "base": null,
                "top": null,
                "fzlBase": null,
                "fzlTop": null,
                "level": "080",
                "product": "ZULU",
                "rawAirSigmet": null,
                "validTimeTo": "2026-08-08T09:00:00.000",
                "validTimeFrom": [
                    "2026-08-08T08:45"
                ]
            }
        },
        {
            "type": "Feature",
            "geometry": {
                "type": "LineString",
                "coordinates": [
                    [
                        "-76.75",
                        "18.55"
                    ],
                    [
                        "-76.91",
                        "18.81"
                    ],
                    [
                        "-76.98",
                        "18.94"
                    ],
                    [
                        "-77.24",
                        "19.17"
                    ],
                    [
                        "-77.51",
                        "19.38"
                    ],
                    [
                        "-77.60",
                        "19.43"
                    ],
                    [
                        "-77.97",
                        "19.52"
                    ],
                    [
                        "-78.27",
                        "19.47"
                    ],
                    [
                        "-78.37",
                        "19.44"
                    ],
                    [
                        "-78.75",
                        "19.16"
                    ],
                    [
                        "-78.81",
                        "19.06"
                    ],
                    [
                        "-78.95",
                        "18.81"
                    ]
                ]
            },
            "properties": {
                "forecastId": null,
                "geometryId": null,
                "tag": "1C",
                "forecastHour": 0,
                "hazard": "FZLVL",
                "frequency": null,
                "severity": null,
                "status": "NRML",
                "base": null,
                "top": null,
                "fzlBase": null,
                "fzlTop": null,
                "level": "160",
                "product": "ZULU",
                "rawAirSigmet": null,
                "validTimeTo": "2026-08-08T09:00:00.000",
                "validTimeFrom": [
                    "2026-08-08T08:45"
                ]
            }
        },
        {
            "type": "Feature",
            "geometry": {
                "type": "Polygon",
                "coordinates": [
                    [
                        [
                            "-93.43",
                            "21.90"
                        ],
                        [
                            "-93.03",
                            "22.14"
                        ],
                        [
                            "-92.64",
                            "22.17"
                        ],
                        [
                            "-92.25",
                            "21.99"
                        ],
                        [
                            "-92.15",
                            "21.87"
                        ],
                        [
                            "-92.25",
                            "21.79"
                        ],
                        [
                            "-92.65",
                            "21.59"
                        ],
                        [
                            "-93.04",
                            "21.60"
                        ],
                        [
                            "-93.43",
                            "21.88"
                        ],
                        [
                            "-93.44",
                            "21.89"
                        ],
                        [
                            "-93.43",
                            "21.90"
                        ]
                    ]
                ]
            },
            "properties": {
                "forecastId": null,
                "geometryId": null,
                "tag": "1C",
                "forecastHour": 0,
                "hazard": "FZLVL",
                "frequency": null,
                "severity": null,
                "status": "NRML",
                "base": null,
                "top": null,
                "fzlBase": null,
                "fzlTop": null,
                "level": "160",
                "product": "ZULU",
                "rawAirSigmet": null,
                "validTimeTo": "2026-08-08T09:00:00.000",
                "validTimeFrom": [
                    "2026-08-08T08:45"
                ]
            }
        },
        {
            "type": "Feature",
            "geometry": {
                "type": "Polygon",
                "coordinates": [
                    [
                        [
                            "-72.66",
                            "45.10"
                        ],
                        [
                            "-71.63",
                            "44.52"
                        ],
                        [
                            "-70.81",
                            "43.76"
                        ],
                        [
                            "-71.60",
                            "43.19"
                        ],
                        [
                            "-72.93",
                            "42.44"
                        ],
                        [
                            "-76.22",
                            "40.62"
                        ],
                        [
                            "-76.97",
                            "40.21"
                        ],
                        [
                            "-79.85",
                            "36.71"
                        ],
                        [
                            "-80.45",
                            "35.83"
                        ],
                        [
                            "-80.72",
                            "35.35"
                        ],
                        [
                            "-84.32",
                            "33.67"
                        ],
                        [
                            "-85.20",
                            "35.02"
                        ],
                        [
                            "-84.80",
                            "36.66"
                        ],
                        [
                            "-82.22",
                            "38.52"
                        ],
                        [
                            "-81.88",
                            "38.94"
                        ],
                        [
                            "-80.50",
                            "40.47"
                        ],
                        [
                            "-79.12",
                            "42.18"
                        ],
                        [
                            "-77.60",
                            "42.67"
                        ],
                        [
                            "-76.13",
                            "43.22"
                        ],
                        [
                            "-74.66",
                            "45.03"
                        ],
                        [
                            "-72.66",
                            "45.10"
                        ]
                    ]
                ]
            },
            "properties": {
                "forecastId": null,
                "geometryId": null,
                "tag": "4E",
                "forecastHour": 0,
                "hazard": "MT_OBSC",
                "frequency": null,
                "severity": null,
                "status": "NRML",
                "base": null,
                "top": null,
                "fzlBase": null,
                "fzlTop": null,
                "level": null,
                "product": "SIERRA",
                "rawAirSigmet": "MTNS OBSC BY CLDS PCPN BR FG",
                "validTimeTo": "2026-08-08T09:00:00.000",
                "validTimeFrom": [
                    "2026-08-08T08:45"
                ]
            }
        },
        {
            "type": "Feature",
            "geometry": {
                "type": "LineString",
                "coordinates": [
                    [
                        "-109.41",
                        "18.99"
                    ],
                    [
                        "-109.35",
                        "19.36"
                    ],
                    [
                        "-109.30",
                        "19.43"
                    ],
                    [
                        "-108.94",
                        "19.71"
                    ],
                    [
                        "-108.56",
                        "19.76"
                    ],
                    [
                        "-108.15",
                        "19.56"
                    ],
                    [
                        "-108.08",
                        "19.48"
                    ],
                    [
                        "-107.93",
                        "19.13"
                    ]
                ]
            },
            "properties": {
                "forecastId": null,
                "geometryId": null,
                "tag": "1C",
                "forecastHour": 0,
                "hazard": "FZLVL",
                "frequency": null,
                "severity": null,
                "status": "NRML",
                "base": null,
                "top": null,
                "fzlBase": null,
                "fzlTop": null,
                "level": "160",
                "product": "ZULU",
                "rawAirSigmet": null,
                "validTimeTo": "2026-08-08T09:00:00.000",
                "validTimeFrom": [
                    "2026-08-08T08:45"
                ]
            }
        },
        {
            "type": "Feature",
            "geometry": {
                "type": "Polygon",
                "coordinates": [
                    [
                        [
                            "-111.52",
                            "56.92"
                        ],
                        [
                            "-111.20",
                            "56.63"
                        ],
                        [
                            "-111.12",
                            "56.61"
                        ],
                        [
                            "-110.55",
                            "56.56"
                        ],
                        [
                            "-110.00",
                            "56.62"
                        ],
                        [
                            "-109.66",
                            "56.42"
                        ],
                        [
                            "-109.39",
                            "56.37"
                        ],
                        [
                            "-109.06",
                            "56.15"
                        ],
                        [
                            "-108.78",
                            "56.03"
                        ],
                        [
                            "-108.48",
                            "55.88"
                        ],
                        [
                            "-108.18",
                            "55.76"
                        ],
                        [
                            "-107.60",
                            "55.62"
                        ],
                        [
                            "-107.24",
                            "55.94"
                        ],
                        [
                            "-107.50",
                            "56.24"
                        ],
                        [
                            "-107.74",
                            "56.42"
                        ],
                        [
                            "-107.96",
                            "56.52"
                        ],
                        [
                            "-108.34",
                            "56.68"
                        ],
                        [
                            "-108.90",
                            "56.70"
                        ],
                        [
                            "-109.44",
                            "56.60"
                        ],
                        [
                            "-109.81",
                            "56.72"
                        ],
                        [
                            "-110.03",
                            "56.75"
                        ],
                        [
                            "-110.50",
                            "56.99"
                        ],
                        [
                            "-110.65",
                            "57.04"
                        ],
                        [
                            "-111.23",
                            "57.15"
                        ],
                        [
                            "-111.52",
                            "56.92"
                        ]
                    ]
                ]
            },
            "properties": {
                "forecastId": null,
                "geometryId": null,
                "tag": "1C",
                "forecastHour": 0,
                "hazard": "FZLVL",
                "frequency": null,
                "severity": null,
                "status": "NRML",
                "base": null,
                "top": null,
                "fzlBase": null,
                "fzlTop": null,
                "level": "080",
                "product": "ZULU",
                "rawAirSigmet": null,
                "validTimeTo": "2026-08-08T09:00:00.000",
                "validTimeFrom": [
                    "2026-08-08T08:45"
                ]
            }
        },
        {
            "type": "Feature",
            "geometry": {
                "type": "Polygon",
                "coordinates": [
                    [
                        [
                            "-83.09",
                            "44.73"
                        ],
                        [
                            "-82.03",
                            "43.61"
                        ],
                        [
                            "-83.73",
                            "41.62"
                        ],
                        [
                            "-84.55",
                            "40.96"
                        ],
                        [
                            "-85.43",
                            "40.57"
                        ],
                        [
                            "-87.13",
                            "40.39"
                        ],
                        [
                            "-88.55",
                            "41.05"
                        ],
                        [
                            "-88.76",
                            "42.30"
                        ],
                        [
                            "-86.82",
                            "43.40"
                        ],
                        [
                            "-85.27",
                            "44.03"
                        ],
                        [
                            "-83.09",
                            "44.73"
                        ]
                    ]
                ]
            },
            "properties": {
                "forecastId": null,
                "geometryId": null,
                "tag": "5W",
                "forecastHour": 0,
                "hazard": "TURB-HI",
                "frequency": null,
                "severity": "MOD",
                "status": "NRML",
                "base": "280",
                "top": "360",
                "fzlBase": null,
                "fzlTop": null,
                "level": null,
                "product": "TANGO",
                "rawAirSigmet": null,
                "validTimeTo": "2026-08-08T09:00:00.000",
                "validTimeFrom": [
                    "2026-08-08T08:45"
                ]
            }
        },
        {
            "type": "Feature",
            "geometry": {
                "type": "Polygon",
                "coordinates": [
                    [
                        [
                            "-82.20",
                            "36.59"
                        ],
                        [
                            "-81.32",
                            "36.57"
                        ],
                        [
                            "-81.28",
                            "35.51"
                        ],
                        [
                            "-83.37",
                            "34.61"
                        ],
                        [
                            "-83.97",
                            "34.76"
                        ],
                        [
                            "-84.31",
                            "35.39"
                        ],
                        [
                            "-82.82",
                            "36.42"
                        ],
                        [
                            "-82.20",
                            "36.59"
                        ]
                    ]
                ]
            },
            "properties": {
                "forecastId": null,
                "geometryId": null,
                "tag": "8E",
                "forecastHour": 0,
                "hazard": "IFR",
                "frequency": null,
                "severity": null,
                "status": "NRML",
                "base": null,
                "top": null,
                "fzlBase": null,
                "fzlTop": null,
                "level": null,
                "product": "SIERRA",
                "rawAirSigmet": "CIG BLW 010 VIS BLW 3SM BR FG",
                "validTimeTo": "2026-08-08T09:00:00.000",
                "validTimeFrom": [
                    "2026-08-08T08:45"
                ]
            }
        },
        {
            "type": "Feature",
            "geometry": {
                "type": "Polygon",
                "coordinates": [
                    [
                        [
                            "-80.23",
                            "39.23"
                        ],
                        [
                            "-79.08",
                            "38.51"
                        ],
                        [
                            "-78.82",
                            "37.52"
                        ],
                        [
                            "-80.64",
                            "36.74"
                        ],
                        [
                            "-82.72",
                            "37.96"
                        ],
                        [
                            "-81.69",
                            "39.08"
                        ],
                        [
                            "-80.23",
                            "39.23"
                        ]
                    ]
                ]
            },
            "properties": {
                "forecastId": null,
                "geometryId": null,
                "tag": "5E",
                "forecastHour": 0,
                "hazard": "IFR",
                "frequency": null,
                "severity": null,
                "status": "NRML",
                "base": null,
                "top": null,
                "fzlBase": null,
                "fzlTop": null,
                "level": null,
                "product": "SIERRA",
                "rawAirSigmet": "CIG BLW 010 VIS BLW 3SM BR FG",
                "validTimeTo": "2026-08-08T09:00:00.000",
                "validTimeFrom": [
                    "2026-08-08T08:45"
                ]
            }
        },
        {
            "type": "Feature",
            "geometry": {
                "type": "Polygon",
                "coordinates": [
                    [
                        [
                            "-77.76",
                            "36.46"
                        ],
                        [
                            "-76.81",
                            "35.54"
                        ],
                        [
                            "-80.39",
                            "33.54"
                        ],
                        [
                            "-81.40",
                            "33.70"
                        ],
                        [
                            "-80.79",
                            "35.24"
                        ],
                        [
                            "-79.16",
                            "36.11"
                        ],
                        [
                            "-77.76",
                            "36.46"
                        ]
                    ]
                ]
            },
            "properties": {
                "forecastId": null,
                "geometryId": null,
                "tag": "9E",
                "forecastHour": 0,
                "hazard": "IFR",
                "frequency": null,
                "severity": null,
                "status": "NRML",
                "base": null,
                "top": null,
                "fzlBase": null,
                "fzlTop": null,
                "level": null,
                "product": "SIERRA",
                "rawAirSigmet": "CIG BLW 010 VIS BLW 3SM BR FG",
                "validTimeTo": "2026-08-08T09:00:00.000",
                "validTimeFrom": [
                    "2026-08-08T08:45"
                ]
            }
        },
        {
            "type": "Feature",
            "geometry": {
                "type": "LineString",
                "coordinates": [
                    [
                        "-126.59",
                        "18.13"
                    ],
                    [
                        "-126.22",
                        "18.21"
                    ],
                    [
                        "-124.02",
                        "18.87"
                    ],
                    [
                        "-123.75",
                        "19.40"
                    ],
                    [
                        "-123.61",
                        "20.51"
                    ],
                    [
                        "-123.45",
                        "22.06"
                    ],
                    [
                        "-123.54",
                        "23.91"
                    ],
                    [
                        "-123.84",
                        "24.52"
                    ],
                    [
                        "-124.57",
                        "25.20"
                    ],
                    [
                        "-125.89",
                        "26.06"
                    ],
                    [
                        "-126.55",
                        "26.58"
                    ],
                    [
                        "-126.83",
                        "27.74"
                    ],
                    [
                        "-126.48",
                        "29.31"
                    ],
                    [
                        "-126.57",
                        "31.16"
                    ],
                    [
                        "-126.90",
                        "32.13"
                    ],
                    [
                        "-127.60",
                        "32.77"
                    ],
                    [
                        "-129.13",
                        "33.41"
                    ],
                    [
                        "-129.94",
                        "33.45"
                    ],
                    [
                        "-130.81",
                        "33.06"
                    ]
                ]
            },
            "properties": {
                "forecastId": null,
                "geometryId": null,
                "tag": "1C",
                "forecastHour": 0,
                "hazard": "FZLVL",
                "frequency": null,
                "severity": null,
                "status": "NRML",
                "base": null,
                "top": null,
                "fzlBase": null,
                "fzlTop": null,
                "level": "160",
                "product": "ZULU",
                "rawAirSigmet": null,
                "validTimeTo": "2026-08-08T09:00:00.000",
                "validTimeFrom": [
                    "2026-08-08T08:45"
                ]
            }
        },
        {
            "type": "Feature",
            "geometry": {
                "type": "Polygon",
                "coordinates": [
                    [
                        [
                            "-124.71",
                            "48.57"
                        ],
                        [
                            "-123.82",
                            "48.33"
                        ],
                        [
                            "-123.59",
                            "46.96"
                        ],
                        [
                            "-123.80",
                            "42.70"
                        ],
                        [
                            "-123.84",
                            "41.17"
                        ],
                        [
                            "-123.92",
                            "40.27"
                        ],
                        [
                            "-123.52",
                            "39.48"
                        ],
                        [
                            "-123.22",
                            "38.81"
                        ],
                        [
                            "-122.90",
                            "38.56"
                        ],
                        [
                            "-122.17",
                            "37.85"
                        ],
                        [
                            "-121.96",
                            "37.10"
                        ],
                        [
                            "-121.50",
                            "36.92"
                        ],
                        [
                            "-121.39",
                            "36.58"
                        ],
                        [
                            "-121.60",
                            "36.33"
                        ],
                        [
                            "-119.96",
                            "34.61"
                        ],
                        [
                            "-117.44",
                            "33.58"
                        ],
                        [
                            "-117.10",
                            "32.88"
                        ],
                        [
                            "-117.10",
                            "32.34"
                        ],
                        [
                            "-120.81",
                            "30.71"
                        ],
                        [
                            "-124.24",
                            "36.09"
                        ],
                        [
                            "-126.60",
                            "38.64"
                        ],
                        [
                            "-127.03",
                            "39.79"
                        ],
                        [
                            "-126.51",
                            "45.06"
                        ],
                        [
                            "-128.01",
                            "48.30"
                        ],
                        [
                            "-127.25",
                            "48.38"
                        ],
                        [
                            "-125.47",
                            "47.27"
                        ],
                        [
                            "-124.99",
                            "47.49"
                        ],
                        [
                            "-125.23",
                            "48.42"
                        ],
                        [
                            "-124.71",
                            "48.57"
                        ]
                    ]
                ]
            },
            "properties": {
                "forecastId": null,
                "geometryId": null,
                "tag": "3E",
                "forecastHour": 0,
                "hazard": "IFR",
                "frequency": null,
                "severity": null,
                "status": "NRML",
                "base": null,
                "top": null,
                "fzlBase": null,
                "fzlTop": null,
                "level": null,
                "product": "SIERRA",
                "rawAirSigmet": "CIG BLW 010 VIS BLW 3SM BR",
                "validTimeTo": "2026-08-08T09:00:00.000",
                "validTimeFrom": [
                    "2026-08-08T08:45"
                ]
            }
        },
        {
            "type": "Feature",
            "geometry": {
                "type": "Polygon",
                "coordinates": [
                    [
                        [
                            "-103.21",
                            "37.44"
                        ],
                        [
                            "-101.20",
                            "37.25"
                        ],
                        [
                            "-100.04",
                            "36.45"
                        ],
                        [
                            "-99.72",
                            "35.35"
                        ],
                        [
                            "-99.65",
                            "34.33"
                        ],
                        [
                            "-100.00",
                            "33.70"
                        ],
                        [
                            "-100.41",
                            "33.45"
                        ],
                        [
                            "-101.37",
                            "33.54"
                        ],
                        [
                            "-102.04",
                            "34.20"
                        ],
                        [
                            "-102.37",
                            "34.92"
                        ],
                        [
                            "-103.12",
                            "35.54"
                        ],
                        [
                            "-104.00",
                            "35.69"
                        ],
                        [
                            "-104.68",
                            "35.50"
                        ],
                        [
                            "-105.30",
                            "35.77"
                        ],
                        [
                            "-105.59",
                            "36.14"
                        ],
                        [
                            "-105.55",
                            "36.59"
                        ],
                        [
                            "-105.05",
                            "37.18"
                        ],
                        [
                            "-103.21",
                            "37.44"
                        ]
                    ]
                ]
            },
            "properties": {
                "forecastId": null,
                "geometryId": null,
                "tag": "4W",
                "forecastHour": 0,
                "hazard": "TURB-HI",
                "frequency": null,
                "severity": "MOD",
                "status": "NRML",
                "base": "300",
                "top": "400",
                "fzlBase": null,
                "fzlTop": null,
                "level": null,
                "product": "TANGO",
                "rawAirSigmet": null,
                "validTimeTo": "2026-08-08T09:00:00.000",
                "validTimeFrom": [
                    "2026-08-08T08:45"
                ]
            }
        },
        {
            "type": "Feature",
            "geometry": {
                "type": "Polygon",
                "coordinates": [
                    [
                        [
                            "-108.94",
                            "26.84"
                        ],
                        [
                            "-108.56",
                            "27.12"
                        ],
                        [
                            "-108.16",
                            "27.17"
                        ],
                        [
                            "-107.88",
                            "26.83"
                        ],
                        [
                            "-107.86",
                            "26.47"
                        ],
                        [
                            "-107.93",
                            "26.09"
                        ],
                        [
                            "-108.02",
                            "25.87"
                        ],
                        [
                            "-108.20",
                            "25.70"
                        ],
                        [
                            "-108.39",
                            "25.55"
                        ],
                        [
                            "-108.71",
                            "25.29"
                        ],
                        [
                            "-108.76",
                            "25.25"
                        ],
                        [
                            "-109.08",
                            "24.89"
                        ],
                        [
                            "-109.12",
                            "24.84"
                        ],
                        [
                            "-109.50",
                            "24.64"
                        ],
                        [
                            "-109.92",
                            "24.73"
                        ],
                        [
                            "-110.00",
                            "24.80"
                        ],
                        [
                            "-110.10",
                            "25.16"
                        ],
                        [
                            "-109.99",
                            "25.36"
                        ],
                        [
                            "-109.67",
                            "25.57"
                        ],
                        [
                            "-109.61",
                            "25.59"
                        ],
                        [
                            "-109.23",
                            "25.76"
                        ],
                        [
                            "-109.06",
                            "25.99"
                        ],
                        [
                            "-109.03",
                            "26.36"
                        ],
                        [
                            "-109.00",
                            "26.73"
                        ],
                        [
                            "-108.94",
                            "26.84"
                        ]
                    ]
                ]
            },
            "properties": {
                "forecastId": null,
                "geometryId": null,
                "tag": "1C",
                "forecastHour": 0,
                "hazard": "FZLVL",
                "frequency": null,
                "severity": null,
                "status": "NRML",
                "base": null,
                "top": null,
                "fzlBase": null,
                "fzlTop": null,
                "level": "160",
                "product": "ZULU",
                "rawAirSigmet": null,
                "validTimeTo": "2026-08-08T09:00:00.000",
                "validTimeFrom": [
                    "2026-08-08T08:45"
                ]
            }
        },
        {
            "type": "Feature",
            "geometry": {
                "type": "Polygon",
                "coordinates": [
                    [
                        [
                            "-114.26",
                            "46.64"
                        ],
                        [
                            "-112.77",
                            "46.48"
                        ],
                        [
                            "-111.74",
                            "46.38"
                        ],
                        [
                            "-110.61",
                            "46.52"
                        ],
                        [
                            "-109.87",
                            "46.28"
                        ],
                        [
                            "-108.53",
                            "45.68"
                        ],
                        [
                            "-108.70",
                            "45.18"
                        ],
                        [
                            "-109.98",
                            "44.79"
                        ],
                        [
                            "-110.39",
                            "44.59"
                        ],
                        [
                            "-111.07",
                            "44.44"
                        ],
                        [
                            "-112.08",
                            "44.16"
                        ],
                        [
                            "-113.00",
                            "44.43"
                        ],
                        [
                            "-114.01",
                            "45.12"
                        ],
                        [
                            "-114.66",
                            "45.63"
                        ],
                        [
                            "-115.01",
                            "46.08"
                        ],
                        [
                            "-114.26",
                            "46.64"
                        ]
                    ]
                ]
            },
            "properties": {
                "forecastId": null,
                "geometryId": null,
                "tag": "6E",
                "forecastHour": 0,
                "hazard": "IFR",
                "frequency": null,
                "severity": null,
                "status": "NRML",
                "base": null,
                "top": null,
                "fzlBase": null,
                "fzlTop": null,
                "level": null,
                "product": "SIERRA",
                "rawAirSigmet": "CIG BLW 010 VIS BLW 3SM HZ FU",
                "validTimeTo": "2026-08-08T09:00:00.000",
                "validTimeFrom": [
                    "2026-08-08T08:45"
                ]
            }
        },
        {
            "type": "Feature",
            "geometry": {
                "type": "Polygon",
                "coordinates": [
                    [
                        [
                            "-116.44",
                            "49.03"
                        ],
                        [
                            "-116.05",
                            "48.47"
                        ],
                        [
                            "-116.57",
                            "47.85"
                        ],
                        [
                            "-117.68",
                            "47.40"
                        ],
                        [
                            "-118.21",
                            "46.76"
                        ],
                        [
                            "-118.71",
                            "46.76"
                        ],
                        [
                            "-119.62",
                            "47.29"
                        ],
                        [
                            "-120.59",
                            "47.77"
                        ],
                        [
                            "-121.32",
                            "48.25"
                        ],
                        [
                            "-120.70",
                            "48.94"
                        ],
                        [
                            "-117.85",
                            "48.86"
                        ],
                        [
                            "-116.44",
                            "49.03"
                        ]
                    ]
                ]
            },
            "properties": {
                "forecastId": null,
                "geometryId": null,
                "tag": "2E",
                "forecastHour": 0,
                "hazard": "IFR",
                "frequency": null,
                "severity": null,
                "status": "NRML",
                "base": null,
                "top": null,
                "fzlBase": null,
                "fzlTop": null,
                "level": null,
                "product": "SIERRA",
                "rawAirSigmet": "VIS BLW 3SM HZ FU",
                "validTimeTo": "2026-08-08T09:00:00.000",
                "validTimeFrom": [
                    "2026-08-08T08:45"
                ]
            }
        },
        {
            "type": "Feature",
            "geometry": {
                "type": "LineString",
                "coordinates": [
                    [
                        "-133.04",
                        "39.48"
                    ],
                    [
                        "-130.97",
                        "39.76"
                    ],
                    [
                        "-129.17",
                        "40.70"
                    ],
                    [
                        "-125.08",
                        "43.35"
                    ],
                    [
                        "-123.59",
                        "44.05"
                    ],
                    [
                        "-122.25",
                        "44.26"
                    ],
                    [
                        "-119.32",
                        "45.04"
                    ],
                    [
                        "-112.44",
                        "45.59"
                    ],
                    [
                        "-110.72",
                        "45.53"
                    ],
                    [
                        "-108.79",
                        "45.32"
                    ],
                    [
                        "-105.17",
                        "44.98"
                    ],
                    [
                        "-104.11",
                        "44.65"
                    ],
                    [
                        "-103.14",
                        "44.02"
                    ],
                    [
                        "-101.66",
                        "42.29"
                    ],
                    [
                        "-99.31",
                        "40.81"
                    ],
                    [
                        "-98.47",
                        "40.10"
                    ],
                    [
                        "-97.91",
                        "38.90"
                    ],
                    [
                        "-97.76",
                        "37.60"
                    ],
                    [
                        "-98.09",
                        "36.37"
                    ],
                    [
                        "-99.11",
                        "34.49"
                    ],
                    [
                        "-100.60",
                        "32.39"
                    ],
                    [
                        "-101.03",
                        "31.42"
                    ],
                    [
                        "-100.30",
                        "30.57"
                    ],
                    [
                        "-99.19",
                        "30.13"
                    ],
                    [
                        "-97.74",
                        "30.08"
                    ],
                    [
                        "-96.20",
                        "29.94"
                    ],
                    [
                        "-95.33",
                        "29.47"
                    ],
                    [
                        "-94.95",
                        "28.12"
                    ],
                    [
                        "-94.51",
                        "27.70"
                    ],
                    [
                        "-93.52",
                        "27.69"
                    ],
                    [
                        "-91.98",
                        "27.40"
                    ],
                    [
                        "-90.91",
                        "26.61"
                    ],
                    [
                        "-89.85",
                        "26.33"
                    ],
                    [
                        "-88.98",
                        "25.62"
                    ],
                    [
                        "-88.84",
                        "24.65"
                    ],
                    [
                        "-89.82",
                        "24.08"
                    ],
                    [
                        "-91.00",
                        "23.52"
                    ],
                    [
                        "-92.04",
                        "24.25"
                    ],
                    [
                        "-93.63",
                        "24.34"
                    ],
                    [
                        "-94.42",
                        "25.18"
                    ],
                    [
                        "-96.34",
                        "26.24"
                    ],
                    [
                        "-96.85",
                        "26.48"
                    ],
                    [
                        "-97.45",
                        "26.28"
                    ],
                    [
                        "-98.19",
                        "25.50"
                    ],
                    [
                        "-98.84",
                        "25.19"
                    ],
                    [
                        "-99.74",
                        "25.18"
                    ],
                    [
                        "-101.30",
                        "25.70"
                    ],
                    [
                        "-103.19",
                        "26.86"
                    ],
                    [
                        "-104.46",
                        "27.12"
                    ],
                    [
                        "-105.29",
                        "27.79"
                    ],
                    [
                        "-106.38",
                        "27.63"
                    ],
                    [
                        "-107.53",
                        "27.69"
                    ],
                    [
                        "-107.95",
                        "29.15"
                    ],
                    [
                        "-108.75",
                        "30.27"
                    ],
                    [
                        "-109.17",
                        "30.58"
                    ],
                    [
                        "-110.06",
                        "30.52"
                    ],
                    [
                        "-110.93",
                        "29.48"
                    ],
                    [
                        "-111.87",
                        "29.38"
                    ],
                    [
                        "-111.87",
                        "29.93"
                    ],
                    [
                        "-112.42",
                        "30.36"
                    ],
                    [
                        "-112.49",
                        "28.48"
                    ],
                    [
                        "-112.16",
                        "27.21"
                    ],
                    [
                        "-112.26",
                        "26.61"
                    ],
                    [
                        "-112.78",
                        "26.05"
                    ],
                    [
                        "-114.10",
                        "26.26"
                    ],
                    [
                        "-114.93",
                        "26.38"
                    ],
                    [
                        "-115.53",
                        "25.98"
                    ],
                    [
                        "-116.09",
                        "23.94"
                    ],
                    [
                        "-115.65",
                        "22.69"
                    ],
                    [
                        "-114.97",
                        "21.96"
                    ],
                    [
                        "-113.55",
                        "21.58"
                    ],
                    [
                        "-113.45",
                        "20.50"
                    ],
                    [
                        "-112.02",
                        "18.70"
                    ]
                ]
            },
            "properties": {
                "forecastId": null,
                "geometryId": null,
                "tag": "1C",
                "forecastHour": 0,
                "hazard": "FZLVL",
                "frequency": null,
                "severity": null,
                "status": "NRML",
                "base": null,
                "top": null,
                "fzlBase": null,
                "fzlTop": null,
                "level": "160",
                "product": "ZULU",
                "rawAirSigmet": null,
                "validTimeTo": "2026-08-08T09:00:00.000",
                "validTimeFrom": [
                    "2026-08-08T08:45"
                ]
            }
        },
        {
            "type": "Feature",
            "geometry": {
                "type": "Polygon",
                "coordinates": [
                    [
                        [
                            "-86.85",
                            "39.70"
                        ],
                        [
                            "-85.31",
                            "39.24"
                        ],
                        [
                            "-84.89",
                            "38.57"
                        ],
                        [
                            "-85.18",
                            "37.96"
                        ],
                        [
                            "-85.80",
                            "37.75"
                        ],
                        [
                            "-87.15",
                            "37.98"
                        ],
                        [
                            "-88.83",
                            "38.02"
                        ],
                        [
                            "-90.40",
                            "37.35"
                        ],
                        [
                            "-92.13",
                            "36.58"
                        ],
                        [
                            "-93.42",
                            "35.68"
                        ],
                        [
                            "-95.34",
                            "34.33"
                        ],
                        [
                            "-96.28",
                            "33.13"
                        ],
                        [
                            "-96.88",
                            "32.50"
                        ],
                        [
                            "-97.75",
                            "32.37"
                        ],
                        [
                            "-98.58",
                            "33.07"
                        ],
                        [
                            "-98.47",
                            "34.30"
                        ],
                        [
                            "-97.07",
                            "35.68"
                        ],
                        [
                            "-94.57",
                            "37.12"
                        ],
                        [
                            "-92.94",
                            "38.16"
                        ],
                        [
                            "-91.29",
                            "38.99"
                        ],
                        [
                            "-90.23",
                            "39.41"
                        ],
                        [
                            "-88.79",
                            "39.67"
                        ],
                        [
                            "-86.85",
                            "39.70"
                        ]
                    ]
                ]
            },
            "properties": {
                "forecastId": null,
                "geometryId": null,
                "tag": "2W",
                "forecastHour": 0,
                "hazard": "TURB-HI",
                "frequency": null,
                "severity": "MOD",
                "status": "NRML",
                "base": "290",
                "top": "370",
                "fzlBase": null,
                "fzlTop": null,
                "level": null,
                "product": "TANGO",
                "rawAirSigmet": null,
                "validTimeTo": "2026-08-08T09:00:00.000",
                "validTimeFrom": [
                    "2026-08-08T08:45"
                ]
            }
        },
        {
            "type": "Feature",
            "geometry": {
                "type": "Polygon",
                "coordinates": [
                    [
                        [
                            "-117.77",
                            "45.97"
                        ],
                        [
                            "-116.30",
                            "45.71"
                        ],
                        [
                            "-115.65",
                            "44.85"
                        ],
                        [
                            "-115.46",
                            "43.97"
                        ],
                        [
                            "-115.81",
                            "43.37"
                        ],
                        [
                            "-115.88",
                            "42.58"
                        ],
                        [
                            "-116.33",
                            "41.95"
                        ],
                        [
                            "-116.98",
                            "42.22"
                        ],
                        [
                            "-117.55",
                            "42.65"
                        ],
                        [
                            "-118.56",
                            "42.47"
                        ],
                        [
                            "-119.39",
                            "41.79"
                        ],
                        [
                            "-119.96",
                            "41.32"
                        ],
                        [
                            "-120.64",
                            "41.66"
                        ],
                        [
                            "-121.31",
                            "41.80"
                        ],
                        [
                            "-121.61",
                            "42.00"
                        ],
                        [
                            "-121.96",
                            "42.35"
                        ],
                        [
                            "-122.17",
                            "42.61"
                        ],
                        [
                            "-121.64",
                            "42.79"
                        ],
                        [
                            "-121.02",
                            "42.67"
                        ],
                        [
                            "-120.53",
                            "42.46"
                        ],
                        [
                            "-120.11",
                            "42.59"
                        ],
                        [
                            "-120.15",
                            "43.05"
                        ],
                        [
                            "-120.56",
                            "43.65"
                        ],
                        [
                            "-120.88",
                            "44.56"
                        ],
                        [
                            "-121.69",
                            "45.31"
                        ],
                        [
                            "-121.51",
                            "45.52"
                        ],
                        [
                            "-120.66",
                            "45.52"
                        ],
                        [
                            "-120.12",
                            "44.97"
                        ],
                        [
                            "-119.09",
                            "45.24"
                        ],
                        [
                            "-118.47",
                            "45.58"
                        ],
                        [
                            "-117.77",
                            "45.97"
                        ]
                    ]
                ]
            },
            "properties": {
                "forecastId": null,
                "geometryId": null,
                "tag": "7E",
                "forecastHour": 0,
                "hazard": "IFR",
                "frequency": null,
                "severity": null,
                "status": "NRML",
                "base": null,
                "top": null,
                "fzlBase": null,
                "fzlTop": null,
                "level": null,
                "product": "SIERRA",
                "rawAirSigmet": "VIS BLW 3SM HZ FU",
                "validTimeTo": "2026-08-08T09:00:00.000",
                "validTimeFrom": [
                    "2026-08-08T08:45"
                ]
            }
        },
        {
            "type": "Feature",
            "geometry": {
                "type": "Polygon",
                "coordinates": [
                    [
                        [
                            "-73.26",
                            "45.05"
                        ],
                        [
                            "-72.86",
                            "44.62"
                        ],
                        [
                            "-72.59",
                            "44.16"
                        ],
                        [
                            "-72.59",
                            "43.92"
                        ],
                        [
                            "-72.84",
                            "43.16"
                        ],
                        [
                            "-73.34",
                            "42.55"
                        ],
                        [
                            "-73.31",
                            "41.77"
                        ],
                        [
                            "-72.72",
                            "41.56"
                        ],
                        [
                            "-73.18",
                            "41.24"
                        ],
                        [
                            "-73.66",
                            "41.03"
                        ],
                        [
                            "-74.26",
                            "40.96"
                        ],
                        [
                            "-74.85",
                            "40.17"
                        ],
                        [
                            "-75.65",
                            "39.77"
                        ],
                        [
                            "-76.94",
                            "40.02"
                        ],
                        [
                            "-78.55",
                            "40.42"
                        ],
                        [
                            "-79.77",
                            "39.87"
                        ],
                        [
                            "-81.41",
                            "39.71"
                        ],
                        [
                            "-82.78",
                            "40.30"
                        ],
                        [
                            "-83.01",
                            "40.71"
                        ],
                        [
                            "-82.98",
                            "41.30"
                        ],
                        [
                            "-81.71",
                            "41.83"
                        ],
                        [
                            "-80.99",
                            "41.94"
                        ],
                        [
                            "-79.96",
                            "42.37"
                        ],
                        [
                            "-78.86",
                            "42.85"
                        ],
                        [
                            "-77.94",
                            "43.18"
                        ],
                        [
                            "-76.77",
                            "43.46"
                        ],
                        [
                            "-76.37",
                            "44.11"
                        ],
                        [
                            "-74.70",
                            "45.04"
                        ],
                        [
                            "-73.26",
                            "45.05"
                        ]
                    ]
                ]
            },
            "properties": {
                "forecastId": null,
                "geometryId": null,
                "tag": "4E",
                "forecastHour": 0,
                "hazard": "IFR",
                "frequency": null,
                "severity": null,
                "status": "NRML",
                "base": null,
                "top": null,
                "fzlBase": null,
                "fzlTop": null,
                "level": null,
                "product": "SIERRA",
                "rawAirSigmet": "CIG BLW 010 VIS BLW 3SM PCPN BR FG",
                "validTimeTo": "2026-08-08T09:00:00.000",
                "validTimeFrom": [
                    "2026-08-08T08:45"
                ]
            }
        },
        {
            "type": "Feature",
            "geometry": {
                "type": "Polygon",
                "coordinates": [
                    [
                        [
                            "-120.84",
                            "48.98"
                        ],
                        [
                            "-118.60",
                            "48.94"
                        ],
                        [
                            "-119.09",
                            "47.54"
                        ],
                        [
                            "-119.46",
                            "46.65"
                        ],
                        [
                            "-120.10",
                            "45.68"
                        ],
                        [
                            "-121.23",
                            "45.17"
                        ],
                        [
                            "-122.35",
                            "45.52"
                        ],
                        [
                            "-122.06",
                            "46.80"
                        ],
                        [
                            "-121.38",
                            "47.91"
                        ],
                        [
                            "-120.84",
                            "48.98"
                        ]
                    ]
                ]
            },
            "properties": {
                "forecastId": null,
                "geometryId": null,
                "tag": "1W",
                "forecastHour": 0,
                "hazard": "TURB-LO",
                "frequency": null,
                "severity": "MOD",
                "status": "NRML",
                "base": "SFC",
                "top": "100",
                "fzlBase": null,
                "fzlTop": null,
                "level": null,
                "product": "TANGO",
                "rawAirSigmet": null,
                "validTimeTo": "2026-08-08T09:00:00.000",
                "validTimeFrom": [
                    "2026-08-08T08:45"
                ]
            }
        },
        {
            "type": "Feature",
            "geometry": {
                "type": "LineString",
                "coordinates": [
                    [
                        "-84.55",
                        "19.33"
                    ],
                    [
                        "-84.15",
                        "19.67"
                    ],
                    [
                        "-82.83",
                        "20.22"
                    ],
                    [
                        "-82.69",
                        "22.11"
                    ],
                    [
                        "-82.43",
                        "23.78"
                    ],
                    [
                        "-82.63",
                        "25.41"
                    ],
                    [
                        "-82.38",
                        "25.79"
                    ],
                    [
                        "-81.78",
                        "25.47"
                    ],
                    [
                        "-81.07",
                        "25.13"
                    ],
                    [
                        "-80.42",
                        "25.27"
                    ],
                    [
                        "-79.27",
                        "25.95"
                    ],
                    [
                        "-77.81",
                        "26.52"
                    ],
                    [
                        "-75.11",
                        "27.88"
                    ],
                    [
                        "-74.22",
                        "28.61"
                    ],
                    [
                        "-72.36",
                        "28.64"
                    ],
                    [
                        "-71.39",
                        "29.58"
                    ],
                    [
                        "-70.10",
                        "30.51"
                    ],
                    [
                        "-69.20",
                        "32.95"
                    ],
                    [
                        "-67.51",
                        "35.61"
                    ],
                    [
                        "-66.72",
                        "38.04"
                    ],
                    [
                        "-65.35",
                        "38.61"
                    ],
                    [
                        "-63.71",
                        "39.10"
                    ]
                ]
            },
            "properties": {
                "forecastId": null,
                "geometryId": null,
                "tag": "1C",
                "forecastHour": 0,
                "hazard": "FZLVL",
                "frequency": null,
                "severity": null,
                "status": "NRML",
                "base": null,
                "top": null,
                "fzlBase": null,
                "fzlTop": null,
                "level": "160",
                "product": "ZULU",
                "rawAirSigmet": null,
                "validTimeTo": "2026-08-08T09:00:00.000",
                "validTimeFrom": [
                    "2026-08-08T08:45"
                ]
            }
        },
        {
            "type": "Feature",
            "geometry": {
                "type": "Polygon",
                "coordinates": [
                    [
                        [
                            "-69.25",
                            "44.85"
                        ],
                        [
                            "-68.03",
                            "44.56"
                        ],
                        [
                            "-67.00",
                            "44.79"
                        ],
                        [
                            "-66.91",
                            "42.07"
                        ],
                        [
                            "-67.03",
                            "39.40"
                        ],
                        [
                            "-67.76",
                            "39.44"
                        ],
                        [
                            "-70.12",
                            "39.23"
                        ],
                        [
                            "-71.27",
                            "39.51"
                        ],
                        [
                            "-71.92",
                            "40.05"
                        ],
                        [
                            "-72.50",
                            "40.59"
                        ],
                        [
                            "-72.16",
                            "41.40"
                        ],
                        [
                            "-70.16",
                            "41.77"
                        ],
                        [
                            "-69.11",
                            "41.37"
                        ],
                        [
                            "-68.63",
                            "42.25"
                        ],
                        [
                            "-69.00",
                            "42.56"
                        ],
                        [
                            "-69.70",
                            "43.04"
                        ],
                        [
                            "-70.49",
                            "43.74"
                        ],
                        [
                            "-70.82",
                            "44.31"
                        ],
                        [
                            "-70.00",
                            "44.85"
                        ],
                        [
                            "-69.25",
                            "44.85"
                        ]
                    ]
                ]
            },
            "properties": {
                "forecastId": null,
                "geometryId": null,
                "tag": "1E",
                "forecastHour": 0,
                "hazard": "IFR",
                "frequency": null,
                "severity": null,
                "status": "NRML",
                "base": null,
                "top": null,
                "fzlBase": null,
                "fzlTop": null,
                "level": null,
                "product": "SIERRA",
                "rawAirSigmet": "CIG BLW 010 VIS BLW 3SM BR",
                "validTimeTo": "2026-08-08T09:00:00.000",
                "validTimeFrom": [
                    "2026-08-08T08:45"
                ]
            }
        },
        {
            "type": "Feature",
            "geometry": {
                "type": "Polygon",
                "coordinates": [
                    [
                        [
                            "-124.23",
                            "48.44"
                        ],
                        [
                            "-123.85",
                            "48.35"
                        ],
                        [
                            "-123.59",
                            "46.96"
                        ],
                        [
                            "-123.82",
                            "41.60"
                        ],
                        [
                            "-123.89",
                            "40.31"
                        ],
                        [
                            "-123.19",
                            "38.80"
                        ],
                        [
                            "-122.15",
                            "37.83"
                        ],
                        [
                            "-121.95",
                            "37.09"
                        ],
                        [
                            "-121.51",
                            "36.92"
                        ],
                        [
                            "-121.36",
                            "36.56"
                        ],
                        [
                            "-121.60",
                            "36.33"
                        ],
                        [
                            "-119.99",
                            "34.62"
                        ],
                        [
                            "-117.43",
                            "33.58"
                        ],
                        [
                            "-117.07",
                            "32.80"
                        ],
                        [
                            "-117.22",
                            "32.77"
                        ],
                        [
                            "-118.46",
                            "33.95"
                        ],
                        [
                            "-120.56",
                            "34.51"
                        ],
                        [
                            "-122.24",
                            "37.08"
                        ],
                        [
                            "-123.46",
                            "38.99"
                        ],
                        [
                            "-124.21",
                            "40.68"
                        ],
                        [
                            "-124.37",
                            "42.86"
                        ],
                        [
                            "-124.05",
                            "44.63"
                        ],
                        [
                            "-124.14",
                            "47.01"
                        ],
                        [
                            "-124.63",
                            "48.29"
                        ],
                        [
                            "-124.23",
                            "48.44"
                        ]
                    ]
                ]
            },
            "properties": {
                "forecastId": null,
                "geometryId": null,
                "tag": "6E",
                "forecastHour": 0,
                "hazard": "MT_OBSC",
                "frequency": null,
                "severity": null,
                "status": "NRML",
                "base": null,
                "top": null,
                "fzlBase": null,
                "fzlTop": null,
                "level": null,
                "product": "SIERRA",
                "rawAirSigmet": "MTNS OBSC BY CLDS BR",
                "validTimeTo": "2026-08-08T09:00:00.000",
                "validTimeFrom": [
                    "2026-08-08T08:45"
                ]
            }
        },
        {
            "type": "Feature",
            "geometry": {
                "type": "Polygon",
                "coordinates": [
                    [
                        [
                            "-106.02",
                            "38.45"
                        ],
                        [
                            "-105.47",
                            "37.77"
                        ],
                        [
                            "-105.26",
                            "36.61"
                        ],
                        [
                            "-105.81",
                            "35.67"
                        ],
                        [
                            "-106.56",
                            "34.78"
                        ],
                        [
                            "-107.17",
                            "34.49"
                        ],
                        [
                            "-108.43",
                            "34.61"
                        ],
                        [
                            "-108.71",
                            "34.74"
                        ],
                        [
                            "-108.40",
                            "35.82"
                        ],
                        [
                            "-108.14",
                            "36.66"
                        ],
                        [
                            "-107.61",
                            "37.57"
                        ],
                        [
                            "-107.26",
                            "38.16"
                        ],
                        [
                            "-106.02",
                            "38.45"
                        ]
                    ]
                ]
            },
            "properties": {
                "forecastId": null,
                "geometryId": null,
                "tag": "3E",
                "forecastHour": 0,
                "hazard": "MT_OBSC",
                "frequency": null,
                "severity": null,
                "status": "NRML",
                "base": null,
                "top": null,
                "fzlBase": null,
                "fzlTop": null,
                "level": null,
                "product": "SIERRA",
                "rawAirSigmet": "FU HZ",
                "validTimeTo": "2026-08-08T09:00:00.000",
                "validTimeFrom": [
                    "2026-08-08T08:45"
                ]
            }
        },
        {
            "type": "Feature",
            "geometry": {
                "type": "Polygon",
                "coordinates": [
                    [
                        [
                            "-107.55",
                            "38.54"
                        ],
                        [
                            "-105.79",
                            "38.54"
                        ],
                        [
                            "-104.38",
                            "37.86"
                        ],
                        [
                            "-103.71",
                            "37.13"
                        ],
                        [
                            "-103.71",
                            "36.16"
                        ],
                        [
                            "-103.95",
                            "35.12"
                        ],
                        [
                            "-104.44",
                            "34.18"
                        ],
                        [
                            "-105.65",
                            "33.78"
                        ],
                        [
                            "-106.66",
                            "33.82"
                        ],
                        [
                            "-107.70",
                            "33.52"
                        ],
                        [
                            "-108.21",
                            "32.49"
                        ],
                        [
                            "-108.53",
                            "31.55"
                        ],
                        [
                            "-110.92",
                            "31.29"
                        ],
                        [
                            "-111.29",
                            "32.42"
                        ],
                        [
                            "-111.61",
                            "33.36"
                        ],
                        [
                            "-111.70",
                            "34.19"
                        ],
                        [
                            "-111.48",
                            "35.21"
                        ],
                        [
                            "-110.89",
                            "36.74"
                        ],
                        [
                            "-110.05",
                            "37.47"
                        ],
                        [
                            "-108.89",
                            "38.06"
                        ],
                        [
                            "-107.55",
                            "38.54"
                        ]
                    ]
                ]
            },
            "properties": {
                "forecastId": null,
                "geometryId": null,
                "tag": "2W",
                "forecastHour": 0,
                "hazard": "TURB-LO",
                "frequency": null,
                "severity": "MOD",
                "status": "NRML",
                "base": "SFC",
                "top": "180",
                "fzlBase": null,
                "fzlTop": null,
                "level": null,
                "product": "TANGO",
                "rawAirSigmet": null,
                "validTimeTo": "2026-08-08T09:00:00.000",
                "validTimeFrom": [
                    "2026-08-08T08:45"
                ]
            }
        }
    ],
    "metadata": {
        "creationTime": "2026-08-08T08:51"
    }
}