{
    "type": "FeatureCollection",
    "features": [
        {
            "type": "Feature",
            "geometry": {
                "type": "Polygon",
                "coordinates": [
                    [
                        [
                            "-103.40",
                            "24.95"
                        ],
                        [
                            "-103.39",
                            "24.58"
                        ],
                        [
                            "-103.29",
                            "24.22"
                        ],
                        [
                            "-103.11",
                            "23.87"
                        ],
                        [
                            "-102.99",
                            "23.77"
                        ],
                        [
                            "-102.59",
                            "23.71"
                        ],
                        [
                            "-102.19",
                            "23.84"
                        ],
                        [
                            "-102.10",
                            "23.92"
                        ],
                        [
                            "-101.81",
                            "24.20"
                        ],
                        [
                            "-101.74",
                            "24.30"
                        ],
                        [
                            "-101.61",
                            "24.67"
                        ],
                        [
                            "-101.76",
                            "25.03"
                        ],
                        [
                            "-101.86",
                            "25.11"
                        ],
                        [
                            "-102.28",
                            "25.27"
                        ],
                        [
                            "-102.69",
                            "25.32"
                        ],
                        [
                            "-103.08",
                            "25.23"
                        ],
                        [
                            "-103.40",
                            "24.95"
                        ]
                    ]
                ]
            },
            "properties": {
                "forecastId": null,
                "geometryId": null,
                "tag": "1C",
                "forecastHour": 0,
                "hazard": "FZLVL",
                "frequency": null,
                "severity": null,
                "status": "NRML",
                "base": null,
                "top": null,
                "fzlBase": null,
                "fzlTop": null,
                "level": "160",
                "product": "ZULU",
                "rawAirSigmet": null,
                "validTimeTo": "2026-09-25T21:00:00.000",
                "validTimeFrom": [
                    "2026-09-25T20:45"
                ]
            }
        },
        {
            "type": "Feature",
            "geometry": {
                "type": "Polygon",
                "coordinates": [
                    [
                        [
                            "-70.82",
                            "43.10"
                        ],
                        [
                            "-70.13",
                            "42.87"
                        ],
                        [
                            "-69.73",
                            "42.39"
                        ],
                        [
                            "-69.56",
                            "41.92"
                        ],
                        [
                            "-69.91",
                            "41.50"
                        ],
                        [
                            "-70.38",
                            "41.22"
                        ],
                        [
                            "-72.34",
                            "40.65"
                        ],
                        [
                            "-73.97",
                            "39.70"
                        ],
                        [
                            "-74.96",
                            "38.37"
                        ],
                        [
                            "-75.75",
                            "36.58"
                        ],
                        [
                            "-75.27",
                            "35.34"
                        ],
                        [
                            "-75.78",
                            "35.02"
                        ],
                        [
                            "-76.19",
                            "35.32"
                        ],
                        [
                            "-76.69",
                            "36.93"
                        ],
                        [
                            "-76.35",
                            "38.62"
                        ],
                        [
                            "-75.10",
                            "40.02"
                        ],
                        [
                            "-73.36",
                            "41.72"
                        ],
                        [
                            "-70.82",
                            "43.10"
                        ]
                    ]
                ]
            },
            "properties": {
                "forecastId": null,
                "geometryId": null,
                "tag": "4W",
                "forecastHour": 0,
                "hazard": "TURB-LO",
                "frequency": null,
                "severity": "MOD",
                "status": "NRML",
                "base": "SFC",
                "top": "070",
                "fzlBase": null,
                "fzlTop": null,
                "level": null,
                "product": "TANGO",
                "rawAirSigmet": null,
                "validTimeTo": "2026-09-25T21:00:00.000",
                "validTimeFrom": [
                    "2026-09-25T20:45"
                ]
            }
        },
        {
            "type": "Feature",
            "geometry": {
                "type": "Polygon",
                "coordinates": [
                    [
                        [
                            "-113.47",
                            "49.15"
                        ],
                        [
                            "-113.26",
                            "46.98"
                        ],
                        [
                            "-117.24",
                            "44.51"
                        ],
                        [
                            "-117.18",
                            "47.03"
                        ],
                        [
                            "-119.58",
                            "48.30"
                        ],
                        [
                            "-120.41",
                            "44.34"
                        ],
                        [
                            "-122.69",
                            "42.70"
                        ],
                        [
                            "-124.32",
                            "42.10"
                        ],
                        [
                            "-124.46",
                            "42.91"
                        ],
                        [
                            "-124.17",
                            "44.51"
                        ],
                        [
                            "-124.11",
                            "47.17"
                        ],
                        [
                            "-124.72",
                            "48.17"
                        ],
                        [
                            "-123.22",
                            "48.82"
                        ],
                        [
                            "-113.47",
                            "49.15"
                        ]
                    ]
                ]
            },
            "properties": {
                "forecastId": null,
                "geometryId": null,
                "tag": "2E",
                "forecastHour": 0,
                "hazard": "MT_OBSC",
                "frequency": null,
                "severity": null,
                "status": "NRML",
                "base": null,
                "top": null,
                "fzlBase": null,
                "fzlTop": null,
                "level": null,
                "product": "SIERRA",
                "rawAirSigmet": "MTNS OBSC BY CLDS PCPN BR",
                "validTimeTo": "2026-09-25T21:00:00.000",
                "validTimeFrom": [
                    "2026-09-25T21:30"
                ]
            }
        },
        {
            "type": "Feature",
            "geometry": {
                "type": "Polygon",
                "coordinates": [
                    [
                        [
                            "-116.43",
                            "49.00"
                        ],
                        [
                            "-114.22",
                            "48.94"
                        ],
                        [
                            "-114.11",
                            "47.83"
                        ],
                        [
                            "-114.70",
                            "46.20"
                        ],
                        [
                            "-115.67",
                            "45.16"
                        ],
                        [
                            "-116.33",
                            "43.88"
                        ],
                        [
                            "-117.13",
                            "43.50"
                        ],
                        [
                            "-117.89",
                            "44.47"
                        ],
                        [
                            "-117.55",
                            "46.21"
                        ],
                        [
                            "-116.59",
                            "47.67"
                        ],
                        [
                            "-116.43",
                            "49.00"
                        ]
                    ]
                ]
            },
            "properties": {
                "forecastId": null,
                "geometryId": null,
                "tag": "1C",
                "forecastHour": 0,
                "hazard": "ICE",
                "frequency": null,
                "severity": "MOD",
                "status": "NRML",
                "base": "FZL",
                "top": "200",
                "fzlBase": "100",
                "fzlTop": "120",
                "level": null,
                "product": "ZULU",
                "rawAirSigmet": "ICE",
                "validTimeTo": "2026-09-25T21:00:00.000",
                "validTimeFrom": [
                    "2026-09-25T20:45"
                ]
            }
        },
        {
            "type": "Feature",
            "geometry": {
                "type": "LineString",
                "coordinates": [
                    [
                        "-134.41",
                        "43.00"
                    ],
                    [
                        "-132.33",
                        "41.77"
                    ],
                    [
                        "-131.35",
                        "41.65"
                    ],
                    [
                        "-130.32",
                        "41.99"
                    ],
                    [
                        "-129.53",
                        "41.86"
                    ],
                    [
                        "-128.68",
                        "41.42"
                    ],
                    [
                        "-127.44",
                        "40.84"
                    ],
                    [
                        "-126.70",
                        "40.62"
                    ],
                    [
                        "-125.34",
                        "40.62"
                    ],
                    [
                        "-122.45",
                        "42.18"
                    ],
                    [
                        "-121.24",
                        "43.02"
                    ],
                    [
                        "-120.05",
                        "44.07"
                    ],
                    [
                        "-117.99",
                        "45.88"
                    ],
                    [
                        "-116.73",
                        "46.71"
                    ],
                    [
                        "-116.06",
                        "47.15"
                    ],
                    [
                        "-115.71",
                        "47.85"
                    ],
                    [
                        "-115.78",
                        "49.01"
                    ],
                    [
                        "-116.13",
                        "49.53"
                    ],
                    [
                        "-117.06",
                        "49.99"
                    ],
                    [
                        "-118.58",
                        "50.37"
                    ],
                    [
                        "-118.98",
                        "51.50"
                    ],
                    [
                        "-119.31",
                        "52.95"
                    ],
                    [
                        "-118.94",
                        "54.42"
                    ],
                    [
                        "-118.48",
                        "55.35"
                    ],
                    [
                        "-117.17",
                        "56.24"
                    ],
                    [
                        "-114.01",
                        "57.66"
                    ]
                ]
            },
            "properties": {
                "forecastId": null,
                "geometryId": null,
                "tag": "1C",
                "forecastHour": 0,
                "hazard": "FZLVL",
                "frequency": null,
                "severity": null,
                "status": "NRML",
                "base": null,
                "top": null,
                "fzlBase": null,
                "fzlTop": null,
                "level": "080",
                "product": "ZULU",
                "rawAirSigmet": null,
                "validTimeTo": "2026-09-25T21:00:00.000",
                "validTimeFrom": [
                    "2026-09-25T20:45"
                ]
            }
        },
        {
            "type": "Feature",
            "geometry": {
                "type": "Polygon",
                "coordinates": [
                    [
                        [
                            "-66.94",
                            "42.38"
                        ],
                        [
                            "-66.82",
                            "40.30"
                        ],
                        [
                            "-69.48",
                            "39.51"
                        ],
                        [
                            "-71.39",
                            "37.72"
                        ],
                        [
                            "-72.70",
                            "37.23"
                        ],
                        [
                            "-72.81",
                            "35.11"
                        ],
                        [
                            "-75.14",
                            "35.73"
                        ],
                        [
                            "-74.55",
                            "38.50"
                        ],
                        [
                            "-72.18",
                            "40.89"
                        ],
                        [
                            "-69.97",
                            "41.81"
                        ],
                        [
                            "-66.94",
                            "42.38"
                        ]
                    ]
                ]
            },
            "properties": {
                "forecastId": null,
                "geometryId": null,
                "tag": "3E",
                "forecastHour": 0,
                "hazard": "IFR",
                "frequency": null,
                "severity": null,
                "status": "AMD",
                "base": null,
                "top": null,
                "fzlBase": null,
                "fzlTop": null,
                "level": null,
                "product": "SIERRA",
                "rawAirSigmet": "CIG BLW 010 VIS BLW 3SM PCPN BR",
                "validTimeTo": "2026-09-25T21:00:00.000",
                "validTimeFrom": [
                    "2026-09-25T21:30"
                ]
            }
        },
        {
            "type": "Feature",
            "geometry": {
                "type": "Polygon",
                "coordinates": [
                    [
                        [
                            "-123.35",
                            "49.04"
                        ],
                        [
                            "-119.14",
                            "48.98"
                        ],
                        [
                            "-119.52",
                            "47.94"
                        ],
                        [
                            "-119.28",
                            "46.79"
                        ],
                        [
                            "-119.56",
                            "45.75"
                        ],
                        [
                            "-120.25",
                            "45.41"
                        ],
                        [
                            "-120.81",
                            "45.93"
                        ],
                        [
                            "-121.36",
                            "45.58"
                        ],
                        [
                            "-121.26",
                            "44.54"
                        ],
                        [
                            "-121.74",
                            "43.46"
                        ],
                        [
                            "-122.54",
                            "43.26"
                        ],
                        [
                            "-122.85",
                            "44.33"
                        ],
                        [
                            "-122.68",
                            "45.51"
                        ],
                        [
                            "-123.34",
                            "46.34"
                        ],
                        [
                            "-123.30",
                            "47.28"
                        ],
                        [
                            "-123.62",
                            "48.21"
                        ],
                        [
                            "-123.35",
                            "49.04"
                        ]
                    ]
                ]
            },
            "properties": {
                "forecastId": null,
                "geometryId": null,
                "tag": "5C",
                "forecastHour": 0,
                "hazard": "ICE",
                "frequency": null,
                "severity": "MOD",
                "status": "NRML",
                "base": "070",
                "top": "180",
                "fzlBase": null,
                "fzlTop": null,
                "level": null,
                "product": "ZULU",
                "rawAirSigmet": "ICE",
                "validTimeTo": "2026-09-25T21:00:00.000",
                "validTimeFrom": [
                    "2026-09-25T20:45"
                ]
            }
        },
        {
            "type": "Feature",
            "geometry": {
                "type": "Polygon",
                "coordinates": [
                    [
                        [
                            "-99.70",
                            "46.73"
                        ],
                        [
                            "-95.81",
                            "46.17"
                        ],
                        [
                            "-91.69",
                            "44.75"
                        ],
                        [
                            "-88.27",
                            "43.64"
                        ],
                        [
                            "-87.49",
                            "42.59"
                        ],
                        [
                            "-87.79",
                            "41.21"
                        ],
                        [
                            "-88.22",
                            "40.92"
                        ],
                        [
                            "-88.99",
                            "40.86"
                        ],
                        [
                            "-90.22",
                            "41.46"
                        ],
                        [
                            "-91.27",
                            "42.13"
                        ],
                        [
                            "-93.05",
                            "43.08"
                        ],
                        [
                            "-96.77",
                            "43.11"
                        ],
                        [
                            "-99.50",
                            "42.52"
                        ],
                        [
                            "-101.81",
                            "41.33"
                        ],
                        [
                            "-102.72",
                            "39.95"
                        ],
                        [
                            "-102.11",
                            "38.17"
                        ],
                        [
                            "-101.81",
                            "36.72"
                        ],
                        [
                            "-102.30",
                            "35.89"
                        ],
                        [
                            "-103.53",
                            "35.39"
                        ],
                        [
                            "-104.69",
                            "35.74"
                        ],
                        [
                            "-105.43",
                            "37.03"
                        ],
                        [
                            "-105.87",
                            "38.20"
                        ],
                        [
                            "-106.65",
                            "40.94"
                        ],
                        [
                            "-106.77",
                            "43.08"
                        ],
                        [
                            "-106.24",
                            "44.12"
                        ],
                        [
                            "-105.27",
                            "44.75"
                        ],
                        [
                            "-102.84",
                            "46.22"
                        ],
                        [
                            "-99.70",
                            "46.73"
                        ]
                    ]
                ]
            },
            "properties": {
                "forecastId": null,
                "geometryId": null,
                "tag": "1W",
                "forecastHour": 0,
                "hazard": "TURB-HI",
                "frequency": null,
                "severity": "MOD",
                "status": "NRML",
                "base": "260",
                "top": "400",
                "fzlBase": null,
                "fzlTop": null,
                "level": null,
                "product": "TANGO",
                "rawAirSigmet": null,
                "validTimeTo": "2026-09-25T21:00:00.000",
                "validTimeFrom": [
                    "2026-09-25T20:45"
                ]
            }
        },
        {
            "type": "Feature",
            "geometry": {
                "type": "LineString",
                "coordinates": [
                    [
                        "-91.45",
                        "58.34"
                    ],
                    [
                        "-91.04",
                        "58.14"
                    ],
                    [
                        "-90.83",
                        "58.03"
                    ],
                    [
                        "-90.48",
                        "57.95"
                    ],
                    [
                        "-89.93",
                        "57.82"
                    ],
                    [
                        "-89.37",
                        "57.71"
                    ],
                    [
                        "-89.36",
                        "57.70"
                    ],
                    [
                        "-88.82",
                        "57.63"
                    ],
                    [
                        "-88.26",
                        "57.57"
                    ],
                    [
                        "-87.70",
                        "57.52"
                    ],
                    [
                        "-87.14",
                        "57.51"
                    ],
                    [
                        "-86.58",
                        "57.53"
                    ],
                    [
                        "-86.01",
                        "57.59"
                    ],
                    [
                        "-85.90",
                        "57.60"
                    ],
                    [
                        "-85.43",
                        "57.70"
                    ],
                    [
                        "-84.84",
                        "57.84"
                    ],
                    [
                        "-84.78",
                        "57.86"
                    ],
                    [
                        "-84.24",
                        "58.14"
                    ]
                ]
            },
            "properties": {
                "forecastId": null,
                "geometryId": null,
                "tag": "1C",
                "forecastHour": 0,
                "hazard": "FZLVL",
                "frequency": null,
                "severity": null,
                "status": "NRML",
                "base": null,
                "top": null,
                "fzlBase": null,
                "fzlTop": null,
                "level": "080",
                "product": "ZULU",
                "rawAirSigmet": null,
                "validTimeTo": "2026-09-25T21:00:00.000",
                "validTimeFrom": [
                    "2026-09-25T20:45"
                ]
            }
        },
        {
            "type": "Feature",
            "geometry": {
                "type": "LineString",
                "coordinates": [
                    [
                        "-128.63",
                        "25.81"
                    ],
                    [
                        "-127.14",
                        "26.36"
                    ],
                    [
                        "-126.38",
                        "27.46"
                    ],
                    [
                        "-125.81",
                        "29.11"
                    ],
                    [
                        "-124.52",
                        "30.72"
                    ],
                    [
                        "-123.73",
                        "31.34"
                    ],
                    [
                        "-122.46",
                        "31.73"
                    ],
                    [
                        "-120.95",
                        "31.86"
                    ],
                    [
                        "-119.88",
                        "31.62"
                    ],
                    [
                        "-118.30",
                        "30.78"
                    ],
                    [
                        "-116.74",
                        "29.56"
                    ],
                    [
                        "-115.88",
                        "28.94"
                    ],
                    [
                        "-114.96",
                        "28.63"
                    ],
                    [
                        "-112.59",
                        "28.20"
                    ],
                    [
                        "-111.92",
                        "27.54"
                    ],
                    [
                        "-111.81",
                        "26.77"
                    ],
                    [
                        "-112.45",
                        "26.00"
                    ],
                    [
                        "-112.68",
                        "24.96"
                    ],
                    [
                        "-112.33",
                        "24.53"
                    ],
                    [
                        "-111.73",
                        "24.53"
                    ],
                    [
                        "-111.00",
                        "25.07"
                    ],
                    [
                        "-110.50",
                        "25.36"
                    ],
                    [
                        "-109.73",
                        "25.28"
                    ],
                    [
                        "-108.73",
                        "25.00"
                    ],
                    [
                        "-106.90",
                        "26.10"
                    ],
                    [
                        "-106.12",
                        "26.65"
                    ],
                    [
                        "-105.95",
                        "27.63"
                    ],
                    [
                        "-105.50",
                        "28.50"
                    ],
                    [
                        "-104.15",
                        "28.84"
                    ],
                    [
                        "-102.64",
                        "30.11"
                    ],
                    [
                        "-101.04",
                        "31.23"
                    ],
                    [
                        "-99.29",
                        "32.07"
                    ],
                    [
                        "-98.03",
                        "33.76"
                    ],
                    [
                        "-96.91",
                        "34.15"
                    ],
                    [
                        "-95.44",
                        "34.23"
                    ],
                    [
                        "-93.73",
                        "35.03"
                    ],
                    [
                        "-92.81",
                        "34.63"
                    ],
                    [
                        "-91.61",
                        "34.40"
                    ],
                    [
                        "-89.26",
                        "35.00"
                    ],
                    [
                        "-88.08",
                        "35.26"
                    ],
                    [
                        "-86.70",
                        "35.15"
                    ],
                    [
                        "-85.30",
                        "34.09"
                    ],
                    [
                        "-84.06",
                        "32.54"
                    ],
                    [
                        "-82.98",
                        "30.90"
                    ],
                    [
                        "-81.60",
                        "29.38"
                    ],
                    [
                        "-80.14",
                        "28.32"
                    ],
                    [
                        "-79.15",
                        "27.83"
                    ],
                    [
                        "-78.01",
                        "27.53"
                    ],
                    [
                        "-76.98",
                        "27.03"
                    ],
                    [
                        "-75.70",
                        "26.66"
                    ],
                    [
                        "-73.56",
                        "27.24"
                    ],
                    [
                        "-72.62",
                        "27.28"
                    ],
                    [
                        "-72.32",
                        "26.49"
                    ],
                    [
                        "-72.17",
                        "25.44"
                    ],
                    [
                        "-71.65",
                        "24.55"
                    ],
                    [
                        "-72.80",
                        "22.76"
                    ],
                    [
                        "-73.76",
                        "22.51"
                    ],
                    [
                        "-74.43",
                        "23.02"
                    ],
                    [
                        "-75.34",
                        "23.13"
                    ],
                    [
                        "-76.04",
                        "22.61"
                    ],
                    [
                        "-77.63",
                        "21.33"
                    ],
                    [
                        "-79.50",
                        "20.68"
                    ],
                    [
                        "-79.61",
                        "18.89"
                    ]
                ]
            },
            "properties": {
                "forecastId": null,
                "geometryId": null,
                "tag": "1C",
                "forecastHour": 0,
                "hazard": "FZLVL",
                "frequency": null,
                "severity": null,
                "status": "NRML",
                "base": null,
                "top": null,
                "fzlBase": null,
                "fzlTop": null,
                "level": "160",
                "product": "ZULU",
                "rawAirSigmet": null,
                "validTimeTo": "2026-09-25T21:00:00.000",
                "validTimeFrom": [
                    "2026-09-25T20:45"
                ]
            }
        },
        {
            "type": "Feature",
            "geometry": {
                "type": "Polygon",
                "coordinates": [
                    [
                        [
                            "-119.68",
                            "39.43"
                        ],
                        [
                            "-119.40",
                            "39.31"
                        ],
                        [
                            "-119.18",
                            "39.13"
                        ],
                        [
                            "-118.87",
                            "38.75"
                        ],
                        [
                            "-118.74",
                            "38.19"
                        ],
                        [
                            "-119.31",
                            "37.81"
                        ],
                        [
                            "-119.99",
                            "38.18"
                        ],
                        [
                            "-120.61",
                            "38.93"
                        ],
                        [
                            "-120.17",
                            "39.25"
                        ],
                        [
                            "-119.68",
                            "39.43"
                        ]
                    ]
                ]
            },
            "properties": {
                "forecastId": null,
                "geometryId": null,
                "tag": "2W",
                "forecastHour": 0,
                "hazard": "TURB-LO",
                "frequency": null,
                "severity": "MOD",
                "status": "NRML",
                "base": "SFC",
                "top": "120",
                "fzlBase": null,
                "fzlTop": null,
                "level": null,
                "product": "TANGO",
                "rawAirSigmet": null,
                "validTimeTo": "2026-09-25T21:00:00.000",
                "validTimeFrom": [
                    "2026-09-25T20:45"
                ]
            }
        },
        {
            "type": "Feature",
            "geometry": {
                "type": "LineString",
                "coordinates": [
                    [
                        "-101.15",
                        "19.58"
                    ],
                    [
                        "-100.80",
                        "19.74"
                    ],
                    [
                        "-100.65",
                        "19.96"
                    ],
                    [
                        "-100.74",
                        "20.33"
                    ],
                    [
                        "-100.83",
                        "20.41"
                    ],
                    [
                        "-101.23",
                        "20.54"
                    ],
                    [
                        "-101.36",
                        "20.30"
                    ],
                    [
                        "-101.33",
                        "19.94"
                    ],
                    [
                        "-101.19",
                        "19.58"
                    ]
                ]
            },
            "properties": {
                "forecastId": null,
                "geometryId": null,
                "tag": "1C",
                "forecastHour": 0,
                "hazard": "FZLVL",
                "frequency": null,
                "severity": null,
                "status": "NRML",
                "base": null,
                "top": null,
                "fzlBase": null,
                "fzlTop": null,
                "level": "160",
                "product": "ZULU",
                "rawAirSigmet": null,
                "validTimeTo": "2026-09-25T21:00:00.000",
                "validTimeFrom": [
                    "2026-09-25T20:45"
                ]
            }
        },
        {
            "type": "Feature",
            "geometry": {
                "type": "Polygon",
                "coordinates": [
                    [
                        [
                            "-116.03",
                            "48.98"
                        ],
                        [
                            "-112.51",
                            "48.94"
                        ],
                        [
                            "-112.43",
                            "48.28"
                        ],
                        [
                            "-112.84",
                            "47.91"
                        ],
                        [
                            "-113.35",
                            "47.91"
                        ],
                        [
                            "-115.82",
                            "48.08"
                        ],
                        [
                            "-116.03",
                            "48.98"
                        ]
                    ]
                ]
            },
            "properties": {
                "forecastId": null,
                "geometryId": null,
                "tag": "3W",
                "forecastHour": 0,
                "hazard": "TURB-LO",
                "frequency": null,
                "severity": "MOD",
                "status": "NRML",
                "base": "SFC",
                "top": "120",
                "fzlBase": null,
                "fzlTop": null,
                "level": null,
                "product": "TANGO",
                "rawAirSigmet": null,
                "validTimeTo": "2026-09-25T21:00:00.000",
                "validTimeFrom": [
                    "2026-09-25T20:45"
                ]
            }
        },
        {
            "type": "Feature",
            "geometry": {
                "type": "LineString",
                "coordinates": [
                    [
                        "-67.91",
                        "22.69"
                    ],
                    [
                        "-68.72",
                        "22.60"
                    ],
                    [
                        "-69.48",
                        "22.91"
                    ],
                    [
                        "-70.23",
                        "23.20"
                    ],
                    [
                        "-69.28",
                        "23.87"
                    ],
                    [
                        "-68.49",
                        "24.66"
                    ],
                    [
                        "-68.06",
                        "25.70"
                    ],
                    [
                        "-67.92",
                        "26.80"
                    ],
                    [
                        "-67.89",
                        "28.28"
                    ],
                    [
                        "-67.93",
                        "29.41"
                    ],
                    [
                        "-67.34",
                        "30.79"
                    ],
                    [
                        "-66.96",
                        "31.83"
                    ],
                    [
                        "-66.36",
                        "32.84"
                    ],
                    [
                        "-65.79",
                        "34.21"
                    ],
                    [
                        "-65.39",
                        "34.86"
                    ],
                    [
                        "-64.85",
                        "35.14"
                    ]
                ]
            },
            "properties": {
                "forecastId": null,
                "geometryId": null,
                "tag": "1C",
                "forecastHour": 0,
                "hazard": "FZLVL",
                "frequency": null,
                "severity": null,
                "status": "NRML",
                "base": null,
                "top": null,
                "fzlBase": null,
                "fzlTop": null,
                "level": "160",
                "product": "ZULU",
                "rawAirSigmet": null,
                "validTimeTo": "2026-09-25T21:00:00.000",
                "validTimeFrom": [
                    "2026-09-25T20:45"
                ]
            }
        },
        {
            "type": "Feature",
            "geometry": {
                "type": "Polygon",
                "coordinates": [
                    [
                        [
                            "-98.75",
                            "40.86"
                        ],
                        [
                            "-97.71",
                            "40.65"
                        ],
                        [
                            "-96.04",
                            "40.52"
                        ],
                        [
                            "-94.98",
                            "40.84"
                        ],
                        [
                            "-93.68",
                            "40.49"
                        ],
                        [
                            "-93.06",
                            "39.85"
                        ],
                        [
                            "-93.10",
                            "39.01"
                        ],
                        [
                            "-93.95",
                            "38.45"
                        ],
                        [
                            "-95.28",
                            "38.47"
                        ],
                        [
                            "-96.31",
                            "38.28"
                        ],
                        [
                            "-97.76",
                            "38.60"
                        ],
                        [
                            "-99.02",
                            "39.51"
                        ],
                        [
                            "-100.17",
                            "39.80"
                        ],
                        [
                            "-100.74",
                            "40.47"
                        ],
                        [
                            "-100.09",
                            "40.86"
                        ],
                        [
                            "-98.75",
                            "40.86"
                        ]
                    ]
                ]
            },
            "properties": {
                "forecastId": null,
                "geometryId": null,
                "tag": "3C",
                "forecastHour": 0,
                "hazard": "ICE",
                "frequency": null,
                "severity": "MOD",
                "status": "NRML",
                "base": "140",
                "top": "260",
                "fzlBase": null,
                "fzlTop": null,
                "level": null,
                "product": "ZULU",
                "rawAirSigmet": "ICE",
                "validTimeTo": "2026-09-25T21:00:00.000",
                "validTimeFrom": [
                    "2026-09-25T20:45"
                ]
            }
        },
        {
            "type": "Feature",
            "geometry": {
                "type": "Polygon",
                "coordinates": [
                    [
                        [
                            "-69.35",
                            "43.02"
                        ],
                        [
                            "-68.44",
                            "42.70"
                        ],
                        [
                            "-67.75",
                            "42.15"
                        ],
                        [
                            "-68.17",
                            "40.20"
                        ],
                        [
                            "-68.72",
                            "39.18"
                        ],
                        [
                            "-69.34",
                            "38.39"
                        ],
                        [
                            "-72.48",
                            "37.22"
                        ],
                        [
                            "-72.60",
                            "34.98"
                        ],
                        [
                            "-76.44",
                            "32.75"
                        ],
                        [
                            "-76.73",
                            "33.53"
                        ],
                        [
                            "-76.93",
                            "34.97"
                        ],
                        [
                            "-74.94",
                            "38.52"
                        ],
                        [
                            "-73.27",
                            "40.54"
                        ],
                        [
                            "-70.45",
                            "42.90"
                        ],
                        [
                            "-69.35",
                            "43.02"
                        ]
                    ]
                ]
            },
            "properties": {
                "forecastId": null,
                "geometryId": null,
                "tag": "3W",
                "forecastHour": 0,
                "hazard": "TURB-HI",
                "frequency": null,
                "severity": "MOD",
                "status": "NRML",
                "base": "270",
                "top": "420",
                "fzlBase": null,
                "fzlTop": null,
                "level": null,
                "product": "TANGO",
                "rawAirSigmet": null,
                "validTimeTo": "2026-09-25T21:00:00.000",
                "validTimeFrom": [
                    "2026-09-25T20:45"
                ]
            }
        },
        {
            "type": "Feature",
            "geometry": {
                "type": "Polygon",
                "coordinates": [
                    [
                        [
                            "-69.03",
                            "42.92"
                        ],
                        [
                            "-67.73",
                            "42.49"
                        ],
                        [
                            "-66.89",
                            "41.87"
                        ],
                        [
                            "-67.03",
                            "40.29"
                        ],
                        [
                            "-68.75",
                            "39.72"
                        ],
                        [
                            "-70.19",
                            "39.13"
                        ],
                        [
                            "-71.12",
                            "38.37"
                        ],
                        [
                            "-71.65",
                            "37.59"
                        ],
                        [
                            "-72.64",
                            "37.14"
                        ],
                        [
                            "-72.60",
                            "34.97"
                        ],
                        [
                            "-74.70",
                            "33.72"
                        ],
                        [
                            "-75.04",
                            "34.44"
                        ],
                        [
                            "-75.29",
                            "35.07"
                        ],
                        [
                            "-75.45",
                            "35.83"
                        ],
                        [
                            "-75.61",
                            "36.78"
                        ],
                        [
                            "-75.35",
                            "37.98"
                        ],
                        [
                            "-74.88",
                            "38.83"
                        ],
                        [
                            "-73.82",
                            "40.04"
                        ],
                        [
                            "-73.03",
                            "40.59"
                        ],
                        [
                            "-71.99",
                            "41.09"
                        ],
                        [
                            "-70.71",
                            "41.44"
                        ],
                        [
                            "-69.61",
                            "41.82"
                        ],
                        [
                            "-69.57",
                            "42.51"
                        ],
                        [
                            "-69.03",
                            "42.92"
                        ]
                    ]
                ]
            },
            "properties": {
                "forecastId": null,
                "geometryId": null,
                "tag": "1W",
                "forecastHour": 0,
                "hazard": "SFC_WND",
                "frequency": null,
                "severity": null,
                "status": "NRML",
                "base": null,
                "top": null,
                "fzlBase": null,
                "fzlTop": null,
                "level": null,
                "product": "TANGO",
                "rawAirSigmet": "USTAINED SFC WINDS GREATER THAN 30 KTS",
                "validTimeTo": "2026-09-25T21:00:00.000",
                "validTimeFrom": [
                    "2026-09-25T20:45"
                ]
            }
        },
        {
            "type": "Feature",
            "geometry": {
                "type": "Polygon",
                "coordinates": [
                    [
                        [
                            "-87.49",
                            "42.98"
                        ],
                        [
                            "-87.71",
                            "42.64"
                        ],
                        [
                            "-87.64",
                            "42.29"
                        ],
                        [
                            "-87.48",
                            "42.12"
                        ],
                        [
                            "-87.02",
                            "42.03"
                        ],
                        [
                            "-86.69",
                            "42.25"
                        ],
                        [
                            "-86.62",
                            "42.60"
                        ],
                        [
                            "-86.89",
                            "42.96"
                        ],
                        [
                            "-86.94",
                            "43.00"
                        ],
                        [
                            "-87.41",
                            "43.05"
                        ],
                        [
                            "-87.49",
                            "42.98"
                        ]
                    ]
                ]
            },
            "properties": {
                "forecastId": null,
                "geometryId": null,
                "tag": "1C",
                "forecastHour": 0,
                "hazard": "FZLVL",
                "frequency": null,
                "severity": null,
                "status": "NRML",
                "base": null,
                "top": null,
                "fzlBase": null,
                "fzlTop": null,
                "level": "120",
                "product": "ZULU",
                "rawAirSigmet": null,
                "validTimeTo": "2026-09-25T21:00:00.000",
                "validTimeFrom": [
                    "2026-09-25T20:45"
                ]
            }
        },
        {
            "type": "Feature",
            "geometry": {
                "type": "Polygon",
                "coordinates": [
                    [
                        [
                            "-89.95",
                            "41.58"
                        ],
                        [
                            "-88.32",
                            "41.07"
                        ],
                        [
                            "-87.44",
                            "40.41"
                        ],
                        [
                            "-87.30",
                            "39.63"
                        ],
                        [
                            "-88.37",
                            "39.42"
                        ],
                        [
                            "-89.68",
                            "40.02"
                        ],
                        [
                            "-91.18",
                            "40.12"
                        ],
                        [
                            "-91.82",
                            "40.86"
                        ],
                        [
                            "-91.41",
                            "41.39"
                        ],
                        [
                            "-89.95",
                            "41.58"
                        ]
                    ]
                ]
            },
            "properties": {
                "forecastId": null,
                "geometryId": null,
                "tag": "6C",
                "forecastHour": 0,
                "hazard": "ICE",
                "frequency": null,
                "severity": "MOD",
                "status": "NRML",
                "base": "140",
                "top": "260",
                "fzlBase": null,
                "fzlTop": null,
                "level": null,
                "product": "ZULU",
                "rawAirSigmet": "ICE",
                "validTimeTo": "2026-09-25T21:00:00.000",
                "validTimeFrom": [
                    "2026-09-25T20:45"
                ]
            }
        },
        {
            "type": "Feature",
            "geometry": {
                "type": "Polygon",
                "coordinates": [
                    [
                        [
                            "-119.65",
                            "46.51"
                        ],
                        [
                            "-119.34",
                            "46.37"
                        ],
                        [
                            "-119.88",
                            "45.33"
                        ],
                        [
                            "-120.57",
                            "45.10"
                        ],
                        [
                            "-121.05",
                            "45.41"
                        ],
                        [
                            "-120.61",
                            "45.98"
                        ],
                        [
                            "-119.65",
                            "46.51"
                        ]
                    ]
                ]
            },
            "properties": {
                "forecastId": null,
                "geometryId": null,
                "tag": "2W",
                "forecastHour": 0,
                "hazard": "SFC_WND",
                "frequency": null,
                "severity": null,
                "status": "NRML",
                "base": null,
                "top": null,
                "fzlBase": null,
                "fzlTop": null,
                "level": null,
                "product": "TANGO",
                "rawAirSigmet": "USTAINED SFC WINDS GREATER THAN 30 KTS",
                "validTimeTo": "2026-09-25T21:00:00.000",
                "validTimeFrom": [
                    "2026-09-25T20:45"
                ]
            }
        },
        {
            "type": "Feature",
            "geometry": {
                "type": "Polygon",
                "coordinates": [
                    [
                        [
                            "-106.97",
                            "41.88"
                        ],
                        [
                            "-104.79",
                            "41.28"
                        ],
                        [
                            "-103.56",
                            "37.26"
                        ],
                        [
                            "-104.57",
                            "32.97"
                        ],
                        [
                            "-104.23",
                            "29.90"
                        ],
                        [
                            "-106.27",
                            "31.79"
                        ],
                        [
                            "-106.98",
                            "31.66"
                        ],
                        [
                            "-105.80",
                            "34.31"
                        ],
                        [
                            "-108.57",
                            "37.34"
                        ],
                        [
                            "-106.97",
                            "41.88"
                        ]
                    ]
                ]
            },
            "properties": {
                "forecastId": null,
                "geometryId": null,
                "tag": "1E",
                "forecastHour": 0,
                "hazard": "MT_OBSC",
                "frequency": null,
                "severity": null,
                "status": "NRML",
                "base": null,
                "top": null,
                "fzlBase": null,
                "fzlTop": null,
                "level": null,
                "product": "SIERRA",
                "rawAirSigmet": "MTNS OBSC BY CLDS PCPN BR",
                "validTimeTo": "2026-09-25T21:00:00.000",
                "validTimeFrom": [
                    "2026-09-25T21:30"
                ]
            }
        },
        {
            "type": "Feature",
            "geometry": {
                "type": "LineString",
                "coordinates": [
                    [
                        "-68.19",
                        "56.94"
                    ],
                    [
                        "-67.82",
                        "56.59"
                    ],
                    [
                        "-67.21",
                        "56.27"
                    ],
                    [
                        "-66.74",
                        "56.04"
                    ],
                    [
                        "-66.02",
                        "55.75"
                    ],
                    [
                        "-65.26",
                        "55.50"
                    ],
                    [
                        "-64.61",
                        "55.25"
                    ],
                    [
                        "-63.83",
                        "54.89"
                    ],
                    [
                        "-63.38",
                        "54.64"
                    ],
                    [
                        "-62.94",
                        "54.36"
                    ],
                    [
                        "-62.32",
                        "53.98"
                    ],
                    [
                        "-61.61",
                        "53.58"
                    ],
                    [
                        "-61.15",
                        "53.37"
                    ],
                    [
                        "-60.19",
                        "53.05"
                    ],
                    [
                        "-59.71",
                        "52.90"
                    ],
                    [
                        "-58.75",
                        "52.60"
                    ]
                ]
            },
            "properties": {
                "forecastId": null,
                "geometryId": null,
                "tag": "1C",
                "forecastHour": 0,
                "hazard": "FZLVL",
                "frequency": null,
                "severity": null,
                "status": "NRML",
                "base": null,
                "top": null,
                "fzlBase": null,
                "fzlTop": null,
                "level": "080",
                "product": "ZULU",
                "rawAirSigmet": null,
                "validTimeTo": "2026-09-25T21:00:00.000",
                "validTimeFrom": [
                    "2026-09-25T20:45"
                ]
            }
        },
        {
            "type": "Feature",
            "geometry": {
                "type": "Polygon",
                "coordinates": [
                    [
                        [
                            "-69.30",
                            "47.51"
                        ],
                        [
                            "-69.11",
                            "47.33"
                        ],
                        [
                            "-68.15",
                            "47.36"
                        ],
                        [
                            "-67.85",
                            "46.91"
                        ],
                        [
                            "-67.71",
                            "45.88"
                        ],
                        [
                            "-67.41",
                            "45.12"
                        ],
                        [
                            "-69.65",
                            "43.53"
                        ],
                        [
                            "-73.39",
                            "40.63"
                        ],
                        [
                            "-75.06",
                            "38.46"
                        ],
                        [
                            "-76.94",
                            "34.95"
                        ],
                        [
                            "-77.65",
                            "34.02"
                        ],
                        [
                            "-78.96",
                            "33.67"
                        ],
                        [
                            "-80.03",
                            "33.98"
                        ],
                        [
                            "-80.61",
                            "34.56"
                        ],
                        [
                            "-80.56",
                            "35.98"
                        ],
                        [
                            "-80.21",
                            "38.18"
                        ],
                        [
                            "-79.15",
                            "40.49"
                        ],
                        [
                            "-77.68",
                            "42.59"
                        ],
                        [
                            "-76.98",
                            "43.62"
                        ],
                        [
                            "-74.79",
                            "44.92"
                        ],
                        [
                            "-71.56",
                            "44.90"
                        ],
                        [
                            "-71.34",
                            "45.15"
                        ],
                        [
                            "-70.86",
                            "45.24"
                        ],
                        [
                            "-70.24",
                            "45.97"
                        ],
                        [
                            "-69.30",
                            "47.51"
                        ]
                    ]
                ]
            },
            "properties": {
                "forecastId": null,
                "geometryId": null,
                "tag": "6W",
                "forecastHour": 0,
                "hazard": "TURB-HI",
                "frequency": null,
                "severity": "MOD",
                "status": "NRML",
                "base": "250",
                "top": "410",
                "fzlBase": null,
                "fzlTop": null,
                "level": null,
                "product": "TANGO",
                "rawAirSigmet": null,
                "validTimeTo": "2026-09-25T21:00:00.000",
                "validTimeFrom": [
                    "2026-09-25T20:45"
                ]
            }
        },
        {
            "type": "Feature",
            "geometry": {
                "type": "Polygon",
                "coordinates": [
                    [
                        [
                            "-116.81",
                            "48.94"
                        ],
                        [
                            "-115.50",
                            "48.91"
                        ],
                        [
                            "-117.31",
                            "46.31"
                        ],
                        [
                            "-118.91",
                            "45.32"
                        ],
                        [
                            "-120.46",
                            "44.83"
                        ],
                        [
                            "-121.66",
                            "44.59"
                        ],
                        [
                            "-122.34",
                            "44.64"
                        ],
                        [
                            "-122.15",
                            "45.10"
                        ],
                        [
                            "-121.70",
                            "45.36"
                        ],
                        [
                            "-121.17",
                            "45.56"
                        ],
                        [
                            "-120.22",
                            "46.07"
                        ],
                        [
                            "-119.62",
                            "46.77"
                        ],
                        [
                            "-119.41",
                            "47.55"
                        ],
                        [
                            "-119.34",
                            "48.82"
                        ],
                        [
                            "-116.81",
                            "48.94"
                        ]
                    ]
                ]
            },
            "properties": {
                "forecastId": null,
                "geometryId": null,
                "tag": "4W",
                "forecastHour": 0,
                "hazard": "TURB-HI",
                "frequency": null,
                "severity": "MOD",
                "status": "NRML",
                "base": "120",
                "top": "300",
                "fzlBase": null,
                "fzlTop": null,
                "level": null,
                "product": "TANGO",
                "rawAirSigmet": null,
                "validTimeTo": "2026-09-25T21:00:00.000",
                "validTimeFrom": [
                    "2026-09-25T20:45"
                ]
            }
        },
        {
            "type": "Feature",
            "geometry": {
                "type": "Polygon",
                "coordinates": [
                    [
                        [
                            "-72.53",
                            "37.97"
                        ],
                        [
                            "-71.75",
                            "37.82"
                        ],
                        [
                            "-71.48",
                            "37.49"
                        ],
                        [
                            "-72.49",
                            "37.12"
                        ],
                        [
                            "-72.68",
                            "36.29"
                        ],
                        [
                            "-73.23",
                            "36.49"
                        ],
                        [
                            "-73.46",
                            "36.97"
                        ],
                        [
                            "-73.21",
                            "37.58"
                        ],
                        [
                            "-72.53",
                            "37.97"
                        ]
                    ]
                ]
            },
            "properties": {
                "forecastId": null,
                "geometryId": null,
                "tag": "1W",
                "forecastHour": 0,
                "hazard": "LLWS",
                "frequency": null,
                "severity": null,
                "status": "NRML",
                "base": null,
                "top": null,
                "fzlBase": null,
                "fzlTop": null,
                "level": null,
                "product": "TANGO",
                "rawAirSigmet": "AIR SPEED LOSS OR GAIN OF 20KTS OR MORE BELOW 2000 FT AGL",
                "validTimeTo": "2026-09-25T21:00:00.000",
                "validTimeFrom": [
                    "2026-09-25T20:45"
                ]
            }
        },
        {
            "type": "Feature",
            "geometry": {
                "type": "Polygon",
                "coordinates": [
                    [
                        [
                            "-66.78",
                            "42.72"
                        ],
                        [
                            "-66.87",
                            "41.13"
                        ],
                        [
                            "-69.39",
                            "40.24"
                        ],
                        [
                            "-71.39",
                            "39.06"
                        ],
                        [
                            "-72.77",
                            "37.07"
                        ],
                        [
                            "-73.03",
                            "34.94"
                        ],
                        [
                            "-74.41",
                            "33.97"
                        ],
                        [
                            "-76.19",
                            "32.70"
                        ],
                        [
                            "-76.23",
                            "33.90"
                        ],
                        [
                            "-75.13",
                            "35.90"
                        ],
                        [
                            "-74.62",
                            "37.77"
                        ],
                        [
                            "-73.48",
                            "39.63"
                        ],
                        [
                            "-71.60",
                            "41.31"
                        ],
                        [
                            "-69.30",
                            "42.34"
                        ],
                        [
                            "-66.78",
                            "42.72"
                        ]
                    ]
                ]
            },
            "properties": {
                "forecastId": null,
                "geometryId": null,
                "tag": "2C",
                "forecastHour": 0,
                "hazard": "ICE",
                "frequency": null,
                "severity": "MOD",
                "status": "NRML",
                "base": "140",
                "top": "270",
                "fzlBase": null,
                "fzlTop": null,
                "level": null,
                "product": "ZULU",
                "rawAirSigmet": "ICE",
                "validTimeTo": "2026-09-25T21:00:00.000",
                "validTimeFrom": [
                    "2026-09-25T20:45"
                ]
            }
        },
        {
            "type": "Feature",
            "geometry": {
                "type": "Polygon",
                "coordinates": [
                    [
                        [
                            "-122.21",
                            "49.00"
                        ],
                        [
                            "-121.38",
                            "48.65"
                        ],
                        [
                            "-121.21",
                            "47.62"
                        ],
                        [
                            "-121.04",
                            "46.43"
                        ],
                        [
                            "-121.99",
                            "46.13"
                        ],
                        [
                            "-123.27",
                            "46.68"
                        ],
                        [
                            "-123.84",
                            "46.91"
                        ],
                        [
                            "-124.36",
                            "47.37"
                        ],
                        [
                            "-124.71",
                            "48.54"
                        ],
                        [
                            "-123.85",
                            "48.27"
                        ],
                        [
                            "-123.14",
                            "48.34"
                        ],
                        [
                            "-123.11",
                            "48.99"
                        ],
                        [
                            "-122.21",
                            "49.00"
                        ]
                    ]
                ]
            },
            "properties": {
                "forecastId": null,
                "geometryId": null,
                "tag": "6E",
                "forecastHour": 0,
                "hazard": "IFR",
                "frequency": null,
                "severity": null,
                "status": "NRML",
                "base": null,
                "top": null,
                "fzlBase": null,
                "fzlTop": null,
                "level": null,
                "product": "SIERRA",
                "rawAirSigmet": "CIG BLW 010 VIS BLW 3SM PCPN BR",
                "validTimeTo": "2026-09-25T21:00:00.000",
                "validTimeFrom": [
                    "2026-09-25T21:30"
                ]
            }
        },
        {
            "type": "Feature",
            "geometry": {
                "type": "LineString",
                "coordinates": [
                    [
                        "-74.71",
                        "57.56"
                    ],
                    [
                        "-74.79",
                        "57.26"
                    ],
                    [
                        "-74.80",
                        "56.65"
                    ],
                    [
                        "-74.59",
                        "56.01"
                    ],
                    [
                        "-74.22",
                        "55.66"
                    ],
                    [
                        "-73.64",
                        "55.38"
                    ],
                    [
                        "-72.92",
                        "55.55"
                    ],
                    [
                        "-72.39",
                        "55.85"
                    ],
                    [
                        "-71.70",
                        "56.31"
                    ],
                    [
                        "-71.23",
                        "56.01"
                    ],
                    [
                        "-70.81",
                        "55.58"
                    ],
                    [
                        "-69.74",
                        "55.46"
                    ],
                    [
                        "-69.66",
                        "55.70"
                    ],
                    [
                        "-69.76",
                        "56.17"
                    ],
                    [
                        "-69.40",
                        "56.76"
                    ],
                    [
                        "-69.04",
                        "57.03"
                    ]
                ]
            },
            "properties": {
                "forecastId": null,
                "geometryId": null,
                "tag": "1C",
                "forecastHour": 0,
                "hazard": "FZLVL",
                "frequency": null,
                "severity": null,
                "status": "NRML",
                "base": null,
                "top": null,
                "fzlBase": null,
                "fzlTop": null,
                "level": "080",
                "product": "ZULU",
                "rawAirSigmet": null,
                "validTimeTo": "2026-09-25T21:00:00.000",
                "validTimeFrom": [
                    "2026-09-25T20:45"
                ]
            }
        },
        {
            "type": "Feature",
            "geometry": {
                "type": "Polygon",
                "coordinates": [
                    [
                        [
                            "-118.76",
                            "48.91"
                        ],
                        [
                            "-117.26",
                            "47.86"
                        ],
                        [
                            "-116.74",
                            "46.65"
                        ],
                        [
                            "-117.40",
                            "45.63"
                        ],
                        [
                            "-118.42",
                            "45.36"
                        ],
                        [
                            "-119.59",
                            "45.00"
                        ],
                        [
                            "-120.58",
                            "44.38"
                        ],
                        [
                            "-121.60",
                            "44.01"
                        ],
                        [
                            "-122.34",
                            "44.35"
                        ],
                        [
                            "-122.46",
                            "45.46"
                        ],
                        [
                            "-123.24",
                            "46.17"
                        ],
                        [
                            "-124.07",
                            "46.54"
                        ],
                        [
                            "-125.12",
                            "48.44"
                        ],
                        [
                            "-124.30",
                            "48.40"
                        ],
                        [
                            "-123.69",
                            "48.20"
                        ],
                        [
                            "-122.96",
                            "48.37"
                        ],
                        [
                            "-122.35",
                            "48.05"
                        ],
                        [
                            "-121.39",
                            "48.04"
                        ],
                        [
                            "-119.89",
                            "48.15"
                        ],
                        [
                            "-119.36",
                            "48.82"
                        ],
                        [
                            "-118.76",
                            "48.91"
                        ]
                    ]
                ]
            },
            "properties": {
                "forecastId": null,
                "geometryId": null,
                "tag": "1W",
                "forecastHour": 0,
                "hazard": "TURB-LO",
                "frequency": null,
                "severity": "MOD",
                "status": "NRML",
                "base": "SFC",
                "top": "120",
                "fzlBase": null,
                "fzlTop": null,
                "level": null,
                "product": "TANGO",
                "rawAirSigmet": null,
                "validTimeTo": "2026-09-25T21:00:00.000",
                "validTimeFrom": [
                    "2026-09-25T20:45"
                ]
            }
        },
        {
            "type": "Feature",
            "geometry": {
                "type": "Polygon",
                "coordinates": [
                    [
                        [
                            "-105.18",
                            "40.03"
                        ],
                        [
                            "-106.31",
                            "36.75"
                        ],
                        [
                            "-107.78",
                            "37.52"
                        ],
                        [
                            "-106.31",
                            "39.93"
                        ],
                        [
                            "-105.18",
                            "40.03"
                        ]
                    ]
                ]
            },
            "properties": {
                "forecastId": null,
                "geometryId": null,
                "tag": "7E",
                "forecastHour": 0,
                "hazard": "IFR",
                "frequency": null,
                "severity": null,
                "status": "NRML",
                "base": null,
                "top": null,
                "fzlBase": null,
                "fzlTop": null,
                "level": null,
                "product": "SIERRA",
                "rawAirSigmet": "CIG BLW 010 VIS BLW 3SM PCPN BR",
                "validTimeTo": "2026-09-25T21:00:00.000",
                "validTimeFrom": [
                    "2026-09-25T21:30"
                ]
            }
        },
        {
            "type": "Feature",
            "geometry": {
                "type": "Polygon",
                "coordinates": [
                    [
                        [
                            "-68.66",
                            "39.80"
                        ],
                        [
                            "-67.79",
                            "39.58"
                        ],
                        [
                            "-67.05",
                            "38.83"
                        ],
                        [
                            "-67.28",
                            "38.49"
                        ],
                        [
                            "-67.78",
                            "37.85"
                        ],
                        [
                            "-68.19",
                            "36.82"
                        ],
                        [
                            "-68.82",
                            "36.19"
                        ],
                        [
                            "-69.63",
                            "35.84"
                        ],
                        [
                            "-70.99",
                            "35.80"
                        ],
                        [
                            "-71.74",
                            "36.49"
                        ],
                        [
                            "-71.72",
                            "37.35"
                        ],
                        [
                            "-71.48",
                            "38.40"
                        ],
                        [
                            "-70.96",
                            "39.05"
                        ],
                        [
                            "-70.12",
                            "39.58"
                        ],
                        [
                            "-69.13",
                            "39.82"
                        ],
                        [
                            "-68.66",
                            "39.80"
                        ]
                    ]
                ]
            },
            "properties": {
                "forecastId": null,
                "geometryId": null,
                "tag": "1C",
                "forecastHour": 0,
                "hazard": "FZLVL",
                "frequency": null,
                "severity": null,
                "status": "NRML",
                "base": null,
                "top": null,
                "fzlBase": null,
                "fzlTop": null,
                "level": "160",
                "product": "ZULU",
                "rawAirSigmet": null,
                "validTimeTo": "2026-09-25T21:00:00.000",
                "validTimeFrom": [
                    "2026-09-25T20:45"
                ]
            }
        },
        {
            "type": "Feature",
            "geometry": {
                "type": "Polygon",
                "coordinates": [
                    [
                        [
                            "-121.90",
                            "36.95"
                        ],
                        [
                            "-121.99",
                            "36.21"
                        ],
                        [
                            "-120.53",
                            "34.69"
                        ],
                        [
                            "-119.05",
                            "33.79"
                        ],
                        [
                            "-117.94",
                            "32.91"
                        ],
                        [
                            "-117.48",
                            "32.32"
                        ],
                        [
                            "-120.84",
                            "30.79"
                        ],
                        [
                            "-122.13",
                            "32.88"
                        ],
                        [
                            "-123.36",
                            "34.61"
                        ],
                        [
                            "-123.48",
                            "36.24"
                        ],
                        [
                            "-121.90",
                            "36.95"
                        ]
                    ]
                ]
            },
            "properties": {
                "forecastId": null,
                "geometryId": null,
                "tag": "2E",
                "forecastHour": 0,
                "hazard": "IFR",
                "frequency": null,
                "severity": null,
                "status": "NRML",
                "base": null,
                "top": null,
                "fzlBase": null,
                "fzlTop": null,
                "level": null,
                "product": "SIERRA",
                "rawAirSigmet": "CIG BLW 010 VIS BLW 3SM BR",
                "validTimeTo": "2026-09-25T21:00:00.000",
                "validTimeFrom": [
                    "2026-09-25T21:30"
                ]
            }
        },
        {
            "type": "Feature",
            "geometry": {
                "type": "Polygon",
                "coordinates": [
                    [
                        [
                            "-125.35",
                            "23.54"
                        ],
                        [
                            "-125.46",
                            "23.22"
                        ],
                        [
                            "-125.47",
                            "23.15"
                        ],
                        [
                            "-125.41",
                            "22.78"
                        ],
                        [
                            "-125.31",
                            "22.43"
                        ],
                        [
                            "-125.24",
                            "22.33"
                        ],
                        [
                            "-124.83",
                            "22.31"
                        ],
                        [
                            "-124.46",
                            "22.46"
                        ],
                        [
                            "-124.10",
                            "22.61"
                        ],
                        [
                            "-123.78",
                            "22.74"
                        ],
                        [
                            "-123.73",
                            "22.78"
                        ],
                        [
                            "-123.40",
                            "23.09"
                        ],
                        [
                            "-123.31",
                            "23.21"
                        ],
                        [
                            "-123.48",
                            "23.55"
                        ],
                        [
                            "-123.51",
                            "23.56"
                        ],
                        [
                            "-123.95",
                            "23.71"
                        ],
                        [
                            "-124.14",
                            "23.79"
                        ],
                        [
                            "-124.39",
                            "23.82"
                        ],
                        [
                            "-124.80",
                            "23.84"
                        ],
                        [
                            "-125.18",
                            "23.73"
                        ],
                        [
                            "-125.35",
                            "23.54"
                        ]
                    ]
                ]
            },
            "properties": {
                "forecastId": null,
                "geometryId": null,
                "tag": "1C",
                "forecastHour": 0,
                "hazard": "FZLVL",
                "frequency": null,
                "severity": null,
                "status": "NRML",
                "base": null,
                "top": null,
                "fzlBase": null,
                "fzlTop": null,
                "level": "160",
                "product": "ZULU",
                "rawAirSigmet": null,
                "validTimeTo": "2026-09-25T21:00:00.000",
                "validTimeFrom": [
                    "2026-09-25T20:45"
                ]
            }
        },
        {
            "type": "Feature",
            "geometry": {
                "type": "LineString",
                "coordinates": [
                    [
                        "-132.98",
                        "39.33"
                    ],
                    [
                        "-129.65",
                        "39.29"
                    ],
                    [
                        "-124.74",
                        "39.85"
                    ],
                    [
                        "-122.84",
                        "40.27"
                    ],
                    [
                        "-121.39",
                        "40.21"
                    ],
                    [
                        "-120.12",
                        "40.54"
                    ],
                    [
                        "-117.05",
                        "42.48"
                    ],
                    [
                        "-115.64",
                        "43.73"
                    ],
                    [
                        "-114.91",
                        "45.03"
                    ],
                    [
                        "-114.18",
                        "46.34"
                    ],
                    [
                        "-113.56",
                        "47.98"
                    ],
                    [
                        "-113.89",
                        "51.68"
                    ],
                    [
                        "-112.22",
                        "54.08"
                    ],
                    [
                        "-111.38",
                        "55.40"
                    ],
                    [
                        "-110.43",
                        "56.04"
                    ],
                    [
                        "-109.39",
                        "56.34"
                    ],
                    [
                        "-107.32",
                        "56.55"
                    ],
                    [
                        "-105.85",
                        "56.37"
                    ],
                    [
                        "-104.86",
                        "56.06"
                    ],
                    [
                        "-103.78",
                        "55.78"
                    ],
                    [
                        "-102.09",
                        "55.69"
                    ],
                    [
                        "-100.97",
                        "55.44"
                    ],
                    [
                        "-100.31",
                        "54.95"
                    ],
                    [
                        "-99.87",
                        "54.25"
                    ],
                    [
                        "-98.98",
                        "53.90"
                    ],
                    [
                        "-95.65",
                        "54.03"
                    ],
                    [
                        "-93.01",
                        "54.07"
                    ],
                    [
                        "-90.19",
                        "53.76"
                    ],
                    [
                        "-84.48",
                        "53.25"
                    ],
                    [
                        "-82.32",
                        "52.57"
                    ],
                    [
                        "-80.93",
                        "51.58"
                    ],
                    [
                        "-80.05",
                        "50.39"
                    ],
                    [
                        "-80.83",
                        "48.82"
                    ],
                    [
                        "-79.50",
                        "48.33"
                    ],
                    [
                        "-78.41",
                        "48.19"
                    ],
                    [
                        "-75.92",
                        "48.17"
                    ],
                    [
                        "-74.92",
                        "47.94"
                    ],
                    [
                        "-74.42",
                        "47.33"
                    ],
                    [
                        "-73.80",
                        "46.72"
                    ],
                    [
                        "-72.79",
                        "46.71"
                    ],
                    [
                        "-70.99",
                        "47.53"
                    ],
                    [
                        "-68.86",
                        "48.01"
                    ],
                    [
                        "-67.57",
                        "49.42"
                    ],
                    [
                        "-66.65",
                        "49.62"
                    ],
                    [
                        "-65.37",
                        "49.62"
                    ],
                    [
                        "-60.55",
                        "48.32"
                    ]
                ]
            },
            "properties": {
                "forecastId": null,
                "geometryId": null,
                "tag": "1C",
                "forecastHour": 0,
                "hazard": "FZLVL",
                "frequency": null,
                "severity": null,
                "status": "NRML",
                "base": null,
                "top": null,
                "fzlBase": null,
                "fzlTop": null,
                "level": "120",
                "product": "ZULU",
                "rawAirSigmet": null,
                "validTimeTo": "2026-09-25T21:00:00.000",
                "validTimeFrom": [
                    "2026-09-25T20:45"
                ]
            }
        },
        {
            "type": "Feature",
            "geometry": {
                "type": "Polygon",
                "coordinates": [
                    [
                        [
                            "-98.30",
                            "49.02"
                        ],
                        [
                            "-96.33",
                            "43.81"
                        ],
                        [
                            "-91.13",
                            "41.63"
                        ],
                        [
                            "-91.11",
                            "40.75"
                        ],
                        [
                            "-94.30",
                            "39.55"
                        ],
                        [
                            "-95.95",
                            "38.16"
                        ],
                        [
                            "-101.30",
                            "41.51"
                        ],
                        [
                            "-99.38",
                            "48.29"
                        ],
                        [
                            "-98.30",
                            "49.02"
                        ]
                    ]
                ]
            },
            "properties": {
                "forecastId": null,
                "geometryId": null,
                "tag": "1E",
                "forecastHour": 0,
                "hazard": "IFR",
                "frequency": null,
                "severity": null,
                "status": "NRML",
                "base": null,
                "top": null,
                "fzlBase": null,
                "fzlTop": null,
                "level": null,
                "product": "SIERRA",
                "rawAirSigmet": "CIG BLW 010 VIS BLW 3SM PCPN BR",
                "validTimeTo": "2026-09-25T21:00:00.000",
                "validTimeFrom": [
                    "2026-09-25T21:30"
                ]
            }
        }
    ],
    "metadata": {
        "creationTime": "2026-09-25T22:11"
    }
}