{
    "type": "FeatureCollection",
    "features": [
        {
            "type": "Feature",
            "geometry": {
                "type": "Polygon",
                "coordinates": [
                    [
                        [
                            "-66.78",
                            "44.80"
                        ],
                        [
                            "-67.04",
                            "41.83"
                        ],
                        [
                            "-69.62",
                            "41.63"
                        ],
                        [
                            "-71.15",
                            "40.68"
                        ],
                        [
                            "-71.41",
                            "37.78"
                        ],
                        [
                            "-72.68",
                            "37.30"
                        ],
                        [
                            "-72.77",
                            "35.28"
                        ],
                        [
                            "-73.35",
                            "35.08"
                        ],
                        [
                            "-74.21",
                            "35.50"
                        ],
                        [
                            "-75.11",
                            "36.50"
                        ],
                        [
                            "-75.97",
                            "37.56"
                        ],
                        [
                            "-76.45",
                            "39.26"
                        ],
                        [
                            "-76.11",
                            "40.97"
                        ],
                        [
                            "-74.66",
                            "42.85"
                        ],
                        [
                            "-72.03",
                            "43.60"
                        ],
                        [
                            "-70.23",
                            "44.15"
                        ],
                        [
                            "-68.90",
                            "44.68"
                        ],
                        [
                            "-66.78",
                            "44.80"
                        ]
                    ]
                ]
            },
            "properties": {
                "forecastId": null,
                "geometryId": null,
                "tag": "2C",
                "forecastHour": 3,
                "hazard": "ICE",
                "frequency": null,
                "severity": "MOD",
                "status": "NRML",
                "base": "130",
                "top": "270",
                "fzlBase": null,
                "fzlTop": null,
                "level": null,
                "product": "ZULU",
                "rawAirSigmet": "ICE",
                "validTimeTo": "2026-09-26T12:00:00.000",
                "validTimeFrom": [
                    "2026-09-26T08:45"
                ]
            }
        },
        {
            "type": "Feature",
            "geometry": {
                "type": "Polygon",
                "coordinates": [
                    [
                        [
                            "-69.32",
                            "47.57"
                        ],
                        [
                            "-67.63",
                            "47.09"
                        ],
                        [
                            "-67.79",
                            "46.00"
                        ],
                        [
                            "-66.87",
                            "44.49"
                        ],
                        [
                            "-68.25",
                            "44.12"
                        ],
                        [
                            "-69.44",
                            "43.77"
                        ],
                        [
                            "-70.54",
                            "42.32"
                        ],
                        [
                            "-70.95",
                            "41.29"
                        ],
                        [
                            "-69.89",
                            "38.05"
                        ],
                        [
                            "-72.50",
                            "37.15"
                        ],
                        [
                            "-72.51",
                            "34.85"
                        ],
                        [
                            "-74.62",
                            "33.85"
                        ],
                        [
                            "-77.26",
                            "38.90"
                        ],
                        [
                            "-77.22",
                            "41.52"
                        ],
                        [
                            "-76.92",
                            "43.83"
                        ],
                        [
                            "-75.07",
                            "44.95"
                        ],
                        [
                            "-71.38",
                            "45.30"
                        ],
                        [
                            "-69.32",
                            "47.57"
                        ]
                    ]
                ]
            },
            "properties": {
                "forecastId": null,
                "geometryId": null,
                "tag": "3W",
                "forecastHour": 3,
                "hazard": "TURB-HI",
                "frequency": null,
                "severity": "MOD",
                "status": "NRML",
                "base": "240",
                "top": "420",
                "fzlBase": null,
                "fzlTop": null,
                "level": null,
                "product": "TANGO",
                "rawAirSigmet": null,
                "validTimeTo": "2026-09-26T12:00:00.000",
                "validTimeFrom": [
                    "2026-09-26T08:45"
                ]
            }
        },
        {
            "type": "Feature",
            "geometry": {
                "type": "Polygon",
                "coordinates": [
                    [
                        [
                            "-113.31",
                            "48.93"
                        ],
                        [
                            "-106.69",
                            "48.91"
                        ],
                        [
                            "-107.28",
                            "42.17"
                        ],
                        [
                            "-110.54",
                            "42.60"
                        ],
                        [
                            "-113.31",
                            "48.93"
                        ]
                    ]
                ]
            },
            "properties": {
                "forecastId": null,
                "geometryId": null,
                "tag": "4W",
                "forecastHour": 3,
                "hazard": "TURB-HI",
                "frequency": null,
                "severity": "MOD",
                "status": "NRML",
                "base": "300",
                "top": "400",
                "fzlBase": null,
                "fzlTop": null,
                "level": null,
                "product": "TANGO",
                "rawAirSigmet": "MTN WAVE",
                "validTimeTo": "2026-09-26T12:00:00.000",
                "validTimeFrom": [
                    "2026-09-26T08:45"
                ]
            }
        },
        {
            "type": "Feature",
            "geometry": {
                "type": "Polygon",
                "coordinates": [
                    [
                        [
                            "-92.43",
                            "39.07"
                        ],
                        [
                            "-89.42",
                            "38.67"
                        ],
                        [
                            "-88.56",
                            "37.57"
                        ],
                        [
                            "-88.87",
                            "36.48"
                        ],
                        [
                            "-95.62",
                            "33.80"
                        ],
                        [
                            "-97.67",
                            "33.72"
                        ],
                        [
                            "-98.43",
                            "35.31"
                        ],
                        [
                            "-94.87",
                            "37.70"
                        ],
                        [
                            "-92.43",
                            "39.07"
                        ]
                    ]
                ]
            },
            "properties": {
                "forecastId": null,
                "geometryId": null,
                "tag": "5W",
                "forecastHour": 3,
                "hazard": "TURB-HI",
                "frequency": null,
                "severity": "MOD",
                "status": "NRML",
                "base": "330",
                "top": "410",
                "fzlBase": null,
                "fzlTop": null,
                "level": null,
                "product": "TANGO",
                "rawAirSigmet": null,
                "validTimeTo": "2026-09-26T12:00:00.000",
                "validTimeFrom": [
                    "2026-09-26T08:45"
                ]
            }
        },
        {
            "type": "Feature",
            "geometry": {
                "type": "Polygon",
                "coordinates": [
                    [
                        [
                            "-126.27",
                            "52.22"
                        ],
                        [
                            "-126.32",
                            "51.88"
                        ],
                        [
                            "-126.21",
                            "51.56"
                        ],
                        [
                            "-125.93",
                            "51.27"
                        ],
                        [
                            "-125.83",
                            "51.21"
                        ],
                        [
                            "-125.38",
                            "51.02"
                        ],
                        [
                            "-125.21",
                            "50.96"
                        ],
                        [
                            "-124.63",
                            "50.83"
                        ],
                        [
                            "-124.53",
                            "50.80"
                        ],
                        [
                            "-124.07",
                            "50.72"
                        ],
                        [
                            "-123.51",
                            "50.62"
                        ],
                        [
                            "-123.35",
                            "50.63"
                        ],
                        [
                            "-122.99",
                            "50.66"
                        ],
                        [
                            "-122.94",
                            "50.69"
                        ],
                        [
                            "-122.75",
                            "51.04"
                        ],
                        [
                            "-122.95",
                            "51.35"
                        ],
                        [
                            "-123.31",
                            "51.58"
                        ],
                        [
                            "-123.39",
                            "51.62"
                        ],
                        [
                            "-123.93",
                            "51.88"
                        ],
                        [
                            "-123.95",
                            "51.89"
                        ],
                        [
                            "-124.38",
                            "52.15"
                        ],
                        [
                            "-124.63",
                            "52.31"
                        ],
                        [
                            "-124.85",
                            "52.41"
                        ],
                        [
                            "-125.26",
                            "52.55"
                        ],
                        [
                            "-125.81",
                            "52.58"
                        ],
                        [
                            "-126.24",
                            "52.30"
                        ],
                        [
                            "-126.27",
                            "52.22"
                        ]
                    ]
                ]
            },
            "properties": {
                "forecastId": null,
                "geometryId": null,
                "tag": "1C",
                "forecastHour": 3,
                "hazard": "FZLVL",
                "frequency": null,
                "severity": null,
                "status": "NRML",
                "base": null,
                "top": null,
                "fzlBase": null,
                "fzlTop": null,
                "level": "SFC",
                "product": "ZULU",
                "rawAirSigmet": null,
                "validTimeTo": "2026-09-26T12:00:00.000",
                "validTimeFrom": [
                    "2026-09-26T08:45"
                ]
            }
        },
        {
            "type": "Feature",
            "geometry": {
                "type": "Polygon",
                "coordinates": [
                    [
                        [
                            "-72.83",
                            "43.36"
                        ],
                        [
                            "-71.33",
                            "43.15"
                        ],
                        [
                            "-69.88",
                            "42.08"
                        ],
                        [
                            "-69.69",
                            "41.29"
                        ],
                        [
                            "-71.59",
                            "41.12"
                        ],
                        [
                            "-72.99",
                            "40.71"
                        ],
                        [
                            "-74.97",
                            "39.11"
                        ],
                        [
                            "-76.44",
                            "37.79"
                        ],
                        [
                            "-76.69",
                            "36.09"
                        ],
                        [
                            "-76.88",
                            "35.01"
                        ],
                        [
                            "-77.94",
                            "34.77"
                        ],
                        [
                            "-79.03",
                            "36.59"
                        ],
                        [
                            "-78.61",
                            "38.92"
                        ],
                        [
                            "-78.31",
                            "40.35"
                        ],
                        [
                            "-76.98",
                            "41.92"
                        ],
                        [
                            "-74.93",
                            "42.97"
                        ],
                        [
                            "-72.83",
                            "43.36"
                        ]
                    ]
                ]
            },
            "properties": {
                "forecastId": null,
                "geometryId": null,
                "tag": "2W",
                "forecastHour": 3,
                "hazard": "LLWS",
                "frequency": null,
                "severity": null,
                "status": "NRML",
                "base": null,
                "top": null,
                "fzlBase": null,
                "fzlTop": null,
                "level": null,
                "product": "TANGO",
                "rawAirSigmet": "AIR SPEED LOSS OR GAIN OF 20KTS OR MORE BELOW 2000 FT AGL",
                "validTimeTo": "2026-09-26T12:00:00.000",
                "validTimeFrom": [
                    "2026-09-26T08:45"
                ]
            }
        },
        {
            "type": "Feature",
            "geometry": {
                "type": "LineString",
                "coordinates": [
                    [
                        "-67.80",
                        "23.19"
                    ],
                    [
                        "-68.17",
                        "23.34"
                    ],
                    [
                        "-68.29",
                        "23.51"
                    ],
                    [
                        "-68.47",
                        "23.82"
                    ],
                    [
                        "-68.50",
                        "23.92"
                    ],
                    [
                        "-68.60",
                        "24.31"
                    ],
                    [
                        "-68.67",
                        "24.70"
                    ],
                    [
                        "-68.67",
                        "24.79"
                    ],
                    [
                        "-68.68",
                        "25.07"
                    ],
                    [
                        "-68.55",
                        "25.42"
                    ],
                    [
                        "-68.53",
                        "25.45"
                    ],
                    [
                        "-68.33",
                        "25.75"
                    ],
                    [
                        "-68.08",
                        "26.08"
                    ],
                    [
                        "-67.93",
                        "26.29"
                    ],
                    [
                        "-67.85",
                        "26.41"
                    ],
                    [
                        "-67.63",
                        "26.74"
                    ],
                    [
                        "-67.39",
                        "27.07"
                    ],
                    [
                        "-67.32",
                        "27.14"
                    ],
                    [
                        "-66.94",
                        "27.36"
                    ],
                    [
                        "-66.83",
                        "27.41"
                    ]
                ]
            },
            "properties": {
                "forecastId": null,
                "geometryId": null,
                "tag": "1C",
                "forecastHour": 3,
                "hazard": "FZLVL",
                "frequency": null,
                "severity": null,
                "status": "NRML",
                "base": null,
                "top": null,
                "fzlBase": null,
                "fzlTop": null,
                "level": "160",
                "product": "ZULU",
                "rawAirSigmet": null,
                "validTimeTo": "2026-09-26T12:00:00.000",
                "validTimeFrom": [
                    "2026-09-26T08:45"
                ]
            }
        },
        {
            "type": "Feature",
            "geometry": {
                "type": "Polygon",
                "coordinates": [
                    [
                        [
                            "-119.86",
                            "53.68"
                        ],
                        [
                            "-119.85",
                            "53.36"
                        ],
                        [
                            "-119.65",
                            "53.06"
                        ],
                        [
                            "-119.47",
                            "52.95"
                        ],
                        [
                            "-118.90",
                            "52.84"
                        ],
                        [
                            "-118.73",
                            "53.16"
                        ],
                        [
                            "-118.82",
                            "53.47"
                        ],
                        [
                            "-119.10",
                            "53.76"
                        ],
                        [
                            "-119.19",
                            "53.80"
                        ],
                        [
                            "-119.75",
                            "53.87"
                        ],
                        [
                            "-119.86",
                            "53.68"
                        ]
                    ]
                ]
            },
            "properties": {
                "forecastId": null,
                "geometryId": null,
                "tag": "1C",
                "forecastHour": 3,
                "hazard": "FZLVL",
                "frequency": null,
                "severity": null,
                "status": "NRML",
                "base": null,
                "top": null,
                "fzlBase": null,
                "fzlTop": null,
                "level": "SFC",
                "product": "ZULU",
                "rawAirSigmet": null,
                "validTimeTo": "2026-09-26T12:00:00.000",
                "validTimeFrom": [
                    "2026-09-26T08:45"
                ]
            }
        },
        {
            "type": "Feature",
            "geometry": {
                "type": "Polygon",
                "coordinates": [
                    [
                        [
                            "-114.86",
                            "49.00"
                        ],
                        [
                            "-111.95",
                            "48.97"
                        ],
                        [
                            "-110.35",
                            "47.47"
                        ],
                        [
                            "-109.69",
                            "45.64"
                        ],
                        [
                            "-108.79",
                            "44.18"
                        ],
                        [
                            "-108.41",
                            "42.98"
                        ],
                        [
                            "-109.34",
                            "42.53"
                        ],
                        [
                            "-110.48",
                            "42.90"
                        ],
                        [
                            "-110.89",
                            "43.74"
                        ],
                        [
                            "-111.30",
                            "44.88"
                        ],
                        [
                            "-112.51",
                            "46.37"
                        ],
                        [
                            "-113.86",
                            "47.41"
                        ],
                        [
                            "-114.86",
                            "49.00"
                        ]
                    ]
                ]
            },
            "properties": {
                "forecastId": null,
                "geometryId": null,
                "tag": "3W",
                "forecastHour": 3,
                "hazard": "TURB-LO",
                "frequency": null,
                "severity": "MOD",
                "status": "NRML",
                "base": "SFC",
                "top": "140",
                "fzlBase": null,
                "fzlTop": null,
                "level": null,
                "product": "TANGO",
                "rawAirSigmet": "MTN WAVE",
                "validTimeTo": "2026-09-26T12:00:00.000",
                "validTimeFrom": [
                    "2026-09-26T08:45"
                ]
            }
        },
        {
            "type": "Feature",
            "geometry": {
                "type": "Polygon",
                "coordinates": [
                    [
                        [
                            "-115.31",
                            "48.98"
                        ],
                        [
                            "-113.45",
                            "48.92"
                        ],
                        [
                            "-112.53",
                            "47.38"
                        ],
                        [
                            "-112.86",
                            "46.30"
                        ],
                        [
                            "-112.87",
                            "45.88"
                        ],
                        [
                            "-113.35",
                            "45.68"
                        ],
                        [
                            "-113.75",
                            "46.29"
                        ],
                        [
                            "-114.57",
                            "46.01"
                        ],
                        [
                            "-115.91",
                            "46.70"
                        ],
                        [
                            "-116.48",
                            "47.90"
                        ],
                        [
                            "-117.03",
                            "48.92"
                        ],
                        [
                            "-115.31",
                            "48.98"
                        ]
                    ]
                ]
            },
            "properties": {
                "forecastId": null,
                "geometryId": null,
                "tag": "2E",
                "forecastHour": 3,
                "hazard": "MT_OBSC",
                "frequency": null,
                "severity": null,
                "status": "NRML",
                "base": null,
                "top": null,
                "fzlBase": null,
                "fzlTop": null,
                "level": null,
                "product": "SIERRA",
                "rawAirSigmet": "MTNS OBSC BY CLDS PCPN BR",
                "validTimeTo": "2026-09-26T12:00:00.000",
                "validTimeFrom": [
                    "2026-09-26T11:31"
                ]
            }
        },
        {
            "type": "Feature",
            "geometry": {
                "type": "Polygon",
                "coordinates": [
                    [
                        [
                            "-66.95",
                            "43.16"
                        ],
                        [
                            "-67.06",
                            "40.68"
                        ],
                        [
                            "-71.45",
                            "39.77"
                        ],
                        [
                            "-72.88",
                            "38.29"
                        ],
                        [
                            "-72.70",
                            "36.56"
                        ],
                        [
                            "-74.47",
                            "37.42"
                        ],
                        [
                            "-75.78",
                            "38.59"
                        ],
                        [
                            "-74.24",
                            "40.17"
                        ],
                        [
                            "-71.97",
                            "42.02"
                        ],
                        [
                            "-70.50",
                            "42.72"
                        ],
                        [
                            "-68.70",
                            "43.00"
                        ],
                        [
                            "-66.95",
                            "43.16"
                        ]
                    ]
                ]
            },
            "properties": {
                "forecastId": null,
                "geometryId": null,
                "tag": "3E",
                "forecastHour": 3,
                "hazard": "IFR",
                "frequency": null,
                "severity": null,
                "status": "AMD",
                "base": null,
                "top": null,
                "fzlBase": null,
                "fzlTop": null,
                "level": null,
                "product": "SIERRA",
                "rawAirSigmet": "CIG BLW 010 VIS BLW 3SM PCPN BR",
                "validTimeTo": "2026-09-26T12:00:00.000",
                "validTimeFrom": [
                    "2026-09-26T11:31"
                ]
            }
        },
        {
            "type": "Feature",
            "geometry": {
                "type": "Polygon",
                "coordinates": [
                    [
                        [
                            "-67.67",
                            "43.42"
                        ],
                        [
                            "-67.12",
                            "43.38"
                        ],
                        [
                            "-67.04",
                            "40.85"
                        ],
                        [
                            "-69.54",
                            "39.81"
                        ],
                        [
                            "-70.77",
                            "39.19"
                        ],
                        [
                            "-70.91",
                            "38.97"
                        ],
                        [
                            "-69.99",
                            "38.81"
                        ],
                        [
                            "-69.07",
                            "38.21"
                        ],
                        [
                            "-71.37",
                            "37.48"
                        ],
                        [
                            "-71.70",
                            "38.09"
                        ],
                        [
                            "-72.27",
                            "38.46"
                        ],
                        [
                            "-72.74",
                            "38.08"
                        ],
                        [
                            "-72.81",
                            "37.30"
                        ],
                        [
                            "-72.44",
                            "37.04"
                        ],
                        [
                            "-72.58",
                            "34.90"
                        ],
                        [
                            "-73.42",
                            "34.59"
                        ],
                        [
                            "-74.14",
                            "34.65"
                        ],
                        [
                            "-74.84",
                            "35.61"
                        ],
                        [
                            "-75.65",
                            "36.34"
                        ],
                        [
                            "-76.01",
                            "36.93"
                        ],
                        [
                            "-76.26",
                            "37.20"
                        ],
                        [
                            "-76.31",
                            "37.60"
                        ],
                        [
                            "-76.24",
                            "37.97"
                        ],
                        [
                            "-76.21",
                            "38.15"
                        ],
                        [
                            "-76.06",
                            "38.11"
                        ],
                        [
                            "-75.89",
                            "37.88"
                        ],
                        [
                            "-75.93",
                            "37.61"
                        ],
                        [
                            "-75.97",
                            "37.25"
                        ],
                        [
                            "-75.81",
                            "37.21"
                        ],
                        [
                            "-75.68",
                            "37.36"
                        ],
                        [
                            "-75.57",
                            "37.60"
                        ],
                        [
                            "-75.46",
                            "37.89"
                        ],
                        [
                            "-75.17",
                            "38.40"
                        ],
                        [
                            "-75.24",
                            "38.97"
                        ],
                        [
                            "-74.96",
                            "39.24"
                        ],
                        [
                            "-74.49",
                            "39.32"
                        ],
                        [
                            "-74.07",
                            "40.22"
                        ],
                        [
                            "-73.83",
                            "40.56"
                        ],
                        [
                            "-73.16",
                            "40.83"
                        ],
                        [
                            "-72.84",
                            "40.92"
                        ],
                        [
                            "-72.89",
                            "41.17"
                        ],
                        [
                            "-72.68",
                            "41.27"
                        ],
                        [
                            "-71.79",
                            "41.26"
                        ],
                        [
                            "-71.20",
                            "41.47"
                        ],
                        [
                            "-70.15",
                            "41.60"
                        ],
                        [
                            "-69.77",
                            "41.96"
                        ],
                        [
                            "-69.93",
                            "42.17"
                        ],
                        [
                            "-69.89",
                            "42.46"
                        ],
                        [
                            "-68.79",
                            "43.02"
                        ],
                        [
                            "-67.67",
                            "43.42"
                        ]
                    ]
                ]
            },
            "properties": {
                "forecastId": null,
                "geometryId": null,
                "tag": "1W",
                "forecastHour": 3,
                "hazard": "SFC_WND",
                "frequency": null,
                "severity": null,
                "status": "NRML",
                "base": null,
                "top": null,
                "fzlBase": null,
                "fzlTop": null,
                "level": null,
                "product": "TANGO",
                "rawAirSigmet": "USTAINED SFC WINDS GREATER THAN 30 KTS",
                "validTimeTo": "2026-09-26T12:00:00.000",
                "validTimeFrom": [
                    "2026-09-26T08:45"
                ]
            }
        },
        {
            "type": "Feature",
            "geometry": {
                "type": "Polygon",
                "coordinates": [
                    [
                        [
                            "-114.02",
                            "49.15"
                        ],
                        [
                            "-112.88",
                            "48.33"
                        ],
                        [
                            "-112.53",
                            "47.59"
                        ],
                        [
                            "-113.77",
                            "47.39"
                        ],
                        [
                            "-115.27",
                            "47.94"
                        ],
                        [
                            "-117.04",
                            "47.93"
                        ],
                        [
                            "-118.71",
                            "48.09"
                        ],
                        [
                            "-120.51",
                            "48.21"
                        ],
                        [
                            "-122.09",
                            "49.05"
                        ],
                        [
                            "-118.37",
                            "49.01"
                        ],
                        [
                            "-115.97",
                            "49.10"
                        ],
                        [
                            "-114.02",
                            "49.15"
                        ]
                    ]
                ]
            },
            "properties": {
                "forecastId": null,
                "geometryId": null,
                "tag": "5C",
                "forecastHour": 3,
                "hazard": "ICE",
                "frequency": null,
                "severity": "MOD",
                "status": "NRML",
                "base": "060",
                "top": "160",
                "fzlBase": null,
                "fzlTop": null,
                "level": null,
                "product": "ZULU",
                "rawAirSigmet": "ICE",
                "validTimeTo": "2026-09-26T12:00:00.000",
                "validTimeFrom": [
                    "2026-09-26T08:45"
                ]
            }
        },
        {
            "type": "Feature",
            "geometry": {
                "type": "Polygon",
                "coordinates": [
                    [
                        [
                            "-121.10",
                            "49.05"
                        ],
                        [
                            "-119.11",
                            "48.91"
                        ],
                        [
                            "-119.70",
                            "47.95"
                        ],
                        [
                            "-120.09",
                            "46.95"
                        ],
                        [
                            "-121.12",
                            "46.44"
                        ],
                        [
                            "-121.73",
                            "46.83"
                        ],
                        [
                            "-121.34",
                            "47.61"
                        ],
                        [
                            "-121.10",
                            "49.05"
                        ]
                    ]
                ]
            },
            "properties": {
                "forecastId": null,
                "geometryId": null,
                "tag": "1W",
                "forecastHour": 3,
                "hazard": "TURB-LO",
                "frequency": null,
                "severity": "MOD",
                "status": "NRML",
                "base": "SFC",
                "top": "100",
                "fzlBase": null,
                "fzlTop": null,
                "level": null,
                "product": "TANGO",
                "rawAirSigmet": "MTN WAVE",
                "validTimeTo": "2026-09-26T12:00:00.000",
                "validTimeFrom": [
                    "2026-09-26T08:45"
                ]
            }
        },
        {
            "type": "Feature",
            "geometry": {
                "type": "Polygon",
                "coordinates": [
                    [
                        [
                            "-83.08",
                            "35.66"
                        ],
                        [
                            "-82.51",
                            "35.63"
                        ],
                        [
                            "-82.24",
                            "35.45"
                        ],
                        [
                            "-82.66",
                            "34.92"
                        ],
                        [
                            "-83.51",
                            "34.83"
                        ],
                        [
                            "-83.91",
                            "35.08"
                        ],
                        [
                            "-83.86",
                            "35.48"
                        ],
                        [
                            "-83.08",
                            "35.66"
                        ]
                    ]
                ]
            },
            "properties": {
                "forecastId": null,
                "geometryId": null,
                "tag": "8E",
                "forecastHour": 3,
                "hazard": "IFR",
                "frequency": null,
                "severity": null,
                "status": "NRML",
                "base": null,
                "top": null,
                "fzlBase": null,
                "fzlTop": null,
                "level": null,
                "product": "SIERRA",
                "rawAirSigmet": "CIG BLW 010 VIS BLW 3SM BR FG",
                "validTimeTo": "2026-09-26T12:00:00.000",
                "validTimeFrom": [
                    "2026-09-26T11:31"
                ]
            }
        },
        {
            "type": "Feature",
            "geometry": {
                "type": "LineString",
                "coordinates": [
                    [
                        "-77.47",
                        "57.76"
                    ],
                    [
                        "-76.56",
                        "56.96"
                    ],
                    [
                        "-75.10",
                        "56.36"
                    ],
                    [
                        "-74.07",
                        "55.83"
                    ],
                    [
                        "-72.57",
                        "55.25"
                    ],
                    [
                        "-72.14",
                        "54.53"
                    ],
                    [
                        "-71.17",
                        "53.79"
                    ],
                    [
                        "-69.33",
                        "53.36"
                    ],
                    [
                        "-67.83",
                        "52.97"
                    ],
                    [
                        "-66.84",
                        "52.86"
                    ],
                    [
                        "-66.17",
                        "53.09"
                    ],
                    [
                        "-65.00",
                        "53.70"
                    ],
                    [
                        "-64.31",
                        "53.80"
                    ],
                    [
                        "-63.26",
                        "53.57"
                    ],
                    [
                        "-61.61",
                        "53.59"
                    ],
                    [
                        "-60.06",
                        "53.31"
                    ],
                    [
                        "-58.71",
                        "52.70"
                    ]
                ]
            },
            "properties": {
                "forecastId": null,
                "geometryId": null,
                "tag": "1C",
                "forecastHour": 3,
                "hazard": "FZLVL",
                "frequency": null,
                "severity": null,
                "status": "NRML",
                "base": null,
                "top": null,
                "fzlBase": null,
                "fzlTop": null,
                "level": "080",
                "product": "ZULU",
                "rawAirSigmet": null,
                "validTimeTo": "2026-09-26T12:00:00.000",
                "validTimeFrom": [
                    "2026-09-26T08:45"
                ]
            }
        },
        {
            "type": "Feature",
            "geometry": {
                "type": "LineString",
                "coordinates": [
                    [
                        "-132.65",
                        "38.43"
                    ],
                    [
                        "-131.11",
                        "38.95"
                    ],
                    [
                        "-130.17",
                        "39.44"
                    ],
                    [
                        "-128.22",
                        "39.58"
                    ],
                    [
                        "-126.39",
                        "40.04"
                    ],
                    [
                        "-124.83",
                        "40.85"
                    ],
                    [
                        "-123.85",
                        "41.09"
                    ],
                    [
                        "-122.72",
                        "41.02"
                    ],
                    [
                        "-120.61",
                        "41.03"
                    ],
                    [
                        "-118.45",
                        "41.47"
                    ],
                    [
                        "-114.92",
                        "42.73"
                    ],
                    [
                        "-111.81",
                        "44.07"
                    ],
                    [
                        "-110.35",
                        "44.66"
                    ],
                    [
                        "-109.14",
                        "45.60"
                    ],
                    [
                        "-108.27",
                        "46.63"
                    ],
                    [
                        "-107.67",
                        "47.84"
                    ],
                    [
                        "-106.83",
                        "50.50"
                    ],
                    [
                        "-105.39",
                        "52.57"
                    ],
                    [
                        "-105.18",
                        "53.40"
                    ],
                    [
                        "-105.38",
                        "54.22"
                    ],
                    [
                        "-105.79",
                        "55.70"
                    ],
                    [
                        "-107.10",
                        "58.08"
                    ]
                ]
            },
            "properties": {
                "forecastId": null,
                "geometryId": null,
                "tag": "1C",
                "forecastHour": 3,
                "hazard": "FZLVL",
                "frequency": null,
                "severity": null,
                "status": "NRML",
                "base": null,
                "top": null,
                "fzlBase": null,
                "fzlTop": null,
                "level": "120",
                "product": "ZULU",
                "rawAirSigmet": null,
                "validTimeTo": "2026-09-26T12:00:00.000",
                "validTimeFrom": [
                    "2026-09-26T08:45"
                ]
            }
        },
        {
            "type": "Feature",
            "geometry": {
                "type": "Polygon",
                "coordinates": [
                    [
                        [
                            "-122.55",
                            "48.85"
                        ],
                        [
                            "-120.83",
                            "48.84"
                        ],
                        [
                            "-121.22",
                            "46.85"
                        ],
                        [
                            "-123.07",
                            "46.89"
                        ],
                        [
                            "-122.55",
                            "48.85"
                        ]
                    ]
                ]
            },
            "properties": {
                "forecastId": null,
                "geometryId": null,
                "tag": "6E",
                "forecastHour": 3,
                "hazard": "IFR",
                "frequency": null,
                "severity": null,
                "status": "NRML",
                "base": null,
                "top": null,
                "fzlBase": null,
                "fzlTop": null,
                "level": null,
                "product": "SIERRA",
                "rawAirSigmet": "CIG BLW 010 VIS BLW 3SM BR FG",
                "validTimeTo": "2026-09-26T12:00:00.000",
                "validTimeFrom": [
                    "2026-09-26T11:31"
                ]
            }
        },
        {
            "type": "Feature",
            "geometry": {
                "type": "LineString",
                "coordinates": [
                    [
                        "-127.20",
                        "20.50"
                    ],
                    [
                        "-124.03",
                        "23.81"
                    ],
                    [
                        "-122.88",
                        "25.41"
                    ],
                    [
                        "-122.28",
                        "26.14"
                    ],
                    [
                        "-122.80",
                        "27.07"
                    ],
                    [
                        "-123.64",
                        "27.56"
                    ],
                    [
                        "-124.17",
                        "28.46"
                    ],
                    [
                        "-124.05",
                        "29.52"
                    ],
                    [
                        "-123.48",
                        "30.45"
                    ],
                    [
                        "-122.10",
                        "31.82"
                    ],
                    [
                        "-120.15",
                        "33.14"
                    ],
                    [
                        "-118.92",
                        "33.60"
                    ],
                    [
                        "-118.20",
                        "33.59"
                    ],
                    [
                        "-117.68",
                        "33.27"
                    ],
                    [
                        "-117.16",
                        "32.31"
                    ],
                    [
                        "-116.41",
                        "31.65"
                    ],
                    [
                        "-113.68",
                        "31.39"
                    ],
                    [
                        "-112.52",
                        "31.11"
                    ],
                    [
                        "-111.93",
                        "30.09"
                    ],
                    [
                        "-111.27",
                        "28.73"
                    ],
                    [
                        "-111.50",
                        "28.14"
                    ],
                    [
                        "-111.20",
                        "27.59"
                    ],
                    [
                        "-110.22",
                        "27.15"
                    ],
                    [
                        "-109.06",
                        "27.47"
                    ],
                    [
                        "-107.98",
                        "27.56"
                    ],
                    [
                        "-106.97",
                        "27.24"
                    ],
                    [
                        "-106.56",
                        "27.42"
                    ],
                    [
                        "-106.54",
                        "28.08"
                    ],
                    [
                        "-106.53",
                        "29.30"
                    ],
                    [
                        "-105.99",
                        "29.93"
                    ],
                    [
                        "-104.84",
                        "29.95"
                    ],
                    [
                        "-104.38",
                        "29.60"
                    ],
                    [
                        "-104.20",
                        "28.93"
                    ],
                    [
                        "-104.13",
                        "27.77"
                    ],
                    [
                        "-103.21",
                        "27.48"
                    ],
                    [
                        "-102.54",
                        "28.42"
                    ],
                    [
                        "-102.77",
                        "29.78"
                    ],
                    [
                        "-102.44",
                        "30.57"
                    ],
                    [
                        "-101.13",
                        "30.77"
                    ],
                    [
                        "-98.40",
                        "31.32"
                    ],
                    [
                        "-97.36",
                        "31.65"
                    ],
                    [
                        "-96.47",
                        "32.33"
                    ],
                    [
                        "-95.69",
                        "32.91"
                    ],
                    [
                        "-94.53",
                        "33.46"
                    ],
                    [
                        "-93.65",
                        "33.69"
                    ],
                    [
                        "-92.37",
                        "33.55"
                    ],
                    [
                        "-91.44",
                        "33.11"
                    ],
                    [
                        "-89.82",
                        "32.98"
                    ],
                    [
                        "-87.49",
                        "32.23"
                    ],
                    [
                        "-86.26",
                        "32.41"
                    ],
                    [
                        "-85.04",
                        "32.79"
                    ],
                    [
                        "-80.37",
                        "31.44"
                    ],
                    [
                        "-79.88",
                        "30.60"
                    ],
                    [
                        "-79.12",
                        "29.82"
                    ],
                    [
                        "-78.26",
                        "29.05"
                    ],
                    [
                        "-77.40",
                        "28.56"
                    ],
                    [
                        "-74.87",
                        "28.01"
                    ],
                    [
                        "-73.34",
                        "27.88"
                    ],
                    [
                        "-71.83",
                        "27.53"
                    ],
                    [
                        "-70.97",
                        "27.02"
                    ],
                    [
                        "-70.57",
                        "25.92"
                    ],
                    [
                        "-71.22",
                        "25.03"
                    ],
                    [
                        "-72.39",
                        "24.71"
                    ],
                    [
                        "-73.80",
                        "23.70"
                    ],
                    [
                        "-74.45",
                        "22.93"
                    ],
                    [
                        "-74.46",
                        "22.23"
                    ],
                    [
                        "-74.89",
                        "21.77"
                    ],
                    [
                        "-75.89",
                        "22.28"
                    ],
                    [
                        "-77.03",
                        "22.20"
                    ],
                    [
                        "-78.63",
                        "20.83"
                    ],
                    [
                        "-80.42",
                        "20.30"
                    ],
                    [
                        "-81.81",
                        "20.26"
                    ],
                    [
                        "-82.13",
                        "19.13"
                    ]
                ]
            },
            "properties": {
                "forecastId": null,
                "geometryId": null,
                "tag": "1C",
                "forecastHour": 3,
                "hazard": "FZLVL",
                "frequency": null,
                "severity": null,
                "status": "NRML",
                "base": null,
                "top": null,
                "fzlBase": null,
                "fzlTop": null,
                "level": "160",
                "product": "ZULU",
                "rawAirSigmet": null,
                "validTimeTo": "2026-09-26T12:00:00.000",
                "validTimeFrom": [
                    "2026-09-26T08:45"
                ]
            }
        },
        {
            "type": "Feature",
            "geometry": {
                "type": "Polygon",
                "coordinates": [
                    [
                        [
                            "-118.10",
                            "52.57"
                        ],
                        [
                            "-118.08",
                            "52.25"
                        ],
                        [
                            "-117.79",
                            "51.96"
                        ],
                        [
                            "-117.52",
                            "51.73"
                        ],
                        [
                            "-117.37",
                            "51.67"
                        ],
                        [
                            "-116.94",
                            "51.52"
                        ],
                        [
                            "-116.57",
                            "51.75"
                        ],
                        [
                            "-116.74",
                            "52.06"
                        ],
                        [
                            "-117.04",
                            "52.36"
                        ],
                        [
                            "-117.19",
                            "52.46"
                        ],
                        [
                            "-117.72",
                            "52.61"
                        ],
                        [
                            "-117.77",
                            "52.63"
                        ],
                        [
                            "-118.10",
                            "52.57"
                        ]
                    ]
                ]
            },
            "properties": {
                "forecastId": null,
                "geometryId": null,
                "tag": "1C",
                "forecastHour": 3,
                "hazard": "FZLVL",
                "frequency": null,
                "severity": null,
                "status": "NRML",
                "base": null,
                "top": null,
                "fzlBase": null,
                "fzlTop": null,
                "level": "SFC",
                "product": "ZULU",
                "rawAirSigmet": null,
                "validTimeTo": "2026-09-26T12:00:00.000",
                "validTimeFrom": [
                    "2026-09-26T08:45"
                ]
            }
        },
        {
            "type": "Feature",
            "geometry": {
                "type": "Polygon",
                "coordinates": [
                    [
                        [
                            "-72.57",
                            "43.54"
                        ],
                        [
                            "-70.39",
                            "43.30"
                        ],
                        [
                            "-69.82",
                            "42.74"
                        ],
                        [
                            "-69.51",
                            "42.16"
                        ],
                        [
                            "-69.63",
                            "41.60"
                        ],
                        [
                            "-70.50",
                            "41.16"
                        ],
                        [
                            "-72.28",
                            "40.73"
                        ],
                        [
                            "-74.34",
                            "39.14"
                        ],
                        [
                            "-75.84",
                            "36.98"
                        ],
                        [
                            "-77.87",
                            "37.51"
                        ],
                        [
                            "-78.44",
                            "38.85"
                        ],
                        [
                            "-77.80",
                            "40.64"
                        ],
                        [
                            "-75.98",
                            "42.17"
                        ],
                        [
                            "-72.57",
                            "43.54"
                        ]
                    ]
                ]
            },
            "properties": {
                "forecastId": null,
                "geometryId": null,
                "tag": "2W",
                "forecastHour": 3,
                "hazard": "TURB-LO",
                "frequency": null,
                "severity": "MOD",
                "status": "NRML",
                "base": "SFC",
                "top": "080",
                "fzlBase": null,
                "fzlTop": null,
                "level": null,
                "product": "TANGO",
                "rawAirSigmet": null,
                "validTimeTo": "2026-09-26T12:00:00.000",
                "validTimeFrom": [
                    "2026-09-26T08:45"
                ]
            }
        },
        {
            "type": "Feature",
            "geometry": {
                "type": "Polygon",
                "coordinates": [
                    [
                        [
                            "-122.69",
                            "48.95"
                        ],
                        [
                            "-120.31",
                            "48.89"
                        ],
                        [
                            "-120.62",
                            "47.86"
                        ],
                        [
                            "-121.19",
                            "47.31"
                        ],
                        [
                            "-121.63",
                            "46.90"
                        ],
                        [
                            "-121.44",
                            "46.23"
                        ],
                        [
                            "-121.98",
                            "45.78"
                        ],
                        [
                            "-122.79",
                            "45.66"
                        ],
                        [
                            "-123.59",
                            "45.80"
                        ],
                        [
                            "-123.61",
                            "46.46"
                        ],
                        [
                            "-123.15",
                            "47.18"
                        ],
                        [
                            "-122.30",
                            "47.80"
                        ],
                        [
                            "-122.69",
                            "48.95"
                        ]
                    ]
                ]
            },
            "properties": {
                "forecastId": null,
                "geometryId": null,
                "tag": "3E",
                "forecastHour": 3,
                "hazard": "MT_OBSC",
                "frequency": null,
                "severity": null,
                "status": "NRML",
                "base": null,
                "top": null,
                "fzlBase": null,
                "fzlTop": null,
                "level": null,
                "product": "SIERRA",
                "rawAirSigmet": "MTNS OBSC BY CLDS PCPN BR",
                "validTimeTo": "2026-09-26T12:00:00.000",
                "validTimeFrom": [
                    "2026-09-26T11:31"
                ]
            }
        },
        {
            "type": "Feature",
            "geometry": {
                "type": "Polygon",
                "coordinates": [
                    [
                        [
                            "-88.50",
                            "48.35"
                        ],
                        [
                            "-84.95",
                            "46.98"
                        ],
                        [
                            "-84.63",
                            "46.42"
                        ],
                        [
                            "-85.37",
                            "46.15"
                        ],
                        [
                            "-84.11",
                            "45.60"
                        ],
                        [
                            "-83.34",
                            "45.06"
                        ],
                        [
                            "-83.53",
                            "44.23"
                        ],
                        [
                            "-83.85",
                            "44.06"
                        ],
                        [
                            "-82.55",
                            "43.98"
                        ],
                        [
                            "-83.56",
                            "42.81"
                        ],
                        [
                            "-84.85",
                            "41.93"
                        ],
                        [
                            "-86.49",
                            "43.86"
                        ],
                        [
                            "-86.57",
                            "44.41"
                        ],
                        [
                            "-85.81",
                            "45.41"
                        ],
                        [
                            "-86.60",
                            "45.48"
                        ],
                        [
                            "-87.41",
                            "44.32"
                        ],
                        [
                            "-87.93",
                            "43.32"
                        ],
                        [
                            "-88.39",
                            "43.29"
                        ],
                        [
                            "-88.48",
                            "44.18"
                        ],
                        [
                            "-89.42",
                            "45.00"
                        ],
                        [
                            "-90.38",
                            "45.77"
                        ],
                        [
                            "-91.87",
                            "46.30"
                        ],
                        [
                            "-92.72",
                            "46.79"
                        ],
                        [
                            "-91.81",
                            "47.37"
                        ],
                        [
                            "-90.93",
                            "47.79"
                        ],
                        [
                            "-88.50",
                            "48.35"
                        ]
                    ]
                ]
            },
            "properties": {
                "forecastId": null,
                "geometryId": null,
                "tag": "5E",
                "forecastHour": 3,
                "hazard": "IFR",
                "frequency": null,
                "severity": null,
                "status": "AMD",
                "base": null,
                "top": null,
                "fzlBase": null,
                "fzlTop": null,
                "level": null,
                "product": "SIERRA",
                "rawAirSigmet": "CIG BLW 010 VIS BLW 3SM BR FG",
                "validTimeTo": "2026-09-26T12:00:00.000",
                "validTimeFrom": [
                    "2026-09-26T11:31"
                ]
            }
        },
        {
            "type": "Feature",
            "geometry": {
                "type": "Polygon",
                "coordinates": [
                    [
                        [
                            "-112.73",
                            "49.03"
                        ],
                        [
                            "-109.46",
                            "49.00"
                        ],
                        [
                            "-108.12",
                            "49.02"
                        ],
                        [
                            "-106.19",
                            "49.02"
                        ],
                        [
                            "-105.31",
                            "47.73"
                        ],
                        [
                            "-105.28",
                            "46.71"
                        ],
                        [
                            "-105.75",
                            "45.93"
                        ],
                        [
                            "-106.88",
                            "45.52"
                        ],
                        [
                            "-107.99",
                            "46.27"
                        ],
                        [
                            "-108.77",
                            "46.86"
                        ],
                        [
                            "-111.41",
                            "46.96"
                        ],
                        [
                            "-113.04",
                            "47.41"
                        ],
                        [
                            "-113.23",
                            "48.20"
                        ],
                        [
                            "-112.73",
                            "49.03"
                        ]
                    ]
                ]
            },
            "properties": {
                "forecastId": null,
                "geometryId": null,
                "tag": "1W",
                "forecastHour": 3,
                "hazard": "LLWS",
                "frequency": null,
                "severity": null,
                "status": "NRML",
                "base": null,
                "top": null,
                "fzlBase": null,
                "fzlTop": null,
                "level": null,
                "product": "TANGO",
                "rawAirSigmet": "AIR SPEED LOSS OR GAIN OF 20KTS OR MORE BELOW 2000 FT AGL",
                "validTimeTo": "2026-09-26T12:00:00.000",
                "validTimeFrom": [
                    "2026-09-26T08:45"
                ]
            }
        },
        {
            "type": "Feature",
            "geometry": {
                "type": "Polygon",
                "coordinates": [
                    [
                        [
                            "-105.98",
                            "42.19"
                        ],
                        [
                            "-104.81",
                            "41.95"
                        ],
                        [
                            "-104.43",
                            "40.92"
                        ],
                        [
                            "-104.78",
                            "39.97"
                        ],
                        [
                            "-104.20",
                            "37.94"
                        ],
                        [
                            "-104.19",
                            "36.44"
                        ],
                        [
                            "-105.05",
                            "35.76"
                        ],
                        [
                            "-105.85",
                            "35.78"
                        ],
                        [
                            "-106.18",
                            "36.20"
                        ],
                        [
                            "-106.15",
                            "37.33"
                        ],
                        [
                            "-106.29",
                            "38.35"
                        ],
                        [
                            "-106.78",
                            "39.04"
                        ],
                        [
                            "-107.06",
                            "40.27"
                        ],
                        [
                            "-107.14",
                            "41.64"
                        ],
                        [
                            "-105.98",
                            "42.19"
                        ]
                    ]
                ]
            },
            "properties": {
                "forecastId": null,
                "geometryId": null,
                "tag": "4W",
                "forecastHour": 3,
                "hazard": "TURB-LO",
                "frequency": null,
                "severity": "MOD",
                "status": "NRML",
                "base": "SFC",
                "top": "180",
                "fzlBase": null,
                "fzlTop": null,
                "level": null,
                "product": "TANGO",
                "rawAirSigmet": "MTN WAVE",
                "validTimeTo": "2026-09-26T12:00:00.000",
                "validTimeFrom": [
                    "2026-09-26T08:45"
                ]
            }
        },
        {
            "type": "Feature",
            "geometry": {
                "type": "Polygon",
                "coordinates": [
                    [
                        [
                            "-121.51",
                            "36.86"
                        ],
                        [
                            "-121.18",
                            "35.78"
                        ],
                        [
                            "-120.60",
                            "35.13"
                        ],
                        [
                            "-120.27",
                            "34.72"
                        ],
                        [
                            "-118.97",
                            "34.55"
                        ],
                        [
                            "-117.28",
                            "33.81"
                        ],
                        [
                            "-116.71",
                            "32.57"
                        ],
                        [
                            "-120.83",
                            "30.78"
                        ],
                        [
                            "-121.57",
                            "31.96"
                        ],
                        [
                            "-122.70",
                            "33.59"
                        ],
                        [
                            "-124.14",
                            "36.03"
                        ],
                        [
                            "-122.01",
                            "36.68"
                        ],
                        [
                            "-121.51",
                            "36.86"
                        ]
                    ]
                ]
            },
            "properties": {
                "forecastId": null,
                "geometryId": null,
                "tag": "2E",
                "forecastHour": 3,
                "hazard": "IFR",
                "frequency": null,
                "severity": null,
                "status": "NRML",
                "base": null,
                "top": null,
                "fzlBase": null,
                "fzlTop": null,
                "level": null,
                "product": "SIERRA",
                "rawAirSigmet": "CIG BLW 010 VIS BLW 3SM BR",
                "validTimeTo": "2026-09-26T12:00:00.000",
                "validTimeFrom": [
                    "2026-09-26T11:31"
                ]
            }
        },
        {
            "type": "Feature",
            "geometry": {
                "type": "LineString",
                "coordinates": [
                    [
                        "-121.36",
                        "56.99"
                    ],
                    [
                        "-121.36",
                        "56.37"
                    ],
                    [
                        "-121.42",
                        "55.73"
                    ],
                    [
                        "-120.78",
                        "55.33"
                    ],
                    [
                        "-120.17",
                        "55.18"
                    ],
                    [
                        "-119.40",
                        "55.00"
                    ],
                    [
                        "-118.55",
                        "54.77"
                    ],
                    [
                        "-117.77",
                        "54.55"
                    ],
                    [
                        "-117.19",
                        "54.41"
                    ],
                    [
                        "-116.61",
                        "54.29"
                    ],
                    [
                        "-115.50",
                        "54.24"
                    ],
                    [
                        "-114.44",
                        "54.31"
                    ],
                    [
                        "-113.86",
                        "54.57"
                    ],
                    [
                        "-114.03",
                        "55.19"
                    ],
                    [
                        "-114.22",
                        "55.65"
                    ],
                    [
                        "-114.40",
                        "56.09"
                    ],
                    [
                        "-114.55",
                        "56.70"
                    ],
                    [
                        "-114.56",
                        "57.00"
                    ],
                    [
                        "-114.49",
                        "57.62"
                    ]
                ]
            },
            "properties": {
                "forecastId": null,
                "geometryId": null,
                "tag": "1C",
                "forecastHour": 3,
                "hazard": "FZLVL",
                "frequency": null,
                "severity": null,
                "status": "NRML",
                "base": null,
                "top": null,
                "fzlBase": null,
                "fzlTop": null,
                "level": "040",
                "product": "ZULU",
                "rawAirSigmet": null,
                "validTimeTo": "2026-09-26T12:00:00.000",
                "validTimeFrom": [
                    "2026-09-26T08:45"
                ]
            }
        },
        {
            "type": "Feature",
            "geometry": {
                "type": "Polygon",
                "coordinates": [
                    [
                        [
                            "-95.69",
                            "40.40"
                        ],
                        [
                            "-94.85",
                            "39.84"
                        ],
                        [
                            "-94.96",
                            "39.06"
                        ],
                        [
                            "-95.86",
                            "38.31"
                        ],
                        [
                            "-96.62",
                            "37.76"
                        ],
                        [
                            "-97.47",
                            "37.50"
                        ],
                        [
                            "-98.03",
                            "37.96"
                        ],
                        [
                            "-97.79",
                            "38.85"
                        ],
                        [
                            "-97.22",
                            "39.45"
                        ],
                        [
                            "-95.69",
                            "40.40"
                        ]
                    ]
                ]
            },
            "properties": {
                "forecastId": null,
                "geometryId": null,
                "tag": "3W",
                "forecastHour": 3,
                "hazard": "LLWS",
                "frequency": null,
                "severity": null,
                "status": "NRML",
                "base": null,
                "top": null,
                "fzlBase": null,
                "fzlTop": null,
                "level": null,
                "product": "TANGO",
                "rawAirSigmet": "AIR SPEED LOSS OR GAIN OF 20KTS OR MORE BELOW 2000 FT AGL",
                "validTimeTo": "2026-09-26T12:00:00.000",
                "validTimeFrom": [
                    "2026-09-26T08:45"
                ]
            }
        },
        {
            "type": "Feature",
            "geometry": {
                "type": "Polygon",
                "coordinates": [
                    [
                        [
                            "-85.64",
                            "33.87"
                        ],
                        [
                            "-84.29",
                            "33.69"
                        ],
                        [
                            "-83.44",
                            "33.00"
                        ],
                        [
                            "-83.26",
                            "32.45"
                        ],
                        [
                            "-83.43",
                            "30.68"
                        ],
                        [
                            "-84.18",
                            "30.83"
                        ],
                        [
                            "-84.71",
                            "31.33"
                        ],
                        [
                            "-85.10",
                            "31.74"
                        ],
                        [
                            "-85.33",
                            "31.50"
                        ],
                        [
                            "-86.40",
                            "31.62"
                        ],
                        [
                            "-87.00",
                            "32.05"
                        ],
                        [
                            "-88.44",
                            "32.42"
                        ],
                        [
                            "-88.59",
                            "32.90"
                        ],
                        [
                            "-87.82",
                            "33.05"
                        ],
                        [
                            "-86.87",
                            "33.66"
                        ],
                        [
                            "-86.46",
                            "33.80"
                        ],
                        [
                            "-85.64",
                            "33.87"
                        ]
                    ]
                ]
            },
            "properties": {
                "forecastId": null,
                "geometryId": null,
                "tag": "7E",
                "forecastHour": 3,
                "hazard": "IFR",
                "frequency": null,
                "severity": null,
                "status": "NRML",
                "base": null,
                "top": null,
                "fzlBase": null,
                "fzlTop": null,
                "level": null,
                "product": "SIERRA",
                "rawAirSigmet": "CIG BLW 010 VIS BLW 3SM BR FG",
                "validTimeTo": "2026-09-26T12:00:00.000",
                "validTimeFrom": [
                    "2026-09-26T11:31"
                ]
            }
        },
        {
            "type": "Feature",
            "geometry": {
                "type": "Polygon",
                "coordinates": [
                    [
                        [
                            "-79.32",
                            "39.82"
                        ],
                        [
                            "-79.72",
                            "38.83"
                        ],
                        [
                            "-79.87",
                            "37.97"
                        ],
                        [
                            "-81.20",
                            "36.87"
                        ],
                        [
                            "-82.14",
                            "36.99"
                        ],
                        [
                            "-82.08",
                            "37.85"
                        ],
                        [
                            "-81.71",
                            "38.60"
                        ],
                        [
                            "-80.96",
                            "38.93"
                        ],
                        [
                            "-80.25",
                            "39.73"
                        ],
                        [
                            "-79.32",
                            "39.82"
                        ]
                    ]
                ]
            },
            "properties": {
                "forecastId": null,
                "geometryId": null,
                "tag": "6E",
                "forecastHour": 3,
                "hazard": "MT_OBSC",
                "frequency": null,
                "severity": null,
                "status": "NRML",
                "base": null,
                "top": null,
                "fzlBase": null,
                "fzlTop": null,
                "level": null,
                "product": "SIERRA",
                "rawAirSigmet": "MTNS OBSC BY CLDS BR FG",
                "validTimeTo": "2026-09-26T12:00:00.000",
                "validTimeFrom": [
                    "2026-09-26T11:31"
                ]
            }
        },
        {
            "type": "Feature",
            "geometry": {
                "type": "LineString",
                "coordinates": [
                    [
                        "-138.80",
                        "52.32"
                    ],
                    [
                        "-137.60",
                        "52.21"
                    ],
                    [
                        "-136.76",
                        "51.68"
                    ],
                    [
                        "-135.18",
                        "50.72"
                    ],
                    [
                        "-134.49",
                        "48.87"
                    ],
                    [
                        "-133.80",
                        "48.35"
                    ],
                    [
                        "-133.32",
                        "47.28"
                    ],
                    [
                        "-132.77",
                        "46.21"
                    ],
                    [
                        "-132.11",
                        "45.48"
                    ],
                    [
                        "-130.59",
                        "44.28"
                    ],
                    [
                        "-129.80",
                        "43.69"
                    ],
                    [
                        "-129.15",
                        "43.56"
                    ],
                    [
                        "-128.43",
                        "43.87"
                    ],
                    [
                        "-127.27",
                        "45.12"
                    ],
                    [
                        "-125.68",
                        "45.20"
                    ],
                    [
                        "-124.38",
                        "45.06"
                    ],
                    [
                        "-122.34",
                        "44.61"
                    ],
                    [
                        "-121.42",
                        "44.09"
                    ],
                    [
                        "-120.48",
                        "43.83"
                    ],
                    [
                        "-119.18",
                        "43.80"
                    ],
                    [
                        "-118.13",
                        "44.15"
                    ],
                    [
                        "-116.48",
                        "44.63"
                    ],
                    [
                        "-114.93",
                        "44.63"
                    ],
                    [
                        "-114.03",
                        "45.01"
                    ],
                    [
                        "-113.11",
                        "45.72"
                    ],
                    [
                        "-112.29",
                        "47.13"
                    ],
                    [
                        "-111.91",
                        "47.81"
                    ],
                    [
                        "-112.06",
                        "48.86"
                    ],
                    [
                        "-112.82",
                        "49.46"
                    ],
                    [
                        "-113.26",
                        "50.34"
                    ],
                    [
                        "-112.15",
                        "51.49"
                    ],
                    [
                        "-110.97",
                        "54.79"
                    ],
                    [
                        "-112.21",
                        "56.23"
                    ],
                    [
                        "-112.84",
                        "56.83"
                    ],
                    [
                        "-113.09",
                        "57.73"
                    ]
                ]
            },
            "properties": {
                "forecastId": null,
                "geometryId": null,
                "tag": "1C",
                "forecastHour": 3,
                "hazard": "FZLVL",
                "frequency": null,
                "severity": null,
                "status": "NRML",
                "base": null,
                "top": null,
                "fzlBase": null,
                "fzlTop": null,
                "level": "080",
                "product": "ZULU",
                "rawAirSigmet": null,
                "validTimeTo": "2026-09-26T12:00:00.000",
                "validTimeFrom": [
                    "2026-09-26T08:45"
                ]
            }
        },
        {
            "type": "Feature",
            "geometry": {
                "type": "Polygon",
                "coordinates": [
                    [
                        [
                            "-99.09",
                            "47.86"
                        ],
                        [
                            "-97.75",
                            "47.82"
                        ],
                        [
                            "-96.29",
                            "47.09"
                        ],
                        [
                            "-94.54",
                            "45.22"
                        ],
                        [
                            "-93.28",
                            "43.92"
                        ],
                        [
                            "-92.78",
                            "43.27"
                        ],
                        [
                            "-91.29",
                            "41.69"
                        ],
                        [
                            "-90.10",
                            "40.15"
                        ],
                        [
                            "-89.48",
                            "38.67"
                        ],
                        [
                            "-89.29",
                            "37.51"
                        ],
                        [
                            "-89.69",
                            "36.90"
                        ],
                        [
                            "-90.68",
                            "36.46"
                        ],
                        [
                            "-91.99",
                            "36.51"
                        ],
                        [
                            "-92.97",
                            "36.66"
                        ],
                        [
                            "-94.01",
                            "37.00"
                        ],
                        [
                            "-94.64",
                            "37.65"
                        ],
                        [
                            "-94.72",
                            "38.24"
                        ],
                        [
                            "-95.31",
                            "39.76"
                        ],
                        [
                            "-96.68",
                            "40.44"
                        ],
                        [
                            "-98.16",
                            "40.98"
                        ],
                        [
                            "-98.91",
                            "42.31"
                        ],
                        [
                            "-99.00",
                            "43.45"
                        ],
                        [
                            "-98.74",
                            "44.42"
                        ],
                        [
                            "-98.95",
                            "45.92"
                        ],
                        [
                            "-99.70",
                            "47.01"
                        ],
                        [
                            "-99.09",
                            "47.86"
                        ]
                    ]
                ]
            },
            "properties": {
                "forecastId": null,
                "geometryId": null,
                "tag": "3C",
                "forecastHour": 3,
                "hazard": "ICE",
                "frequency": null,
                "severity": "MOD",
                "status": "NRML",
                "base": "140",
                "top": "260",
                "fzlBase": null,
                "fzlTop": null,
                "level": null,
                "product": "ZULU",
                "rawAirSigmet": "ICE",
                "validTimeTo": "2026-09-26T12:00:00.000",
                "validTimeFrom": [
                    "2026-09-26T08:45"
                ]
            }
        },
        {
            "type": "Feature",
            "geometry": {
                "type": "LineString",
                "coordinates": [
                    [
                        "-96.54",
                        "58.36"
                    ],
                    [
                        "-95.81",
                        "57.41"
                    ],
                    [
                        "-94.30",
                        "56.86"
                    ],
                    [
                        "-91.16",
                        "55.79"
                    ],
                    [
                        "-89.80",
                        "55.23"
                    ],
                    [
                        "-87.97",
                        "54.74"
                    ],
                    [
                        "-86.20",
                        "54.49"
                    ],
                    [
                        "-84.18",
                        "54.69"
                    ],
                    [
                        "-81.87",
                        "54.49"
                    ],
                    [
                        "-79.94",
                        "54.13"
                    ],
                    [
                        "-76.39",
                        "53.12"
                    ],
                    [
                        "-72.89",
                        "52.20"
                    ],
                    [
                        "-71.27",
                        "51.70"
                    ],
                    [
                        "-70.11",
                        "50.83"
                    ],
                    [
                        "-69.19",
                        "48.63"
                    ],
                    [
                        "-68.41",
                        "47.84"
                    ],
                    [
                        "-68.20",
                        "47.29"
                    ],
                    [
                        "-67.13",
                        "47.03"
                    ],
                    [
                        "-66.30",
                        "46.84"
                    ],
                    [
                        "-65.82",
                        "46.43"
                    ],
                    [
                        "-64.80",
                        "45.58"
                    ],
                    [
                        "-63.54",
                        "45.17"
                    ],
                    [
                        "-61.84",
                        "44.82"
                    ]
                ]
            },
            "properties": {
                "forecastId": null,
                "geometryId": null,
                "tag": "1C",
                "forecastHour": 3,
                "hazard": "FZLVL",
                "frequency": null,
                "severity": null,
                "status": "NRML",
                "base": null,
                "top": null,
                "fzlBase": null,
                "fzlTop": null,
                "level": "120",
                "product": "ZULU",
                "rawAirSigmet": null,
                "validTimeTo": "2026-09-26T12:00:00.000",
                "validTimeFrom": [
                    "2026-09-26T08:45"
                ]
            }
        },
        {
            "type": "Feature",
            "geometry": {
                "type": "Polygon",
                "coordinates": [
                    [
                        [
                            "-97.42",
                            "48.96"
                        ],
                        [
                            "-96.07",
                            "48.51"
                        ],
                        [
                            "-94.70",
                            "47.53"
                        ],
                        [
                            "-94.55",
                            "46.08"
                        ],
                        [
                            "-93.94",
                            "43.39"
                        ],
                        [
                            "-92.75",
                            "41.80"
                        ],
                        [
                            "-92.79",
                            "40.98"
                        ],
                        [
                            "-92.88",
                            "40.47"
                        ],
                        [
                            "-93.71",
                            "39.97"
                        ],
                        [
                            "-94.83",
                            "40.26"
                        ],
                        [
                            "-95.69",
                            "40.42"
                        ],
                        [
                            "-96.29",
                            "40.01"
                        ],
                        [
                            "-97.37",
                            "39.24"
                        ],
                        [
                            "-98.73",
                            "38.72"
                        ],
                        [
                            "-99.13",
                            "37.41"
                        ],
                        [
                            "-99.91",
                            "37.00"
                        ],
                        [
                            "-100.65",
                            "37.09"
                        ],
                        [
                            "-100.73",
                            "37.67"
                        ],
                        [
                            "-100.70",
                            "38.55"
                        ],
                        [
                            "-101.84",
                            "38.31"
                        ],
                        [
                            "-102.75",
                            "38.27"
                        ],
                        [
                            "-102.51",
                            "39.45"
                        ],
                        [
                            "-102.97",
                            "40.83"
                        ],
                        [
                            "-102.95",
                            "42.20"
                        ],
                        [
                            "-101.48",
                            "43.47"
                        ],
                        [
                            "-103.04",
                            "44.52"
                        ],
                        [
                            "-103.97",
                            "44.63"
                        ],
                        [
                            "-104.81",
                            "46.14"
                        ],
                        [
                            "-103.87",
                            "46.90"
                        ],
                        [
                            "-103.66",
                            "48.90"
                        ],
                        [
                            "-97.42",
                            "48.96"
                        ]
                    ]
                ]
            },
            "properties": {
                "forecastId": null,
                "geometryId": null,
                "tag": "1E",
                "forecastHour": 3,
                "hazard": "IFR",
                "frequency": null,
                "severity": null,
                "status": "AMD",
                "base": null,
                "top": null,
                "fzlBase": null,
                "fzlTop": null,
                "level": null,
                "product": "SIERRA",
                "rawAirSigmet": "CIG BLW 010 VIS BLW 3SM PCPN BR FG",
                "validTimeTo": "2026-09-26T12:00:00.000",
                "validTimeFrom": [
                    "2026-09-26T11:31"
                ]
            }
        },
        {
            "type": "Feature",
            "geometry": {
                "type": "Polygon",
                "coordinates": [
                    [
                        [
                            "-88.05",
                            "46.12"
                        ],
                        [
                            "-85.56",
                            "45.45"
                        ],
                        [
                            "-83.21",
                            "42.32"
                        ],
                        [
                            "-82.17",
                            "41.67"
                        ],
                        [
                            "-83.37",
                            "39.67"
                        ],
                        [
                            "-86.66",
                            "39.99"
                        ],
                        [
                            "-88.59",
                            "42.16"
                        ],
                        [
                            "-89.26",
                            "43.39"
                        ],
                        [
                            "-89.45",
                            "45.28"
                        ],
                        [
                            "-88.05",
                            "46.12"
                        ]
                    ]
                ]
            },
            "properties": {
                "forecastId": null,
                "geometryId": null,
                "tag": "1W",
                "forecastHour": 3,
                "hazard": "TURB-HI",
                "frequency": null,
                "severity": "MOD",
                "status": "NRML",
                "base": "290",
                "top": "370",
                "fzlBase": null,
                "fzlTop": null,
                "level": null,
                "product": "TANGO",
                "rawAirSigmet": null,
                "validTimeTo": "2026-09-26T12:00:00.000",
                "validTimeFrom": [
                    "2026-09-26T08:45"
                ]
            }
        },
        {
            "type": "Feature",
            "geometry": {
                "type": "Polygon",
                "coordinates": [
                    [
                        [
                            "-105.90",
                            "32.58"
                        ],
                        [
                            "-105.26",
                            "32.35"
                        ],
                        [
                            "-104.94",
                            "31.46"
                        ],
                        [
                            "-105.14",
                            "30.88"
                        ],
                        [
                            "-106.22",
                            "31.77"
                        ],
                        [
                            "-107.76",
                            "31.54"
                        ],
                        [
                            "-108.25",
                            "32.08"
                        ],
                        [
                            "-107.81",
                            "32.18"
                        ],
                        [
                            "-106.41",
                            "32.39"
                        ],
                        [
                            "-105.90",
                            "32.58"
                        ]
                    ]
                ]
            },
            "properties": {
                "forecastId": null,
                "geometryId": null,
                "tag": "1E",
                "forecastHour": 3,
                "hazard": "MT_OBSC",
                "frequency": null,
                "severity": null,
                "status": "NRML",
                "base": null,
                "top": null,
                "fzlBase": null,
                "fzlTop": null,
                "level": null,
                "product": "SIERRA",
                "rawAirSigmet": "MTNS OBSC BY CLDS PCPN BR",
                "validTimeTo": "2026-09-26T12:00:00.000",
                "validTimeFrom": [
                    "2026-09-26T11:31"
                ]
            }
        },
        {
            "type": "Feature",
            "geometry": {
                "type": "Polygon",
                "coordinates": [
                    [
                        [
                            "-83.11",
                            "41.12"
                        ],
                        [
                            "-81.75",
                            "40.58"
                        ],
                        [
                            "-81.23",
                            "39.92"
                        ],
                        [
                            "-80.00",
                            "39.86"
                        ],
                        [
                            "-79.55",
                            "39.75"
                        ],
                        [
                            "-78.71",
                            "39.23"
                        ],
                        [
                            "-78.98",
                            "38.61"
                        ],
                        [
                            "-79.65",
                            "38.41"
                        ],
                        [
                            "-80.23",
                            "37.53"
                        ],
                        [
                            "-80.83",
                            "37.37"
                        ],
                        [
                            "-81.83",
                            "37.35"
                        ],
                        [
                            "-82.79",
                            "37.67"
                        ],
                        [
                            "-83.07",
                            "38.54"
                        ],
                        [
                            "-83.14",
                            "39.41"
                        ],
                        [
                            "-83.96",
                            "40.01"
                        ],
                        [
                            "-85.03",
                            "40.00"
                        ],
                        [
                            "-85.65",
                            "40.13"
                        ],
                        [
                            "-85.09",
                            "41.09"
                        ],
                        [
                            "-83.11",
                            "41.12"
                        ]
                    ]
                ]
            },
            "properties": {
                "forecastId": null,
                "geometryId": null,
                "tag": "4E",
                "forecastHour": 3,
                "hazard": "IFR",
                "frequency": null,
                "severity": null,
                "status": "AMD",
                "base": null,
                "top": null,
                "fzlBase": null,
                "fzlTop": null,
                "level": null,
                "product": "SIERRA",
                "rawAirSigmet": "CIG BLW 010 VIS BLW 3SM BR FG",
                "validTimeTo": "2026-09-26T12:00:00.000",
                "validTimeFrom": [
                    "2026-09-26T11:31"
                ]
            }
        },
        {
            "type": "Feature",
            "geometry": {
                "type": "Polygon",
                "coordinates": [
                    [
                        [
                            "-118.44",
                            "34.16"
                        ],
                        [
                            "-117.94",
                            "33.87"
                        ],
                        [
                            "-117.59",
                            "33.64"
                        ],
                        [
                            "-117.22",
                            "33.29"
                        ],
                        [
                            "-117.01",
                            "32.80"
                        ],
                        [
                            "-117.27",
                            "32.76"
                        ],
                        [
                            "-118.49",
                            "34.02"
                        ],
                        [
                            "-118.44",
                            "34.16"
                        ]
                    ]
                ]
            },
            "properties": {
                "forecastId": null,
                "geometryId": null,
                "tag": "5E",
                "forecastHour": 3,
                "hazard": "MT_OBSC",
                "frequency": null,
                "severity": null,
                "status": "NRML",
                "base": null,
                "top": null,
                "fzlBase": null,
                "fzlTop": null,
                "level": null,
                "product": "SIERRA",
                "rawAirSigmet": "MTNS OBSC BY CLDS",
                "validTimeTo": "2026-09-26T12:00:00.000",
                "validTimeFrom": [
                    "2026-09-26T11:31"
                ]
            }
        }
    ],
    "metadata": {
        "creationTime": "2026-09-26T12:58"
    }
}