{
    "type": "FeatureCollection",
    "features": [
        {
            "type": "Feature",
            "geometry": {
                "type": "Polygon",
                "coordinates": [
                    [
                        [
                            "-86.26",
                            "44.61"
                        ],
                        [
                            "-85.10",
                            "44.60"
                        ],
                        [
                            "-84.34",
                            "44.07"
                        ],
                        [
                            "-84.42",
                            "43.55"
                        ],
                        [
                            "-84.45",
                            "42.92"
                        ],
                        [
                            "-84.24",
                            "42.54"
                        ],
                        [
                            "-84.42",
                            "42.03"
                        ],
                        [
                            "-84.95",
                            "41.49"
                        ],
                        [
                            "-85.45",
                            "41.38"
                        ],
                        [
                            "-86.21",
                            "41.25"
                        ],
                        [
                            "-86.79",
                            "41.09"
                        ],
                        [
                            "-86.90",
                            "41.68"
                        ],
                        [
                            "-86.58",
                            "42.23"
                        ],
                        [
                            "-86.24",
                            "42.80"
                        ],
                        [
                            "-86.60",
                            "43.85"
                        ],
                        [
                            "-86.26",
                            "44.61"
                        ]
                    ]
                ]
            },
            "properties": {
                "forecastId": null,
                "geometryId": null,
                "tag": "9E",
                "forecastHour": 3,
                "hazard": "IFR",
                "frequency": null,
                "severity": null,
                "status": "NEW",
                "base": null,
                "top": null,
                "fzlBase": null,
                "fzlTop": null,
                "level": null,
                "product": "SIERRA",
                "rawAirSigmet": "CIG BLW 010 VIS BLW 3SM BR FG",
                "validTimeTo": "2026-09-14T12:00:00.000",
                "validTimeFrom": [
                    "2026-09-14T11:16"
                ]
            }
        },
        {
            "type": "Feature",
            "geometry": {
                "type": "Polygon",
                "coordinates": [
                    [
                        [
                            "-93.98",
                            "31.52"
                        ],
                        [
                            "-93.40",
                            "31.32"
                        ],
                        [
                            "-93.18",
                            "30.96"
                        ],
                        [
                            "-93.49",
                            "30.60"
                        ],
                        [
                            "-95.49",
                            "29.88"
                        ],
                        [
                            "-96.68",
                            "29.64"
                        ],
                        [
                            "-97.71",
                            "29.28"
                        ],
                        [
                            "-98.41",
                            "28.98"
                        ],
                        [
                            "-98.97",
                            "29.16"
                        ],
                        [
                            "-99.61",
                            "29.47"
                        ],
                        [
                            "-98.99",
                            "30.12"
                        ],
                        [
                            "-97.75",
                            "30.76"
                        ],
                        [
                            "-95.56",
                            "31.38"
                        ],
                        [
                            "-93.98",
                            "31.52"
                        ]
                    ]
                ]
            },
            "properties": {
                "forecastId": null,
                "geometryId": null,
                "tag": "7E",
                "forecastHour": 3,
                "hazard": "IFR",
                "frequency": null,
                "severity": null,
                "status": "AMD",
                "base": null,
                "top": null,
                "fzlBase": null,
                "fzlTop": null,
                "level": null,
                "product": "SIERRA",
                "rawAirSigmet": "CIG BLW 010 VIS BLW 3SM BR FG",
                "validTimeTo": "2026-09-14T12:00:00.000",
                "validTimeFrom": [
                    "2026-09-14T11:16"
                ]
            }
        },
        {
            "type": "Feature",
            "geometry": {
                "type": "Polygon",
                "coordinates": [
                    [
                        [
                            "-103.63",
                            "49.08"
                        ],
                        [
                            "-103.61",
                            "48.09"
                        ],
                        [
                            "-111.69",
                            "41.85"
                        ],
                        [
                            "-113.60",
                            "41.76"
                        ],
                        [
                            "-114.61",
                            "43.74"
                        ],
                        [
                            "-113.82",
                            "49.04"
                        ],
                        [
                            "-103.63",
                            "49.08"
                        ]
                    ]
                ]
            },
            "properties": {
                "forecastId": null,
                "geometryId": null,
                "tag": "2W",
                "forecastHour": 3,
                "hazard": "TURB-HI",
                "frequency": null,
                "severity": "MOD",
                "status": "NRML",
                "base": "180",
                "top": "390",
                "fzlBase": null,
                "fzlTop": null,
                "level": null,
                "product": "TANGO",
                "rawAirSigmet": "MTN WAVE",
                "validTimeTo": "2026-09-14T12:00:00.000",
                "validTimeFrom": [
                    "2026-09-14T10:45"
                ]
            }
        },
        {
            "type": "Feature",
            "geometry": {
                "type": "Polygon",
                "coordinates": [
                    [
                        [
                            "-113.36",
                            "48.95"
                        ],
                        [
                            "-112.93",
                            "47.88"
                        ],
                        [
                            "-113.39",
                            "46.71"
                        ],
                        [
                            "-114.25",
                            "45.84"
                        ],
                        [
                            "-115.67",
                            "44.67"
                        ],
                        [
                            "-116.64",
                            "44.45"
                        ],
                        [
                            "-117.53",
                            "44.43"
                        ],
                        [
                            "-117.91",
                            "44.70"
                        ],
                        [
                            "-118.26",
                            "45.11"
                        ],
                        [
                            "-118.58",
                            "45.55"
                        ],
                        [
                            "-117.98",
                            "46.70"
                        ],
                        [
                            "-119.87",
                            "46.87"
                        ],
                        [
                            "-119.82",
                            "47.88"
                        ],
                        [
                            "-117.53",
                            "48.52"
                        ],
                        [
                            "-117.18",
                            "48.93"
                        ],
                        [
                            "-113.36",
                            "48.95"
                        ]
                    ]
                ]
            },
            "properties": {
                "forecastId": null,
                "geometryId": null,
                "tag": "5E",
                "forecastHour": 3,
                "hazard": "IFR",
                "frequency": null,
                "severity": null,
                "status": "AMD",
                "base": null,
                "top": null,
                "fzlBase": null,
                "fzlTop": null,
                "level": null,
                "product": "SIERRA",
                "rawAirSigmet": "CIG BLW 010 VIS BLW 3SM PCPN BR",
                "validTimeTo": "2026-09-14T12:00:00.000",
                "validTimeFrom": [
                    "2026-09-14T11:16"
                ]
            }
        },
        {
            "type": "Feature",
            "geometry": {
                "type": "LineString",
                "coordinates": [
                    [
                        "-128.86",
                        "26.64"
                    ],
                    [
                        "-127.75",
                        "27.18"
                    ],
                    [
                        "-127.28",
                        "28.21"
                    ],
                    [
                        "-127.42",
                        "29.21"
                    ],
                    [
                        "-127.97",
                        "30.12"
                    ],
                    [
                        "-128.11",
                        "31.51"
                    ],
                    [
                        "-127.64",
                        "32.55"
                    ],
                    [
                        "-126.27",
                        "34.32"
                    ],
                    [
                        "-125.95",
                        "35.49"
                    ],
                    [
                        "-124.91",
                        "36.25"
                    ],
                    [
                        "-123.82",
                        "36.87"
                    ],
                    [
                        "-122.06",
                        "37.19"
                    ],
                    [
                        "-120.26",
                        "37.46"
                    ],
                    [
                        "-118.69",
                        "37.45"
                    ],
                    [
                        "-115.71",
                        "37.31"
                    ],
                    [
                        "-114.41",
                        "36.73"
                    ],
                    [
                        "-113.07",
                        "36.44"
                    ],
                    [
                        "-112.03",
                        "36.44"
                    ],
                    [
                        "-111.51",
                        "36.22"
                    ],
                    [
                        "-110.64",
                        "36.07"
                    ],
                    [
                        "-109.70",
                        "36.34"
                    ],
                    [
                        "-108.66",
                        "36.34"
                    ],
                    [
                        "-108.14",
                        "36.10"
                    ],
                    [
                        "-107.52",
                        "35.06"
                    ],
                    [
                        "-108.09",
                        "34.11"
                    ],
                    [
                        "-109.67",
                        "33.62"
                    ],
                    [
                        "-110.44",
                        "32.71"
                    ],
                    [
                        "-110.70",
                        "31.51"
                    ],
                    [
                        "-110.69",
                        "30.31"
                    ],
                    [
                        "-110.45",
                        "28.80"
                    ],
                    [
                        "-111.09",
                        "26.33"
                    ],
                    [
                        "-111.52",
                        "23.90"
                    ],
                    [
                        "-112.28",
                        "23.59"
                    ],
                    [
                        "-113.21",
                        "23.56"
                    ],
                    [
                        "-114.42",
                        "23.70"
                    ],
                    [
                        "-116.12",
                        "23.48"
                    ],
                    [
                        "-116.93",
                        "23.50"
                    ],
                    [
                        "-117.35",
                        "23.87"
                    ],
                    [
                        "-117.71",
                        "24.22"
                    ],
                    [
                        "-118.55",
                        "24.29"
                    ],
                    [
                        "-119.11",
                        "23.95"
                    ],
                    [
                        "-119.36",
                        "23.38"
                    ],
                    [
                        "-119.14",
                        "22.55"
                    ],
                    [
                        "-118.25",
                        "21.54"
                    ],
                    [
                        "-117.49",
                        "20.88"
                    ],
                    [
                        "-116.46",
                        "20.29"
                    ],
                    [
                        "-114.98",
                        "18.31"
                    ]
                ]
            },
            "properties": {
                "forecastId": null,
                "geometryId": null,
                "tag": "1C",
                "forecastHour": 3,
                "hazard": "FZLVL",
                "frequency": null,
                "severity": null,
                "status": "NRML",
                "base": null,
                "top": null,
                "fzlBase": null,
                "fzlTop": null,
                "level": "160",
                "product": "ZULU",
                "rawAirSigmet": null,
                "validTimeTo": "2026-09-14T12:00:00.000",
                "validTimeFrom": [
                    "2026-09-14T11:32"
                ]
            }
        },
        {
            "type": "Feature",
            "geometry": {
                "type": "Polygon",
                "coordinates": [
                    [
                        [
                            "-107.47",
                            "45.34"
                        ],
                        [
                            "-106.77",
                            "44.32"
                        ],
                        [
                            "-108.37",
                            "42.48"
                        ],
                        [
                            "-109.96",
                            "42.29"
                        ],
                        [
                            "-109.97",
                            "43.29"
                        ],
                        [
                            "-107.47",
                            "45.34"
                        ]
                    ]
                ]
            },
            "properties": {
                "forecastId": null,
                "geometryId": null,
                "tag": "4W",
                "forecastHour": 3,
                "hazard": "TURB-HI",
                "frequency": null,
                "severity": "MOD",
                "status": "NRML",
                "base": "270",
                "top": "410",
                "fzlBase": null,
                "fzlTop": null,
                "level": null,
                "product": "TANGO",
                "rawAirSigmet": "MTN WAVE",
                "validTimeTo": "2026-09-14T12:00:00.000",
                "validTimeFrom": [
                    "2026-09-14T10:45"
                ]
            }
        },
        {
            "type": "Feature",
            "geometry": {
                "type": "LineString",
                "coordinates": [
                    [
                        "-99.73",
                        "19.63"
                    ],
                    [
                        "-100.43",
                        "22.17"
                    ],
                    [
                        "-100.84",
                        "23.26"
                    ],
                    [
                        "-100.21",
                        "24.11"
                    ],
                    [
                        "-99.34",
                        "25.12"
                    ],
                    [
                        "-98.88",
                        "25.62"
                    ],
                    [
                        "-98.04",
                        "25.76"
                    ],
                    [
                        "-96.61",
                        "25.19"
                    ],
                    [
                        "-96.06",
                        "24.09"
                    ],
                    [
                        "-95.40",
                        "22.81"
                    ],
                    [
                        "-94.00",
                        "23.17"
                    ],
                    [
                        "-92.26",
                        "23.34"
                    ],
                    [
                        "-91.01",
                        "23.73"
                    ],
                    [
                        "-90.42",
                        "24.16"
                    ],
                    [
                        "-90.21",
                        "24.99"
                    ],
                    [
                        "-90.65",
                        "26.41"
                    ],
                    [
                        "-90.05",
                        "26.81"
                    ],
                    [
                        "-89.14",
                        "26.81"
                    ],
                    [
                        "-88.53",
                        "26.95"
                    ],
                    [
                        "-88.41",
                        "27.51"
                    ],
                    [
                        "-89.61",
                        "28.21"
                    ],
                    [
                        "-90.16",
                        "28.55"
                    ],
                    [
                        "-90.09",
                        "29.28"
                    ],
                    [
                        "-89.34",
                        "30.31"
                    ],
                    [
                        "-89.21",
                        "32.01"
                    ],
                    [
                        "-88.64",
                        "33.42"
                    ],
                    [
                        "-87.71",
                        "34.15"
                    ],
                    [
                        "-86.12",
                        "34.61"
                    ],
                    [
                        "-84.86",
                        "35.29"
                    ],
                    [
                        "-83.26",
                        "35.59"
                    ],
                    [
                        "-81.50",
                        "35.63"
                    ],
                    [
                        "-78.10",
                        "36.13"
                    ],
                    [
                        "-76.59",
                        "36.51"
                    ],
                    [
                        "-75.57",
                        "36.58"
                    ],
                    [
                        "-74.68",
                        "36.42"
                    ],
                    [
                        "-73.62",
                        "36.18"
                    ],
                    [
                        "-72.56",
                        "36.21"
                    ],
                    [
                        "-70.55",
                        "35.74"
                    ],
                    [
                        "-69.88",
                        "35.45"
                    ],
                    [
                        "-69.72",
                        "34.88"
                    ],
                    [
                        "-70.75",
                        "34.21"
                    ],
                    [
                        "-72.14",
                        "33.67"
                    ],
                    [
                        "-72.96",
                        "32.72"
                    ],
                    [
                        "-74.03",
                        "31.47"
                    ],
                    [
                        "-73.58",
                        "30.16"
                    ],
                    [
                        "-72.02",
                        "30.29"
                    ],
                    [
                        "-70.72",
                        "30.94"
                    ],
                    [
                        "-68.61",
                        "32.46"
                    ],
                    [
                        "-67.16",
                        "32.95"
                    ],
                    [
                        "-65.46",
                        "32.91"
                    ]
                ]
            },
            "properties": {
                "forecastId": null,
                "geometryId": null,
                "tag": "1C",
                "forecastHour": 3,
                "hazard": "FZLVL",
                "frequency": null,
                "severity": null,
                "status": "NRML",
                "base": null,
                "top": null,
                "fzlBase": null,
                "fzlTop": null,
                "level": "160",
                "product": "ZULU",
                "rawAirSigmet": null,
                "validTimeTo": "2026-09-14T12:00:00.000",
                "validTimeFrom": [
                    "2026-09-14T11:32"
                ]
            }
        },
        {
            "type": "Feature",
            "geometry": {
                "type": "Polygon",
                "coordinates": [
                    [
                        [
                            "-105.60",
                            "40.05"
                        ],
                        [
                            "-104.69",
                            "40.17"
                        ],
                        [
                            "-104.33",
                            "39.74"
                        ],
                        [
                            "-104.20",
                            "38.33"
                        ],
                        [
                            "-104.03",
                            "37.98"
                        ],
                        [
                            "-103.13",
                            "38.01"
                        ],
                        [
                            "-102.34",
                            "38.77"
                        ],
                        [
                            "-101.83",
                            "38.87"
                        ],
                        [
                            "-101.60",
                            "38.45"
                        ],
                        [
                            "-101.30",
                            "37.66"
                        ],
                        [
                            "-101.50",
                            "37.03"
                        ],
                        [
                            "-102.14",
                            "36.66"
                        ],
                        [
                            "-103.11",
                            "36.24"
                        ],
                        [
                            "-104.28",
                            "35.56"
                        ],
                        [
                            "-104.70",
                            "35.31"
                        ],
                        [
                            "-105.50",
                            "35.39"
                        ],
                        [
                            "-105.63",
                            "36.82"
                        ],
                        [
                            "-106.28",
                            "37.85"
                        ],
                        [
                            "-105.99",
                            "39.29"
                        ],
                        [
                            "-105.60",
                            "40.05"
                        ]
                    ]
                ]
            },
            "properties": {
                "forecastId": null,
                "geometryId": null,
                "tag": "1C",
                "forecastHour": 3,
                "hazard": "FZLVL",
                "frequency": null,
                "severity": null,
                "status": "NRML",
                "base": null,
                "top": null,
                "fzlBase": null,
                "fzlTop": null,
                "level": "160",
                "product": "ZULU",
                "rawAirSigmet": null,
                "validTimeTo": "2026-09-14T12:00:00.000",
                "validTimeFrom": [
                    "2026-09-14T11:32"
                ]
            }
        },
        {
            "type": "Feature",
            "geometry": {
                "type": "Polygon",
                "coordinates": [
                    [
                        [
                            "-90.52",
                            "37.16"
                        ],
                        [
                            "-89.62",
                            "37.27"
                        ],
                        [
                            "-88.73",
                            "37.07"
                        ],
                        [
                            "-88.51",
                            "36.67"
                        ],
                        [
                            "-88.78",
                            "36.29"
                        ],
                        [
                            "-89.25",
                            "35.62"
                        ],
                        [
                            "-89.37",
                            "35.26"
                        ],
                        [
                            "-89.40",
                            "34.54"
                        ],
                        [
                            "-89.78",
                            "34.04"
                        ],
                        [
                            "-90.21",
                            "34.21"
                        ],
                        [
                            "-90.62",
                            "34.65"
                        ],
                        [
                            "-91.04",
                            "35.17"
                        ],
                        [
                            "-91.37",
                            "35.68"
                        ],
                        [
                            "-91.67",
                            "36.04"
                        ],
                        [
                            "-91.98",
                            "36.41"
                        ],
                        [
                            "-91.85",
                            "36.76"
                        ],
                        [
                            "-90.97",
                            "37.04"
                        ],
                        [
                            "-90.52",
                            "37.16"
                        ]
                    ]
                ]
            },
            "properties": {
                "forecastId": null,
                "geometryId": null,
                "tag": "1C",
                "forecastHour": 3,
                "hazard": "FZLVL",
                "frequency": null,
                "severity": null,
                "status": "NRML",
                "base": null,
                "top": null,
                "fzlBase": null,
                "fzlTop": null,
                "level": "160",
                "product": "ZULU",
                "rawAirSigmet": null,
                "validTimeTo": "2026-09-14T12:00:00.000",
                "validTimeFrom": [
                    "2026-09-14T11:32"
                ]
            }
        },
        {
            "type": "Feature",
            "geometry": {
                "type": "Polygon",
                "coordinates": [
                    [
                        [
                            "-99.91",
                            "36.76"
                        ],
                        [
                            "-98.93",
                            "37.07"
                        ],
                        [
                            "-98.44",
                            "36.58"
                        ],
                        [
                            "-98.04",
                            "35.33"
                        ],
                        [
                            "-97.10",
                            "34.33"
                        ],
                        [
                            "-96.12",
                            "33.55"
                        ],
                        [
                            "-96.07",
                            "32.65"
                        ],
                        [
                            "-97.57",
                            "32.17"
                        ],
                        [
                            "-99.17",
                            "32.02"
                        ],
                        [
                            "-99.55",
                            "31.38"
                        ],
                        [
                            "-99.27",
                            "30.60"
                        ],
                        [
                            "-98.95",
                            "29.34"
                        ],
                        [
                            "-99.33",
                            "28.05"
                        ],
                        [
                            "-100.45",
                            "27.62"
                        ],
                        [
                            "-101.63",
                            "28.21"
                        ],
                        [
                            "-102.67",
                            "28.84"
                        ],
                        [
                            "-103.36",
                            "30.07"
                        ],
                        [
                            "-105.58",
                            "31.40"
                        ],
                        [
                            "-106.12",
                            "32.63"
                        ],
                        [
                            "-105.90",
                            "34.09"
                        ],
                        [
                            "-105.47",
                            "34.46"
                        ],
                        [
                            "-104.82",
                            "34.13"
                        ],
                        [
                            "-103.78",
                            "34.83"
                        ],
                        [
                            "-101.21",
                            "36.03"
                        ],
                        [
                            "-99.91",
                            "36.76"
                        ]
                    ]
                ]
            },
            "properties": {
                "forecastId": null,
                "geometryId": null,
                "tag": "1C",
                "forecastHour": 3,
                "hazard": "FZLVL",
                "frequency": null,
                "severity": null,
                "status": "NRML",
                "base": null,
                "top": null,
                "fzlBase": null,
                "fzlTop": null,
                "level": "160",
                "product": "ZULU",
                "rawAirSigmet": null,
                "validTimeTo": "2026-09-14T12:00:00.000",
                "validTimeFrom": [
                    "2026-09-14T11:32"
                ]
            }
        },
        {
            "type": "Feature",
            "geometry": {
                "type": "LineString",
                "coordinates": [
                    [
                        "-66.87",
                        "27.23"
                    ],
                    [
                        "-68.64",
                        "26.82"
                    ],
                    [
                        "-70.51",
                        "26.50"
                    ],
                    [
                        "-72.17",
                        "25.77"
                    ],
                    [
                        "-73.01",
                        "25.65"
                    ],
                    [
                        "-74.23",
                        "25.78"
                    ],
                    [
                        "-76.28",
                        "25.85"
                    ],
                    [
                        "-78.01",
                        "25.10"
                    ],
                    [
                        "-78.73",
                        "24.67"
                    ],
                    [
                        "-79.71",
                        "24.52"
                    ],
                    [
                        "-80.78",
                        "24.51"
                    ],
                    [
                        "-81.43",
                        "24.20"
                    ],
                    [
                        "-83.05",
                        "23.34"
                    ],
                    [
                        "-83.60",
                        "22.92"
                    ],
                    [
                        "-83.87",
                        "21.84"
                    ],
                    [
                        "-84.19",
                        "21.13"
                    ],
                    [
                        "-84.10",
                        "20.39"
                    ],
                    [
                        "-83.09",
                        "19.22"
                    ]
                ]
            },
            "properties": {
                "forecastId": null,
                "geometryId": null,
                "tag": "1C",
                "forecastHour": 3,
                "hazard": "FZLVL",
                "frequency": null,
                "severity": null,
                "status": "NRML",
                "base": null,
                "top": null,
                "fzlBase": null,
                "fzlTop": null,
                "level": "160",
                "product": "ZULU",
                "rawAirSigmet": null,
                "validTimeTo": "2026-09-14T12:00:00.000",
                "validTimeFrom": [
                    "2026-09-14T11:32"
                ]
            }
        },
        {
            "type": "Feature",
            "geometry": {
                "type": "Polygon",
                "coordinates": [
                    [
                        [
                            "-88.22",
                            "48.32"
                        ],
                        [
                            "-84.98",
                            "46.89"
                        ],
                        [
                            "-84.40",
                            "46.48"
                        ],
                        [
                            "-85.23",
                            "46.38"
                        ],
                        [
                            "-86.20",
                            "46.23"
                        ],
                        [
                            "-87.11",
                            "46.44"
                        ],
                        [
                            "-88.25",
                            "46.95"
                        ],
                        [
                            "-89.67",
                            "48.02"
                        ],
                        [
                            "-88.22",
                            "48.32"
                        ]
                    ]
                ]
            },
            "properties": {
                "forecastId": null,
                "geometryId": null,
                "tag": "1C",
                "forecastHour": 3,
                "hazard": "M_FZLVL",
                "frequency": null,
                "severity": null,
                "status": "NRML",
                "base": "070",
                "top": "120",
                "fzlBase": null,
                "fzlTop": null,
                "level": null,
                "product": "ZULU",
                "rawAirSigmet": null,
                "validTimeTo": "2026-09-14T12:00:00.000",
                "validTimeFrom": [
                    "2026-09-14T11:32"
                ]
            }
        },
        {
            "type": "Feature",
            "geometry": {
                "type": "Polygon",
                "coordinates": [
                    [
                        [
                            "-112.39",
                            "48.71"
                        ],
                        [
                            "-111.13",
                            "46.93"
                        ],
                        [
                            "-109.39",
                            "47.00"
                        ],
                        [
                            "-109.11",
                            "46.01"
                        ],
                        [
                            "-110.66",
                            "45.81"
                        ],
                        [
                            "-113.29",
                            "46.09"
                        ],
                        [
                            "-113.65",
                            "48.64"
                        ],
                        [
                            "-112.39",
                            "48.71"
                        ]
                    ]
                ]
            },
            "properties": {
                "forecastId": null,
                "geometryId": null,
                "tag": "2W",
                "forecastHour": 3,
                "hazard": "TURB-LO",
                "frequency": null,
                "severity": "MOD",
                "status": "NRML",
                "base": "SFC",
                "top": "130",
                "fzlBase": null,
                "fzlTop": null,
                "level": null,
                "product": "TANGO",
                "rawAirSigmet": "MTN WAVE",
                "validTimeTo": "2026-09-14T12:00:00.000",
                "validTimeFrom": [
                    "2026-09-14T10:45"
                ]
            }
        },
        {
            "type": "Feature",
            "geometry": {
                "type": "Polygon",
                "coordinates": [
                    [
                        [
                            "-108.19",
                            "31.26"
                        ],
                        [
                            "-107.57",
                            "31.25"
                        ],
                        [
                            "-107.14",
                            "30.92"
                        ],
                        [
                            "-106.81",
                            "30.58"
                        ],
                        [
                            "-106.48",
                            "29.87"
                        ],
                        [
                            "-106.29",
                            "29.28"
                        ],
                        [
                            "-106.20",
                            "28.80"
                        ],
                        [
                            "-106.28",
                            "28.42"
                        ],
                        [
                            "-106.57",
                            "27.85"
                        ],
                        [
                            "-107.41",
                            "27.97"
                        ],
                        [
                            "-107.86",
                            "28.26"
                        ],
                        [
                            "-108.32",
                            "28.62"
                        ],
                        [
                            "-108.51",
                            "28.98"
                        ],
                        [
                            "-108.54",
                            "29.71"
                        ],
                        [
                            "-108.51",
                            "30.31"
                        ],
                        [
                            "-108.41",
                            "30.82"
                        ],
                        [
                            "-108.19",
                            "31.26"
                        ]
                    ]
                ]
            },
            "properties": {
                "forecastId": null,
                "geometryId": null,
                "tag": "1C",
                "forecastHour": 3,
                "hazard": "FZLVL",
                "frequency": null,
                "severity": null,
                "status": "NRML",
                "base": null,
                "top": null,
                "fzlBase": null,
                "fzlTop": null,
                "level": "160",
                "product": "ZULU",
                "rawAirSigmet": null,
                "validTimeTo": "2026-09-14T12:00:00.000",
                "validTimeFrom": [
                    "2026-09-14T11:32"
                ]
            }
        },
        {
            "type": "Feature",
            "geometry": {
                "type": "Polygon",
                "coordinates": [
                    [
                        [
                            "-99.23",
                            "44.78"
                        ],
                        [
                            "-98.57",
                            "44.07"
                        ],
                        [
                            "-98.37",
                            "43.50"
                        ],
                        [
                            "-96.71",
                            "41.22"
                        ],
                        [
                            "-96.27",
                            "41.02"
                        ],
                        [
                            "-95.76",
                            "40.00"
                        ],
                        [
                            "-95.84",
                            "39.06"
                        ],
                        [
                            "-96.35",
                            "38.68"
                        ],
                        [
                            "-97.86",
                            "38.16"
                        ],
                        [
                            "-99.25",
                            "38.28"
                        ],
                        [
                            "-99.99",
                            "37.99"
                        ],
                        [
                            "-100.63",
                            "37.58"
                        ],
                        [
                            "-101.89",
                            "37.32"
                        ],
                        [
                            "-102.66",
                            "37.89"
                        ],
                        [
                            "-102.76",
                            "38.27"
                        ],
                        [
                            "-101.76",
                            "39.49"
                        ],
                        [
                            "-102.30",
                            "40.23"
                        ],
                        [
                            "-102.31",
                            "40.65"
                        ],
                        [
                            "-101.49",
                            "42.43"
                        ],
                        [
                            "-101.44",
                            "43.54"
                        ],
                        [
                            "-100.39",
                            "43.93"
                        ],
                        [
                            "-99.73",
                            "44.75"
                        ],
                        [
                            "-99.23",
                            "44.78"
                        ]
                    ]
                ]
            },
            "properties": {
                "forecastId": null,
                "geometryId": null,
                "tag": "1W",
                "forecastHour": 3,
                "hazard": "LLWS",
                "frequency": null,
                "severity": null,
                "status": "NRML",
                "base": null,
                "top": null,
                "fzlBase": null,
                "fzlTop": null,
                "level": null,
                "product": "TANGO",
                "rawAirSigmet": "AIR SPEED LOSS OR GAIN OF 20KTS OR MORE BELOW 2000 FT AGL",
                "validTimeTo": "2026-09-14T12:00:00.000",
                "validTimeFrom": [
                    "2026-09-14T10:45"
                ]
            }
        },
        {
            "type": "Feature",
            "geometry": {
                "type": "LineString",
                "coordinates": [
                    [
                        "-138.33",
                        "51.44"
                    ],
                    [
                        "-135.07",
                        "50.92"
                    ],
                    [
                        "-131.93",
                        "50.50"
                    ],
                    [
                        "-130.70",
                        "50.43"
                    ],
                    [
                        "-129.45",
                        "50.11"
                    ],
                    [
                        "-128.39",
                        "49.60"
                    ],
                    [
                        "-127.64",
                        "48.82"
                    ],
                    [
                        "-126.75",
                        "48.28"
                    ],
                    [
                        "-125.59",
                        "48.08"
                    ],
                    [
                        "-124.64",
                        "47.69"
                    ],
                    [
                        "-124.03",
                        "46.80"
                    ],
                    [
                        "-124.72",
                        "43.25"
                    ],
                    [
                        "-124.45",
                        "42.46"
                    ],
                    [
                        "-123.35",
                        "41.99"
                    ],
                    [
                        "-120.87",
                        "41.65"
                    ],
                    [
                        "-118.36",
                        "41.31"
                    ],
                    [
                        "-115.81",
                        "41.34"
                    ],
                    [
                        "-112.77",
                        "41.57"
                    ],
                    [
                        "-112.00",
                        "41.66"
                    ],
                    [
                        "-110.88",
                        "42.10"
                    ],
                    [
                        "-107.84",
                        "44.70"
                    ],
                    [
                        "-107.15",
                        "45.32"
                    ],
                    [
                        "-106.72",
                        "46.09"
                    ],
                    [
                        "-106.15",
                        "47.93"
                    ],
                    [
                        "-106.02",
                        "48.74"
                    ],
                    [
                        "-105.25",
                        "49.36"
                    ],
                    [
                        "-102.65",
                        "50.07"
                    ],
                    [
                        "-101.65",
                        "50.71"
                    ],
                    [
                        "-100.67",
                        "51.10"
                    ],
                    [
                        "-99.62",
                        "51.46"
                    ],
                    [
                        "-98.12",
                        "51.59"
                    ],
                    [
                        "-96.79",
                        "51.40"
                    ],
                    [
                        "-95.42",
                        "51.00"
                    ],
                    [
                        "-93.19",
                        "50.31"
                    ],
                    [
                        "-91.94",
                        "49.94"
                    ],
                    [
                        "-91.07",
                        "49.48"
                    ],
                    [
                        "-89.98",
                        "48.17"
                    ],
                    [
                        "-89.36",
                        "47.30"
                    ],
                    [
                        "-88.55",
                        "46.56"
                    ],
                    [
                        "-86.56",
                        "45.73"
                    ],
                    [
                        "-85.78",
                        "45.24"
                    ],
                    [
                        "-85.08",
                        "44.49"
                    ],
                    [
                        "-84.08",
                        "43.06"
                    ],
                    [
                        "-82.59",
                        "41.63"
                    ],
                    [
                        "-81.63",
                        "41.21"
                    ],
                    [
                        "-80.31",
                        "41.10"
                    ],
                    [
                        "-78.72",
                        "40.84"
                    ],
                    [
                        "-77.19",
                        "40.73"
                    ],
                    [
                        "-74.94",
                        "41.05"
                    ],
                    [
                        "-70.22",
                        "42.02"
                    ],
                    [
                        "-69.18",
                        "42.37"
                    ],
                    [
                        "-68.30",
                        "42.91"
                    ],
                    [
                        "-66.95",
                        "44.31"
                    ],
                    [
                        "-65.53",
                        "45.61"
                    ],
                    [
                        "-64.04",
                        "47.22"
                    ],
                    [
                        "-60.26",
                        "49.04"
                    ]
                ]
            },
            "properties": {
                "forecastId": null,
                "geometryId": null,
                "tag": "1C",
                "forecastHour": 3,
                "hazard": "FZLVL",
                "frequency": null,
                "severity": null,
                "status": "NRML",
                "base": null,
                "top": null,
                "fzlBase": null,
                "fzlTop": null,
                "level": "120",
                "product": "ZULU",
                "rawAirSigmet": null,
                "validTimeTo": "2026-09-14T12:00:00.000",
                "validTimeFrom": [
                    "2026-09-14T11:32"
                ]
            }
        },
        {
            "type": "Feature",
            "geometry": {
                "type": "Polygon",
                "coordinates": [
                    [
                        [
                            "-106.50",
                            "27.10"
                        ],
                        [
                            "-106.09",
                            "27.13"
                        ],
                        [
                            "-105.84",
                            "26.99"
                        ],
                        [
                            "-106.05",
                            "26.67"
                        ],
                        [
                            "-106.48",
                            "26.91"
                        ],
                        [
                            "-106.52",
                            "26.94"
                        ],
                        [
                            "-106.50",
                            "27.10"
                        ]
                    ]
                ]
            },
            "properties": {
                "forecastId": null,
                "geometryId": null,
                "tag": "1C",
                "forecastHour": 3,
                "hazard": "FZLVL",
                "frequency": null,
                "severity": null,
                "status": "NRML",
                "base": null,
                "top": null,
                "fzlBase": null,
                "fzlTop": null,
                "level": "160",
                "product": "ZULU",
                "rawAirSigmet": null,
                "validTimeTo": "2026-09-14T12:00:00.000",
                "validTimeFrom": [
                    "2026-09-14T11:32"
                ]
            }
        },
        {
            "type": "Feature",
            "geometry": {
                "type": "Polygon",
                "coordinates": [
                    [
                        [
                            "-109.93",
                            "49.10"
                        ],
                        [
                            "-104.44",
                            "48.93"
                        ],
                        [
                            "-104.30",
                            "47.75"
                        ],
                        [
                            "-104.81",
                            "47.06"
                        ],
                        [
                            "-105.38",
                            "46.32"
                        ],
                        [
                            "-105.88",
                            "45.01"
                        ],
                        [
                            "-107.47",
                            "44.60"
                        ],
                        [
                            "-107.83",
                            "45.48"
                        ],
                        [
                            "-108.02",
                            "46.22"
                        ],
                        [
                            "-108.95",
                            "46.10"
                        ],
                        [
                            "-109.43",
                            "46.27"
                        ],
                        [
                            "-109.89",
                            "46.64"
                        ],
                        [
                            "-109.75",
                            "47.89"
                        ],
                        [
                            "-109.92",
                            "48.37"
                        ],
                        [
                            "-109.93",
                            "49.10"
                        ]
                    ]
                ]
            },
            "properties": {
                "forecastId": null,
                "geometryId": null,
                "tag": "1C",
                "forecastHour": 3,
                "hazard": "ICE",
                "frequency": null,
                "severity": "MOD",
                "status": "AMD",
                "base": "FZL",
                "top": "240",
                "fzlBase": "080",
                "fzlTop": "140",
                "level": null,
                "product": "ZULU",
                "rawAirSigmet": "ICE",
                "validTimeTo": "2026-09-14T12:00:00.000",
                "validTimeFrom": [
                    "2026-09-14T11:32"
                ]
            }
        },
        {
            "type": "Feature",
            "geometry": {
                "type": "LineString",
                "coordinates": [
                    [
                        "-104.59",
                        "19.39"
                    ],
                    [
                        "-104.47",
                        "19.76"
                    ],
                    [
                        "-104.31",
                        "20.04"
                    ],
                    [
                        "-104.11",
                        "20.15"
                    ],
                    [
                        "-103.94",
                        "20.27"
                    ],
                    [
                        "-103.71",
                        "20.18"
                    ],
                    [
                        "-103.53",
                        "19.94"
                    ],
                    [
                        "-103.49",
                        "19.83"
                    ],
                    [
                        "-103.40",
                        "19.47"
                    ]
                ]
            },
            "properties": {
                "forecastId": null,
                "geometryId": null,
                "tag": "1C",
                "forecastHour": 3,
                "hazard": "FZLVL",
                "frequency": null,
                "severity": null,
                "status": "NRML",
                "base": null,
                "top": null,
                "fzlBase": null,
                "fzlTop": null,
                "level": "160",
                "product": "ZULU",
                "rawAirSigmet": null,
                "validTimeTo": "2026-09-14T12:00:00.000",
                "validTimeFrom": [
                    "2026-09-14T11:32"
                ]
            }
        },
        {
            "type": "Feature",
            "geometry": {
                "type": "Polygon",
                "coordinates": [
                    [
                        [
                            "-116.64",
                            "48.31"
                        ],
                        [
                            "-117.76",
                            "46.69"
                        ],
                        [
                            "-118.58",
                            "46.14"
                        ],
                        [
                            "-118.84",
                            "45.69"
                        ],
                        [
                            "-118.48",
                            "45.13"
                        ],
                        [
                            "-117.26",
                            "44.96"
                        ],
                        [
                            "-116.25",
                            "44.35"
                        ],
                        [
                            "-115.41",
                            "43.94"
                        ],
                        [
                            "-114.56",
                            "43.97"
                        ],
                        [
                            "-113.91",
                            "44.26"
                        ],
                        [
                            "-112.52",
                            "45.43"
                        ],
                        [
                            "-110.51",
                            "46.62"
                        ],
                        [
                            "-109.53",
                            "47.10"
                        ],
                        [
                            "-108.75",
                            "47.77"
                        ],
                        [
                            "-109.12",
                            "48.79"
                        ],
                        [
                            "-109.75",
                            "49.44"
                        ],
                        [
                            "-111.02",
                            "49.17"
                        ],
                        [
                            "-111.50",
                            "48.23"
                        ],
                        [
                            "-112.22",
                            "47.72"
                        ],
                        [
                            "-112.80",
                            "48.46"
                        ],
                        [
                            "-113.58",
                            "49.17"
                        ],
                        [
                            "-114.46",
                            "49.30"
                        ],
                        [
                            "-115.30",
                            "49.08"
                        ],
                        [
                            "-116.64",
                            "48.31"
                        ]
                    ]
                ]
            },
            "properties": {
                "forecastId": null,
                "geometryId": null,
                "tag": "1C",
                "forecastHour": 3,
                "hazard": "FZLVL",
                "frequency": null,
                "severity": null,
                "status": "NRML",
                "base": null,
                "top": null,
                "fzlBase": null,
                "fzlTop": null,
                "level": "080",
                "product": "ZULU",
                "rawAirSigmet": null,
                "validTimeTo": "2026-09-14T12:00:00.000",
                "validTimeFrom": [
                    "2026-09-14T11:32"
                ]
            }
        },
        {
            "type": "Feature",
            "geometry": {
                "type": "Polygon",
                "coordinates": [
                    [
                        [
                            "-104.33",
                            "44.74"
                        ],
                        [
                            "-103.97",
                            "44.71"
                        ],
                        [
                            "-104.03",
                            "43.41"
                        ],
                        [
                            "-104.96",
                            "42.91"
                        ],
                        [
                            "-105.62",
                            "42.82"
                        ],
                        [
                            "-105.16",
                            "43.85"
                        ],
                        [
                            "-104.67",
                            "44.13"
                        ],
                        [
                            "-104.33",
                            "44.74"
                        ]
                    ]
                ]
            },
            "properties": {
                "forecastId": null,
                "geometryId": null,
                "tag": "1W",
                "forecastHour": 3,
                "hazard": "LLWS",
                "frequency": null,
                "severity": null,
                "status": "NRML",
                "base": null,
                "top": null,
                "fzlBase": null,
                "fzlTop": null,
                "level": null,
                "product": "TANGO",
                "rawAirSigmet": "AIR SPEED LOSS OR GAIN OF 20KTS OR MORE BELOW 2000 FT AGL",
                "validTimeTo": "2026-09-14T12:00:00.000",
                "validTimeFrom": [
                    "2026-09-14T10:45"
                ]
            }
        },
        {
            "type": "Feature",
            "geometry": {
                "type": "Polygon",
                "coordinates": [
                    [
                        [
                            "-117.77",
                            "49.04"
                        ],
                        [
                            "-113.35",
                            "48.96"
                        ],
                        [
                            "-112.80",
                            "47.97"
                        ],
                        [
                            "-112.47",
                            "47.53"
                        ],
                        [
                            "-110.72",
                            "46.91"
                        ],
                        [
                            "-110.51",
                            "45.79"
                        ],
                        [
                            "-111.21",
                            "45.01"
                        ],
                        [
                            "-112.19",
                            "44.74"
                        ],
                        [
                            "-113.87",
                            "44.91"
                        ],
                        [
                            "-115.65",
                            "44.69"
                        ],
                        [
                            "-117.33",
                            "45.74"
                        ],
                        [
                            "-117.41",
                            "46.83"
                        ],
                        [
                            "-117.04",
                            "47.27"
                        ],
                        [
                            "-116.99",
                            "47.55"
                        ],
                        [
                            "-117.46",
                            "48.17"
                        ],
                        [
                            "-117.77",
                            "49.04"
                        ]
                    ]
                ]
            },
            "properties": {
                "forecastId": null,
                "geometryId": null,
                "tag": "1C",
                "forecastHour": 3,
                "hazard": "ICE",
                "frequency": null,
                "severity": "MOD",
                "status": "AMD",
                "base": "FZL",
                "top": "180",
                "fzlBase": "070",
                "fzlTop": "090",
                "level": null,
                "product": "ZULU",
                "rawAirSigmet": "ICE",
                "validTimeTo": "2026-09-14T12:00:00.000",
                "validTimeFrom": [
                    "2026-09-14T11:32"
                ]
            }
        },
        {
            "type": "Feature",
            "geometry": {
                "type": "Polygon",
                "coordinates": [
                    [
                        [
                            "-83.83",
                            "26.60"
                        ],
                        [
                            "-83.98",
                            "26.41"
                        ],
                        [
                            "-84.05",
                            "26.25"
                        ],
                        [
                            "-84.00",
                            "26.13"
                        ],
                        [
                            "-83.82",
                            "25.87"
                        ],
                        [
                            "-83.63",
                            "25.77"
                        ],
                        [
                            "-83.22",
                            "25.79"
                        ],
                        [
                            "-83.17",
                            "25.82"
                        ],
                        [
                            "-82.87",
                            "26.16"
                        ],
                        [
                            "-82.85",
                            "26.53"
                        ],
                        [
                            "-83.12",
                            "26.77"
                        ],
                        [
                            "-83.53",
                            "26.75"
                        ],
                        [
                            "-83.83",
                            "26.60"
                        ]
                    ]
                ]
            },
            "properties": {
                "forecastId": null,
                "geometryId": null,
                "tag": "1C",
                "forecastHour": 3,
                "hazard": "FZLVL",
                "frequency": null,
                "severity": null,
                "status": "NRML",
                "base": null,
                "top": null,
                "fzlBase": null,
                "fzlTop": null,
                "level": "160",
                "product": "ZULU",
                "rawAirSigmet": null,
                "validTimeTo": "2026-09-14T12:00:00.000",
                "validTimeFrom": [
                    "2026-09-14T11:32"
                ]
            }
        },
        {
            "type": "Feature",
            "geometry": {
                "type": "Polygon",
                "coordinates": [
                    [
                        [
                            "-109.26",
                            "45.09"
                        ],
                        [
                            "-107.49",
                            "44.45"
                        ],
                        [
                            "-107.79",
                            "43.28"
                        ],
                        [
                            "-105.45",
                            "43.77"
                        ],
                        [
                            "-104.38",
                            "42.53"
                        ],
                        [
                            "-104.10",
                            "41.12"
                        ],
                        [
                            "-104.55",
                            "40.69"
                        ],
                        [
                            "-104.67",
                            "39.65"
                        ],
                        [
                            "-104.01",
                            "39.46"
                        ],
                        [
                            "-103.96",
                            "38.65"
                        ],
                        [
                            "-105.87",
                            "37.37"
                        ],
                        [
                            "-106.39",
                            "37.33"
                        ],
                        [
                            "-107.79",
                            "37.66"
                        ],
                        [
                            "-108.07",
                            "38.25"
                        ],
                        [
                            "-107.42",
                            "38.80"
                        ],
                        [
                            "-107.61",
                            "41.33"
                        ],
                        [
                            "-108.61",
                            "41.45"
                        ],
                        [
                            "-110.77",
                            "42.04"
                        ],
                        [
                            "-110.55",
                            "44.31"
                        ],
                        [
                            "-110.13",
                            "45.06"
                        ],
                        [
                            "-109.26",
                            "45.09"
                        ]
                    ]
                ]
            },
            "properties": {
                "forecastId": null,
                "geometryId": null,
                "tag": "1W",
                "forecastHour": 3,
                "hazard": "TURB-LO",
                "frequency": null,
                "severity": "MOD",
                "status": "NRML",
                "base": "SFC",
                "top": "180",
                "fzlBase": null,
                "fzlTop": null,
                "level": null,
                "product": "TANGO",
                "rawAirSigmet": "MTN WAVE",
                "validTimeTo": "2026-09-14T12:00:00.000",
                "validTimeFrom": [
                    "2026-09-14T10:45"
                ]
            }
        },
        {
            "type": "Feature",
            "geometry": {
                "type": "Polygon",
                "coordinates": [
                    [
                        [
                            "-102.19",
                            "47.33"
                        ],
                        [
                            "-100.84",
                            "47.17"
                        ],
                        [
                            "-100.11",
                            "46.64"
                        ],
                        [
                            "-99.72",
                            "45.92"
                        ],
                        [
                            "-99.26",
                            "44.76"
                        ],
                        [
                            "-98.52",
                            "44.01"
                        ],
                        [
                            "-97.13",
                            "42.80"
                        ],
                        [
                            "-95.82",
                            "41.46"
                        ],
                        [
                            "-95.86",
                            "40.67"
                        ],
                        [
                            "-96.75",
                            "40.20"
                        ],
                        [
                            "-98.45",
                            "40.11"
                        ],
                        [
                            "-100.59",
                            "40.08"
                        ],
                        [
                            "-102.02",
                            "40.10"
                        ],
                        [
                            "-103.48",
                            "40.05"
                        ],
                        [
                            "-104.28",
                            "42.45"
                        ],
                        [
                            "-103.92",
                            "43.59"
                        ],
                        [
                            "-103.83",
                            "44.38"
                        ],
                        [
                            "-104.20",
                            "45.44"
                        ],
                        [
                            "-104.16",
                            "46.70"
                        ],
                        [
                            "-103.20",
                            "47.28"
                        ],
                        [
                            "-102.19",
                            "47.33"
                        ]
                    ]
                ]
            },
            "properties": {
                "forecastId": null,
                "geometryId": null,
                "tag": "1E",
                "forecastHour": 3,
                "hazard": "IFR",
                "frequency": null,
                "severity": null,
                "status": "NRML",
                "base": null,
                "top": null,
                "fzlBase": null,
                "fzlTop": null,
                "level": null,
                "product": "SIERRA",
                "rawAirSigmet": "CIG BLW 010 VIS BLW 3SM PCPN BR",
                "validTimeTo": "2026-09-14T12:00:00.000",
                "validTimeFrom": [
                    "2026-09-14T11:16"
                ]
            }
        },
        {
            "type": "Feature",
            "geometry": {
                "type": "Polygon",
                "coordinates": [
                    [
                        [
                            "-67.66",
                            "45.78"
                        ],
                        [
                            "-67.10",
                            "45.17"
                        ],
                        [
                            "-66.87",
                            "43.64"
                        ],
                        [
                            "-68.62",
                            "41.66"
                        ],
                        [
                            "-70.07",
                            "40.79"
                        ],
                        [
                            "-71.32",
                            "40.51"
                        ],
                        [
                            "-71.95",
                            "40.32"
                        ],
                        [
                            "-72.84",
                            "40.31"
                        ],
                        [
                            "-73.90",
                            "40.50"
                        ],
                        [
                            "-73.98",
                            "40.81"
                        ],
                        [
                            "-73.25",
                            "41.12"
                        ],
                        [
                            "-71.80",
                            "41.94"
                        ],
                        [
                            "-69.32",
                            "44.18"
                        ],
                        [
                            "-67.66",
                            "45.78"
                        ]
                    ]
                ]
            },
            "properties": {
                "forecastId": null,
                "geometryId": null,
                "tag": "3C",
                "forecastHour": 3,
                "hazard": "ICE",
                "frequency": null,
                "severity": "MOD",
                "status": "NRML",
                "base": "FZL",
                "top": "220",
                "fzlBase": "110",
                "fzlTop": "130",
                "level": null,
                "product": "ZULU",
                "rawAirSigmet": "ICE",
                "validTimeTo": "2026-09-14T12:00:00.000",
                "validTimeFrom": [
                    "2026-09-14T11:32"
                ]
            }
        },
        {
            "type": "Feature",
            "geometry": {
                "type": "Polygon",
                "coordinates": [
                    [
                        [
                            "-104.25",
                            "24.56"
                        ],
                        [
                            "-104.18",
                            "24.54"
                        ],
                        [
                            "-103.83",
                            "24.37"
                        ],
                        [
                            "-103.67",
                            "24.20"
                        ],
                        [
                            "-103.61",
                            "23.84"
                        ],
                        [
                            "-103.79",
                            "23.75"
                        ],
                        [
                            "-104.19",
                            "23.80"
                        ],
                        [
                            "-104.20",
                            "23.80"
                        ],
                        [
                            "-104.53",
                            "24.15"
                        ],
                        [
                            "-104.34",
                            "24.53"
                        ],
                        [
                            "-104.25",
                            "24.56"
                        ]
                    ]
                ]
            },
            "properties": {
                "forecastId": null,
                "geometryId": null,
                "tag": "1C",
                "forecastHour": 3,
                "hazard": "FZLVL",
                "frequency": null,
                "severity": null,
                "status": "NRML",
                "base": null,
                "top": null,
                "fzlBase": null,
                "fzlTop": null,
                "level": "160",
                "product": "ZULU",
                "rawAirSigmet": null,
                "validTimeTo": "2026-09-14T12:00:00.000",
                "validTimeFrom": [
                    "2026-09-14T11:32"
                ]
            }
        },
        {
            "type": "Feature",
            "geometry": {
                "type": "LineString",
                "coordinates": [
                    [
                        "-90.21",
                        "19.63"
                    ],
                    [
                        "-90.03",
                        "19.99"
                    ],
                    [
                        "-89.77",
                        "20.35"
                    ],
                    [
                        "-89.54",
                        "20.76"
                    ],
                    [
                        "-89.32",
                        "21.42"
                    ],
                    [
                        "-89.35",
                        "22.15"
                    ],
                    [
                        "-89.49",
                        "22.52"
                    ],
                    [
                        "-89.84",
                        "23.03"
                    ],
                    [
                        "-90.23",
                        "23.31"
                    ],
                    [
                        "-90.63",
                        "23.23"
                    ],
                    [
                        "-91.04",
                        "22.57"
                    ],
                    [
                        "-91.20",
                        "22.21"
                    ],
                    [
                        "-91.44",
                        "21.49"
                    ],
                    [
                        "-91.49",
                        "20.81"
                    ],
                    [
                        "-91.55",
                        "20.40"
                    ],
                    [
                        "-91.64",
                        "19.67"
                    ]
                ]
            },
            "properties": {
                "forecastId": null,
                "geometryId": null,
                "tag": "1C",
                "forecastHour": 3,
                "hazard": "FZLVL",
                "frequency": null,
                "severity": null,
                "status": "NRML",
                "base": null,
                "top": null,
                "fzlBase": null,
                "fzlTop": null,
                "level": "160",
                "product": "ZULU",
                "rawAirSigmet": null,
                "validTimeTo": "2026-09-14T12:00:00.000",
                "validTimeFrom": [
                    "2026-09-14T11:32"
                ]
            }
        },
        {
            "type": "Feature",
            "geometry": {
                "type": "Polygon",
                "coordinates": [
                    [
                        [
                            "-116.60",
                            "49.00"
                        ],
                        [
                            "-113.04",
                            "48.97"
                        ],
                        [
                            "-112.89",
                            "47.77"
                        ],
                        [
                            "-113.29",
                            "46.80"
                        ],
                        [
                            "-114.01",
                            "45.90"
                        ],
                        [
                            "-115.44",
                            "44.76"
                        ],
                        [
                            "-116.02",
                            "44.56"
                        ],
                        [
                            "-117.06",
                            "44.45"
                        ],
                        [
                            "-118.72",
                            "44.32"
                        ],
                        [
                            "-120.38",
                            "45.11"
                        ],
                        [
                            "-121.41",
                            "45.01"
                        ],
                        [
                            "-122.36",
                            "44.26"
                        ],
                        [
                            "-122.86",
                            "43.73"
                        ],
                        [
                            "-123.36",
                            "42.95"
                        ],
                        [
                            "-124.48",
                            "42.58"
                        ],
                        [
                            "-124.08",
                            "44.54"
                        ],
                        [
                            "-124.17",
                            "46.94"
                        ],
                        [
                            "-124.63",
                            "48.32"
                        ],
                        [
                            "-122.70",
                            "48.88"
                        ],
                        [
                            "-120.35",
                            "48.98"
                        ],
                        [
                            "-120.73",
                            "48.24"
                        ],
                        [
                            "-120.96",
                            "47.36"
                        ],
                        [
                            "-120.71",
                            "46.70"
                        ],
                        [
                            "-120.30",
                            "46.38"
                        ],
                        [
                            "-119.37",
                            "46.48"
                        ],
                        [
                            "-119.44",
                            "47.53"
                        ],
                        [
                            "-118.93",
                            "47.97"
                        ],
                        [
                            "-118.26",
                            "48.32"
                        ],
                        [
                            "-117.68",
                            "48.70"
                        ],
                        [
                            "-116.60",
                            "49.00"
                        ]
                    ]
                ]
            },
            "properties": {
                "forecastId": null,
                "geometryId": null,
                "tag": "6E",
                "forecastHour": 3,
                "hazard": "MT_OBSC",
                "frequency": null,
                "severity": null,
                "status": "AMD",
                "base": null,
                "top": null,
                "fzlBase": null,
                "fzlTop": null,
                "level": null,
                "product": "SIERRA",
                "rawAirSigmet": "MTNS OBSC BY CLDS PCPN BR",
                "validTimeTo": "2026-09-14T12:00:00.000",
                "validTimeFrom": [
                    "2026-09-14T11:16"
                ]
            }
        },
        {
            "type": "Feature",
            "geometry": {
                "type": "Polygon",
                "coordinates": [
                    [
                        [
                            "-69.34",
                            "47.78"
                        ],
                        [
                            "-69.10",
                            "46.63"
                        ],
                        [
                            "-70.40",
                            "44.82"
                        ],
                        [
                            "-71.55",
                            "44.14"
                        ],
                        [
                            "-72.99",
                            "44.12"
                        ],
                        [
                            "-72.91",
                            "45.17"
                        ],
                        [
                            "-71.58",
                            "45.33"
                        ],
                        [
                            "-69.34",
                            "47.78"
                        ]
                    ]
                ]
            },
            "properties": {
                "forecastId": null,
                "geometryId": null,
                "tag": "2E",
                "forecastHour": 3,
                "hazard": "MT_OBSC",
                "frequency": null,
                "severity": null,
                "status": "AMD",
                "base": null,
                "top": null,
                "fzlBase": null,
                "fzlTop": null,
                "level": null,
                "product": "SIERRA",
                "rawAirSigmet": "MTNS OBSC BY CLDS PCPN BR",
                "validTimeTo": "2026-09-14T12:00:00.000",
                "validTimeFrom": [
                    "2026-09-14T11:16"
                ]
            }
        },
        {
            "type": "Feature",
            "geometry": {
                "type": "LineString",
                "coordinates": [
                    [
                        "-77.80",
                        "57.79"
                    ],
                    [
                        "-78.05",
                        "56.74"
                    ],
                    [
                        "-78.62",
                        "56.01"
                    ],
                    [
                        "-79.36",
                        "55.28"
                    ],
                    [
                        "-80.36",
                        "54.79"
                    ],
                    [
                        "-81.35",
                        "54.15"
                    ],
                    [
                        "-81.96",
                        "53.39"
                    ],
                    [
                        "-82.28",
                        "52.29"
                    ],
                    [
                        "-81.55",
                        "51.43"
                    ],
                    [
                        "-80.10",
                        "50.33"
                    ],
                    [
                        "-79.25",
                        "49.60"
                    ],
                    [
                        "-78.27",
                        "49.12"
                    ],
                    [
                        "-76.81",
                        "49.15"
                    ],
                    [
                        "-76.10",
                        "49.72"
                    ],
                    [
                        "-75.06",
                        "50.43"
                    ],
                    [
                        "-74.36",
                        "51.19"
                    ],
                    [
                        "-73.62",
                        "51.93"
                    ],
                    [
                        "-73.27",
                        "52.71"
                    ],
                    [
                        "-73.13",
                        "53.38"
                    ],
                    [
                        "-71.96",
                        "53.87"
                    ],
                    [
                        "-69.94",
                        "54.93"
                    ],
                    [
                        "-68.44",
                        "56.34"
                    ],
                    [
                        "-67.94",
                        "56.91"
                    ]
                ]
            },
            "properties": {
                "forecastId": null,
                "geometryId": null,
                "tag": "1C",
                "forecastHour": 3,
                "hazard": "FZLVL",
                "frequency": null,
                "severity": null,
                "status": "NRML",
                "base": null,
                "top": null,
                "fzlBase": null,
                "fzlTop": null,
                "level": "040",
                "product": "ZULU",
                "rawAirSigmet": null,
                "validTimeTo": "2026-09-14T12:00:00.000",
                "validTimeFrom": [
                    "2026-09-14T11:32"
                ]
            }
        },
        {
            "type": "Feature",
            "geometry": {
                "type": "Polygon",
                "coordinates": [
                    [
                        [
                            "-120.09",
                            "48.93"
                        ],
                        [
                            "-120.29",
                            "48.42"
                        ],
                        [
                            "-120.46",
                            "47.75"
                        ],
                        [
                            "-120.40",
                            "46.53"
                        ],
                        [
                            "-120.87",
                            "45.92"
                        ],
                        [
                            "-121.93",
                            "45.84"
                        ],
                        [
                            "-122.41",
                            "46.06"
                        ],
                        [
                            "-122.05",
                            "47.38"
                        ],
                        [
                            "-121.78",
                            "48.90"
                        ],
                        [
                            "-120.09",
                            "48.93"
                        ]
                    ]
                ]
            },
            "properties": {
                "forecastId": null,
                "geometryId": null,
                "tag": "2E",
                "forecastHour": 3,
                "hazard": "IFR",
                "frequency": null,
                "severity": null,
                "status": "AMD",
                "base": null,
                "top": null,
                "fzlBase": null,
                "fzlTop": null,
                "level": null,
                "product": "SIERRA",
                "rawAirSigmet": "CIG BLW 010 VIS BLW 3SM PCPN BR",
                "validTimeTo": "2026-09-14T12:00:00.000",
                "validTimeFrom": [
                    "2026-09-14T11:16"
                ]
            }
        },
        {
            "type": "Feature",
            "geometry": {
                "type": "Polygon",
                "coordinates": [
                    [
                        [
                            "-79.69",
                            "40.74"
                        ],
                        [
                            "-78.67",
                            "40.53"
                        ],
                        [
                            "-78.32",
                            "40.14"
                        ],
                        [
                            "-78.79",
                            "39.07"
                        ],
                        [
                            "-79.58",
                            "37.71"
                        ],
                        [
                            "-80.45",
                            "36.85"
                        ],
                        [
                            "-81.18",
                            "36.35"
                        ],
                        [
                            "-81.76",
                            "36.13"
                        ],
                        [
                            "-82.38",
                            "36.13"
                        ],
                        [
                            "-83.07",
                            "35.98"
                        ],
                        [
                            "-83.77",
                            "35.98"
                        ],
                        [
                            "-85.09",
                            "35.80"
                        ],
                        [
                            "-84.96",
                            "36.70"
                        ],
                        [
                            "-84.23",
                            "36.79"
                        ],
                        [
                            "-83.50",
                            "37.10"
                        ],
                        [
                            "-82.88",
                            "37.28"
                        ],
                        [
                            "-82.24",
                            "37.79"
                        ],
                        [
                            "-81.64",
                            "38.47"
                        ],
                        [
                            "-81.34",
                            "38.98"
                        ],
                        [
                            "-80.37",
                            "39.77"
                        ],
                        [
                            "-79.94",
                            "40.26"
                        ],
                        [
                            "-79.69",
                            "40.74"
                        ]
                    ]
                ]
            },
            "properties": {
                "forecastId": null,
                "geometryId": null,
                "tag": "3E",
                "forecastHour": 3,
                "hazard": "MT_OBSC",
                "frequency": null,
                "severity": null,
                "status": "NRML",
                "base": null,
                "top": null,
                "fzlBase": null,
                "fzlTop": null,
                "level": null,
                "product": "SIERRA",
                "rawAirSigmet": "MTNS OBSC BY CLDS BR",
                "validTimeTo": "2026-09-14T12:00:00.000",
                "validTimeFrom": [
                    "2026-09-14T11:16"
                ]
            }
        },
        {
            "type": "Feature",
            "geometry": {
                "type": "Polygon",
                "coordinates": [
                    [
                        [
                            "-79.02",
                            "40.67"
                        ],
                        [
                            "-78.17",
                            "40.32"
                        ],
                        [
                            "-78.21",
                            "39.67"
                        ],
                        [
                            "-78.67",
                            "38.86"
                        ],
                        [
                            "-80.09",
                            "37.21"
                        ],
                        [
                            "-80.95",
                            "36.54"
                        ],
                        [
                            "-81.88",
                            "35.98"
                        ],
                        [
                            "-82.78",
                            "34.86"
                        ],
                        [
                            "-84.19",
                            "35.04"
                        ],
                        [
                            "-84.58",
                            "36.11"
                        ],
                        [
                            "-83.74",
                            "36.99"
                        ],
                        [
                            "-83.00",
                            "37.56"
                        ],
                        [
                            "-82.30",
                            "38.23"
                        ],
                        [
                            "-81.53",
                            "39.05"
                        ],
                        [
                            "-80.14",
                            "39.88"
                        ],
                        [
                            "-79.02",
                            "40.67"
                        ]
                    ]
                ]
            },
            "properties": {
                "forecastId": null,
                "geometryId": null,
                "tag": "4E",
                "forecastHour": 3,
                "hazard": "IFR",
                "frequency": null,
                "severity": null,
                "status": "AMD",
                "base": null,
                "top": null,
                "fzlBase": null,
                "fzlTop": null,
                "level": null,
                "product": "SIERRA",
                "rawAirSigmet": "CIG BLW 010 VIS BLW 3SM BR FG",
                "validTimeTo": "2026-09-14T12:00:00.000",
                "validTimeFrom": [
                    "2026-09-14T11:16"
                ]
            }
        },
        {
            "type": "Feature",
            "geometry": {
                "type": "Polygon",
                "coordinates": [
                    [
                        [
                            "-101.55",
                            "41.75"
                        ],
                        [
                            "-101.09",
                            "41.78"
                        ],
                        [
                            "-100.70",
                            "41.65"
                        ],
                        [
                            "-100.61",
                            "41.54"
                        ],
                        [
                            "-100.50",
                            "41.31"
                        ],
                        [
                            "-100.58",
                            "41.05"
                        ],
                        [
                            "-100.61",
                            "40.95"
                        ],
                        [
                            "-100.86",
                            "40.60"
                        ],
                        [
                            "-101.01",
                            "40.38"
                        ],
                        [
                            "-101.20",
                            "40.23"
                        ],
                        [
                            "-101.44",
                            "39.94"
                        ],
                        [
                            "-101.68",
                            "39.86"
                        ],
                        [
                            "-101.88",
                            "39.66"
                        ],
                        [
                            "-102.06",
                            "39.85"
                        ],
                        [
                            "-102.37",
                            "40.10"
                        ],
                        [
                            "-102.42",
                            "40.19"
                        ],
                        [
                            "-102.49",
                            "40.53"
                        ],
                        [
                            "-102.43",
                            "40.84"
                        ],
                        [
                            "-102.42",
                            "40.89"
                        ],
                        [
                            "-102.23",
                            "41.25"
                        ],
                        [
                            "-102.01",
                            "41.50"
                        ],
                        [
                            "-101.85",
                            "41.61"
                        ],
                        [
                            "-101.55",
                            "41.75"
                        ]
                    ]
                ]
            },
            "properties": {
                "forecastId": null,
                "geometryId": null,
                "tag": "1C",
                "forecastHour": 3,
                "hazard": "FZLVL",
                "frequency": null,
                "severity": null,
                "status": "NRML",
                "base": null,
                "top": null,
                "fzlBase": null,
                "fzlTop": null,
                "level": "160",
                "product": "ZULU",
                "rawAirSigmet": null,
                "validTimeTo": "2026-09-14T12:00:00.000",
                "validTimeFrom": [
                    "2026-09-14T11:32"
                ]
            }
        },
        {
            "type": "Feature",
            "geometry": {
                "type": "Polygon",
                "coordinates": [
                    [
                        [
                            "-67.91",
                            "46.11"
                        ],
                        [
                            "-67.04",
                            "44.70"
                        ],
                        [
                            "-66.98",
                            "39.87"
                        ],
                        [
                            "-67.59",
                            "39.79"
                        ],
                        [
                            "-68.23",
                            "39.88"
                        ],
                        [
                            "-69.16",
                            "40.07"
                        ],
                        [
                            "-69.77",
                            "40.41"
                        ],
                        [
                            "-70.47",
                            "41.05"
                        ],
                        [
                            "-69.80",
                            "41.51"
                        ],
                        [
                            "-68.96",
                            "42.48"
                        ],
                        [
                            "-69.37",
                            "44.20"
                        ],
                        [
                            "-68.72",
                            "45.01"
                        ],
                        [
                            "-67.91",
                            "46.11"
                        ]
                    ]
                ]
            },
            "properties": {
                "forecastId": null,
                "geometryId": null,
                "tag": "3E",
                "forecastHour": 3,
                "hazard": "IFR",
                "frequency": null,
                "severity": null,
                "status": "AMD",
                "base": null,
                "top": null,
                "fzlBase": null,
                "fzlTop": null,
                "level": null,
                "product": "SIERRA",
                "rawAirSigmet": "CIG BLW 010 VIS BLW 3SM PCPN BR FG",
                "validTimeTo": "2026-09-14T12:00:00.000",
                "validTimeFrom": [
                    "2026-09-14T11:16"
                ]
            }
        },
        {
            "type": "Feature",
            "geometry": {
                "type": "Polygon",
                "coordinates": [
                    [
                        [
                            "-81.05",
                            "32.87"
                        ],
                        [
                            "-80.66",
                            "32.58"
                        ],
                        [
                            "-80.81",
                            "32.11"
                        ],
                        [
                            "-81.05",
                            "31.68"
                        ],
                        [
                            "-81.51",
                            "31.21"
                        ],
                        [
                            "-82.20",
                            "31.00"
                        ],
                        [
                            "-82.97",
                            "30.99"
                        ],
                        [
                            "-83.41",
                            "31.36"
                        ],
                        [
                            "-83.51",
                            "31.95"
                        ],
                        [
                            "-83.08",
                            "32.46"
                        ],
                        [
                            "-82.30",
                            "32.56"
                        ],
                        [
                            "-81.65",
                            "32.70"
                        ],
                        [
                            "-81.05",
                            "32.87"
                        ]
                    ]
                ]
            },
            "properties": {
                "forecastId": null,
                "geometryId": null,
                "tag": "6E",
                "forecastHour": 3,
                "hazard": "IFR",
                "frequency": null,
                "severity": null,
                "status": "AMD",
                "base": null,
                "top": null,
                "fzlBase": null,
                "fzlTop": null,
                "level": null,
                "product": "SIERRA",
                "rawAirSigmet": "CIG BLW 010 VIS BLW 3SM BR FG",
                "validTimeTo": "2026-09-14T12:00:00.000",
                "validTimeFrom": [
                    "2026-09-14T11:16"
                ]
            }
        },
        {
            "type": "Feature",
            "geometry": {
                "type": "LineString",
                "coordinates": [
                    [
                        "-124.66",
                        "56.61"
                    ],
                    [
                        "-123.33",
                        "55.85"
                    ],
                    [
                        "-121.38",
                        "55.44"
                    ],
                    [
                        "-119.72",
                        "55.10"
                    ],
                    [
                        "-117.34",
                        "54.95"
                    ],
                    [
                        "-115.76",
                        "55.08"
                    ],
                    [
                        "-113.65",
                        "55.54"
                    ],
                    [
                        "-111.58",
                        "55.61"
                    ],
                    [
                        "-109.30",
                        "55.86"
                    ],
                    [
                        "-106.60",
                        "56.01"
                    ],
                    [
                        "-104.14",
                        "56.39"
                    ],
                    [
                        "-102.27",
                        "56.43"
                    ],
                    [
                        "-99.96",
                        "56.14"
                    ],
                    [
                        "-95.57",
                        "56.63"
                    ],
                    [
                        "-93.57",
                        "56.23"
                    ],
                    [
                        "-92.08",
                        "55.62"
                    ],
                    [
                        "-89.65",
                        "53.86"
                    ],
                    [
                        "-88.59",
                        "52.97"
                    ],
                    [
                        "-88.05",
                        "51.73"
                    ],
                    [
                        "-88.79",
                        "50.48"
                    ],
                    [
                        "-88.62",
                        "48.81"
                    ],
                    [
                        "-88.10",
                        "47.56"
                    ],
                    [
                        "-87.56",
                        "47.12"
                    ],
                    [
                        "-86.62",
                        "46.79"
                    ],
                    [
                        "-84.69",
                        "46.59"
                    ],
                    [
                        "-83.49",
                        "46.46"
                    ],
                    [
                        "-82.74",
                        "46.16"
                    ],
                    [
                        "-82.35",
                        "45.45"
                    ],
                    [
                        "-82.38",
                        "44.90"
                    ],
                    [
                        "-82.03",
                        "44.09"
                    ],
                    [
                        "-81.13",
                        "43.73"
                    ],
                    [
                        "-79.31",
                        "43.32"
                    ],
                    [
                        "-77.34",
                        "43.51"
                    ],
                    [
                        "-73.98",
                        "44.38"
                    ],
                    [
                        "-72.25",
                        "44.72"
                    ],
                    [
                        "-71.07",
                        "45.44"
                    ],
                    [
                        "-69.97",
                        "46.58"
                    ],
                    [
                        "-69.05",
                        "47.91"
                    ],
                    [
                        "-68.29",
                        "49.15"
                    ],
                    [
                        "-67.20",
                        "50.07"
                    ],
                    [
                        "-65.98",
                        "51.13"
                    ],
                    [
                        "-64.48",
                        "51.99"
                    ],
                    [
                        "-63.65",
                        "52.62"
                    ],
                    [
                        "-62.97",
                        "53.58"
                    ],
                    [
                        "-60.93",
                        "54.74"
                    ]
                ]
            },
            "properties": {
                "forecastId": null,
                "geometryId": null,
                "tag": "1C",
                "forecastHour": 3,
                "hazard": "FZLVL",
                "frequency": null,
                "severity": null,
                "status": "NRML",
                "base": null,
                "top": null,
                "fzlBase": null,
                "fzlTop": null,
                "level": "080",
                "product": "ZULU",
                "rawAirSigmet": null,
                "validTimeTo": "2026-09-14T12:00:00.000",
                "validTimeFrom": [
                    "2026-09-14T11:32"
                ]
            }
        },
        {
            "type": "Feature",
            "geometry": {
                "type": "Polygon",
                "coordinates": [
                    [
                        [
                            "-91.02",
                            "44.41"
                        ],
                        [
                            "-90.28",
                            "44.19"
                        ],
                        [
                            "-88.68",
                            "43.00"
                        ],
                        [
                            "-88.35",
                            "42.29"
                        ],
                        [
                            "-88.44",
                            "41.75"
                        ],
                        [
                            "-89.07",
                            "41.44"
                        ],
                        [
                            "-89.54",
                            "41.54"
                        ],
                        [
                            "-90.40",
                            "41.93"
                        ],
                        [
                            "-90.76",
                            "42.59"
                        ],
                        [
                            "-91.28",
                            "43.25"
                        ],
                        [
                            "-91.97",
                            "43.78"
                        ],
                        [
                            "-91.84",
                            "44.24"
                        ],
                        [
                            "-91.02",
                            "44.41"
                        ]
                    ]
                ]
            },
            "properties": {
                "forecastId": null,
                "geometryId": null,
                "tag": "8E",
                "forecastHour": 3,
                "hazard": "IFR",
                "frequency": null,
                "severity": null,
                "status": "NEW",
                "base": null,
                "top": null,
                "fzlBase": null,
                "fzlTop": null,
                "level": null,
                "product": "SIERRA",
                "rawAirSigmet": "CIG BLW 010 VIS BLW 3SM BR FG",
                "validTimeTo": "2026-09-14T12:00:00.000",
                "validTimeFrom": [
                    "2026-09-14T11:16"
                ]
            }
        },
        {
            "type": "Feature",
            "geometry": {
                "type": "LineString",
                "coordinates": [
                    [
                        "-73.22",
                        "57.43"
                    ],
                    [
                        "-73.28",
                        "57.13"
                    ],
                    [
                        "-73.35",
                        "56.83"
                    ],
                    [
                        "-73.46",
                        "56.53"
                    ],
                    [
                        "-73.63",
                        "56.24"
                    ],
                    [
                        "-74.03",
                        "55.97"
                    ],
                    [
                        "-74.57",
                        "56.02"
                    ],
                    [
                        "-75.06",
                        "56.29"
                    ],
                    [
                        "-75.13",
                        "56.36"
                    ],
                    [
                        "-75.37",
                        "56.69"
                    ],
                    [
                        "-75.47",
                        "56.85"
                    ],
                    [
                        "-75.55",
                        "57.01"
                    ],
                    [
                        "-75.66",
                        "57.33"
                    ],
                    [
                        "-75.68",
                        "57.63"
                    ]
                ]
            },
            "properties": {
                "forecastId": null,
                "geometryId": null,
                "tag": "1C",
                "forecastHour": 3,
                "hazard": "FZLVL",
                "frequency": null,
                "severity": null,
                "status": "NRML",
                "base": null,
                "top": null,
                "fzlBase": null,
                "fzlTop": null,
                "level": "040",
                "product": "ZULU",
                "rawAirSigmet": null,
                "validTimeTo": "2026-09-14T12:00:00.000",
                "validTimeFrom": [
                    "2026-09-14T11:32"
                ]
            }
        }
    ],
    "metadata": {
        "creationTime": "2026-09-14T12:33"
    }
}