{
    "type": "FeatureCollection",
    "features": [
        {
            "type": "Feature",
            "geometry": {
                "type": "Polygon",
                "coordinates": [
                    [
                        [
                            "-114.43",
                            "22.49"
                        ],
                        [
                            "-114.04",
                            "22.56"
                        ],
                        [
                            "-113.88",
                            "22.51"
                        ],
                        [
                            "-113.59",
                            "22.18"
                        ],
                        [
                            "-113.54",
                            "21.82"
                        ],
                        [
                            "-113.70",
                            "21.43"
                        ],
                        [
                            "-113.85",
                            "21.32"
                        ],
                        [
                            "-114.22",
                            "21.14"
                        ],
                        [
                            "-114.61",
                            "21.12"
                        ],
                        [
                            "-115.02",
                            "21.23"
                        ],
                        [
                            "-115.06",
                            "21.25"
                        ],
                        [
                            "-115.37",
                            "21.57"
                        ],
                        [
                            "-115.37",
                            "21.94"
                        ],
                        [
                            "-115.18",
                            "22.17"
                        ],
                        [
                            "-114.81",
                            "22.38"
                        ],
                        [
                            "-114.75",
                            "22.40"
                        ],
                        [
                            "-114.43",
                            "22.49"
                        ]
                    ]
                ]
            },
            "properties": {
                "forecastId": null,
                "geometryId": null,
                "tag": "1C",
                "forecastHour": 3,
                "hazard": "FZLVL",
                "frequency": null,
                "severity": null,
                "status": "NRML",
                "base": null,
                "top": null,
                "fzlBase": null,
                "fzlTop": null,
                "level": "160",
                "product": "ZULU",
                "rawAirSigmet": null,
                "validTimeTo": "2026-08-04T12:00:00.000",
                "validTimeFrom": [
                    "2026-08-04T11:47"
                ]
            }
        },
        {
            "type": "Feature",
            "geometry": {
                "type": "Polygon",
                "coordinates": [
                    [
                        [
                            "-78.49",
                            "39.40"
                        ],
                        [
                            "-78.62",
                            "38.61"
                        ],
                        [
                            "-80.59",
                            "37.03"
                        ],
                        [
                            "-78.43",
                            "36.87"
                        ],
                        [
                            "-76.46",
                            "37.34"
                        ],
                        [
                            "-74.53",
                            "38.85"
                        ],
                        [
                            "-72.95",
                            "38.37"
                        ],
                        [
                            "-78.31",
                            "33.39"
                        ],
                        [
                            "-79.65",
                            "33.31"
                        ],
                        [
                            "-80.24",
                            "32.84"
                        ],
                        [
                            "-80.92",
                            "31.82"
                        ],
                        [
                            "-80.88",
                            "30.99"
                        ],
                        [
                            "-81.33",
                            "29.96"
                        ],
                        [
                            "-82.18",
                            "29.42"
                        ],
                        [
                            "-82.72",
                            "29.60"
                        ],
                        [
                            "-82.50",
                            "31.12"
                        ],
                        [
                            "-82.67",
                            "31.96"
                        ],
                        [
                            "-83.09",
                            "32.47"
                        ],
                        [
                            "-83.95",
                            "33.32"
                        ],
                        [
                            "-84.72",
                            "33.28"
                        ],
                        [
                            "-84.88",
                            "32.25"
                        ],
                        [
                            "-85.63",
                            "31.39"
                        ],
                        [
                            "-86.77",
                            "31.95"
                        ],
                        [
                            "-86.97",
                            "33.53"
                        ],
                        [
                            "-86.97",
                            "34.64"
                        ],
                        [
                            "-86.45",
                            "35.51"
                        ],
                        [
                            "-85.07",
                            "36.52"
                        ],
                        [
                            "-82.17",
                            "37.63"
                        ],
                        [
                            "-81.99",
                            "38.67"
                        ],
                        [
                            "-80.30",
                            "39.13"
                        ],
                        [
                            "-78.49",
                            "39.40"
                        ]
                    ]
                ]
            },
            "properties": {
                "forecastId": null,
                "geometryId": null,
                "tag": "2E",
                "forecastHour": 3,
                "hazard": "IFR",
                "frequency": null,
                "severity": null,
                "status": "AMD",
                "base": null,
                "top": null,
                "fzlBase": null,
                "fzlTop": null,
                "level": null,
                "product": "SIERRA",
                "rawAirSigmet": "CIG BLW 010 VIS BLW 3SM BR FG",
                "validTimeTo": "2026-08-04T12:00:00.000",
                "validTimeFrom": [
                    "2026-08-04T11:38"
                ]
            }
        },
        {
            "type": "Feature",
            "geometry": {
                "type": "LineString",
                "coordinates": [
                    [
                        "-90.85",
                        "19.65"
                    ],
                    [
                        "-91.13",
                        "19.90"
                    ],
                    [
                        "-91.27",
                        "20.03"
                    ],
                    [
                        "-91.51",
                        "20.17"
                    ],
                    [
                        "-91.90",
                        "20.20"
                    ],
                    [
                        "-92.15",
                        "20.05"
                    ],
                    [
                        "-92.29",
                        "19.93"
                    ],
                    [
                        "-92.43",
                        "19.69"
                    ]
                ]
            },
            "properties": {
                "forecastId": null,
                "geometryId": null,
                "tag": "1C",
                "forecastHour": 3,
                "hazard": "FZLVL",
                "frequency": null,
                "severity": null,
                "status": "NRML",
                "base": null,
                "top": null,
                "fzlBase": null,
                "fzlTop": null,
                "level": "160",
                "product": "ZULU",
                "rawAirSigmet": null,
                "validTimeTo": "2026-08-04T12:00:00.000",
                "validTimeFrom": [
                    "2026-08-04T11:47"
                ]
            }
        },
        {
            "type": "Feature",
            "geometry": {
                "type": "Polygon",
                "coordinates": [
                    [
                        [
                            "-118.11",
                            "49.00"
                        ],
                        [
                            "-115.97",
                            "48.29"
                        ],
                        [
                            "-114.59",
                            "47.92"
                        ],
                        [
                            "-111.45",
                            "46.95"
                        ],
                        [
                            "-109.13",
                            "46.10"
                        ],
                        [
                            "-107.51",
                            "45.53"
                        ],
                        [
                            "-106.99",
                            "44.85"
                        ],
                        [
                            "-104.67",
                            "41.11"
                        ],
                        [
                            "-103.83",
                            "38.18"
                        ],
                        [
                            "-104.80",
                            "37.70"
                        ],
                        [
                            "-105.82",
                            "37.73"
                        ],
                        [
                            "-107.38",
                            "37.13"
                        ],
                        [
                            "-107.51",
                            "36.25"
                        ],
                        [
                            "-108.21",
                            "35.70"
                        ],
                        [
                            "-109.43",
                            "36.03"
                        ],
                        [
                            "-110.05",
                            "36.66"
                        ],
                        [
                            "-110.47",
                            "37.21"
                        ],
                        [
                            "-111.91",
                            "37.67"
                        ],
                        [
                            "-112.98",
                            "37.44"
                        ],
                        [
                            "-115.01",
                            "37.22"
                        ],
                        [
                            "-116.32",
                            "37.37"
                        ],
                        [
                            "-116.99",
                            "38.24"
                        ],
                        [
                            "-116.40",
                            "38.81"
                        ],
                        [
                            "-115.94",
                            "40.04"
                        ],
                        [
                            "-114.61",
                            "40.91"
                        ],
                        [
                            "-114.44",
                            "41.71"
                        ],
                        [
                            "-115.91",
                            "41.83"
                        ],
                        [
                            "-117.29",
                            "41.14"
                        ],
                        [
                            "-118.07",
                            "40.31"
                        ],
                        [
                            "-119.35",
                            "40.89"
                        ],
                        [
                            "-119.82",
                            "41.10"
                        ],
                        [
                            "-119.46",
                            "41.87"
                        ],
                        [
                            "-119.22",
                            "42.57"
                        ],
                        [
                            "-120.16",
                            "42.64"
                        ],
                        [
                            "-121.63",
                            "42.00"
                        ],
                        [
                            "-123.69",
                            "42.24"
                        ],
                        [
                            "-124.41",
                            "42.93"
                        ],
                        [
                            "-124.08",
                            "44.54"
                        ],
                        [
                            "-124.01",
                            "46.04"
                        ],
                        [
                            "-124.30",
                            "47.39"
                        ],
                        [
                            "-122.63",
                            "47.91"
                        ],
                        [
                            "-121.79",
                            "48.28"
                        ],
                        [
                            "-121.69",
                            "48.97"
                        ],
                        [
                            "-119.65",
                            "48.94"
                        ],
                        [
                            "-118.11",
                            "49.00"
                        ]
                    ]
                ]
            },
            "properties": {
                "forecastId": null,
                "geometryId": null,
                "tag": "1E",
                "forecastHour": 3,
                "hazard": "MT_OBSC",
                "frequency": null,
                "severity": null,
                "status": "NRML",
                "base": null,
                "top": null,
                "fzlBase": null,
                "fzlTop": null,
                "level": null,
                "product": "SIERRA",
                "rawAirSigmet": "FU HZ",
                "validTimeTo": "2026-08-04T12:00:00.000",
                "validTimeFrom": [
                    "2026-08-04T11:38"
                ]
            }
        },
        {
            "type": "Feature",
            "geometry": {
                "type": "Polygon",
                "coordinates": [
                    [
                        [
                            "-107.32",
                            "26.51"
                        ],
                        [
                            "-107.25",
                            "26.34"
                        ],
                        [
                            "-107.07",
                            "26.17"
                        ],
                        [
                            "-106.82",
                            "26.15"
                        ],
                        [
                            "-106.45",
                            "26.21"
                        ],
                        [
                            "-106.42",
                            "26.23"
                        ],
                        [
                            "-106.03",
                            "26.42"
                        ],
                        [
                            "-105.63",
                            "26.52"
                        ],
                        [
                            "-105.53",
                            "26.65"
                        ],
                        [
                            "-105.64",
                            "26.66"
                        ],
                        [
                            "-106.05",
                            "26.67"
                        ],
                        [
                            "-106.46",
                            "26.69"
                        ],
                        [
                            "-106.87",
                            "26.67"
                        ],
                        [
                            "-107.27",
                            "26.55"
                        ],
                        [
                            "-107.32",
                            "26.51"
                        ]
                    ]
                ]
            },
            "properties": {
                "forecastId": null,
                "geometryId": null,
                "tag": "1C",
                "forecastHour": 3,
                "hazard": "FZLVL",
                "frequency": null,
                "severity": null,
                "status": "NRML",
                "base": null,
                "top": null,
                "fzlBase": null,
                "fzlTop": null,
                "level": "160",
                "product": "ZULU",
                "rawAirSigmet": null,
                "validTimeTo": "2026-08-04T12:00:00.000",
                "validTimeFrom": [
                    "2026-08-04T11:47"
                ]
            }
        },
        {
            "type": "Feature",
            "geometry": {
                "type": "Polygon",
                "coordinates": [
                    [
                        [
                            "-97.48",
                            "40.23"
                        ],
                        [
                            "-96.77",
                            "39.63"
                        ],
                        [
                            "-98.81",
                            "37.39"
                        ],
                        [
                            "-99.74",
                            "37.51"
                        ],
                        [
                            "-100.80",
                            "38.28"
                        ],
                        [
                            "-100.29",
                            "39.47"
                        ],
                        [
                            "-99.04",
                            "40.02"
                        ],
                        [
                            "-97.48",
                            "40.23"
                        ]
                    ]
                ]
            },
            "properties": {
                "forecastId": null,
                "geometryId": null,
                "tag": "2W",
                "forecastHour": 3,
                "hazard": "LLWS",
                "frequency": null,
                "severity": null,
                "status": "NRML",
                "base": null,
                "top": null,
                "fzlBase": null,
                "fzlTop": null,
                "level": null,
                "product": "TANGO",
                "rawAirSigmet": "AIR SPEED LOSS OR GAIN OF 20KTS OR MORE BELOW 2000 FT AGL",
                "validTimeTo": "2026-08-04T12:00:00.000",
                "validTimeFrom": [
                    "2026-08-04T08:45"
                ]
            }
        },
        {
            "type": "Feature",
            "geometry": {
                "type": "Polygon",
                "coordinates": [
                    [
                        [
                            "-95.18",
                            "31.77"
                        ],
                        [
                            "-94.72",
                            "31.37"
                        ],
                        [
                            "-95.10",
                            "29.96"
                        ],
                        [
                            "-96.01",
                            "29.29"
                        ],
                        [
                            "-96.93",
                            "29.05"
                        ],
                        [
                            "-97.64",
                            "30.16"
                        ],
                        [
                            "-96.67",
                            "30.84"
                        ],
                        [
                            "-96.01",
                            "31.03"
                        ],
                        [
                            "-95.18",
                            "31.77"
                        ]
                    ]
                ]
            },
            "properties": {
                "forecastId": null,
                "geometryId": null,
                "tag": "4E",
                "forecastHour": 3,
                "hazard": "IFR",
                "frequency": null,
                "severity": null,
                "status": "AMD",
                "base": null,
                "top": null,
                "fzlBase": null,
                "fzlTop": null,
                "level": null,
                "product": "SIERRA",
                "rawAirSigmet": "CIG BLW 010 VIS BLW 3SM BR FG",
                "validTimeTo": "2026-08-04T12:00:00.000",
                "validTimeFrom": [
                    "2026-08-04T11:38"
                ]
            }
        },
        {
            "type": "Feature",
            "geometry": {
                "type": "Polygon",
                "coordinates": [
                    [
                        [
                            "-76.21",
                            "43.13"
                        ],
                        [
                            "-75.42",
                            "42.32"
                        ],
                        [
                            "-76.56",
                            "41.01"
                        ],
                        [
                            "-77.88",
                            "40.48"
                        ],
                        [
                            "-80.23",
                            "40.83"
                        ],
                        [
                            "-79.25",
                            "42.18"
                        ],
                        [
                            "-76.21",
                            "43.13"
                        ]
                    ]
                ]
            },
            "properties": {
                "forecastId": null,
                "geometryId": null,
                "tag": "3E",
                "forecastHour": 3,
                "hazard": "MT_OBSC",
                "frequency": null,
                "severity": null,
                "status": "NRML",
                "base": null,
                "top": null,
                "fzlBase": null,
                "fzlTop": null,
                "level": null,
                "product": "SIERRA",
                "rawAirSigmet": "MTNS OBSC BY CLDS PCPN BR",
                "validTimeTo": "2026-08-04T12:00:00.000",
                "validTimeFrom": [
                    "2026-08-04T11:38"
                ]
            }
        },
        {
            "type": "Feature",
            "geometry": {
                "type": "LineString",
                "coordinates": [
                    [
                        "-108.41",
                        "58.02"
                    ],
                    [
                        "-108.61",
                        "56.58"
                    ],
                    [
                        "-108.34",
                        "54.95"
                    ],
                    [
                        "-108.54",
                        "51.75"
                    ],
                    [
                        "-108.30",
                        "50.56"
                    ],
                    [
                        "-107.21",
                        "49.53"
                    ],
                    [
                        "-105.25",
                        "48.78"
                    ],
                    [
                        "-103.74",
                        "48.05"
                    ],
                    [
                        "-103.13",
                        "47.64"
                    ],
                    [
                        "-101.62",
                        "47.51"
                    ],
                    [
                        "-99.49",
                        "47.94"
                    ],
                    [
                        "-97.17",
                        "48.47"
                    ],
                    [
                        "-95.51",
                        "49.16"
                    ],
                    [
                        "-93.96",
                        "49.88"
                    ],
                    [
                        "-92.93",
                        "51.14"
                    ],
                    [
                        "-91.78",
                        "52.11"
                    ],
                    [
                        "-91.31",
                        "53.10"
                    ],
                    [
                        "-92.94",
                        "54.04"
                    ],
                    [
                        "-93.51",
                        "54.59"
                    ],
                    [
                        "-93.67",
                        "55.32"
                    ],
                    [
                        "-93.26",
                        "55.81"
                    ],
                    [
                        "-93.77",
                        "56.27"
                    ],
                    [
                        "-96.10",
                        "55.94"
                    ],
                    [
                        "-97.14",
                        "56.26"
                    ],
                    [
                        "-97.52",
                        "56.90"
                    ],
                    [
                        "-97.42",
                        "58.35"
                    ]
                ]
            },
            "properties": {
                "forecastId": null,
                "geometryId": null,
                "tag": "1C",
                "forecastHour": 3,
                "hazard": "FZLVL",
                "frequency": null,
                "severity": null,
                "status": "NRML",
                "base": null,
                "top": null,
                "fzlBase": null,
                "fzlTop": null,
                "level": "080",
                "product": "ZULU",
                "rawAirSigmet": null,
                "validTimeTo": "2026-08-04T12:00:00.000",
                "validTimeFrom": [
                    "2026-08-04T11:47"
                ]
            }
        },
        {
            "type": "Feature",
            "geometry": {
                "type": "LineString",
                "coordinates": [
                    [
                        "-128.20",
                        "56.15"
                    ],
                    [
                        "-126.81",
                        "54.18"
                    ],
                    [
                        "-126.32",
                        "53.04"
                    ],
                    [
                        "-125.65",
                        "52.17"
                    ],
                    [
                        "-124.95",
                        "51.24"
                    ],
                    [
                        "-123.99",
                        "50.33"
                    ],
                    [
                        "-123.16",
                        "49.70"
                    ],
                    [
                        "-122.04",
                        "49.13"
                    ],
                    [
                        "-119.37",
                        "48.50"
                    ],
                    [
                        "-117.02",
                        "47.79"
                    ],
                    [
                        "-114.86",
                        "46.77"
                    ],
                    [
                        "-112.62",
                        "45.86"
                    ],
                    [
                        "-107.11",
                        "44.98"
                    ],
                    [
                        "-105.40",
                        "45.00"
                    ],
                    [
                        "-103.81",
                        "45.38"
                    ],
                    [
                        "-100.87",
                        "46.05"
                    ],
                    [
                        "-95.91",
                        "47.56"
                    ],
                    [
                        "-93.12",
                        "48.44"
                    ],
                    [
                        "-90.94",
                        "49.51"
                    ],
                    [
                        "-89.43",
                        "51.04"
                    ],
                    [
                        "-88.66",
                        "52.80"
                    ],
                    [
                        "-87.31",
                        "54.49"
                    ],
                    [
                        "-86.06",
                        "54.99"
                    ],
                    [
                        "-84.63",
                        "55.35"
                    ],
                    [
                        "-84.31",
                        "56.17"
                    ],
                    [
                        "-84.57",
                        "56.58"
                    ],
                    [
                        "-85.39",
                        "56.90"
                    ],
                    [
                        "-86.54",
                        "56.80"
                    ],
                    [
                        "-87.53",
                        "56.92"
                    ],
                    [
                        "-87.93",
                        "57.67"
                    ],
                    [
                        "-88.10",
                        "58.27"
                    ]
                ]
            },
            "properties": {
                "forecastId": null,
                "geometryId": null,
                "tag": "1C",
                "forecastHour": 3,
                "hazard": "FZLVL",
                "frequency": null,
                "severity": null,
                "status": "NRML",
                "base": null,
                "top": null,
                "fzlBase": null,
                "fzlTop": null,
                "level": "120",
                "product": "ZULU",
                "rawAirSigmet": null,
                "validTimeTo": "2026-08-04T12:00:00.000",
                "validTimeFrom": [
                    "2026-08-04T11:47"
                ]
            }
        },
        {
            "type": "Feature",
            "geometry": {
                "type": "Polygon",
                "coordinates": [
                    [
                        [
                            "-123.44",
                            "38.95"
                        ],
                        [
                            "-122.66",
                            "38.83"
                        ],
                        [
                            "-122.07",
                            "38.31"
                        ],
                        [
                            "-120.94",
                            "36.63"
                        ],
                        [
                            "-121.10",
                            "36.04"
                        ],
                        [
                            "-120.94",
                            "35.66"
                        ],
                        [
                            "-120.08",
                            "35.50"
                        ],
                        [
                            "-119.30",
                            "35.05"
                        ],
                        [
                            "-119.38",
                            "34.67"
                        ],
                        [
                            "-118.95",
                            "34.51"
                        ],
                        [
                            "-118.25",
                            "34.35"
                        ],
                        [
                            "-117.27",
                            "33.67"
                        ],
                        [
                            "-116.61",
                            "32.88"
                        ],
                        [
                            "-117.12",
                            "32.88"
                        ],
                        [
                            "-118.48",
                            "33.93"
                        ],
                        [
                            "-120.71",
                            "34.64"
                        ],
                        [
                            "-123.44",
                            "38.95"
                        ]
                    ]
                ]
            },
            "properties": {
                "forecastId": null,
                "geometryId": null,
                "tag": "2E",
                "forecastHour": 3,
                "hazard": "MT_OBSC",
                "frequency": null,
                "severity": null,
                "status": "NRML",
                "base": null,
                "top": null,
                "fzlBase": null,
                "fzlTop": null,
                "level": null,
                "product": "SIERRA",
                "rawAirSigmet": "BR FG",
                "validTimeTo": "2026-08-04T12:00:00.000",
                "validTimeFrom": [
                    "2026-08-04T11:38"
                ]
            }
        },
        {
            "type": "Feature",
            "geometry": {
                "type": "Polygon",
                "coordinates": [
                    [
                        [
                            "-69.43",
                            "46.51"
                        ],
                        [
                            "-68.10",
                            "46.45"
                        ],
                        [
                            "-67.59",
                            "45.87"
                        ],
                        [
                            "-67.08",
                            "44.82"
                        ],
                        [
                            "-67.06",
                            "42.50"
                        ],
                        [
                            "-69.37",
                            "41.26"
                        ],
                        [
                            "-72.41",
                            "41.01"
                        ],
                        [
                            "-74.59",
                            "40.84"
                        ],
                        [
                            "-75.37",
                            "40.40"
                        ],
                        [
                            "-77.04",
                            "39.73"
                        ],
                        [
                            "-78.29",
                            "39.69"
                        ],
                        [
                            "-78.75",
                            "40.06"
                        ],
                        [
                            "-76.48",
                            "41.92"
                        ],
                        [
                            "-74.46",
                            "42.40"
                        ],
                        [
                            "-73.39",
                            "42.77"
                        ],
                        [
                            "-71.52",
                            "44.62"
                        ],
                        [
                            "-69.43",
                            "46.51"
                        ]
                    ]
                ]
            },
            "properties": {
                "forecastId": null,
                "geometryId": null,
                "tag": "1W",
                "forecastHour": 3,
                "hazard": "TURB-HI",
                "frequency": null,
                "severity": "MOD",
                "status": "NRML",
                "base": "330",
                "top": "430",
                "fzlBase": null,
                "fzlTop": null,
                "level": null,
                "product": "TANGO",
                "rawAirSigmet": null,
                "validTimeTo": "2026-08-04T12:00:00.000",
                "validTimeFrom": [
                    "2026-08-04T08:45"
                ]
            }
        },
        {
            "type": "Feature",
            "geometry": {
                "type": "LineString",
                "coordinates": [
                    [
                        "-78.43",
                        "57.83"
                    ],
                    [
                        "-77.46",
                        "56.64"
                    ],
                    [
                        "-76.32",
                        "55.71"
                    ],
                    [
                        "-75.21",
                        "54.59"
                    ],
                    [
                        "-74.57",
                        "53.48"
                    ],
                    [
                        "-72.98",
                        "51.05"
                    ],
                    [
                        "-72.34",
                        "48.31"
                    ],
                    [
                        "-71.17",
                        "47.12"
                    ],
                    [
                        "-70.55",
                        "46.66"
                    ],
                    [
                        "-69.45",
                        "46.25"
                    ],
                    [
                        "-67.71",
                        "45.62"
                    ],
                    [
                        "-66.55",
                        "45.48"
                    ],
                    [
                        "-65.61",
                        "45.70"
                    ],
                    [
                        "-64.47",
                        "46.80"
                    ],
                    [
                        "-64.36",
                        "47.63"
                    ],
                    [
                        "-64.67",
                        "48.32"
                    ],
                    [
                        "-65.25",
                        "49.49"
                    ],
                    [
                        "-67.10",
                        "50.36"
                    ],
                    [
                        "-68.65",
                        "51.12"
                    ],
                    [
                        "-69.26",
                        "52.28"
                    ],
                    [
                        "-69.87",
                        "53.54"
                    ],
                    [
                        "-69.44",
                        "54.05"
                    ],
                    [
                        "-68.45",
                        "54.35"
                    ],
                    [
                        "-66.98",
                        "55.15"
                    ],
                    [
                        "-65.54",
                        "56.22"
                    ],
                    [
                        "-64.94",
                        "56.56"
                    ]
                ]
            },
            "properties": {
                "forecastId": null,
                "geometryId": null,
                "tag": "1C",
                "forecastHour": 3,
                "hazard": "FZLVL",
                "frequency": null,
                "severity": null,
                "status": "NRML",
                "base": null,
                "top": null,
                "fzlBase": null,
                "fzlTop": null,
                "level": "120",
                "product": "ZULU",
                "rawAirSigmet": null,
                "validTimeTo": "2026-08-04T12:00:00.000",
                "validTimeFrom": [
                    "2026-08-04T11:47"
                ]
            }
        },
        {
            "type": "Feature",
            "geometry": {
                "type": "Polygon",
                "coordinates": [
                    [
                        [
                            "-87.57",
                            "47.99"
                        ],
                        [
                            "-86.12",
                            "47.34"
                        ],
                        [
                            "-86.75",
                            "46.07"
                        ],
                        [
                            "-90.01",
                            "44.41"
                        ],
                        [
                            "-90.77",
                            "44.50"
                        ],
                        [
                            "-91.38",
                            "44.83"
                        ],
                        [
                            "-90.93",
                            "45.17"
                        ],
                        [
                            "-88.91",
                            "46.85"
                        ],
                        [
                            "-87.57",
                            "47.99"
                        ]
                    ]
                ]
            },
            "properties": {
                "forecastId": null,
                "geometryId": null,
                "tag": "1W",
                "forecastHour": 3,
                "hazard": "LLWS",
                "frequency": null,
                "severity": null,
                "status": "NRML",
                "base": null,
                "top": null,
                "fzlBase": null,
                "fzlTop": null,
                "level": null,
                "product": "TANGO",
                "rawAirSigmet": "AIR SPEED LOSS OR GAIN OF 20KTS OR MORE BELOW 2000 FT AGL",
                "validTimeTo": "2026-08-04T12:00:00.000",
                "validTimeFrom": [
                    "2026-08-04T08:45"
                ]
            }
        },
        {
            "type": "Feature",
            "geometry": {
                "type": "Polygon",
                "coordinates": [
                    [
                        [
                            "-67.05",
                            "41.25"
                        ],
                        [
                            "-67.14",
                            "39.56"
                        ],
                        [
                            "-68.77",
                            "38.60"
                        ],
                        [
                            "-72.46",
                            "37.18"
                        ],
                        [
                            "-72.65",
                            "34.96"
                        ],
                        [
                            "-74.24",
                            "35.59"
                        ],
                        [
                            "-74.14",
                            "36.31"
                        ],
                        [
                            "-74.43",
                            "37.21"
                        ],
                        [
                            "-73.17",
                            "37.88"
                        ],
                        [
                            "-71.74",
                            "39.09"
                        ],
                        [
                            "-70.15",
                            "39.97"
                        ],
                        [
                            "-68.81",
                            "40.82"
                        ],
                        [
                            "-67.05",
                            "41.25"
                        ]
                    ]
                ]
            },
            "properties": {
                "forecastId": null,
                "geometryId": null,
                "tag": "3C",
                "forecastHour": 3,
                "hazard": "ICE",
                "frequency": null,
                "severity": "MOD",
                "status": "NRML",
                "base": "FZL",
                "top": "280",
                "fzlBase": "150",
                "fzlTop": "170",
                "level": null,
                "product": "ZULU",
                "rawAirSigmet": "ICE",
                "validTimeTo": "2026-08-04T12:00:00.000",
                "validTimeFrom": [
                    "2026-08-04T11:47"
                ]
            }
        },
        {
            "type": "Feature",
            "geometry": {
                "type": "Polygon",
                "coordinates": [
                    [
                        [
                            "-119.81",
                            "48.78"
                        ],
                        [
                            "-119.39",
                            "48.09"
                        ],
                        [
                            "-118.29",
                            "47.92"
                        ],
                        [
                            "-118.24",
                            "47.47"
                        ],
                        [
                            "-118.93",
                            "47.27"
                        ],
                        [
                            "-120.02",
                            "46.91"
                        ],
                        [
                            "-121.19",
                            "46.56"
                        ],
                        [
                            "-121.84",
                            "47.00"
                        ],
                        [
                            "-121.89",
                            "47.81"
                        ],
                        [
                            "-121.20",
                            "48.53"
                        ],
                        [
                            "-119.81",
                            "48.78"
                        ]
                    ]
                ]
            },
            "properties": {
                "forecastId": null,
                "geometryId": null,
                "tag": "7E",
                "forecastHour": 3,
                "hazard": "IFR",
                "frequency": null,
                "severity": null,
                "status": "AMD",
                "base": null,
                "top": null,
                "fzlBase": null,
                "fzlTop": null,
                "level": null,
                "product": "SIERRA",
                "rawAirSigmet": "CIG BLW 010 VIS BLW 3SM HZ FU",
                "validTimeTo": "2026-08-04T12:00:00.000",
                "validTimeFrom": [
                    "2026-08-04T11:38"
                ]
            }
        },
        {
            "type": "Feature",
            "geometry": {
                "type": "Polygon",
                "coordinates": [
                    [
                        [
                            "-74.85",
                            "34.29"
                        ],
                        [
                            "-74.39",
                            "34.39"
                        ],
                        [
                            "-73.96",
                            "34.36"
                        ],
                        [
                            "-73.57",
                            "34.09"
                        ],
                        [
                            "-73.44",
                            "33.94"
                        ],
                        [
                            "-73.51",
                            "33.59"
                        ],
                        [
                            "-73.69",
                            "33.44"
                        ],
                        [
                            "-73.84",
                            "33.26"
                        ],
                        [
                            "-74.20",
                            "32.95"
                        ],
                        [
                            "-74.23",
                            "32.93"
                        ],
                        [
                            "-74.71",
                            "32.67"
                        ],
                        [
                            "-74.78",
                            "32.65"
                        ],
                        [
                            "-75.15",
                            "32.64"
                        ],
                        [
                            "-75.57",
                            "32.74"
                        ],
                        [
                            "-75.62",
                            "32.76"
                        ],
                        [
                            "-75.95",
                            "33.03"
                        ],
                        [
                            "-76.03",
                            "33.17"
                        ],
                        [
                            "-75.97",
                            "33.53"
                        ],
                        [
                            "-75.83",
                            "33.72"
                        ],
                        [
                            "-75.70",
                            "33.86"
                        ],
                        [
                            "-75.33",
                            "34.10"
                        ],
                        [
                            "-75.18",
                            "34.17"
                        ],
                        [
                            "-74.85",
                            "34.29"
                        ]
                    ]
                ]
            },
            "properties": {
                "forecastId": null,
                "geometryId": null,
                "tag": "1C",
                "forecastHour": 3,
                "hazard": "FZLVL",
                "frequency": null,
                "severity": null,
                "status": "NRML",
                "base": null,
                "top": null,
                "fzlBase": null,
                "fzlTop": null,
                "level": "160",
                "product": "ZULU",
                "rawAirSigmet": null,
                "validTimeTo": "2026-08-04T12:00:00.000",
                "validTimeFrom": [
                    "2026-08-04T11:47"
                ]
            }
        },
        {
            "type": "Feature",
            "geometry": {
                "type": "LineString",
                "coordinates": [
                    [
                        "-103.50",
                        "19.46"
                    ],
                    [
                        "-104.50",
                        "21.32"
                    ],
                    [
                        "-105.26",
                        "21.92"
                    ],
                    [
                        "-105.96",
                        "21.18"
                    ],
                    [
                        "-106.91",
                        "20.71"
                    ],
                    [
                        "-107.95",
                        "20.45"
                    ],
                    [
                        "-109.65",
                        "19.15"
                    ],
                    [
                        "-110.52",
                        "21.10"
                    ],
                    [
                        "-111.17",
                        "21.34"
                    ],
                    [
                        "-111.19",
                        "21.77"
                    ],
                    [
                        "-110.71",
                        "22.52"
                    ],
                    [
                        "-110.86",
                        "23.81"
                    ],
                    [
                        "-110.77",
                        "25.08"
                    ],
                    [
                        "-109.85",
                        "25.84"
                    ],
                    [
                        "-109.46",
                        "26.69"
                    ],
                    [
                        "-110.45",
                        "28.72"
                    ],
                    [
                        "-111.51",
                        "29.11"
                    ],
                    [
                        "-112.51",
                        "28.72"
                    ],
                    [
                        "-113.51",
                        "28.35"
                    ],
                    [
                        "-114.35",
                        "29.03"
                    ],
                    [
                        "-115.38",
                        "28.23"
                    ],
                    [
                        "-116.54",
                        "27.78"
                    ],
                    [
                        "-117.75",
                        "29.64"
                    ],
                    [
                        "-118.61",
                        "30.41"
                    ],
                    [
                        "-120.00",
                        "30.26"
                    ],
                    [
                        "-120.59",
                        "29.48"
                    ],
                    [
                        "-120.81",
                        "28.47"
                    ],
                    [
                        "-121.77",
                        "26.79"
                    ],
                    [
                        "-122.21",
                        "25.83"
                    ],
                    [
                        "-122.92",
                        "25.11"
                    ],
                    [
                        "-123.47",
                        "24.16"
                    ],
                    [
                        "-124.34",
                        "23.65"
                    ],
                    [
                        "-123.83",
                        "19.75"
                    ],
                    [
                        "-124.47",
                        "19.23"
                    ],
                    [
                        "-124.78",
                        "18.34"
                    ],
                    [
                        "-124.13",
                        "17.39"
                    ],
                    [
                        "-123.21",
                        "16.90"
                    ]
                ]
            },
            "properties": {
                "forecastId": null,
                "geometryId": null,
                "tag": "1C",
                "forecastHour": 3,
                "hazard": "FZLVL",
                "frequency": null,
                "severity": null,
                "status": "NRML",
                "base": null,
                "top": null,
                "fzlBase": null,
                "fzlTop": null,
                "level": "160",
                "product": "ZULU",
                "rawAirSigmet": null,
                "validTimeTo": "2026-08-04T12:00:00.000",
                "validTimeFrom": [
                    "2026-08-04T11:47"
                ]
            }
        },
        {
            "type": "Feature",
            "geometry": {
                "type": "Polygon",
                "coordinates": [
                    [
                        [
                            "-85.03",
                            "41.87"
                        ],
                        [
                            "-84.17",
                            "41.31"
                        ],
                        [
                            "-85.35",
                            "39.76"
                        ],
                        [
                            "-86.38",
                            "39.09"
                        ],
                        [
                            "-86.70",
                            "38.40"
                        ],
                        [
                            "-87.23",
                            "36.86"
                        ],
                        [
                            "-88.03",
                            "36.32"
                        ],
                        [
                            "-86.94",
                            "36.11"
                        ],
                        [
                            "-88.23",
                            "34.99"
                        ],
                        [
                            "-88.28",
                            "33.67"
                        ],
                        [
                            "-90.58",
                            "32.03"
                        ],
                        [
                            "-91.87",
                            "32.19"
                        ],
                        [
                            "-92.09",
                            "32.80"
                        ],
                        [
                            "-91.81",
                            "33.20"
                        ],
                        [
                            "-91.08",
                            "34.22"
                        ],
                        [
                            "-90.66",
                            "34.84"
                        ],
                        [
                            "-91.46",
                            "35.56"
                        ],
                        [
                            "-91.11",
                            "38.74"
                        ],
                        [
                            "-90.06",
                            "39.11"
                        ],
                        [
                            "-89.67",
                            "39.14"
                        ],
                        [
                            "-89.46",
                            "40.39"
                        ],
                        [
                            "-87.79",
                            "40.93"
                        ],
                        [
                            "-87.10",
                            "41.43"
                        ],
                        [
                            "-86.58",
                            "41.65"
                        ],
                        [
                            "-85.95",
                            "41.16"
                        ],
                        [
                            "-85.03",
                            "41.87"
                        ]
                    ]
                ]
            },
            "properties": {
                "forecastId": null,
                "geometryId": null,
                "tag": "4E",
                "forecastHour": 3,
                "hazard": "IFR",
                "frequency": null,
                "severity": null,
                "status": "AMD",
                "base": null,
                "top": null,
                "fzlBase": null,
                "fzlTop": null,
                "level": null,
                "product": "SIERRA",
                "rawAirSigmet": "CIG BLW 010 VIS BLW 3SM BR FG",
                "validTimeTo": "2026-08-04T12:00:00.000",
                "validTimeFrom": [
                    "2026-08-04T11:38"
                ]
            }
        },
        {
            "type": "Feature",
            "geometry": {
                "type": "Polygon",
                "coordinates": [
                    [
                        [
                            "-123.89",
                            "39.60"
                        ],
                        [
                            "-122.64",
                            "38.47"
                        ],
                        [
                            "-121.97",
                            "37.66"
                        ],
                        [
                            "-121.75",
                            "37.33"
                        ],
                        [
                            "-120.84",
                            "35.95"
                        ],
                        [
                            "-121.35",
                            "36.00"
                        ],
                        [
                            "-120.27",
                            "35.18"
                        ],
                        [
                            "-119.46",
                            "34.45"
                        ],
                        [
                            "-118.65",
                            "34.21"
                        ],
                        [
                            "-117.79",
                            "33.69"
                        ],
                        [
                            "-116.88",
                            "32.85"
                        ],
                        [
                            "-116.88",
                            "32.50"
                        ],
                        [
                            "-120.58",
                            "30.76"
                        ],
                        [
                            "-126.22",
                            "38.77"
                        ],
                        [
                            "-125.05",
                            "39.36"
                        ],
                        [
                            "-123.89",
                            "39.60"
                        ]
                    ]
                ]
            },
            "properties": {
                "forecastId": null,
                "geometryId": null,
                "tag": "3E",
                "forecastHour": 3,
                "hazard": "IFR",
                "frequency": null,
                "severity": null,
                "status": "AMD",
                "base": null,
                "top": null,
                "fzlBase": null,
                "fzlTop": null,
                "level": null,
                "product": "SIERRA",
                "rawAirSigmet": "CIG BLW 010 VIS BLW 3SM BR FG",
                "validTimeTo": "2026-08-04T12:00:00.000",
                "validTimeFrom": [
                    "2026-08-04T11:38"
                ]
            }
        },
        {
            "type": "Feature",
            "geometry": {
                "type": "Polygon",
                "coordinates": [
                    [
                        [
                            "-112.48",
                            "25.68"
                        ],
                        [
                            "-112.10",
                            "25.88"
                        ],
                        [
                            "-111.68",
                            "25.75"
                        ],
                        [
                            "-111.65",
                            "25.73"
                        ],
                        [
                            "-111.66",
                            "25.67"
                        ],
                        [
                            "-111.97",
                            "25.32"
                        ],
                        [
                            "-112.02",
                            "25.30"
                        ],
                        [
                            "-112.29",
                            "25.29"
                        ],
                        [
                            "-112.43",
                            "25.32"
                        ],
                        [
                            "-112.55",
                            "25.62"
                        ],
                        [
                            "-112.48",
                            "25.68"
                        ]
                    ]
                ]
            },
            "properties": {
                "forecastId": null,
                "geometryId": null,
                "tag": "1C",
                "forecastHour": 3,
                "hazard": "FZLVL",
                "frequency": null,
                "severity": null,
                "status": "NRML",
                "base": null,
                "top": null,
                "fzlBase": null,
                "fzlTop": null,
                "level": "160",
                "product": "ZULU",
                "rawAirSigmet": null,
                "validTimeTo": "2026-08-04T12:00:00.000",
                "validTimeFrom": [
                    "2026-08-04T11:47"
                ]
            }
        },
        {
            "type": "Feature",
            "geometry": {
                "type": "Polygon",
                "coordinates": [
                    [
                        [
                            "-71.03",
                            "27.37"
                        ],
                        [
                            "-70.65",
                            "27.20"
                        ],
                        [
                            "-70.36",
                            "26.58"
                        ],
                        [
                            "-70.27",
                            "26.09"
                        ],
                        [
                            "-70.31",
                            "25.35"
                        ],
                        [
                            "-70.73",
                            "24.75"
                        ],
                        [
                            "-71.18",
                            "24.51"
                        ],
                        [
                            "-71.97",
                            "24.65"
                        ],
                        [
                            "-72.32",
                            "24.98"
                        ],
                        [
                            "-72.62",
                            "25.59"
                        ],
                        [
                            "-72.71",
                            "26.10"
                        ],
                        [
                            "-72.56",
                            "26.82"
                        ],
                        [
                            "-72.26",
                            "27.15"
                        ],
                        [
                            "-71.44",
                            "27.39"
                        ],
                        [
                            "-71.03",
                            "27.37"
                        ]
                    ]
                ]
            },
            "properties": {
                "forecastId": null,
                "geometryId": null,
                "tag": "1C",
                "forecastHour": 3,
                "hazard": "FZLVL",
                "frequency": null,
                "severity": null,
                "status": "NRML",
                "base": null,
                "top": null,
                "fzlBase": null,
                "fzlTop": null,
                "level": "160",
                "product": "ZULU",
                "rawAirSigmet": null,
                "validTimeTo": "2026-08-04T12:00:00.000",
                "validTimeFrom": [
                    "2026-08-04T11:47"
                ]
            }
        },
        {
            "type": "Feature",
            "geometry": {
                "type": "Polygon",
                "coordinates": [
                    [
                        [
                            "-86.34",
                            "44.43"
                        ],
                        [
                            "-85.92",
                            "44.39"
                        ],
                        [
                            "-85.41",
                            "43.08"
                        ],
                        [
                            "-86.49",
                            "43.04"
                        ],
                        [
                            "-86.67",
                            "43.82"
                        ],
                        [
                            "-86.34",
                            "44.43"
                        ]
                    ]
                ]
            },
            "properties": {
                "forecastId": null,
                "geometryId": null,
                "tag": "8E",
                "forecastHour": 3,
                "hazard": "IFR",
                "frequency": null,
                "severity": null,
                "status": "NRML",
                "base": null,
                "top": null,
                "fzlBase": null,
                "fzlTop": null,
                "level": null,
                "product": "SIERRA",
                "rawAirSigmet": "CIG BLW 010 VIS BLW 3SM BR FG FU",
                "validTimeTo": "2026-08-04T12:00:00.000",
                "validTimeFrom": [
                    "2026-08-04T11:38"
                ]
            }
        },
        {
            "type": "Feature",
            "geometry": {
                "type": "Polygon",
                "coordinates": [
                    [
                        [
                            "-78.05",
                            "37.26"
                        ],
                        [
                            "-77.18",
                            "36.97"
                        ],
                        [
                            "-76.34",
                            "36.46"
                        ],
                        [
                            "-77.01",
                            "36.04"
                        ],
                        [
                            "-77.19",
                            "35.23"
                        ],
                        [
                            "-77.98",
                            "34.96"
                        ],
                        [
                            "-78.10",
                            "35.56"
                        ],
                        [
                            "-78.50",
                            "35.85"
                        ],
                        [
                            "-78.75",
                            "36.57"
                        ],
                        [
                            "-78.05",
                            "37.26"
                        ]
                    ]
                ]
            },
            "properties": {
                "forecastId": null,
                "geometryId": null,
                "tag": "1C",
                "forecastHour": 3,
                "hazard": "ICE",
                "frequency": null,
                "severity": "MOD",
                "status": "NEW",
                "base": "150",
                "top": "230",
                "fzlBase": null,
                "fzlTop": null,
                "level": null,
                "product": "ZULU",
                "rawAirSigmet": "ICE",
                "validTimeTo": "2026-08-04T12:00:00.000",
                "validTimeFrom": [
                    "2026-08-04T11:47"
                ]
            }
        },
        {
            "type": "Feature",
            "geometry": {
                "type": "Polygon",
                "coordinates": [
                    [
                        [
                            "-80.27",
                            "39.46"
                        ],
                        [
                            "-78.98",
                            "39.37"
                        ],
                        [
                            "-79.65",
                            "37.00"
                        ],
                        [
                            "-80.93",
                            "35.37"
                        ],
                        [
                            "-84.40",
                            "33.60"
                        ],
                        [
                            "-85.18",
                            "34.96"
                        ],
                        [
                            "-85.03",
                            "36.70"
                        ],
                        [
                            "-82.65",
                            "37.66"
                        ],
                        [
                            "-81.71",
                            "38.49"
                        ],
                        [
                            "-80.27",
                            "39.46"
                        ]
                    ]
                ]
            },
            "properties": {
                "forecastId": null,
                "geometryId": null,
                "tag": "3E",
                "forecastHour": 3,
                "hazard": "MT_OBSC",
                "frequency": null,
                "severity": null,
                "status": "NRML",
                "base": null,
                "top": null,
                "fzlBase": null,
                "fzlTop": null,
                "level": null,
                "product": "SIERRA",
                "rawAirSigmet": "MTNS OBSC BY CLDS PCPN BR",
                "validTimeTo": "2026-08-04T12:00:00.000",
                "validTimeFrom": [
                    "2026-08-04T11:38"
                ]
            }
        },
        {
            "type": "Feature",
            "geometry": {
                "type": "Polygon",
                "coordinates": [
                    [
                        [
                            "-126.25",
                            "42.29"
                        ],
                        [
                            "-125.62",
                            "42.21"
                        ],
                        [
                            "-125.58",
                            "41.71"
                        ],
                        [
                            "-125.69",
                            "41.04"
                        ],
                        [
                            "-125.95",
                            "40.46"
                        ],
                        [
                            "-126.13",
                            "39.97"
                        ],
                        [
                            "-126.53",
                            "39.73"
                        ],
                        [
                            "-127.03",
                            "39.51"
                        ],
                        [
                            "-126.77",
                            "41.80"
                        ],
                        [
                            "-126.25",
                            "42.29"
                        ]
                    ]
                ]
            },
            "properties": {
                "forecastId": null,
                "geometryId": null,
                "tag": "1W",
                "forecastHour": 3,
                "hazard": "SFC_WND",
                "frequency": null,
                "severity": null,
                "status": "NRML",
                "base": null,
                "top": null,
                "fzlBase": null,
                "fzlTop": null,
                "level": null,
                "product": "TANGO",
                "rawAirSigmet": "USTAINED SFC WINDS GREATER THAN 30 KTS",
                "validTimeTo": "2026-08-04T12:00:00.000",
                "validTimeFrom": [
                    "2026-08-04T08:45"
                ]
            }
        },
        {
            "type": "Feature",
            "geometry": {
                "type": "LineString",
                "coordinates": [
                    [
                        "-133.23",
                        "40.01"
                    ],
                    [
                        "-129.12",
                        "43.33"
                    ],
                    [
                        "-128.05",
                        "44.19"
                    ],
                    [
                        "-126.36",
                        "44.72"
                    ],
                    [
                        "-124.75",
                        "44.48"
                    ],
                    [
                        "-122.87",
                        "43.92"
                    ],
                    [
                        "-119.46",
                        "42.53"
                    ],
                    [
                        "-117.70",
                        "42.25"
                    ],
                    [
                        "-115.77",
                        "42.24"
                    ],
                    [
                        "-111.85",
                        "41.87"
                    ],
                    [
                        "-107.51",
                        "41.84"
                    ],
                    [
                        "-105.25",
                        "41.78"
                    ],
                    [
                        "-102.91",
                        "42.14"
                    ],
                    [
                        "-100.65",
                        "42.03"
                    ],
                    [
                        "-98.95",
                        "41.70"
                    ],
                    [
                        "-97.34",
                        "41.37"
                    ],
                    [
                        "-96.65",
                        "40.93"
                    ],
                    [
                        "-96.87",
                        "40.33"
                    ],
                    [
                        "-97.74",
                        "39.17"
                    ],
                    [
                        "-98.22",
                        "37.72"
                    ],
                    [
                        "-98.07",
                        "36.89"
                    ],
                    [
                        "-97.12",
                        "36.51"
                    ],
                    [
                        "-95.88",
                        "36.68"
                    ],
                    [
                        "-94.94",
                        "37.06"
                    ],
                    [
                        "-93.44",
                        "37.50"
                    ],
                    [
                        "-92.14",
                        "38.19"
                    ],
                    [
                        "-89.86",
                        "39.91"
                    ],
                    [
                        "-88.87",
                        "40.09"
                    ],
                    [
                        "-87.68",
                        "39.88"
                    ],
                    [
                        "-86.72",
                        "40.19"
                    ],
                    [
                        "-86.30",
                        "40.95"
                    ],
                    [
                        "-86.09",
                        "41.74"
                    ],
                    [
                        "-85.47",
                        "42.35"
                    ],
                    [
                        "-84.58",
                        "42.71"
                    ],
                    [
                        "-83.56",
                        "42.84"
                    ],
                    [
                        "-81.27",
                        "42.93"
                    ],
                    [
                        "-78.96",
                        "42.79"
                    ],
                    [
                        "-76.94",
                        "42.81"
                    ],
                    [
                        "-75.09",
                        "42.34"
                    ],
                    [
                        "-72.54",
                        "40.58"
                    ],
                    [
                        "-71.29",
                        "40.52"
                    ],
                    [
                        "-70.31",
                        "40.75"
                    ],
                    [
                        "-68.67",
                        "41.42"
                    ],
                    [
                        "-65.54",
                        "42.49"
                    ],
                    [
                        "-64.13",
                        "42.71"
                    ],
                    [
                        "-64.47",
                        "41.79"
                    ],
                    [
                        "-65.85",
                        "40.96"
                    ],
                    [
                        "-67.63",
                        "40.43"
                    ],
                    [
                        "-69.45",
                        "39.84"
                    ],
                    [
                        "-70.92",
                        "38.98"
                    ],
                    [
                        "-72.60",
                        "36.38"
                    ],
                    [
                        "-73.70",
                        "36.16"
                    ],
                    [
                        "-74.82",
                        "37.24"
                    ],
                    [
                        "-76.42",
                        "37.65"
                    ],
                    [
                        "-77.51",
                        "37.70"
                    ],
                    [
                        "-78.47",
                        "37.54"
                    ],
                    [
                        "-80.24",
                        "36.87"
                    ],
                    [
                        "-81.17",
                        "36.59"
                    ],
                    [
                        "-82.14",
                        "36.55"
                    ],
                    [
                        "-83.50",
                        "36.04"
                    ],
                    [
                        "-84.62",
                        "35.03"
                    ],
                    [
                        "-85.45",
                        "33.91"
                    ],
                    [
                        "-85.55",
                        "32.32"
                    ],
                    [
                        "-84.86",
                        "31.20"
                    ],
                    [
                        "-83.59",
                        "30.30"
                    ],
                    [
                        "-83.26",
                        "29.56"
                    ],
                    [
                        "-83.24",
                        "28.69"
                    ],
                    [
                        "-84.35",
                        "27.68"
                    ],
                    [
                        "-85.56",
                        "26.99"
                    ],
                    [
                        "-86.90",
                        "27.16"
                    ],
                    [
                        "-89.15",
                        "27.20"
                    ],
                    [
                        "-90.68",
                        "27.37"
                    ],
                    [
                        "-92.80",
                        "27.56"
                    ],
                    [
                        "-94.31",
                        "27.85"
                    ],
                    [
                        "-95.45",
                        "27.94"
                    ],
                    [
                        "-96.79",
                        "27.80"
                    ],
                    [
                        "-98.71",
                        "27.34"
                    ],
                    [
                        "-98.88",
                        "26.81"
                    ],
                    [
                        "-98.49",
                        "26.25"
                    ],
                    [
                        "-98.22",
                        "25.66"
                    ],
                    [
                        "-98.64",
                        "25.31"
                    ],
                    [
                        "-99.59",
                        "25.17"
                    ],
                    [
                        "-100.53",
                        "25.45"
                    ],
                    [
                        "-101.12",
                        "25.78"
                    ],
                    [
                        "-101.95",
                        "25.79"
                    ],
                    [
                        "-101.73",
                        "24.71"
                    ],
                    [
                        "-101.20",
                        "24.24"
                    ],
                    [
                        "-100.15",
                        "24.05"
                    ],
                    [
                        "-98.49",
                        "23.51"
                    ],
                    [
                        "-97.55",
                        "23.34"
                    ],
                    [
                        "-98.12",
                        "22.57"
                    ],
                    [
                        "-98.31",
                        "21.15"
                    ],
                    [
                        "-97.85",
                        "19.68"
                    ]
                ]
            },
            "properties": {
                "forecastId": null,
                "geometryId": null,
                "tag": "1C",
                "forecastHour": 3,
                "hazard": "FZLVL",
                "frequency": null,
                "severity": null,
                "status": "NRML",
                "base": null,
                "top": null,
                "fzlBase": null,
                "fzlTop": null,
                "level": "160",
                "product": "ZULU",
                "rawAirSigmet": null,
                "validTimeTo": "2026-08-04T12:00:00.000",
                "validTimeFrom": [
                    "2026-08-04T11:47"
                ]
            }
        },
        {
            "type": "Feature",
            "geometry": {
                "type": "Polygon",
                "coordinates": [
                    [
                        [
                            "-94.32",
                            "48.61"
                        ],
                        [
                            "-92.99",
                            "48.50"
                        ],
                        [
                            "-92.65",
                            "48.34"
                        ],
                        [
                            "-91.65",
                            "48.08"
                        ],
                        [
                            "-92.15",
                            "47.18"
                        ],
                        [
                            "-93.48",
                            "47.04"
                        ],
                        [
                            "-94.19",
                            "47.48"
                        ],
                        [
                            "-94.80",
                            "48.12"
                        ],
                        [
                            "-94.32",
                            "48.61"
                        ]
                    ]
                ]
            },
            "properties": {
                "forecastId": null,
                "geometryId": null,
                "tag": "1E",
                "forecastHour": 3,
                "hazard": "IFR",
                "frequency": null,
                "severity": null,
                "status": "NRML",
                "base": null,
                "top": null,
                "fzlBase": null,
                "fzlTop": null,
                "level": null,
                "product": "SIERRA",
                "rawAirSigmet": "CIG BLW 010 VIS BLW 3SM BR FG",
                "validTimeTo": "2026-08-04T12:00:00.000",
                "validTimeFrom": [
                    "2026-08-04T11:38"
                ]
            }
        },
        {
            "type": "Feature",
            "geometry": {
                "type": "Polygon",
                "coordinates": [
                    [
                        [
                            "-111.77",
                            "35.40"
                        ],
                        [
                            "-110.21",
                            "35.12"
                        ],
                        [
                            "-111.12",
                            "33.49"
                        ],
                        [
                            "-112.06",
                            "32.75"
                        ],
                        [
                            "-113.22",
                            "33.23"
                        ],
                        [
                            "-111.77",
                            "35.40"
                        ]
                    ]
                ]
            },
            "properties": {
                "forecastId": null,
                "geometryId": null,
                "tag": "5E",
                "forecastHour": 3,
                "hazard": "IFR",
                "frequency": null,
                "severity": null,
                "status": "AMD",
                "base": null,
                "top": null,
                "fzlBase": null,
                "fzlTop": null,
                "level": null,
                "product": "SIERRA",
                "rawAirSigmet": "CIG BLW 010 VIS BLW 3SM HZ",
                "validTimeTo": "2026-08-04T12:00:00.000",
                "validTimeFrom": [
                    "2026-08-04T11:38"
                ]
            }
        },
        {
            "type": "Feature",
            "geometry": {
                "type": "Polygon",
                "coordinates": [
                    [
                        [
                            "-69.14",
                            "47.45"
                        ],
                        [
                            "-67.89",
                            "47.09"
                        ],
                        [
                            "-67.93",
                            "46.14"
                        ],
                        [
                            "-67.14",
                            "44.72"
                        ],
                        [
                            "-67.61",
                            "43.88"
                        ],
                        [
                            "-68.95",
                            "43.55"
                        ],
                        [
                            "-71.64",
                            "44.01"
                        ],
                        [
                            "-72.22",
                            "45.02"
                        ],
                        [
                            "-70.31",
                            "45.45"
                        ],
                        [
                            "-69.57",
                            "47.10"
                        ],
                        [
                            "-69.14",
                            "47.45"
                        ]
                    ]
                ]
            },
            "properties": {
                "forecastId": null,
                "geometryId": null,
                "tag": "1W",
                "forecastHour": 3,
                "hazard": "TURB-LO",
                "frequency": null,
                "severity": "MOD",
                "status": "NRML",
                "base": "SFC",
                "top": "070",
                "fzlBase": null,
                "fzlTop": null,
                "level": null,
                "product": "TANGO",
                "rawAirSigmet": null,
                "validTimeTo": "2026-08-04T12:00:00.000",
                "validTimeFrom": [
                    "2026-08-04T08:45"
                ]
            }
        },
        {
            "type": "Feature",
            "geometry": {
                "type": "Polygon",
                "coordinates": [
                    [
                        [
                            "-92.66",
                            "41.77"
                        ],
                        [
                            "-92.42",
                            "41.72"
                        ],
                        [
                            "-92.20",
                            "41.60"
                        ],
                        [
                            "-92.14",
                            "41.37"
                        ],
                        [
                            "-92.04",
                            "41.02"
                        ],
                        [
                            "-91.94",
                            "40.67"
                        ],
                        [
                            "-91.89",
                            "40.31"
                        ],
                        [
                            "-91.96",
                            "39.96"
                        ],
                        [
                            "-92.21",
                            "39.61"
                        ],
                        [
                            "-92.25",
                            "39.58"
                        ],
                        [
                            "-92.71",
                            "39.38"
                        ],
                        [
                            "-93.17",
                            "39.33"
                        ],
                        [
                            "-93.63",
                            "39.34"
                        ],
                        [
                            "-94.09",
                            "39.37"
                        ],
                        [
                            "-94.46",
                            "39.63"
                        ],
                        [
                            "-94.32",
                            "39.99"
                        ],
                        [
                            "-94.08",
                            "40.22"
                        ],
                        [
                            "-93.97",
                            "40.34"
                        ],
                        [
                            "-93.61",
                            "40.65"
                        ],
                        [
                            "-93.57",
                            "40.69"
                        ],
                        [
                            "-93.32",
                            "41.03"
                        ],
                        [
                            "-93.14",
                            "41.38"
                        ],
                        [
                            "-93.14",
                            "41.39"
                        ],
                        [
                            "-92.75",
                            "41.73"
                        ],
                        [
                            "-92.66",
                            "41.77"
                        ]
                    ]
                ]
            },
            "properties": {
                "forecastId": null,
                "geometryId": null,
                "tag": "1C",
                "forecastHour": 3,
                "hazard": "FZLVL",
                "frequency": null,
                "severity": null,
                "status": "NRML",
                "base": null,
                "top": null,
                "fzlBase": null,
                "fzlTop": null,
                "level": "160",
                "product": "ZULU",
                "rawAirSigmet": null,
                "validTimeTo": "2026-08-04T12:00:00.000",
                "validTimeFrom": [
                    "2026-08-04T11:47"
                ]
            }
        },
        {
            "type": "Feature",
            "geometry": {
                "type": "LineString",
                "coordinates": [
                    [
                        "-136.78",
                        "48.36"
                    ],
                    [
                        "-135.82",
                        "48.56"
                    ],
                    [
                        "-134.97",
                        "48.69"
                    ],
                    [
                        "-134.36",
                        "48.81"
                    ],
                    [
                        "-133.90",
                        "48.96"
                    ],
                    [
                        "-133.12",
                        "49.40"
                    ],
                    [
                        "-132.71",
                        "49.82"
                    ],
                    [
                        "-132.39",
                        "50.22"
                    ],
                    [
                        "-132.08",
                        "50.61"
                    ],
                    [
                        "-131.87",
                        "50.99"
                    ],
                    [
                        "-131.80",
                        "51.41"
                    ],
                    [
                        "-132.00",
                        "51.97"
                    ],
                    [
                        "-132.23",
                        "52.27"
                    ],
                    [
                        "-132.77",
                        "52.84"
                    ],
                    [
                        "-133.15",
                        "53.15"
                    ],
                    [
                        "-133.89",
                        "53.64"
                    ],
                    [
                        "-134.32",
                        "53.89"
                    ],
                    [
                        "-134.78",
                        "54.14"
                    ]
                ]
            },
            "properties": {
                "forecastId": null,
                "geometryId": null,
                "tag": "1C",
                "forecastHour": 3,
                "hazard": "FZLVL",
                "frequency": null,
                "severity": null,
                "status": "NRML",
                "base": null,
                "top": null,
                "fzlBase": null,
                "fzlTop": null,
                "level": "120",
                "product": "ZULU",
                "rawAirSigmet": null,
                "validTimeTo": "2026-08-04T12:00:00.000",
                "validTimeFrom": [
                    "2026-08-04T11:47"
                ]
            }
        },
        {
            "type": "Feature",
            "geometry": {
                "type": "Polygon",
                "coordinates": [
                    [
                        [
                            "-71.35",
                            "44.53"
                        ],
                        [
                            "-70.94",
                            "44.18"
                        ],
                        [
                            "-71.99",
                            "43.58"
                        ],
                        [
                            "-71.97",
                            "42.54"
                        ],
                        [
                            "-72.04",
                            "41.46"
                        ],
                        [
                            "-73.02",
                            "41.84"
                        ],
                        [
                            "-72.68",
                            "42.36"
                        ],
                        [
                            "-72.98",
                            "42.55"
                        ],
                        [
                            "-73.93",
                            "42.51"
                        ],
                        [
                            "-74.47",
                            "41.97"
                        ],
                        [
                            "-74.26",
                            "41.65"
                        ],
                        [
                            "-73.36",
                            "41.20"
                        ],
                        [
                            "-74.29",
                            "40.91"
                        ],
                        [
                            "-75.63",
                            "41.19"
                        ],
                        [
                            "-76.38",
                            "40.69"
                        ],
                        [
                            "-78.44",
                            "40.19"
                        ],
                        [
                            "-80.19",
                            "41.41"
                        ],
                        [
                            "-79.52",
                            "42.15"
                        ],
                        [
                            "-78.48",
                            "42.68"
                        ],
                        [
                            "-77.35",
                            "42.57"
                        ],
                        [
                            "-76.82",
                            "42.63"
                        ],
                        [
                            "-76.08",
                            "42.95"
                        ],
                        [
                            "-75.95",
                            "43.54"
                        ],
                        [
                            "-75.39",
                            "43.77"
                        ],
                        [
                            "-74.46",
                            "43.52"
                        ],
                        [
                            "-73.98",
                            "43.02"
                        ],
                        [
                            "-73.05",
                            "43.32"
                        ],
                        [
                            "-71.35",
                            "44.53"
                        ]
                    ]
                ]
            },
            "properties": {
                "forecastId": null,
                "geometryId": null,
                "tag": "2E",
                "forecastHour": 3,
                "hazard": "IFR",
                "frequency": null,
                "severity": null,
                "status": "AMD",
                "base": null,
                "top": null,
                "fzlBase": null,
                "fzlTop": null,
                "level": null,
                "product": "SIERRA",
                "rawAirSigmet": "CIG BLW 010 VIS BLW 3SM BR FG",
                "validTimeTo": "2026-08-04T12:00:00.000",
                "validTimeFrom": [
                    "2026-08-04T11:38"
                ]
            }
        }
    ],
    "metadata": {
        "creationTime": "2026-08-04T12:07"
    }
}