{
    "type": "FeatureCollection",
    "features": [
        {
            "type": "Feature",
            "geometry": {
                "type": "LineString",
                "coordinates": [
                    [
                        "-129.20",
                        "27.81"
                    ],
                    [
                        "-127.86",
                        "27.44"
                    ],
                    [
                        "-126.91",
                        "27.42"
                    ],
                    [
                        "-125.82",
                        "27.89"
                    ],
                    [
                        "-123.87",
                        "27.29"
                    ],
                    [
                        "-122.42",
                        "28.37"
                    ],
                    [
                        "-120.39",
                        "29.15"
                    ],
                    [
                        "-119.49",
                        "29.69"
                    ],
                    [
                        "-118.06",
                        "29.69"
                    ],
                    [
                        "-117.19",
                        "29.80"
                    ],
                    [
                        "-116.92",
                        "30.65"
                    ],
                    [
                        "-116.78",
                        "31.31"
                    ],
                    [
                        "-116.90",
                        "32.07"
                    ],
                    [
                        "-117.49",
                        "32.87"
                    ],
                    [
                        "-117.67",
                        "33.50"
                    ],
                    [
                        "-117.30",
                        "33.98"
                    ],
                    [
                        "-116.44",
                        "34.18"
                    ],
                    [
                        "-115.71",
                        "34.09"
                    ],
                    [
                        "-115.16",
                        "34.24"
                    ],
                    [
                        "-114.76",
                        "34.71"
                    ],
                    [
                        "-114.30",
                        "35.70"
                    ],
                    [
                        "-113.68",
                        "36.64"
                    ],
                    [
                        "-112.88",
                        "37.59"
                    ],
                    [
                        "-112.50",
                        "38.59"
                    ],
                    [
                        "-111.18",
                        "39.60"
                    ],
                    [
                        "-110.02",
                        "40.12"
                    ],
                    [
                        "-108.53",
                        "40.52"
                    ],
                    [
                        "-107.33",
                        "41.25"
                    ],
                    [
                        "-106.13",
                        "41.71"
                    ],
                    [
                        "-105.32",
                        "42.23"
                    ],
                    [
                        "-104.58",
                        "42.49"
                    ],
                    [
                        "-103.96",
                        "42.49"
                    ],
                    [
                        "-103.06",
                        "41.77"
                    ],
                    [
                        "-102.23",
                        "41.31"
                    ],
                    [
                        "-101.48",
                        "41.09"
                    ],
                    [
                        "-101.49",
                        "40.45"
                    ],
                    [
                        "-101.89",
                        "40.10"
                    ],
                    [
                        "-101.98",
                        "39.16"
                    ],
                    [
                        "-101.81",
                        "38.02"
                    ],
                    [
                        "-102.23",
                        "37.08"
                    ],
                    [
                        "-102.87",
                        "36.67"
                    ],
                    [
                        "-103.38",
                        "35.35"
                    ],
                    [
                        "-103.85",
                        "33.95"
                    ],
                    [
                        "-104.39",
                        "33.24"
                    ],
                    [
                        "-104.86",
                        "32.59"
                    ],
                    [
                        "-105.15",
                        "32.11"
                    ],
                    [
                        "-105.52",
                        "31.39"
                    ],
                    [
                        "-105.71",
                        "30.44"
                    ],
                    [
                        "-105.98",
                        "29.96"
                    ],
                    [
                        "-106.26",
                        "29.26"
                    ],
                    [
                        "-105.19",
                        "28.31"
                    ],
                    [
                        "-107.09",
                        "27.30"
                    ],
                    [
                        "-107.34",
                        "26.73"
                    ],
                    [
                        "-107.10",
                        "26.05"
                    ],
                    [
                        "-106.43",
                        "25.39"
                    ],
                    [
                        "-106.51",
                        "24.95"
                    ],
                    [
                        "-107.53",
                        "25.03"
                    ],
                    [
                        "-108.43",
                        "25.90"
                    ],
                    [
                        "-110.11",
                        "26.79"
                    ],
                    [
                        "-111.25",
                        "27.73"
                    ],
                    [
                        "-111.77",
                        "28.35"
                    ],
                    [
                        "-112.52",
                        "28.01"
                    ],
                    [
                        "-112.65",
                        "26.98"
                    ],
                    [
                        "-113.84",
                        "26.50"
                    ],
                    [
                        "-114.85",
                        "26.57"
                    ],
                    [
                        "-115.87",
                        "26.31"
                    ],
                    [
                        "-117.18",
                        "25.36"
                    ],
                    [
                        "-118.14",
                        "24.91"
                    ],
                    [
                        "-118.73",
                        "24.34"
                    ],
                    [
                        "-120.10",
                        "22.80"
                    ],
                    [
                        "-121.90",
                        "21.95"
                    ],
                    [
                        "-122.22",
                        "21.29"
                    ],
                    [
                        "-122.34",
                        "20.30"
                    ],
                    [
                        "-121.84",
                        "19.35"
                    ],
                    [
                        "-121.22",
                        "18.81"
                    ],
                    [
                        "-120.41",
                        "18.36"
                    ],
                    [
                        "-119.69",
                        "17.57"
                    ]
                ]
            },
            "properties": {
                "forecastId": null,
                "geometryId": null,
                "tag": "1C",
                "forecastHour": 3,
                "hazard": "FZLVL",
                "frequency": null,
                "severity": null,
                "status": "NRML",
                "base": null,
                "top": null,
                "fzlBase": null,
                "fzlTop": null,
                "level": "160",
                "product": "ZULU",
                "rawAirSigmet": null,
                "validTimeTo": "2026-08-30T12:00:00.000",
                "validTimeFrom": [
                    "2026-08-30T10:39"
                ]
            }
        },
        {
            "type": "Feature",
            "geometry": {
                "type": "Polygon",
                "coordinates": [
                    [
                        [
                            "-79.54",
                            "38.84"
                        ],
                        [
                            "-79.29",
                            "38.47"
                        ],
                        [
                            "-79.18",
                            "37.49"
                        ],
                        [
                            "-81.01",
                            "35.24"
                        ],
                        [
                            "-84.39",
                            "33.77"
                        ],
                        [
                            "-85.08",
                            "35.06"
                        ],
                        [
                            "-84.55",
                            "36.11"
                        ],
                        [
                            "-83.83",
                            "35.80"
                        ],
                        [
                            "-83.01",
                            "35.37"
                        ],
                        [
                            "-82.06",
                            "36.16"
                        ],
                        [
                            "-81.96",
                            "36.68"
                        ],
                        [
                            "-81.69",
                            "37.38"
                        ],
                        [
                            "-80.86",
                            "38.29"
                        ],
                        [
                            "-79.54",
                            "38.84"
                        ]
                    ]
                ]
            },
            "properties": {
                "forecastId": null,
                "geometryId": null,
                "tag": "3E",
                "forecastHour": 3,
                "hazard": "MT_OBSC",
                "frequency": null,
                "severity": null,
                "status": "NRML",
                "base": null,
                "top": null,
                "fzlBase": null,
                "fzlTop": null,
                "level": null,
                "product": "SIERRA",
                "rawAirSigmet": "BR FG",
                "validTimeTo": "2026-08-30T12:00:00.000",
                "validTimeFrom": [
                    "2026-08-30T08:45"
                ]
            }
        },
        {
            "type": "Feature",
            "geometry": {
                "type": "Polygon",
                "coordinates": [
                    [
                        [
                            "-96.67",
                            "48.96"
                        ],
                        [
                            "-94.51",
                            "48.51"
                        ],
                        [
                            "-93.12",
                            "47.92"
                        ],
                        [
                            "-92.35",
                            "47.21"
                        ],
                        [
                            "-88.66",
                            "46.55"
                        ],
                        [
                            "-86.14",
                            "46.12"
                        ],
                        [
                            "-83.82",
                            "46.00"
                        ],
                        [
                            "-82.67",
                            "45.33"
                        ],
                        [
                            "-84.67",
                            "43.91"
                        ],
                        [
                            "-86.26",
                            "43.83"
                        ],
                        [
                            "-89.17",
                            "45.14"
                        ],
                        [
                            "-91.63",
                            "45.37"
                        ],
                        [
                            "-93.77",
                            "44.74"
                        ],
                        [
                            "-94.76",
                            "45.12"
                        ],
                        [
                            "-95.28",
                            "46.22"
                        ],
                        [
                            "-96.41",
                            "46.80"
                        ],
                        [
                            "-98.96",
                            "47.19"
                        ],
                        [
                            "-100.00",
                            "48.02"
                        ],
                        [
                            "-99.39",
                            "48.96"
                        ],
                        [
                            "-96.67",
                            "48.96"
                        ]
                    ]
                ]
            },
            "properties": {
                "forecastId": null,
                "geometryId": null,
                "tag": "2C",
                "forecastHour": 3,
                "hazard": "ICE",
                "frequency": null,
                "severity": "MOD",
                "status": "NRML",
                "base": "FZL",
                "top": "250",
                "fzlBase": "130",
                "fzlTop": "150",
                "level": null,
                "product": "ZULU",
                "rawAirSigmet": "ICE",
                "validTimeTo": "2026-08-30T12:00:00.000",
                "validTimeFrom": [
                    "2026-08-30T10:39"
                ]
            }
        },
        {
            "type": "Feature",
            "geometry": {
                "type": "Polygon",
                "coordinates": [
                    [
                        [
                            "-124.12",
                            "43.63"
                        ],
                        [
                            "-124.15",
                            "43.34"
                        ],
                        [
                            "-124.47",
                            "42.19"
                        ],
                        [
                            "-123.71",
                            "41.62"
                        ],
                        [
                            "-123.72",
                            "40.37"
                        ],
                        [
                            "-124.60",
                            "40.36"
                        ],
                        [
                            "-124.95",
                            "41.38"
                        ],
                        [
                            "-125.63",
                            "41.86"
                        ],
                        [
                            "-125.31",
                            "42.51"
                        ],
                        [
                            "-124.88",
                            "43.62"
                        ],
                        [
                            "-124.12",
                            "43.63"
                        ]
                    ]
                ]
            },
            "properties": {
                "forecastId": null,
                "geometryId": null,
                "tag": "5E",
                "forecastHour": 3,
                "hazard": "IFR",
                "frequency": null,
                "severity": null,
                "status": "NRML",
                "base": null,
                "top": null,
                "fzlBase": null,
                "fzlTop": null,
                "level": null,
                "product": "SIERRA",
                "rawAirSigmet": "CIG BLW 010 VIS BLW 3SM BR FG",
                "validTimeTo": "2026-08-30T12:00:00.000",
                "validTimeFrom": [
                    "2026-08-30T08:45"
                ]
            }
        },
        {
            "type": "Feature",
            "geometry": {
                "type": "Polygon",
                "coordinates": [
                    [
                        [
                            "-122.58",
                            "49.05"
                        ],
                        [
                            "-119.86",
                            "48.98"
                        ],
                        [
                            "-120.28",
                            "47.93"
                        ],
                        [
                            "-120.77",
                            "46.40"
                        ],
                        [
                            "-121.63",
                            "46.04"
                        ],
                        [
                            "-122.15",
                            "46.80"
                        ],
                        [
                            "-122.01",
                            "47.51"
                        ],
                        [
                            "-122.12",
                            "48.49"
                        ],
                        [
                            "-122.58",
                            "49.05"
                        ]
                    ]
                ]
            },
            "properties": {
                "forecastId": null,
                "geometryId": null,
                "tag": "6E",
                "forecastHour": 3,
                "hazard": "IFR",
                "frequency": null,
                "severity": null,
                "status": "NRML",
                "base": null,
                "top": null,
                "fzlBase": null,
                "fzlTop": null,
                "level": null,
                "product": "SIERRA",
                "rawAirSigmet": "CIG BLW 010 VIS BLW 3SM BR FG",
                "validTimeTo": "2026-08-30T12:00:00.000",
                "validTimeFrom": [
                    "2026-08-30T08:45"
                ]
            }
        },
        {
            "type": "Feature",
            "geometry": {
                "type": "Polygon",
                "coordinates": [
                    [
                        [
                            "-88.86",
                            "44.36"
                        ],
                        [
                            "-87.23",
                            "44.28"
                        ],
                        [
                            "-86.01",
                            "44.29"
                        ],
                        [
                            "-85.41",
                            "44.21"
                        ],
                        [
                            "-85.55",
                            "43.19"
                        ],
                        [
                            "-85.80",
                            "42.78"
                        ],
                        [
                            "-87.10",
                            "42.85"
                        ],
                        [
                            "-88.40",
                            "41.98"
                        ],
                        [
                            "-90.26",
                            "41.16"
                        ],
                        [
                            "-91.34",
                            "40.44"
                        ],
                        [
                            "-92.99",
                            "39.56"
                        ],
                        [
                            "-94.15",
                            "38.85"
                        ],
                        [
                            "-94.86",
                            "37.96"
                        ],
                        [
                            "-95.59",
                            "37.17"
                        ],
                        [
                            "-96.21",
                            "36.67"
                        ],
                        [
                            "-96.97",
                            "36.77"
                        ],
                        [
                            "-97.89",
                            "36.70"
                        ],
                        [
                            "-98.37",
                            "36.82"
                        ],
                        [
                            "-98.75",
                            "37.29"
                        ],
                        [
                            "-98.28",
                            "37.76"
                        ],
                        [
                            "-97.96",
                            "38.15"
                        ],
                        [
                            "-98.33",
                            "38.28"
                        ],
                        [
                            "-99.30",
                            "37.73"
                        ],
                        [
                            "-99.73",
                            "37.33"
                        ],
                        [
                            "-100.82",
                            "36.70"
                        ],
                        [
                            "-101.42",
                            "36.31"
                        ],
                        [
                            "-102.18",
                            "36.35"
                        ],
                        [
                            "-102.11",
                            "37.17"
                        ],
                        [
                            "-100.51",
                            "38.43"
                        ],
                        [
                            "-100.01",
                            "39.11"
                        ],
                        [
                            "-99.57",
                            "39.55"
                        ],
                        [
                            "-99.29",
                            "40.03"
                        ],
                        [
                            "-98.02",
                            "41.08"
                        ],
                        [
                            "-96.92",
                            "41.76"
                        ],
                        [
                            "-93.70",
                            "43.31"
                        ],
                        [
                            "-90.97",
                            "43.72"
                        ],
                        [
                            "-90.24",
                            "44.15"
                        ],
                        [
                            "-88.86",
                            "44.36"
                        ]
                    ]
                ]
            },
            "properties": {
                "forecastId": null,
                "geometryId": null,
                "tag": "2W",
                "forecastHour": 3,
                "hazard": "LLWS",
                "frequency": null,
                "severity": null,
                "status": "NRML",
                "base": null,
                "top": null,
                "fzlBase": null,
                "fzlTop": null,
                "level": null,
                "product": "TANGO",
                "rawAirSigmet": "AIR SPEED LOSS OR GAIN OF 20KTS OR MORE BELOW 2000 FT AGL",
                "validTimeTo": "2026-08-30T12:00:00.000",
                "validTimeFrom": [
                    "2026-08-30T11:34"
                ]
            }
        },
        {
            "type": "Feature",
            "geometry": {
                "type": "LineString",
                "coordinates": [
                    [
                        "-133.45",
                        "40.59"
                    ],
                    [
                        "-132.58",
                        "41.17"
                    ],
                    [
                        "-132.00",
                        "41.86"
                    ],
                    [
                        "-131.00",
                        "42.58"
                    ],
                    [
                        "-130.20",
                        "43.30"
                    ],
                    [
                        "-129.63",
                        "44.19"
                    ],
                    [
                        "-129.07",
                        "44.48"
                    ],
                    [
                        "-128.25",
                        "44.84"
                    ],
                    [
                        "-127.64",
                        "44.66"
                    ],
                    [
                        "-127.18",
                        "44.10"
                    ],
                    [
                        "-126.61",
                        "43.70"
                    ],
                    [
                        "-125.92",
                        "43.63"
                    ],
                    [
                        "-125.35",
                        "43.89"
                    ],
                    [
                        "-124.79",
                        "44.38"
                    ],
                    [
                        "-123.86",
                        "45.10"
                    ],
                    [
                        "-122.47",
                        "45.68"
                    ],
                    [
                        "-119.85",
                        "47.04"
                    ],
                    [
                        "-118.46",
                        "47.81"
                    ],
                    [
                        "-117.08",
                        "48.38"
                    ],
                    [
                        "-114.26",
                        "49.67"
                    ],
                    [
                        "-113.05",
                        "50.44"
                    ],
                    [
                        "-112.14",
                        "51.21"
                    ],
                    [
                        "-111.24",
                        "52.11"
                    ],
                    [
                        "-110.84",
                        "53.21"
                    ],
                    [
                        "-111.12",
                        "54.54"
                    ],
                    [
                        "-110.37",
                        "55.70"
                    ],
                    [
                        "-110.07",
                        "56.07"
                    ],
                    [
                        "-110.13",
                        "56.78"
                    ],
                    [
                        "-110.91",
                        "57.87"
                    ]
                ]
            },
            "properties": {
                "forecastId": null,
                "geometryId": null,
                "tag": "1C",
                "forecastHour": 3,
                "hazard": "FZLVL",
                "frequency": null,
                "severity": null,
                "status": "NRML",
                "base": null,
                "top": null,
                "fzlBase": null,
                "fzlTop": null,
                "level": "120",
                "product": "ZULU",
                "rawAirSigmet": null,
                "validTimeTo": "2026-08-30T12:00:00.000",
                "validTimeFrom": [
                    "2026-08-30T10:39"
                ]
            }
        },
        {
            "type": "Feature",
            "geometry": {
                "type": "Polygon",
                "coordinates": [
                    [
                        [
                            "-108.42",
                            "35.44"
                        ],
                        [
                            "-107.75",
                            "34.72"
                        ],
                        [
                            "-108.21",
                            "33.87"
                        ],
                        [
                            "-108.73",
                            "33.00"
                        ],
                        [
                            "-109.25",
                            "31.57"
                        ],
                        [
                            "-110.98",
                            "31.31"
                        ],
                        [
                            "-111.64",
                            "31.62"
                        ],
                        [
                            "-110.02",
                            "33.72"
                        ],
                        [
                            "-109.25",
                            "34.62"
                        ],
                        [
                            "-108.42",
                            "35.44"
                        ]
                    ]
                ]
            },
            "properties": {
                "forecastId": null,
                "geometryId": null,
                "tag": "9C",
                "forecastHour": 3,
                "hazard": "ICE",
                "frequency": null,
                "severity": "MOD",
                "status": "NRML",
                "base": "160",
                "top": "260",
                "fzlBase": null,
                "fzlTop": null,
                "level": null,
                "product": "ZULU",
                "rawAirSigmet": "ICE",
                "validTimeTo": "2026-08-30T12:00:00.000",
                "validTimeFrom": [
                    "2026-08-30T10:39"
                ]
            }
        },
        {
            "type": "Feature",
            "geometry": {
                "type": "LineString",
                "coordinates": [
                    [
                        "-102.64",
                        "58.25"
                    ],
                    [
                        "-102.53",
                        "56.87"
                    ],
                    [
                        "-101.97",
                        "56.02"
                    ],
                    [
                        "-100.16",
                        "54.65"
                    ],
                    [
                        "-98.13",
                        "53.16"
                    ],
                    [
                        "-96.56",
                        "51.61"
                    ],
                    [
                        "-94.67",
                        "50.14"
                    ],
                    [
                        "-92.87",
                        "48.89"
                    ],
                    [
                        "-91.63",
                        "48.10"
                    ],
                    [
                        "-90.80",
                        "47.38"
                    ],
                    [
                        "-90.05",
                        "46.56"
                    ],
                    [
                        "-89.84",
                        "45.47"
                    ],
                    [
                        "-89.12",
                        "44.47"
                    ],
                    [
                        "-88.15",
                        "43.81"
                    ],
                    [
                        "-86.97",
                        "43.30"
                    ],
                    [
                        "-85.52",
                        "43.01"
                    ],
                    [
                        "-83.61",
                        "43.13"
                    ],
                    [
                        "-82.40",
                        "43.53"
                    ],
                    [
                        "-79.96",
                        "44.26"
                    ],
                    [
                        "-77.23",
                        "45.10"
                    ],
                    [
                        "-74.91",
                        "45.90"
                    ],
                    [
                        "-73.43",
                        "46.45"
                    ],
                    [
                        "-72.01",
                        "46.66"
                    ],
                    [
                        "-70.78",
                        "47.25"
                    ],
                    [
                        "-69.89",
                        "47.98"
                    ],
                    [
                        "-68.07",
                        "47.93"
                    ],
                    [
                        "-66.20",
                        "47.71"
                    ],
                    [
                        "-64.94",
                        "48.13"
                    ],
                    [
                        "-64.09",
                        "48.92"
                    ],
                    [
                        "-64.22",
                        "50.15"
                    ],
                    [
                        "-63.54",
                        "51.00"
                    ],
                    [
                        "-62.39",
                        "51.62"
                    ],
                    [
                        "-62.55",
                        "52.37"
                    ],
                    [
                        "-62.41",
                        "53.07"
                    ],
                    [
                        "-61.13",
                        "53.01"
                    ],
                    [
                        "-58.83",
                        "52.43"
                    ]
                ]
            },
            "properties": {
                "forecastId": null,
                "geometryId": null,
                "tag": "1C",
                "forecastHour": 3,
                "hazard": "FZLVL",
                "frequency": null,
                "severity": null,
                "status": "NRML",
                "base": null,
                "top": null,
                "fzlBase": null,
                "fzlTop": null,
                "level": "120",
                "product": "ZULU",
                "rawAirSigmet": null,
                "validTimeTo": "2026-08-30T12:00:00.000",
                "validTimeFrom": [
                    "2026-08-30T10:39"
                ]
            }
        },
        {
            "type": "Feature",
            "geometry": {
                "type": "Polygon",
                "coordinates": [
                    [
                        [
                            "-70.37",
                            "45.78"
                        ],
                        [
                            "-69.99",
                            "45.27"
                        ],
                        [
                            "-69.98",
                            "44.39"
                        ],
                        [
                            "-70.45",
                            "43.94"
                        ],
                        [
                            "-70.96",
                            "43.47"
                        ],
                        [
                            "-71.65",
                            "43.20"
                        ],
                        [
                            "-72.48",
                            "43.28"
                        ],
                        [
                            "-73.09",
                            "43.88"
                        ],
                        [
                            "-73.11",
                            "44.53"
                        ],
                        [
                            "-72.95",
                            "45.02"
                        ],
                        [
                            "-71.67",
                            "45.05"
                        ],
                        [
                            "-71.12",
                            "45.28"
                        ],
                        [
                            "-70.37",
                            "45.78"
                        ]
                    ]
                ]
            },
            "properties": {
                "forecastId": null,
                "geometryId": null,
                "tag": "3E",
                "forecastHour": 3,
                "hazard": "IFR",
                "frequency": null,
                "severity": null,
                "status": "NRML",
                "base": null,
                "top": null,
                "fzlBase": null,
                "fzlTop": null,
                "level": null,
                "product": "SIERRA",
                "rawAirSigmet": "CIG BLW 010 VIS BLW 3SM BR FG",
                "validTimeTo": "2026-08-30T12:00:00.000",
                "validTimeFrom": [
                    "2026-08-30T08:45"
                ]
            }
        },
        {
            "type": "Feature",
            "geometry": {
                "type": "LineString",
                "coordinates": [
                    [
                        "-137.47",
                        "49.77"
                    ],
                    [
                        "-136.68",
                        "49.73"
                    ],
                    [
                        "-135.88",
                        "49.55"
                    ],
                    [
                        "-135.17",
                        "49.35"
                    ],
                    [
                        "-134.52",
                        "49.16"
                    ],
                    [
                        "-133.93",
                        "49.02"
                    ],
                    [
                        "-133.35",
                        "48.91"
                    ],
                    [
                        "-132.74",
                        "48.78"
                    ],
                    [
                        "-132.10",
                        "48.45"
                    ],
                    [
                        "-131.88",
                        "47.92"
                    ],
                    [
                        "-131.99",
                        "47.54"
                    ],
                    [
                        "-132.19",
                        "47.15"
                    ],
                    [
                        "-132.58",
                        "46.72"
                    ],
                    [
                        "-133.24",
                        "46.25"
                    ],
                    [
                        "-133.65",
                        "46.00"
                    ],
                    [
                        "-134.37",
                        "45.65"
                    ],
                    [
                        "-134.90",
                        "45.37"
                    ],
                    [
                        "-135.34",
                        "45.20"
                    ]
                ]
            },
            "properties": {
                "forecastId": null,
                "geometryId": null,
                "tag": "1C",
                "forecastHour": 3,
                "hazard": "FZLVL",
                "frequency": null,
                "severity": null,
                "status": "NRML",
                "base": null,
                "top": null,
                "fzlBase": null,
                "fzlTop": null,
                "level": "120",
                "product": "ZULU",
                "rawAirSigmet": null,
                "validTimeTo": "2026-08-30T12:00:00.000",
                "validTimeFrom": [
                    "2026-08-30T10:39"
                ]
            }
        },
        {
            "type": "Feature",
            "geometry": {
                "type": "Polygon",
                "coordinates": [
                    [
                        [
                            "-116.14",
                            "48.97"
                        ],
                        [
                            "-113.74",
                            "48.95"
                        ],
                        [
                            "-113.78",
                            "48.16"
                        ],
                        [
                            "-115.17",
                            "47.23"
                        ],
                        [
                            "-116.43",
                            "47.38"
                        ],
                        [
                            "-118.17",
                            "48.43"
                        ],
                        [
                            "-118.19",
                            "48.91"
                        ],
                        [
                            "-116.14",
                            "48.97"
                        ]
                    ]
                ]
            },
            "properties": {
                "forecastId": null,
                "geometryId": null,
                "tag": "3C",
                "forecastHour": 3,
                "hazard": "ICE",
                "frequency": null,
                "severity": "MOD",
                "status": "NRML",
                "base": "080",
                "top": "190",
                "fzlBase": null,
                "fzlTop": null,
                "level": null,
                "product": "ZULU",
                "rawAirSigmet": "ICE",
                "validTimeTo": "2026-08-30T12:00:00.000",
                "validTimeFrom": [
                    "2026-08-30T10:39"
                ]
            }
        },
        {
            "type": "Feature",
            "geometry": {
                "type": "Polygon",
                "coordinates": [
                    [
                        [
                            "-92.91",
                            "43.31"
                        ],
                        [
                            "-91.03",
                            "42.57"
                        ],
                        [
                            "-91.27",
                            "40.81"
                        ],
                        [
                            "-92.78",
                            "39.66"
                        ],
                        [
                            "-94.25",
                            "39.11"
                        ],
                        [
                            "-95.40",
                            "40.05"
                        ],
                        [
                            "-94.54",
                            "40.62"
                        ],
                        [
                            "-94.28",
                            "42.65"
                        ],
                        [
                            "-92.91",
                            "43.31"
                        ]
                    ]
                ]
            },
            "properties": {
                "forecastId": null,
                "geometryId": null,
                "tag": "7C",
                "forecastHour": 3,
                "hazard": "ICE",
                "frequency": null,
                "severity": "MOD",
                "status": "NEW",
                "base": "160",
                "top": "210",
                "fzlBase": null,
                "fzlTop": null,
                "level": null,
                "product": "ZULU",
                "rawAirSigmet": "ICE",
                "validTimeTo": "2026-08-30T12:00:00.000",
                "validTimeFrom": [
                    "2026-08-30T10:39"
                ]
            }
        },
        {
            "type": "Feature",
            "geometry": {
                "type": "Polygon",
                "coordinates": [
                    [
                        [
                            "-104.05",
                            "49.03"
                        ],
                        [
                            "-98.52",
                            "48.98"
                        ],
                        [
                            "-95.01",
                            "49.00"
                        ],
                        [
                            "-93.30",
                            "48.56"
                        ],
                        [
                            "-91.76",
                            "48.13"
                        ],
                        [
                            "-89.62",
                            "47.85"
                        ],
                        [
                            "-88.50",
                            "48.16"
                        ],
                        [
                            "-85.00",
                            "47.12"
                        ],
                        [
                            "-84.40",
                            "46.19"
                        ],
                        [
                            "-82.71",
                            "45.36"
                        ],
                        [
                            "-83.11",
                            "44.99"
                        ],
                        [
                            "-84.91",
                            "44.58"
                        ],
                        [
                            "-86.85",
                            "44.79"
                        ],
                        [
                            "-88.88",
                            "44.61"
                        ],
                        [
                            "-89.97",
                            "44.68"
                        ],
                        [
                            "-91.58",
                            "45.40"
                        ],
                        [
                            "-92.69",
                            "45.47"
                        ],
                        [
                            "-93.95",
                            "44.10"
                        ],
                        [
                            "-95.16",
                            "44.07"
                        ],
                        [
                            "-97.36",
                            "44.71"
                        ],
                        [
                            "-98.17",
                            "45.73"
                        ],
                        [
                            "-99.79",
                            "45.16"
                        ],
                        [
                            "-100.41",
                            "44.70"
                        ],
                        [
                            "-101.24",
                            "44.20"
                        ],
                        [
                            "-102.34",
                            "44.07"
                        ],
                        [
                            "-103.44",
                            "45.27"
                        ],
                        [
                            "-103.55",
                            "46.23"
                        ],
                        [
                            "-103.64",
                            "47.02"
                        ],
                        [
                            "-106.00",
                            "47.95"
                        ],
                        [
                            "-106.24",
                            "48.95"
                        ],
                        [
                            "-104.05",
                            "49.03"
                        ]
                    ]
                ]
            },
            "properties": {
                "forecastId": null,
                "geometryId": null,
                "tag": "1E",
                "forecastHour": 3,
                "hazard": "IFR",
                "frequency": null,
                "severity": null,
                "status": "NRML",
                "base": null,
                "top": null,
                "fzlBase": null,
                "fzlTop": null,
                "level": null,
                "product": "SIERRA",
                "rawAirSigmet": "CIG BLW 010 VIS BLW 3SM PCPN BR FG",
                "validTimeTo": "2026-08-30T12:00:00.000",
                "validTimeFrom": [
                    "2026-08-30T08:45"
                ]
            }
        },
        {
            "type": "Feature",
            "geometry": {
                "type": "Polygon",
                "coordinates": [
                    [
                        [
                            "-120.06",
                            "48.96"
                        ],
                        [
                            "-120.68",
                            "47.77"
                        ],
                        [
                            "-120.71",
                            "46.83"
                        ],
                        [
                            "-121.42",
                            "46.16"
                        ],
                        [
                            "-121.58",
                            "45.63"
                        ],
                        [
                            "-121.63",
                            "44.87"
                        ],
                        [
                            "-123.90",
                            "44.82"
                        ],
                        [
                            "-124.19",
                            "46.95"
                        ],
                        [
                            "-124.64",
                            "48.29"
                        ],
                        [
                            "-122.33",
                            "48.92"
                        ],
                        [
                            "-120.06",
                            "48.96"
                        ]
                    ]
                ]
            },
            "properties": {
                "forecastId": null,
                "geometryId": null,
                "tag": "1E",
                "forecastHour": 3,
                "hazard": "MT_OBSC",
                "frequency": null,
                "severity": null,
                "status": "NRML",
                "base": null,
                "top": null,
                "fzlBase": null,
                "fzlTop": null,
                "level": null,
                "product": "SIERRA",
                "rawAirSigmet": "MTNS OBSC BY CLDS FG",
                "validTimeTo": "2026-08-30T12:00:00.000",
                "validTimeFrom": [
                    "2026-08-30T08:45"
                ]
            }
        },
        {
            "type": "Feature",
            "geometry": {
                "type": "LineString",
                "coordinates": [
                    [
                        "-91.36",
                        "58.34"
                    ],
                    [
                        "-90.98",
                        "56.78"
                    ],
                    [
                        "-91.15",
                        "55.91"
                    ],
                    [
                        "-91.65",
                        "55.30"
                    ],
                    [
                        "-92.82",
                        "55.26"
                    ],
                    [
                        "-93.92",
                        "55.43"
                    ],
                    [
                        "-93.86",
                        "54.07"
                    ],
                    [
                        "-91.96",
                        "51.18"
                    ],
                    [
                        "-89.46",
                        "49.47"
                    ],
                    [
                        "-88.00",
                        "48.91"
                    ],
                    [
                        "-87.11",
                        "48.01"
                    ],
                    [
                        "-86.95",
                        "46.99"
                    ],
                    [
                        "-86.08",
                        "46.56"
                    ],
                    [
                        "-84.26",
                        "46.14"
                    ],
                    [
                        "-82.77",
                        "45.89"
                    ],
                    [
                        "-81.38",
                        "45.86"
                    ],
                    [
                        "-79.92",
                        "45.99"
                    ],
                    [
                        "-78.32",
                        "46.09"
                    ],
                    [
                        "-76.22",
                        "46.45"
                    ],
                    [
                        "-74.74",
                        "47.55"
                    ],
                    [
                        "-72.71",
                        "50.36"
                    ],
                    [
                        "-72.25",
                        "51.31"
                    ],
                    [
                        "-72.27",
                        "52.30"
                    ],
                    [
                        "-72.57",
                        "53.61"
                    ],
                    [
                        "-73.13",
                        "55.23"
                    ],
                    [
                        "-73.92",
                        "56.34"
                    ],
                    [
                        "-74.83",
                        "57.57"
                    ]
                ]
            },
            "properties": {
                "forecastId": null,
                "geometryId": null,
                "tag": "1C",
                "forecastHour": 3,
                "hazard": "FZLVL",
                "frequency": null,
                "severity": null,
                "status": "NRML",
                "base": null,
                "top": null,
                "fzlBase": null,
                "fzlTop": null,
                "level": "080",
                "product": "ZULU",
                "rawAirSigmet": null,
                "validTimeTo": "2026-08-30T12:00:00.000",
                "validTimeFrom": [
                    "2026-08-30T10:39"
                ]
            }
        },
        {
            "type": "Feature",
            "geometry": {
                "type": "Polygon",
                "coordinates": [
                    [
                        [
                            "-120.99",
                            "36.83"
                        ],
                        [
                            "-120.51",
                            "36.19"
                        ],
                        [
                            "-120.70",
                            "35.81"
                        ],
                        [
                            "-120.59",
                            "35.28"
                        ],
                        [
                            "-120.31",
                            "34.43"
                        ],
                        [
                            "-120.55",
                            "34.45"
                        ],
                        [
                            "-121.59",
                            "36.06"
                        ],
                        [
                            "-120.99",
                            "36.83"
                        ]
                    ]
                ]
            },
            "properties": {
                "forecastId": null,
                "geometryId": null,
                "tag": "7E",
                "forecastHour": 3,
                "hazard": "MT_OBSC",
                "frequency": null,
                "severity": null,
                "status": "NRML",
                "base": null,
                "top": null,
                "fzlBase": null,
                "fzlTop": null,
                "level": null,
                "product": "SIERRA",
                "rawAirSigmet": "FU HZ",
                "validTimeTo": "2026-08-30T12:00:00.000",
                "validTimeFrom": [
                    "2026-08-30T08:45"
                ]
            }
        },
        {
            "type": "Feature",
            "geometry": {
                "type": "Polygon",
                "coordinates": [
                    [
                        [
                            "-92.63",
                            "31.29"
                        ],
                        [
                            "-91.92",
                            "30.90"
                        ],
                        [
                            "-91.75",
                            "30.42"
                        ],
                        [
                            "-92.15",
                            "29.93"
                        ],
                        [
                            "-93.41",
                            "30.01"
                        ],
                        [
                            "-93.97",
                            "30.12"
                        ],
                        [
                            "-93.69",
                            "30.96"
                        ],
                        [
                            "-93.35",
                            "31.19"
                        ],
                        [
                            "-92.63",
                            "31.29"
                        ]
                    ]
                ]
            },
            "properties": {
                "forecastId": null,
                "geometryId": null,
                "tag": "10E",
                "forecastHour": 3,
                "hazard": "IFR",
                "frequency": null,
                "severity": null,
                "status": "NRML",
                "base": null,
                "top": null,
                "fzlBase": null,
                "fzlTop": null,
                "level": null,
                "product": "SIERRA",
                "rawAirSigmet": "CIG BLW 010 VIS BLW 3SM BR FG",
                "validTimeTo": "2026-08-30T12:00:00.000",
                "validTimeFrom": [
                    "2026-08-30T08:45"
                ]
            }
        },
        {
            "type": "Feature",
            "geometry": {
                "type": "Polygon",
                "coordinates": [
                    [
                        [
                            "-105.12",
                            "42.56"
                        ],
                        [
                            "-103.01",
                            "41.83"
                        ],
                        [
                            "-102.13",
                            "41.02"
                        ],
                        [
                            "-101.82",
                            "40.01"
                        ],
                        [
                            "-102.84",
                            "40.00"
                        ],
                        [
                            "-104.12",
                            "40.64"
                        ],
                        [
                            "-105.98",
                            "40.90"
                        ],
                        [
                            "-107.75",
                            "40.73"
                        ],
                        [
                            "-108.32",
                            "41.35"
                        ],
                        [
                            "-107.78",
                            "42.45"
                        ],
                        [
                            "-105.12",
                            "42.56"
                        ]
                    ]
                ]
            },
            "properties": {
                "forecastId": null,
                "geometryId": null,
                "tag": "1C",
                "forecastHour": 3,
                "hazard": "ICE",
                "frequency": null,
                "severity": "MOD",
                "status": "NRML",
                "base": "140",
                "top": "260",
                "fzlBase": null,
                "fzlTop": null,
                "level": null,
                "product": "ZULU",
                "rawAirSigmet": "ICE",
                "validTimeTo": "2026-08-30T12:00:00.000",
                "validTimeFrom": [
                    "2026-08-30T10:39"
                ]
            }
        },
        {
            "type": "Feature",
            "geometry": {
                "type": "Polygon",
                "coordinates": [
                    [
                        [
                            "-116.38",
                            "49.11"
                        ],
                        [
                            "-113.82",
                            "49.02"
                        ],
                        [
                            "-114.83",
                            "48.27"
                        ],
                        [
                            "-115.16",
                            "47.20"
                        ],
                        [
                            "-116.56",
                            "47.25"
                        ],
                        [
                            "-116.38",
                            "49.11"
                        ]
                    ]
                ]
            },
            "properties": {
                "forecastId": null,
                "geometryId": null,
                "tag": "4E",
                "forecastHour": 3,
                "hazard": "MT_OBSC",
                "frequency": null,
                "severity": null,
                "status": "NRML",
                "base": null,
                "top": null,
                "fzlBase": null,
                "fzlTop": null,
                "level": null,
                "product": "SIERRA",
                "rawAirSigmet": "MTNS OBSC BY CLDS PCPN BR",
                "validTimeTo": "2026-08-30T12:00:00.000",
                "validTimeFrom": [
                    "2026-08-30T08:45"
                ]
            }
        },
        {
            "type": "Feature",
            "geometry": {
                "type": "Polygon",
                "coordinates": [
                    [
                        [
                            "-108.90",
                            "41.20"
                        ],
                        [
                            "-106.91",
                            "41.09"
                        ],
                        [
                            "-106.63",
                            "40.21"
                        ],
                        [
                            "-107.53",
                            "39.97"
                        ],
                        [
                            "-109.10",
                            "39.48"
                        ],
                        [
                            "-110.13",
                            "39.36"
                        ],
                        [
                            "-111.25",
                            "40.23"
                        ],
                        [
                            "-111.17",
                            "40.62"
                        ],
                        [
                            "-110.06",
                            "40.98"
                        ],
                        [
                            "-108.90",
                            "41.20"
                        ]
                    ]
                ]
            },
            "properties": {
                "forecastId": null,
                "geometryId": null,
                "tag": "8E",
                "forecastHour": 3,
                "hazard": "IFR",
                "frequency": null,
                "severity": null,
                "status": "NRML",
                "base": null,
                "top": null,
                "fzlBase": null,
                "fzlTop": null,
                "level": null,
                "product": "SIERRA",
                "rawAirSigmet": "CIG BLW 010 VIS BLW 3SM PCPN BR",
                "validTimeTo": "2026-08-30T12:00:00.000",
                "validTimeFrom": [
                    "2026-08-30T08:45"
                ]
            }
        },
        {
            "type": "Feature",
            "geometry": {
                "type": "Polygon",
                "coordinates": [
                    [
                        [
                            "-125.06",
                            "48.66"
                        ],
                        [
                            "-123.67",
                            "48.20"
                        ],
                        [
                            "-123.98",
                            "47.21"
                        ],
                        [
                            "-127.21",
                            "46.77"
                        ],
                        [
                            "-128.00",
                            "48.28"
                        ],
                        [
                            "-125.06",
                            "48.66"
                        ]
                    ]
                ]
            },
            "properties": {
                "forecastId": null,
                "geometryId": null,
                "tag": "6C",
                "forecastHour": 3,
                "hazard": "ICE",
                "frequency": null,
                "severity": "MOD",
                "status": "NRML",
                "base": "110",
                "top": "210",
                "fzlBase": null,
                "fzlTop": null,
                "level": null,
                "product": "ZULU",
                "rawAirSigmet": "ICE",
                "validTimeTo": "2026-08-30T12:00:00.000",
                "validTimeFrom": [
                    "2026-08-30T10:39"
                ]
            }
        },
        {
            "type": "Feature",
            "geometry": {
                "type": "Polygon",
                "coordinates": [
                    [
                        [
                            "-95.71",
                            "49.11"
                        ],
                        [
                            "-93.33",
                            "48.06"
                        ],
                        [
                            "-93.59",
                            "47.51"
                        ],
                        [
                            "-94.62",
                            "46.88"
                        ],
                        [
                            "-95.52",
                            "47.17"
                        ],
                        [
                            "-104.45",
                            "48.10"
                        ],
                        [
                            "-104.28",
                            "48.96"
                        ],
                        [
                            "-100.07",
                            "48.96"
                        ],
                        [
                            "-95.71",
                            "49.11"
                        ]
                    ]
                ]
            },
            "properties": {
                "forecastId": null,
                "geometryId": null,
                "tag": "3W",
                "forecastHour": 3,
                "hazard": "TURB-HI",
                "frequency": null,
                "severity": "MOD",
                "status": "NRML",
                "base": "300",
                "top": "420",
                "fzlBase": null,
                "fzlTop": null,
                "level": null,
                "product": "TANGO",
                "rawAirSigmet": null,
                "validTimeTo": "2026-08-30T12:00:00.000",
                "validTimeFrom": [
                    "2026-08-30T11:34"
                ]
            }
        },
        {
            "type": "Feature",
            "geometry": {
                "type": "Polygon",
                "coordinates": [
                    [
                        [
                            "-114.75",
                            "31.61"
                        ],
                        [
                            "-114.64",
                            "31.26"
                        ],
                        [
                            "-114.61",
                            "31.22"
                        ],
                        [
                            "-114.31",
                            "30.93"
                        ],
                        [
                            "-114.10",
                            "30.77"
                        ],
                        [
                            "-113.75",
                            "30.64"
                        ],
                        [
                            "-113.65",
                            "30.60"
                        ],
                        [
                            "-113.46",
                            "30.67"
                        ],
                        [
                            "-113.38",
                            "31.05"
                        ],
                        [
                            "-113.58",
                            "31.39"
                        ],
                        [
                            "-113.82",
                            "31.64"
                        ],
                        [
                            "-113.91",
                            "31.72"
                        ],
                        [
                            "-114.29",
                            "31.90"
                        ],
                        [
                            "-114.70",
                            "31.77"
                        ],
                        [
                            "-114.75",
                            "31.61"
                        ]
                    ]
                ]
            },
            "properties": {
                "forecastId": null,
                "geometryId": null,
                "tag": "1C",
                "forecastHour": 3,
                "hazard": "FZLVL",
                "frequency": null,
                "severity": null,
                "status": "NRML",
                "base": null,
                "top": null,
                "fzlBase": null,
                "fzlTop": null,
                "level": "160",
                "product": "ZULU",
                "rawAirSigmet": null,
                "validTimeTo": "2026-08-30T12:00:00.000",
                "validTimeFrom": [
                    "2026-08-30T10:39"
                ]
            }
        },
        {
            "type": "Feature",
            "geometry": {
                "type": "Polygon",
                "coordinates": [
                    [
                        [
                            "-108.88",
                            "47.46"
                        ],
                        [
                            "-108.83",
                            "46.82"
                        ],
                        [
                            "-110.09",
                            "45.83"
                        ],
                        [
                            "-109.74",
                            "44.45"
                        ],
                        [
                            "-109.75",
                            "43.65"
                        ],
                        [
                            "-108.97",
                            "42.65"
                        ],
                        [
                            "-109.38",
                            "42.30"
                        ],
                        [
                            "-110.75",
                            "42.73"
                        ],
                        [
                            "-111.06",
                            "42.39"
                        ],
                        [
                            "-111.46",
                            "41.59"
                        ],
                        [
                            "-111.83",
                            "41.20"
                        ],
                        [
                            "-113.26",
                            "41.47"
                        ],
                        [
                            "-112.50",
                            "42.80"
                        ],
                        [
                            "-113.41",
                            "43.25"
                        ],
                        [
                            "-112.55",
                            "44.77"
                        ],
                        [
                            "-111.22",
                            "46.64"
                        ],
                        [
                            "-109.85",
                            "47.35"
                        ],
                        [
                            "-108.88",
                            "47.46"
                        ]
                    ]
                ]
            },
            "properties": {
                "forecastId": null,
                "geometryId": null,
                "tag": "6E",
                "forecastHour": 3,
                "hazard": "MT_OBSC",
                "frequency": null,
                "severity": null,
                "status": "NRML",
                "base": null,
                "top": null,
                "fzlBase": null,
                "fzlTop": null,
                "level": null,
                "product": "SIERRA",
                "rawAirSigmet": "MTNS OBSC BY CLDS PCPN BR",
                "validTimeTo": "2026-08-30T12:00:00.000",
                "validTimeFrom": [
                    "2026-08-30T08:45"
                ]
            }
        },
        {
            "type": "Feature",
            "geometry": {
                "type": "Polygon",
                "coordinates": [
                    [
                        [
                            "-114.56",
                            "49.07"
                        ],
                        [
                            "-111.95",
                            "48.94"
                        ],
                        [
                            "-113.91",
                            "46.09"
                        ],
                        [
                            "-115.86",
                            "45.48"
                        ],
                        [
                            "-114.56",
                            "49.07"
                        ]
                    ]
                ]
            },
            "properties": {
                "forecastId": null,
                "geometryId": null,
                "tag": "4W",
                "forecastHour": 3,
                "hazard": "TURB-HI",
                "frequency": null,
                "severity": "MOD",
                "status": "NRML",
                "base": "180",
                "top": "350",
                "fzlBase": null,
                "fzlTop": null,
                "level": null,
                "product": "TANGO",
                "rawAirSigmet": null,
                "validTimeTo": "2026-08-30T12:00:00.000",
                "validTimeFrom": [
                    "2026-08-30T11:34"
                ]
            }
        },
        {
            "type": "Feature",
            "geometry": {
                "type": "Polygon",
                "coordinates": [
                    [
                        [
                            "-71.38",
                            "38.08"
                        ],
                        [
                            "-70.62",
                            "37.97"
                        ],
                        [
                            "-70.69",
                            "37.56"
                        ],
                        [
                            "-72.47",
                            "37.16"
                        ],
                        [
                            "-72.63",
                            "36.34"
                        ],
                        [
                            "-73.95",
                            "36.14"
                        ],
                        [
                            "-75.27",
                            "35.89"
                        ],
                        [
                            "-79.18",
                            "35.21"
                        ],
                        [
                            "-85.08",
                            "32.06"
                        ],
                        [
                            "-87.60",
                            "31.28"
                        ],
                        [
                            "-89.45",
                            "30.77"
                        ],
                        [
                            "-91.17",
                            "30.36"
                        ],
                        [
                            "-92.45",
                            "30.47"
                        ],
                        [
                            "-92.35",
                            "31.31"
                        ],
                        [
                            "-91.12",
                            "31.81"
                        ],
                        [
                            "-90.22",
                            "32.30"
                        ],
                        [
                            "-89.42",
                            "32.73"
                        ],
                        [
                            "-88.66",
                            "33.17"
                        ],
                        [
                            "-87.55",
                            "33.85"
                        ],
                        [
                            "-86.01",
                            "34.26"
                        ],
                        [
                            "-84.13",
                            "34.79"
                        ],
                        [
                            "-82.93",
                            "35.33"
                        ],
                        [
                            "-79.48",
                            "37.00"
                        ],
                        [
                            "-76.60",
                            "37.51"
                        ],
                        [
                            "-75.27",
                            "37.10"
                        ],
                        [
                            "-73.44",
                            "37.58"
                        ],
                        [
                            "-72.70",
                            "37.85"
                        ],
                        [
                            "-71.38",
                            "38.08"
                        ]
                    ]
                ]
            },
            "properties": {
                "forecastId": null,
                "geometryId": null,
                "tag": "1W",
                "forecastHour": 3,
                "hazard": "TURB-HI",
                "frequency": null,
                "severity": "MOD",
                "status": "AMD",
                "base": "290",
                "top": "420",
                "fzlBase": null,
                "fzlTop": null,
                "level": null,
                "product": "TANGO",
                "rawAirSigmet": null,
                "validTimeTo": "2026-08-30T12:00:00.000",
                "validTimeFrom": [
                    "2026-08-30T11:34"
                ]
            }
        },
        {
            "type": "Feature",
            "geometry": {
                "type": "Polygon",
                "coordinates": [
                    [
                        [
                            "-122.36",
                            "38.00"
                        ],
                        [
                            "-121.72",
                            "37.27"
                        ],
                        [
                            "-121.29",
                            "35.80"
                        ],
                        [
                            "-120.22",
                            "35.11"
                        ],
                        [
                            "-119.37",
                            "33.80"
                        ],
                        [
                            "-119.62",
                            "33.13"
                        ],
                        [
                            "-120.89",
                            "32.76"
                        ],
                        [
                            "-121.62",
                            "32.61"
                        ],
                        [
                            "-122.32",
                            "32.96"
                        ],
                        [
                            "-124.58",
                            "36.24"
                        ],
                        [
                            "-123.61",
                            "36.38"
                        ],
                        [
                            "-122.55",
                            "36.89"
                        ],
                        [
                            "-122.62",
                            "37.48"
                        ],
                        [
                            "-122.77",
                            "37.85"
                        ],
                        [
                            "-122.36",
                            "38.00"
                        ]
                    ]
                ]
            },
            "properties": {
                "forecastId": null,
                "geometryId": null,
                "tag": "4E",
                "forecastHour": 3,
                "hazard": "IFR",
                "frequency": null,
                "severity": null,
                "status": "NRML",
                "base": null,
                "top": null,
                "fzlBase": null,
                "fzlTop": null,
                "level": null,
                "product": "SIERRA",
                "rawAirSigmet": "CIG BLW 010 VIS BLW 3SM BR FG",
                "validTimeTo": "2026-08-30T12:00:00.000",
                "validTimeFrom": [
                    "2026-08-30T08:45"
                ]
            }
        },
        {
            "type": "Feature",
            "geometry": {
                "type": "Polygon",
                "coordinates": [
                    [
                        [
                            "-107.80",
                            "41.89"
                        ],
                        [
                            "-107.07",
                            "41.62"
                        ],
                        [
                            "-106.04",
                            "41.20"
                        ],
                        [
                            "-105.34",
                            "40.33"
                        ],
                        [
                            "-105.65",
                            "39.88"
                        ],
                        [
                            "-107.46",
                            "39.52"
                        ],
                        [
                            "-108.51",
                            "39.33"
                        ],
                        [
                            "-109.20",
                            "38.98"
                        ],
                        [
                            "-109.39",
                            "38.55"
                        ],
                        [
                            "-111.33",
                            "38.68"
                        ],
                        [
                            "-111.42",
                            "40.51"
                        ],
                        [
                            "-110.71",
                            "40.95"
                        ],
                        [
                            "-109.02",
                            "41.21"
                        ],
                        [
                            "-107.80",
                            "41.89"
                        ]
                    ]
                ]
            },
            "properties": {
                "forecastId": null,
                "geometryId": null,
                "tag": "2E",
                "forecastHour": 3,
                "hazard": "MT_OBSC",
                "frequency": null,
                "severity": null,
                "status": "NRML",
                "base": null,
                "top": null,
                "fzlBase": null,
                "fzlTop": null,
                "level": null,
                "product": "SIERRA",
                "rawAirSigmet": "MTNS OBSC BY CLDS PCPN BR",
                "validTimeTo": "2026-08-30T12:00:00.000",
                "validTimeFrom": [
                    "2026-08-30T08:45"
                ]
            }
        },
        {
            "type": "Feature",
            "geometry": {
                "type": "Polygon",
                "coordinates": [
                    [
                        [
                            "-73.59",
                            "44.98"
                        ],
                        [
                            "-72.61",
                            "44.88"
                        ],
                        [
                            "-72.16",
                            "44.59"
                        ],
                        [
                            "-71.24",
                            "43.53"
                        ],
                        [
                            "-71.04",
                            "42.85"
                        ],
                        [
                            "-72.46",
                            "42.36"
                        ],
                        [
                            "-74.12",
                            "41.97"
                        ],
                        [
                            "-75.28",
                            "41.47"
                        ],
                        [
                            "-76.69",
                            "40.72"
                        ],
                        [
                            "-78.12",
                            "40.27"
                        ],
                        [
                            "-79.39",
                            "40.40"
                        ],
                        [
                            "-80.31",
                            "40.87"
                        ],
                        [
                            "-81.79",
                            "40.81"
                        ],
                        [
                            "-83.25",
                            "40.23"
                        ],
                        [
                            "-85.31",
                            "39.49"
                        ],
                        [
                            "-86.77",
                            "39.77"
                        ],
                        [
                            "-88.20",
                            "39.92"
                        ],
                        [
                            "-89.95",
                            "40.07"
                        ],
                        [
                            "-90.45",
                            "40.94"
                        ],
                        [
                            "-89.62",
                            "41.56"
                        ],
                        [
                            "-88.23",
                            "42.12"
                        ],
                        [
                            "-86.65",
                            "42.14"
                        ],
                        [
                            "-85.72",
                            "42.47"
                        ],
                        [
                            "-84.68",
                            "43.16"
                        ],
                        [
                            "-83.03",
                            "43.19"
                        ],
                        [
                            "-82.49",
                            "42.99"
                        ],
                        [
                            "-83.09",
                            "42.60"
                        ],
                        [
                            "-83.12",
                            "42.14"
                        ],
                        [
                            "-82.53",
                            "41.65"
                        ],
                        [
                            "-79.97",
                            "42.44"
                        ],
                        [
                            "-79.07",
                            "42.94"
                        ],
                        [
                            "-78.78",
                            "43.64"
                        ],
                        [
                            "-76.79",
                            "43.77"
                        ],
                        [
                            "-75.05",
                            "44.94"
                        ],
                        [
                            "-73.59",
                            "44.98"
                        ]
                    ]
                ]
            },
            "properties": {
                "forecastId": null,
                "geometryId": null,
                "tag": "4C",
                "forecastHour": 3,
                "hazard": "ICE",
                "frequency": null,
                "severity": "MOD",
                "status": "NRML",
                "base": "FZL",
                "top": "210",
                "fzlBase": "110",
                "fzlTop": "140",
                "level": null,
                "product": "ZULU",
                "rawAirSigmet": "ICE",
                "validTimeTo": "2026-08-30T12:00:00.000",
                "validTimeFrom": [
                    "2026-08-30T10:39"
                ]
            }
        },
        {
            "type": "Feature",
            "geometry": {
                "type": "LineString",
                "coordinates": [
                    [
                        "-78.52",
                        "18.76"
                    ],
                    [
                        "-78.22",
                        "19.23"
                    ],
                    [
                        "-78.21",
                        "20.19"
                    ],
                    [
                        "-78.61",
                        "20.61"
                    ],
                    [
                        "-78.76",
                        "21.73"
                    ],
                    [
                        "-78.16",
                        "23.50"
                    ],
                    [
                        "-78.54",
                        "25.01"
                    ],
                    [
                        "-78.55",
                        "26.06"
                    ],
                    [
                        "-78.06",
                        "27.11"
                    ],
                    [
                        "-76.93",
                        "28.57"
                    ],
                    [
                        "-75.90",
                        "29.49"
                    ],
                    [
                        "-74.37",
                        "30.40"
                    ],
                    [
                        "-72.82",
                        "31.18"
                    ],
                    [
                        "-70.98",
                        "31.39"
                    ],
                    [
                        "-69.16",
                        "31.84"
                    ],
                    [
                        "-67.34",
                        "32.64"
                    ],
                    [
                        "-65.49",
                        "32.77"
                    ]
                ]
            },
            "properties": {
                "forecastId": null,
                "geometryId": null,
                "tag": "1C",
                "forecastHour": 3,
                "hazard": "FZLVL",
                "frequency": null,
                "severity": null,
                "status": "NRML",
                "base": null,
                "top": null,
                "fzlBase": null,
                "fzlTop": null,
                "level": "160",
                "product": "ZULU",
                "rawAirSigmet": null,
                "validTimeTo": "2026-08-30T12:00:00.000",
                "validTimeFrom": [
                    "2026-08-30T10:39"
                ]
            }
        },
        {
            "type": "Feature",
            "geometry": {
                "type": "LineString",
                "coordinates": [
                    [
                        "-103.41",
                        "19.47"
                    ],
                    [
                        "-103.94",
                        "20.08"
                    ],
                    [
                        "-104.08",
                        "20.88"
                    ],
                    [
                        "-102.46",
                        "21.67"
                    ],
                    [
                        "-102.05",
                        "22.15"
                    ],
                    [
                        "-101.89",
                        "23.20"
                    ],
                    [
                        "-102.24",
                        "24.71"
                    ],
                    [
                        "-101.44",
                        "25.06"
                    ],
                    [
                        "-100.64",
                        "24.87"
                    ],
                    [
                        "-98.89",
                        "24.40"
                    ],
                    [
                        "-97.74",
                        "24.24"
                    ],
                    [
                        "-97.27",
                        "23.71"
                    ],
                    [
                        "-97.84",
                        "23.12"
                    ],
                    [
                        "-98.97",
                        "22.99"
                    ],
                    [
                        "-98.86",
                        "22.55"
                    ],
                    [
                        "-97.76",
                        "22.33"
                    ],
                    [
                        "-95.79",
                        "21.99"
                    ],
                    [
                        "-94.61",
                        "21.14"
                    ],
                    [
                        "-92.66",
                        "20.75"
                    ],
                    [
                        "-91.78",
                        "20.47"
                    ],
                    [
                        "-91.75",
                        "19.67"
                    ]
                ]
            },
            "properties": {
                "forecastId": null,
                "geometryId": null,
                "tag": "1C",
                "forecastHour": 3,
                "hazard": "FZLVL",
                "frequency": null,
                "severity": null,
                "status": "NRML",
                "base": null,
                "top": null,
                "fzlBase": null,
                "fzlTop": null,
                "level": "160",
                "product": "ZULU",
                "rawAirSigmet": null,
                "validTimeTo": "2026-08-30T12:00:00.000",
                "validTimeFrom": [
                    "2026-08-30T10:39"
                ]
            }
        },
        {
            "type": "Feature",
            "geometry": {
                "type": "LineString",
                "coordinates": [
                    [
                        "-135.79",
                        "53.63"
                    ],
                    [
                        "-135.10",
                        "53.09"
                    ],
                    [
                        "-134.44",
                        "52.41"
                    ],
                    [
                        "-133.39",
                        "52.06"
                    ],
                    [
                        "-132.42",
                        "51.90"
                    ],
                    [
                        "-131.36",
                        "51.63"
                    ],
                    [
                        "-130.17",
                        "51.37"
                    ],
                    [
                        "-129.32",
                        "51.90"
                    ],
                    [
                        "-128.80",
                        "52.50"
                    ],
                    [
                        "-128.14",
                        "52.97"
                    ],
                    [
                        "-126.69",
                        "53.44"
                    ],
                    [
                        "-126.00",
                        "53.89"
                    ],
                    [
                        "-125.40",
                        "54.36"
                    ],
                    [
                        "-125.44",
                        "55.25"
                    ],
                    [
                        "-126.03",
                        "56.12"
                    ],
                    [
                        "-126.21",
                        "56.41"
                    ]
                ]
            },
            "properties": {
                "forecastId": null,
                "geometryId": null,
                "tag": "1C",
                "forecastHour": 3,
                "hazard": "FZLVL",
                "frequency": null,
                "severity": null,
                "status": "NRML",
                "base": null,
                "top": null,
                "fzlBase": null,
                "fzlTop": null,
                "level": "080",
                "product": "ZULU",
                "rawAirSigmet": null,
                "validTimeTo": "2026-08-30T12:00:00.000",
                "validTimeFrom": [
                    "2026-08-30T10:39"
                ]
            }
        },
        {
            "type": "Feature",
            "geometry": {
                "type": "Polygon",
                "coordinates": [
                    [
                        [
                            "-110.90",
                            "48.91"
                        ],
                        [
                            "-108.60",
                            "48.90"
                        ],
                        [
                            "-107.93",
                            "47.98"
                        ],
                        [
                            "-107.27",
                            "46.23"
                        ],
                        [
                            "-108.01",
                            "45.28"
                        ],
                        [
                            "-109.25",
                            "45.19"
                        ],
                        [
                            "-110.34",
                            "46.14"
                        ],
                        [
                            "-110.63",
                            "48.46"
                        ],
                        [
                            "-110.90",
                            "48.91"
                        ]
                    ]
                ]
            },
            "properties": {
                "forecastId": null,
                "geometryId": null,
                "tag": "5C",
                "forecastHour": 3,
                "hazard": "ICE",
                "frequency": null,
                "severity": "MOD",
                "status": "NRML",
                "base": "FZL",
                "top": "240",
                "fzlBase": "100",
                "fzlTop": "130",
                "level": null,
                "product": "ZULU",
                "rawAirSigmet": "ICE",
                "validTimeTo": "2026-08-30T12:00:00.000",
                "validTimeFrom": [
                    "2026-08-30T10:39"
                ]
            }
        },
        {
            "type": "Feature",
            "geometry": {
                "type": "Polygon",
                "coordinates": [
                    [
                        [
                            "-77.22",
                            "39.87"
                        ],
                        [
                            "-76.08",
                            "39.49"
                        ],
                        [
                            "-76.38",
                            "37.61"
                        ],
                        [
                            "-75.89",
                            "36.93"
                        ],
                        [
                            "-75.41",
                            "35.44"
                        ],
                        [
                            "-76.42",
                            "34.75"
                        ],
                        [
                            "-77.69",
                            "34.19"
                        ],
                        [
                            "-79.47",
                            "33.16"
                        ],
                        [
                            "-80.56",
                            "32.76"
                        ],
                        [
                            "-81.01",
                            "32.14"
                        ],
                        [
                            "-81.21",
                            "31.27"
                        ],
                        [
                            "-81.92",
                            "30.69"
                        ],
                        [
                            "-82.68",
                            "30.69"
                        ],
                        [
                            "-83.58",
                            "30.66"
                        ],
                        [
                            "-84.78",
                            "31.23"
                        ],
                        [
                            "-85.78",
                            "30.93"
                        ],
                        [
                            "-86.85",
                            "30.65"
                        ],
                        [
                            "-86.85",
                            "31.61"
                        ],
                        [
                            "-85.74",
                            "32.54"
                        ],
                        [
                            "-85.64",
                            "33.67"
                        ],
                        [
                            "-85.25",
                            "34.27"
                        ],
                        [
                            "-84.78",
                            "35.39"
                        ],
                        [
                            "-83.86",
                            "35.81"
                        ],
                        [
                            "-83.03",
                            "36.36"
                        ],
                        [
                            "-81.96",
                            "36.80"
                        ],
                        [
                            "-81.16",
                            "37.23"
                        ],
                        [
                            "-81.14",
                            "37.74"
                        ],
                        [
                            "-82.39",
                            "37.89"
                        ],
                        [
                            "-81.70",
                            "39.58"
                        ],
                        [
                            "-79.99",
                            "39.51"
                        ],
                        [
                            "-78.73",
                            "39.52"
                        ],
                        [
                            "-77.22",
                            "39.87"
                        ]
                    ]
                ]
            },
            "properties": {
                "forecastId": null,
                "geometryId": null,
                "tag": "2E",
                "forecastHour": 3,
                "hazard": "IFR",
                "frequency": null,
                "severity": null,
                "status": "NRML",
                "base": null,
                "top": null,
                "fzlBase": null,
                "fzlTop": null,
                "level": null,
                "product": "SIERRA",
                "rawAirSigmet": "CIG BLW 010 VIS BLW 3SM PCPN BR FG",
                "validTimeTo": "2026-08-30T12:00:00.000",
                "validTimeFrom": [
                    "2026-08-30T08:45"
                ]
            }
        },
        {
            "type": "Feature",
            "geometry": {
                "type": "Polygon",
                "coordinates": [
                    [
                        [
                            "-112.60",
                            "49.05"
                        ],
                        [
                            "-112.72",
                            "48.55"
                        ],
                        [
                            "-114.06",
                            "48.32"
                        ],
                        [
                            "-114.57",
                            "49.00"
                        ],
                        [
                            "-112.60",
                            "49.05"
                        ]
                    ]
                ]
            },
            "properties": {
                "forecastId": null,
                "geometryId": null,
                "tag": "5W",
                "forecastHour": 3,
                "hazard": "TURB-LO",
                "frequency": null,
                "severity": "MOD",
                "status": "NRML",
                "base": "SFC",
                "top": "180",
                "fzlBase": null,
                "fzlTop": null,
                "level": null,
                "product": "TANGO",
                "rawAirSigmet": null,
                "validTimeTo": "2026-08-30T12:00:00.000",
                "validTimeFrom": [
                    "2026-08-30T11:34"
                ]
            }
        },
        {
            "type": "Feature",
            "geometry": {
                "type": "Polygon",
                "coordinates": [
                    [
                        [
                            "-117.22",
                            "33.43"
                        ],
                        [
                            "-116.70",
                            "32.54"
                        ],
                        [
                            "-117.41",
                            "32.47"
                        ],
                        [
                            "-117.91",
                            "33.19"
                        ],
                        [
                            "-117.22",
                            "33.43"
                        ]
                    ]
                ]
            },
            "properties": {
                "forecastId": null,
                "geometryId": null,
                "tag": "7E",
                "forecastHour": 3,
                "hazard": "IFR",
                "frequency": null,
                "severity": null,
                "status": "NRML",
                "base": null,
                "top": null,
                "fzlBase": null,
                "fzlTop": null,
                "level": null,
                "product": "SIERRA",
                "rawAirSigmet": "CIG BLW 010 VIS BLW 3SM BR FG",
                "validTimeTo": "2026-08-30T12:00:00.000",
                "validTimeFrom": [
                    "2026-08-30T08:45"
                ]
            }
        },
        {
            "type": "Feature",
            "geometry": {
                "type": "LineString",
                "coordinates": [
                    [
                        "-117.55",
                        "17.93"
                    ],
                    [
                        "-117.26",
                        "18.21"
                    ],
                    [
                        "-117.11",
                        "18.37"
                    ],
                    [
                        "-116.92",
                        "18.48"
                    ],
                    [
                        "-116.56",
                        "18.65"
                    ],
                    [
                        "-116.19",
                        "18.75"
                    ],
                    [
                        "-115.81",
                        "18.81"
                    ],
                    [
                        "-115.43",
                        "18.87"
                    ],
                    [
                        "-115.05",
                        "18.90"
                    ],
                    [
                        "-114.65",
                        "18.86"
                    ],
                    [
                        "-114.34",
                        "18.77"
                    ],
                    [
                        "-114.24",
                        "18.71"
                    ],
                    [
                        "-113.89",
                        "18.46"
                    ]
                ]
            },
            "properties": {
                "forecastId": null,
                "geometryId": null,
                "tag": "1C",
                "forecastHour": 3,
                "hazard": "FZLVL",
                "frequency": null,
                "severity": null,
                "status": "NRML",
                "base": null,
                "top": null,
                "fzlBase": null,
                "fzlTop": null,
                "level": "160",
                "product": "ZULU",
                "rawAirSigmet": null,
                "validTimeTo": "2026-08-30T12:00:00.000",
                "validTimeFrom": [
                    "2026-08-30T10:39"
                ]
            }
        },
        {
            "type": "Feature",
            "geometry": {
                "type": "Polygon",
                "coordinates": [
                    [
                        [
                            "-105.23",
                            "41.15"
                        ],
                        [
                            "-105.25",
                            "40.14"
                        ],
                        [
                            "-105.66",
                            "39.76"
                        ],
                        [
                            "-105.28",
                            "39.37"
                        ],
                        [
                            "-105.50",
                            "37.63"
                        ],
                        [
                            "-106.81",
                            "38.12"
                        ],
                        [
                            "-106.41",
                            "39.63"
                        ],
                        [
                            "-106.93",
                            "39.63"
                        ],
                        [
                            "-107.69",
                            "39.52"
                        ],
                        [
                            "-109.53",
                            "39.26"
                        ],
                        [
                            "-109.52",
                            "39.67"
                        ],
                        [
                            "-107.67",
                            "40.16"
                        ],
                        [
                            "-106.81",
                            "40.25"
                        ],
                        [
                            "-106.20",
                            "40.46"
                        ],
                        [
                            "-105.88",
                            "41.04"
                        ],
                        [
                            "-105.23",
                            "41.15"
                        ]
                    ]
                ]
            },
            "properties": {
                "forecastId": null,
                "geometryId": null,
                "tag": "4W",
                "forecastHour": 3,
                "hazard": "TURB-LO",
                "frequency": null,
                "severity": "MOD",
                "status": "NRML",
                "base": "SFC",
                "top": "180",
                "fzlBase": null,
                "fzlTop": null,
                "level": null,
                "product": "TANGO",
                "rawAirSigmet": null,
                "validTimeTo": "2026-08-30T12:00:00.000",
                "validTimeFrom": [
                    "2026-08-30T11:34"
                ]
            }
        }
    ],
    "metadata": {
        "creationTime": "2026-08-30T11:46"
    }
}