{
    "type": "FeatureCollection",
    "features": [
        {
            "type": "Feature",
            "geometry": {
                "type": "Polygon",
                "coordinates": [
                    [
                        [
                            "-80.41",
                            "40.20"
                        ],
                        [
                            "-78.89",
                            "40.12"
                        ],
                        [
                            "-77.67",
                            "39.80"
                        ],
                        [
                            "-77.98",
                            "38.57"
                        ],
                        [
                            "-79.12",
                            "38.12"
                        ],
                        [
                            "-80.79",
                            "38.68"
                        ],
                        [
                            "-80.64",
                            "39.51"
                        ],
                        [
                            "-80.41",
                            "40.20"
                        ]
                    ]
                ]
            },
            "properties": {
                "forecastId": null,
                "geometryId": null,
                "tag": "1W",
                "forecastHour": 0,
                "hazard": "LLWS",
                "frequency": null,
                "severity": null,
                "status": "NRML",
                "base": null,
                "top": null,
                "fzlBase": null,
                "fzlTop": null,
                "level": null,
                "product": "TANGO",
                "rawAirSigmet": "AIR SPEED LOSS OR GAIN OF 20KTS OR MORE BELOW 2000 FT AGL",
                "validTimeTo": "2026-09-04T09:00:00.000",
                "validTimeFrom": [
                    "2026-09-04T08:45"
                ]
            }
        },
        {
            "type": "Feature",
            "geometry": {
                "type": "Polygon",
                "coordinates": [
                    [
                        [
                            "-122.89",
                            "48.88"
                        ],
                        [
                            "-123.01",
                            "47.96"
                        ],
                        [
                            "-124.55",
                            "46.80"
                        ],
                        [
                            "-125.99",
                            "46.05"
                        ],
                        [
                            "-126.81",
                            "45.73"
                        ],
                        [
                            "-128.18",
                            "48.25"
                        ],
                        [
                            "-122.89",
                            "48.88"
                        ]
                    ]
                ]
            },
            "properties": {
                "forecastId": null,
                "geometryId": null,
                "tag": "4W",
                "forecastHour": 0,
                "hazard": "TURB-HI",
                "frequency": null,
                "severity": "MOD",
                "status": "NRML",
                "base": "220",
                "top": "350",
                "fzlBase": null,
                "fzlTop": null,
                "level": null,
                "product": "TANGO",
                "rawAirSigmet": null,
                "validTimeTo": "2026-09-04T09:00:00.000",
                "validTimeFrom": [
                    "2026-09-04T08:45"
                ]
            }
        },
        {
            "type": "Feature",
            "geometry": {
                "type": "Polygon",
                "coordinates": [
                    [
                        [
                            "-110.12",
                            "48.55"
                        ],
                        [
                            "-109.39",
                            "48.43"
                        ],
                        [
                            "-107.10",
                            "47.92"
                        ],
                        [
                            "-105.45",
                            "47.20"
                        ],
                        [
                            "-105.10",
                            "46.44"
                        ],
                        [
                            "-105.23",
                            "46.14"
                        ],
                        [
                            "-106.49",
                            "45.88"
                        ],
                        [
                            "-108.14",
                            "45.74"
                        ],
                        [
                            "-109.55",
                            "45.14"
                        ],
                        [
                            "-110.72",
                            "44.47"
                        ],
                        [
                            "-112.36",
                            "43.59"
                        ],
                        [
                            "-113.34",
                            "43.29"
                        ],
                        [
                            "-114.94",
                            "43.71"
                        ],
                        [
                            "-115.20",
                            "44.59"
                        ],
                        [
                            "-114.90",
                            "44.92"
                        ],
                        [
                            "-114.40",
                            "45.36"
                        ],
                        [
                            "-114.09",
                            "45.72"
                        ],
                        [
                            "-114.27",
                            "46.34"
                        ],
                        [
                            "-114.10",
                            "46.90"
                        ],
                        [
                            "-114.45",
                            "47.69"
                        ],
                        [
                            "-113.74",
                            "47.97"
                        ],
                        [
                            "-113.09",
                            "48.29"
                        ],
                        [
                            "-112.15",
                            "48.17"
                        ],
                        [
                            "-110.96",
                            "48.15"
                        ],
                        [
                            "-110.12",
                            "48.55"
                        ]
                    ]
                ]
            },
            "properties": {
                "forecastId": null,
                "geometryId": null,
                "tag": "3W",
                "forecastHour": 0,
                "hazard": "LLWS",
                "frequency": null,
                "severity": null,
                "status": "NRML",
                "base": null,
                "top": null,
                "fzlBase": null,
                "fzlTop": null,
                "level": null,
                "product": "TANGO",
                "rawAirSigmet": "AIR SPEED LOSS OR GAIN OF 20KTS OR MORE BELOW 2000 FT AGL",
                "validTimeTo": "2026-09-04T09:00:00.000",
                "validTimeFrom": [
                    "2026-09-04T08:45"
                ]
            }
        },
        {
            "type": "Feature",
            "geometry": {
                "type": "Polygon",
                "coordinates": [
                    [
                        [
                            "-118.16",
                            "42.12"
                        ],
                        [
                            "-117.41",
                            "41.85"
                        ],
                        [
                            "-116.79",
                            "41.11"
                        ],
                        [
                            "-116.82",
                            "40.37"
                        ],
                        [
                            "-117.76",
                            "40.23"
                        ],
                        [
                            "-118.85",
                            "41.20"
                        ],
                        [
                            "-118.65",
                            "41.88"
                        ],
                        [
                            "-118.16",
                            "42.12"
                        ]
                    ]
                ]
            },
            "properties": {
                "forecastId": null,
                "geometryId": null,
                "tag": "2E",
                "forecastHour": 0,
                "hazard": "IFR",
                "frequency": null,
                "severity": null,
                "status": "NRML",
                "base": null,
                "top": null,
                "fzlBase": null,
                "fzlTop": null,
                "level": null,
                "product": "SIERRA",
                "rawAirSigmet": "CIG BLW 010 VIS BLW 3SM BR FG",
                "validTimeTo": "2026-09-04T09:00:00.000",
                "validTimeFrom": [
                    "2026-09-04T09:10"
                ]
            }
        },
        {
            "type": "Feature",
            "geometry": {
                "type": "Polygon",
                "coordinates": [
                    [
                        [
                            "-121.92",
                            "48.95"
                        ],
                        [
                            "-120.36",
                            "48.95"
                        ],
                        [
                            "-120.36",
                            "48.33"
                        ],
                        [
                            "-120.87",
                            "47.68"
                        ],
                        [
                            "-119.74",
                            "47.16"
                        ],
                        [
                            "-119.21",
                            "46.50"
                        ],
                        [
                            "-119.11",
                            "45.71"
                        ],
                        [
                            "-119.17",
                            "44.76"
                        ],
                        [
                            "-119.88",
                            "44.18"
                        ],
                        [
                            "-120.87",
                            "44.20"
                        ],
                        [
                            "-122.16",
                            "43.27"
                        ],
                        [
                            "-122.90",
                            "41.96"
                        ],
                        [
                            "-124.71",
                            "41.88"
                        ],
                        [
                            "-124.56",
                            "42.90"
                        ],
                        [
                            "-125.99",
                            "43.59"
                        ],
                        [
                            "-126.19",
                            "44.96"
                        ],
                        [
                            "-125.21",
                            "44.89"
                        ],
                        [
                            "-123.66",
                            "46.08"
                        ],
                        [
                            "-124.38",
                            "46.61"
                        ],
                        [
                            "-123.45",
                            "47.75"
                        ],
                        [
                            "-121.92",
                            "48.95"
                        ]
                    ]
                ]
            },
            "properties": {
                "forecastId": null,
                "geometryId": null,
                "tag": "3C",
                "forecastHour": 0,
                "hazard": "ICE",
                "frequency": null,
                "severity": "MOD",
                "status": "NRML",
                "base": "FZL",
                "top": "180",
                "fzlBase": "070",
                "fzlTop": "090",
                "level": null,
                "product": "ZULU",
                "rawAirSigmet": "ICE",
                "validTimeTo": "2026-09-04T09:00:00.000",
                "validTimeFrom": [
                    "2026-09-04T08:45"
                ]
            }
        },
        {
            "type": "Feature",
            "geometry": {
                "type": "Polygon",
                "coordinates": [
                    [
                        [
                            "-124.85",
                            "39.62"
                        ],
                        [
                            "-124.27",
                            "39.55"
                        ],
                        [
                            "-124.25",
                            "39.19"
                        ],
                        [
                            "-124.89",
                            "38.93"
                        ],
                        [
                            "-125.33",
                            "38.81"
                        ],
                        [
                            "-125.89",
                            "38.68"
                        ],
                        [
                            "-126.19",
                            "38.61"
                        ],
                        [
                            "-127.02",
                            "39.51"
                        ],
                        [
                            "-126.35",
                            "39.56"
                        ],
                        [
                            "-125.57",
                            "39.52"
                        ],
                        [
                            "-124.85",
                            "39.62"
                        ]
                    ]
                ]
            },
            "properties": {
                "forecastId": null,
                "geometryId": null,
                "tag": "2C",
                "forecastHour": 0,
                "hazard": "M_FZLVL",
                "frequency": null,
                "severity": null,
                "status": "NRML",
                "base": "080",
                "top": "120",
                "fzlBase": null,
                "fzlTop": null,
                "level": null,
                "product": "ZULU",
                "rawAirSigmet": null,
                "validTimeTo": "2026-09-04T09:00:00.000",
                "validTimeFrom": [
                    "2026-09-04T08:45"
                ]
            }
        },
        {
            "type": "Feature",
            "geometry": {
                "type": "Polygon",
                "coordinates": [
                    [
                        [
                            "-97.93",
                            "31.04"
                        ],
                        [
                            "-98.46",
                            "30.68"
                        ],
                        [
                            "-98.77",
                            "30.45"
                        ],
                        [
                            "-99.04",
                            "29.82"
                        ],
                        [
                            "-98.67",
                            "29.13"
                        ],
                        [
                            "-98.66",
                            "29.12"
                        ],
                        [
                            "-97.96",
                            "28.79"
                        ],
                        [
                            "-97.24",
                            "28.59"
                        ],
                        [
                            "-96.50",
                            "28.59"
                        ],
                        [
                            "-96.03",
                            "28.82"
                        ],
                        [
                            "-95.66",
                            "29.07"
                        ],
                        [
                            "-95.39",
                            "29.38"
                        ],
                        [
                            "-95.07",
                            "30.00"
                        ],
                        [
                            "-95.21",
                            "30.69"
                        ],
                        [
                            "-95.33",
                            "30.79"
                        ],
                        [
                            "-96.05",
                            "31.11"
                        ],
                        [
                            "-96.82",
                            "31.22"
                        ],
                        [
                            "-97.62",
                            "31.13"
                        ],
                        [
                            "-97.93",
                            "31.04"
                        ]
                    ]
                ]
            },
            "properties": {
                "forecastId": null,
                "geometryId": null,
                "tag": "1C",
                "forecastHour": 0,
                "hazard": "FZLVL",
                "frequency": null,
                "severity": null,
                "status": "NRML",
                "base": null,
                "top": null,
                "fzlBase": null,
                "fzlTop": null,
                "level": "160",
                "product": "ZULU",
                "rawAirSigmet": null,
                "validTimeTo": "2026-09-04T09:00:00.000",
                "validTimeFrom": [
                    "2026-09-04T08:45"
                ]
            }
        },
        {
            "type": "Feature",
            "geometry": {
                "type": "Polygon",
                "coordinates": [
                    [
                        [
                            "-102.46",
                            "40.78"
                        ],
                        [
                            "-101.68",
                            "39.48"
                        ],
                        [
                            "-103.33",
                            "38.79"
                        ],
                        [
                            "-104.78",
                            "38.14"
                        ],
                        [
                            "-106.84",
                            "37.33"
                        ],
                        [
                            "-107.80",
                            "36.80"
                        ],
                        [
                            "-109.03",
                            "35.42"
                        ],
                        [
                            "-110.10",
                            "35.88"
                        ],
                        [
                            "-108.64",
                            "37.62"
                        ],
                        [
                            "-107.82",
                            "38.62"
                        ],
                        [
                            "-106.44",
                            "39.36"
                        ],
                        [
                            "-102.46",
                            "40.78"
                        ]
                    ]
                ]
            },
            "properties": {
                "forecastId": null,
                "geometryId": null,
                "tag": "2W",
                "forecastHour": 0,
                "hazard": "TURB-HI",
                "frequency": null,
                "severity": "MOD",
                "status": "NRML",
                "base": "320",
                "top": "390",
                "fzlBase": null,
                "fzlTop": null,
                "level": null,
                "product": "TANGO",
                "rawAirSigmet": null,
                "validTimeTo": "2026-09-04T09:00:00.000",
                "validTimeFrom": [
                    "2026-09-04T08:45"
                ]
            }
        },
        {
            "type": "Feature",
            "geometry": {
                "type": "Polygon",
                "coordinates": [
                    [
                        [
                            "-120.66",
                            "40.93"
                        ],
                        [
                            "-119.81",
                            "40.81"
                        ],
                        [
                            "-119.23",
                            "39.89"
                        ],
                        [
                            "-118.45",
                            "38.86"
                        ],
                        [
                            "-116.99",
                            "37.51"
                        ],
                        [
                            "-116.23",
                            "36.50"
                        ],
                        [
                            "-116.09",
                            "35.13"
                        ],
                        [
                            "-116.34",
                            "34.06"
                        ],
                        [
                            "-115.57",
                            "32.55"
                        ],
                        [
                            "-116.91",
                            "32.39"
                        ],
                        [
                            "-117.70",
                            "34.26"
                        ],
                        [
                            "-118.38",
                            "34.45"
                        ],
                        [
                            "-119.03",
                            "36.24"
                        ],
                        [
                            "-120.83",
                            "38.13"
                        ],
                        [
                            "-121.65",
                            "39.54"
                        ],
                        [
                            "-121.70",
                            "40.27"
                        ],
                        [
                            "-120.66",
                            "40.93"
                        ]
                    ]
                ]
            },
            "properties": {
                "forecastId": null,
                "geometryId": null,
                "tag": "3W",
                "forecastHour": 0,
                "hazard": "TURB-LO",
                "frequency": null,
                "severity": "MOD",
                "status": "NRML",
                "base": "SFC",
                "top": "120",
                "fzlBase": null,
                "fzlTop": null,
                "level": null,
                "product": "TANGO",
                "rawAirSigmet": null,
                "validTimeTo": "2026-09-04T09:00:00.000",
                "validTimeFrom": [
                    "2026-09-04T08:45"
                ]
            }
        },
        {
            "type": "Feature",
            "geometry": {
                "type": "Polygon",
                "coordinates": [
                    [
                        [
                            "-89.73",
                            "26.14"
                        ],
                        [
                            "-90.99",
                            "25.95"
                        ],
                        [
                            "-92.04",
                            "25.59"
                        ],
                        [
                            "-92.45",
                            "24.98"
                        ],
                        [
                            "-92.22",
                            "24.29"
                        ],
                        [
                            "-91.13",
                            "23.72"
                        ],
                        [
                            "-90.11",
                            "23.82"
                        ],
                        [
                            "-89.01",
                            "23.86"
                        ],
                        [
                            "-88.11",
                            "23.30"
                        ],
                        [
                            "-87.23",
                            "22.92"
                        ],
                        [
                            "-86.78",
                            "23.55"
                        ],
                        [
                            "-86.47",
                            "24.76"
                        ],
                        [
                            "-86.45",
                            "25.41"
                        ],
                        [
                            "-86.85",
                            "26.13"
                        ],
                        [
                            "-87.46",
                            "26.36"
                        ],
                        [
                            "-88.96",
                            "26.28"
                        ],
                        [
                            "-89.73",
                            "26.14"
                        ]
                    ]
                ]
            },
            "properties": {
                "forecastId": null,
                "geometryId": null,
                "tag": "1C",
                "forecastHour": 0,
                "hazard": "FZLVL",
                "frequency": null,
                "severity": null,
                "status": "NRML",
                "base": null,
                "top": null,
                "fzlBase": null,
                "fzlTop": null,
                "level": "160",
                "product": "ZULU",
                "rawAirSigmet": null,
                "validTimeTo": "2026-09-04T09:00:00.000",
                "validTimeFrom": [
                    "2026-09-04T08:45"
                ]
            }
        },
        {
            "type": "Feature",
            "geometry": {
                "type": "Polygon",
                "coordinates": [
                    [
                        [
                            "-121.39",
                            "46.28"
                        ],
                        [
                            "-119.97",
                            "45.99"
                        ],
                        [
                            "-119.41",
                            "45.38"
                        ],
                        [
                            "-120.20",
                            "44.30"
                        ],
                        [
                            "-122.40",
                            "42.60"
                        ],
                        [
                            "-123.16",
                            "40.71"
                        ],
                        [
                            "-124.15",
                            "40.34"
                        ],
                        [
                            "-124.43",
                            "42.99"
                        ],
                        [
                            "-124.02",
                            "44.98"
                        ],
                        [
                            "-123.20",
                            "45.93"
                        ],
                        [
                            "-121.39",
                            "46.28"
                        ]
                    ]
                ]
            },
            "properties": {
                "forecastId": null,
                "geometryId": null,
                "tag": "1E",
                "forecastHour": 0,
                "hazard": "MT_OBSC",
                "frequency": null,
                "severity": null,
                "status": "NRML",
                "base": null,
                "top": null,
                "fzlBase": null,
                "fzlTop": null,
                "level": null,
                "product": "SIERRA",
                "rawAirSigmet": "MTNS OBSC BY CLDS PCPN BR",
                "validTimeTo": "2026-09-04T09:00:00.000",
                "validTimeFrom": [
                    "2026-09-04T09:10"
                ]
            }
        },
        {
            "type": "Feature",
            "geometry": {
                "type": "LineString",
                "coordinates": [
                    [
                        "-147.14",
                        "36.29"
                    ],
                    [
                        "-146.11",
                        "37.04"
                    ],
                    [
                        "-145.54",
                        "37.93"
                    ],
                    [
                        "-144.91",
                        "38.90"
                    ],
                    [
                        "-143.44",
                        "39.32"
                    ],
                    [
                        "-141.81",
                        "38.93"
                    ],
                    [
                        "-137.61",
                        "35.78"
                    ],
                    [
                        "-136.60",
                        "35.51"
                    ],
                    [
                        "-135.37",
                        "35.41"
                    ],
                    [
                        "-133.32",
                        "35.42"
                    ],
                    [
                        "-130.64",
                        "35.31"
                    ],
                    [
                        "-128.11",
                        "35.46"
                    ],
                    [
                        "-123.68",
                        "35.80"
                    ],
                    [
                        "-120.31",
                        "35.89"
                    ],
                    [
                        "-117.58",
                        "36.09"
                    ],
                    [
                        "-114.55",
                        "36.42"
                    ],
                    [
                        "-111.61",
                        "37.10"
                    ],
                    [
                        "-110.15",
                        "36.69"
                    ],
                    [
                        "-108.89",
                        "36.06"
                    ],
                    [
                        "-108.00",
                        "35.87"
                    ],
                    [
                        "-107.18",
                        "36.55"
                    ],
                    [
                        "-106.49",
                        "38.57"
                    ],
                    [
                        "-105.47",
                        "40.17"
                    ],
                    [
                        "-104.55",
                        "40.77"
                    ],
                    [
                        "-102.94",
                        "41.03"
                    ],
                    [
                        "-101.64",
                        "41.09"
                    ],
                    [
                        "-100.36",
                        "41.73"
                    ],
                    [
                        "-99.26",
                        "42.27"
                    ],
                    [
                        "-97.97",
                        "42.68"
                    ],
                    [
                        "-96.50",
                        "42.27"
                    ],
                    [
                        "-95.99",
                        "41.34"
                    ],
                    [
                        "-95.54",
                        "40.66"
                    ],
                    [
                        "-95.15",
                        "40.23"
                    ],
                    [
                        "-94.45",
                        "40.15"
                    ],
                    [
                        "-91.93",
                        "41.01"
                    ],
                    [
                        "-90.85",
                        "41.30"
                    ],
                    [
                        "-89.29",
                        "41.38"
                    ],
                    [
                        "-87.59",
                        "41.05"
                    ],
                    [
                        "-86.11",
                        "40.61"
                    ],
                    [
                        "-82.31",
                        "39.76"
                    ],
                    [
                        "-80.35",
                        "39.23"
                    ],
                    [
                        "-76.87",
                        "36.29"
                    ],
                    [
                        "-75.24",
                        "34.69"
                    ],
                    [
                        "-74.34",
                        "33.95"
                    ],
                    [
                        "-72.97",
                        "33.29"
                    ],
                    [
                        "-70.61",
                        "31.99"
                    ],
                    [
                        "-69.46",
                        "31.27"
                    ],
                    [
                        "-68.50",
                        "31.07"
                    ],
                    [
                        "-66.05",
                        "30.93"
                    ],
                    [
                        "-64.96",
                        "31.18"
                    ],
                    [
                        "-64.41",
                        "31.67"
                    ],
                    [
                        "-63.58",
                        "32.46"
                    ],
                    [
                        "-61.63",
                        "33.19"
                    ],
                    [
                        "-60.58",
                        "33.15"
                    ],
                    [
                        "-60.05",
                        "32.66"
                    ],
                    [
                        "-60.00",
                        "31.52"
                    ],
                    [
                        "-60.11",
                        "30.82"
                    ],
                    [
                        "-59.83",
                        "30.05"
                    ],
                    [
                        "-59.27",
                        "29.69"
                    ],
                    [
                        "-57.22",
                        "29.10"
                    ],
                    [
                        "-56.33",
                        "28.47"
                    ]
                ]
            },
            "properties": {
                "forecastId": null,
                "geometryId": null,
                "tag": "1C",
                "forecastHour": 0,
                "hazard": "FZLVL",
                "frequency": null,
                "severity": null,
                "status": "NRML",
                "base": null,
                "top": null,
                "fzlBase": null,
                "fzlTop": null,
                "level": "160",
                "product": "ZULU",
                "rawAirSigmet": null,
                "validTimeTo": "2026-09-04T09:00:00.000",
                "validTimeFrom": [
                    "2026-09-04T08:45"
                ]
            }
        },
        {
            "type": "Feature",
            "geometry": {
                "type": "Polygon",
                "coordinates": [
                    [
                        [
                            "-123.16",
                            "40.71"
                        ],
                        [
                            "-122.24",
                            "38.83"
                        ],
                        [
                            "-122.04",
                            "38.15"
                        ],
                        [
                            "-119.90",
                            "35.44"
                        ],
                        [
                            "-119.21",
                            "34.53"
                        ],
                        [
                            "-118.52",
                            "34.02"
                        ],
                        [
                            "-120.66",
                            "34.58"
                        ],
                        [
                            "-123.50",
                            "39.08"
                        ],
                        [
                            "-124.18",
                            "40.32"
                        ],
                        [
                            "-123.16",
                            "40.71"
                        ]
                    ]
                ]
            },
            "properties": {
                "forecastId": null,
                "geometryId": null,
                "tag": "5E",
                "forecastHour": 0,
                "hazard": "MT_OBSC",
                "frequency": null,
                "severity": null,
                "status": "NRML",
                "base": null,
                "top": null,
                "fzlBase": null,
                "fzlTop": null,
                "level": null,
                "product": "SIERRA",
                "rawAirSigmet": "MTNS OBSC BY CLDS BR FG",
                "validTimeTo": "2026-09-04T09:00:00.000",
                "validTimeFrom": [
                    "2026-09-04T09:10"
                ]
            }
        },
        {
            "type": "Feature",
            "geometry": {
                "type": "LineString",
                "coordinates": [
                    [
                        "-76.48",
                        "13.65"
                    ],
                    [
                        "-75.89",
                        "13.95"
                    ],
                    [
                        "-75.02",
                        "14.71"
                    ],
                    [
                        "-74.52",
                        "15.08"
                    ],
                    [
                        "-73.77",
                        "15.65"
                    ],
                    [
                        "-73.20",
                        "16.26"
                    ],
                    [
                        "-72.93",
                        "16.97"
                    ],
                    [
                        "-73.01",
                        "17.92"
                    ],
                    [
                        "-73.41",
                        "18.40"
                    ],
                    [
                        "-73.44",
                        "18.40"
                    ],
                    [
                        "-74.68",
                        "18.44"
                    ],
                    [
                        "-75.48",
                        "18.21"
                    ],
                    [
                        "-76.05",
                        "17.86"
                    ],
                    [
                        "-76.82",
                        "16.96"
                    ],
                    [
                        "-77.27",
                        "16.55"
                    ],
                    [
                        "-78.20",
                        "15.76"
                    ],
                    [
                        "-78.60",
                        "15.33"
                    ],
                    [
                        "-79.21",
                        "14.39"
                    ]
                ]
            },
            "properties": {
                "forecastId": null,
                "geometryId": null,
                "tag": "1C",
                "forecastHour": 0,
                "hazard": "FZLVL",
                "frequency": null,
                "severity": null,
                "status": "NRML",
                "base": null,
                "top": null,
                "fzlBase": null,
                "fzlTop": null,
                "level": "160",
                "product": "ZULU",
                "rawAirSigmet": null,
                "validTimeTo": "2026-09-04T09:00:00.000",
                "validTimeFrom": [
                    "2026-09-04T08:45"
                ]
            }
        },
        {
            "type": "Feature",
            "geometry": {
                "type": "Polygon",
                "coordinates": [
                    [
                        [
                            "-107.65",
                            "45.26"
                        ],
                        [
                            "-106.05",
                            "44.95"
                        ],
                        [
                            "-106.06",
                            "43.82"
                        ],
                        [
                            "-105.65",
                            "41.27"
                        ],
                        [
                            "-104.68",
                            "39.77"
                        ],
                        [
                            "-104.48",
                            "37.44"
                        ],
                        [
                            "-104.97",
                            "36.03"
                        ],
                        [
                            "-105.61",
                            "35.98"
                        ],
                        [
                            "-106.70",
                            "37.02"
                        ],
                        [
                            "-107.53",
                            "37.73"
                        ],
                        [
                            "-108.13",
                            "37.85"
                        ],
                        [
                            "-109.31",
                            "37.72"
                        ],
                        [
                            "-109.96",
                            "37.48"
                        ],
                        [
                            "-110.26",
                            "36.32"
                        ],
                        [
                            "-111.56",
                            "35.05"
                        ],
                        [
                            "-114.07",
                            "34.76"
                        ],
                        [
                            "-115.99",
                            "35.25"
                        ],
                        [
                            "-116.27",
                            "36.69"
                        ],
                        [
                            "-117.02",
                            "37.78"
                        ],
                        [
                            "-115.70",
                            "40.03"
                        ],
                        [
                            "-114.49",
                            "42.21"
                        ],
                        [
                            "-112.43",
                            "43.34"
                        ],
                        [
                            "-109.30",
                            "43.88"
                        ],
                        [
                            "-108.72",
                            "45.08"
                        ],
                        [
                            "-107.65",
                            "45.26"
                        ]
                    ]
                ]
            },
            "properties": {
                "forecastId": null,
                "geometryId": null,
                "tag": "2W",
                "forecastHour": 0,
                "hazard": "TURB-LO",
                "frequency": null,
                "severity": "MOD",
                "status": "NRML",
                "base": "SFC",
                "top": "180",
                "fzlBase": null,
                "fzlTop": null,
                "level": null,
                "product": "TANGO",
                "rawAirSigmet": null,
                "validTimeTo": "2026-09-04T09:00:00.000",
                "validTimeFrom": [
                    "2026-09-04T08:45"
                ]
            }
        },
        {
            "type": "Feature",
            "geometry": {
                "type": "LineString",
                "coordinates": [
                    [
                        "-100.77",
                        "61.24"
                    ],
                    [
                        "-99.53",
                        "59.23"
                    ],
                    [
                        "-97.22",
                        "56.96"
                    ],
                    [
                        "-95.76",
                        "56.39"
                    ],
                    [
                        "-94.39",
                        "56.39"
                    ],
                    [
                        "-93.69",
                        "56.56"
                    ],
                    [
                        "-92.17",
                        "57.72"
                    ],
                    [
                        "-91.74",
                        "58.04"
                    ],
                    [
                        "-90.16",
                        "58.37"
                    ],
                    [
                        "-88.87",
                        "58.16"
                    ],
                    [
                        "-87.55",
                        "57.76"
                    ],
                    [
                        "-85.73",
                        "57.13"
                    ],
                    [
                        "-83.98",
                        "56.43"
                    ],
                    [
                        "-82.16",
                        "55.49"
                    ],
                    [
                        "-81.56",
                        "54.52"
                    ],
                    [
                        "-82.42",
                        "53.20"
                    ],
                    [
                        "-82.98",
                        "52.44"
                    ],
                    [
                        "-83.19",
                        "51.75"
                    ],
                    [
                        "-82.90",
                        "50.57"
                    ],
                    [
                        "-81.55",
                        "49.42"
                    ],
                    [
                        "-80.61",
                        "48.97"
                    ],
                    [
                        "-78.66",
                        "48.24"
                    ],
                    [
                        "-76.87",
                        "47.01"
                    ],
                    [
                        "-76.07",
                        "46.39"
                    ],
                    [
                        "-74.42",
                        "45.54"
                    ],
                    [
                        "-72.43",
                        "45.10"
                    ],
                    [
                        "-70.79",
                        "45.01"
                    ],
                    [
                        "-68.11",
                        "45.19"
                    ],
                    [
                        "-66.49",
                        "45.49"
                    ],
                    [
                        "-64.88",
                        "45.54"
                    ],
                    [
                        "-63.74",
                        "45.34"
                    ],
                    [
                        "-61.90",
                        "44.82"
                    ],
                    [
                        "-60.74",
                        "44.46"
                    ],
                    [
                        "-59.15",
                        "44.25"
                    ],
                    [
                        "-56.12",
                        "45.39"
                    ],
                    [
                        "-54.40",
                        "45.55"
                    ],
                    [
                        "-53.47",
                        "45.19"
                    ],
                    [
                        "-52.68",
                        "44.48"
                    ],
                    [
                        "-51.71",
                        "43.29"
                    ],
                    [
                        "-50.54",
                        "42.20"
                    ],
                    [
                        "-49.57",
                        "41.73"
                    ],
                    [
                        "-48.27",
                        "41.36"
                    ],
                    [
                        "-45.63",
                        "40.84"
                    ],
                    [
                        "-44.15",
                        "40.74"
                    ],
                    [
                        "-42.37",
                        "40.92"
                    ],
                    [
                        "-41.51",
                        "41.24"
                    ]
                ]
            },
            "properties": {
                "forecastId": null,
                "geometryId": null,
                "tag": "1C",
                "forecastHour": 0,
                "hazard": "FZLVL",
                "frequency": null,
                "severity": null,
                "status": "NRML",
                "base": null,
                "top": null,
                "fzlBase": null,
                "fzlTop": null,
                "level": "120",
                "product": "ZULU",
                "rawAirSigmet": null,
                "validTimeTo": "2026-09-04T09:00:00.000",
                "validTimeFrom": [
                    "2026-09-04T08:45"
                ]
            }
        },
        {
            "type": "Feature",
            "geometry": {
                "type": "LineString",
                "coordinates": [
                    [
                        "-104.12",
                        "16.65"
                    ],
                    [
                        "-104.08",
                        "16.67"
                    ],
                    [
                        "-103.32",
                        "17.79"
                    ],
                    [
                        "-103.46",
                        "19.09"
                    ],
                    [
                        "-104.05",
                        "20.45"
                    ],
                    [
                        "-104.68",
                        "21.38"
                    ],
                    [
                        "-105.30",
                        "23.13"
                    ],
                    [
                        "-106.51",
                        "23.72"
                    ],
                    [
                        "-107.77",
                        "24.29"
                    ],
                    [
                        "-108.73",
                        "24.34"
                    ],
                    [
                        "-109.18",
                        "22.99"
                    ],
                    [
                        "-108.63",
                        "21.21"
                    ],
                    [
                        "-108.41",
                        "19.56"
                    ],
                    [
                        "-108.11",
                        "18.31"
                    ],
                    [
                        "-107.67",
                        "17.15"
                    ],
                    [
                        "-106.46",
                        "16.24"
                    ]
                ]
            },
            "properties": {
                "forecastId": null,
                "geometryId": null,
                "tag": "1C",
                "forecastHour": 0,
                "hazard": "FZLVL",
                "frequency": null,
                "severity": null,
                "status": "NRML",
                "base": null,
                "top": null,
                "fzlBase": null,
                "fzlTop": null,
                "level": "160",
                "product": "ZULU",
                "rawAirSigmet": null,
                "validTimeTo": "2026-09-04T09:00:00.000",
                "validTimeFrom": [
                    "2026-09-04T08:45"
                ]
            }
        },
        {
            "type": "Feature",
            "geometry": {
                "type": "Polygon",
                "coordinates": [
                    [
                        [
                            "-69.40",
                            "47.63"
                        ],
                        [
                            "-68.57",
                            "45.55"
                        ],
                        [
                            "-71.39",
                            "43.38"
                        ],
                        [
                            "-73.95",
                            "41.88"
                        ],
                        [
                            "-76.93",
                            "40.30"
                        ],
                        [
                            "-77.63",
                            "39.61"
                        ],
                        [
                            "-79.00",
                            "38.90"
                        ],
                        [
                            "-79.78",
                            "38.04"
                        ],
                        [
                            "-80.05",
                            "37.64"
                        ],
                        [
                            "-81.07",
                            "37.60"
                        ],
                        [
                            "-81.25",
                            "38.29"
                        ],
                        [
                            "-80.98",
                            "39.24"
                        ],
                        [
                            "-80.72",
                            "40.24"
                        ],
                        [
                            "-79.07",
                            "42.23"
                        ],
                        [
                            "-76.21",
                            "43.15"
                        ],
                        [
                            "-74.72",
                            "45.01"
                        ],
                        [
                            "-71.55",
                            "45.01"
                        ],
                        [
                            "-70.59",
                            "45.55"
                        ],
                        [
                            "-69.40",
                            "47.63"
                        ]
                    ]
                ]
            },
            "properties": {
                "forecastId": null,
                "geometryId": null,
                "tag": "4E",
                "forecastHour": 0,
                "hazard": "MT_OBSC",
                "frequency": null,
                "severity": null,
                "status": "NRML",
                "base": null,
                "top": null,
                "fzlBase": null,
                "fzlTop": null,
                "level": null,
                "product": "SIERRA",
                "rawAirSigmet": "MTNS OBSC BY CLDS PCPN BR",
                "validTimeTo": "2026-09-04T09:00:00.000",
                "validTimeFrom": [
                    "2026-09-04T09:10"
                ]
            }
        },
        {
            "type": "Feature",
            "geometry": {
                "type": "Polygon",
                "coordinates": [
                    [
                        [
                            "-82.30",
                            "37.21"
                        ],
                        [
                            "-82.21",
                            "36.87"
                        ],
                        [
                            "-82.47",
                            "36.48"
                        ],
                        [
                            "-82.94",
                            "35.67"
                        ],
                        [
                            "-83.57",
                            "35.01"
                        ],
                        [
                            "-84.45",
                            "35.16"
                        ],
                        [
                            "-84.37",
                            "35.55"
                        ],
                        [
                            "-83.50",
                            "35.88"
                        ],
                        [
                            "-83.75",
                            "36.41"
                        ],
                        [
                            "-83.79",
                            "36.97"
                        ],
                        [
                            "-82.92",
                            "37.20"
                        ],
                        [
                            "-82.30",
                            "37.21"
                        ]
                    ]
                ]
            },
            "properties": {
                "forecastId": null,
                "geometryId": null,
                "tag": "7E",
                "forecastHour": 0,
                "hazard": "IFR",
                "frequency": null,
                "severity": null,
                "status": "AMD",
                "base": null,
                "top": null,
                "fzlBase": null,
                "fzlTop": null,
                "level": null,
                "product": "SIERRA",
                "rawAirSigmet": "CIG BLW 010 VIS BLW 3SM BR FG",
                "validTimeTo": "2026-09-04T09:00:00.000",
                "validTimeFrom": [
                    "2026-09-04T09:10"
                ]
            }
        },
        {
            "type": "Feature",
            "geometry": {
                "type": "Polygon",
                "coordinates": [
                    [
                        [
                            "-119.29",
                            "42.81"
                        ],
                        [
                            "-118.10",
                            "42.76"
                        ],
                        [
                            "-116.70",
                            "41.72"
                        ],
                        [
                            "-117.45",
                            "40.71"
                        ],
                        [
                            "-121.83",
                            "39.21"
                        ],
                        [
                            "-124.56",
                            "38.49"
                        ],
                        [
                            "-126.13",
                            "38.53"
                        ],
                        [
                            "-127.00",
                            "39.72"
                        ],
                        [
                            "-127.00",
                            "40.62"
                        ],
                        [
                            "-124.97",
                            "40.82"
                        ],
                        [
                            "-123.51",
                            "41.46"
                        ],
                        [
                            "-122.00",
                            "42.13"
                        ],
                        [
                            "-119.29",
                            "42.81"
                        ]
                    ]
                ]
            },
            "properties": {
                "forecastId": null,
                "geometryId": null,
                "tag": "3W",
                "forecastHour": 0,
                "hazard": "TURB-HI",
                "frequency": null,
                "severity": "MOD",
                "status": "NRML",
                "base": "230",
                "top": "340",
                "fzlBase": null,
                "fzlTop": null,
                "level": null,
                "product": "TANGO",
                "rawAirSigmet": null,
                "validTimeTo": "2026-09-04T09:00:00.000",
                "validTimeFrom": [
                    "2026-09-04T08:45"
                ]
            }
        },
        {
            "type": "Feature",
            "geometry": {
                "type": "Polygon",
                "coordinates": [
                    [
                        [
                            "-115.56",
                            "49.02"
                        ],
                        [
                            "-112.98",
                            "48.95"
                        ],
                        [
                            "-109.28",
                            "47.21"
                        ],
                        [
                            "-108.73",
                            "45.11"
                        ],
                        [
                            "-109.25",
                            "43.91"
                        ],
                        [
                            "-112.26",
                            "43.41"
                        ],
                        [
                            "-114.67",
                            "42.10"
                        ],
                        [
                            "-116.94",
                            "44.21"
                        ],
                        [
                            "-117.34",
                            "46.33"
                        ],
                        [
                            "-115.56",
                            "49.02"
                        ]
                    ]
                ]
            },
            "properties": {
                "forecastId": null,
                "geometryId": null,
                "tag": "1W",
                "forecastHour": 0,
                "hazard": "TURB-LO",
                "frequency": null,
                "severity": "MOD",
                "status": "NRML",
                "base": "SFC",
                "top": "180",
                "fzlBase": null,
                "fzlTop": null,
                "level": null,
                "product": "TANGO",
                "rawAirSigmet": null,
                "validTimeTo": "2026-09-04T09:00:00.000",
                "validTimeFrom": [
                    "2026-09-04T08:45"
                ]
            }
        },
        {
            "type": "Feature",
            "geometry": {
                "type": "LineString",
                "coordinates": [
                    [
                        "-131.91",
                        "55.34"
                    ],
                    [
                        "-132.77",
                        "53.45"
                    ],
                    [
                        "-134.18",
                        "51.19"
                    ],
                    [
                        "-135.15",
                        "49.40"
                    ],
                    [
                        "-136.00",
                        "47.11"
                    ],
                    [
                        "-136.11",
                        "45.19"
                    ],
                    [
                        "-135.94",
                        "44.14"
                    ],
                    [
                        "-135.34",
                        "42.71"
                    ],
                    [
                        "-134.30",
                        "41.59"
                    ],
                    [
                        "-133.47",
                        "41.02"
                    ],
                    [
                        "-132.12",
                        "40.33"
                    ],
                    [
                        "-130.53",
                        "39.70"
                    ],
                    [
                        "-128.44",
                        "39.17"
                    ],
                    [
                        "-125.93",
                        "38.89"
                    ],
                    [
                        "-123.16",
                        "38.88"
                    ],
                    [
                        "-121.42",
                        "38.82"
                    ],
                    [
                        "-120.50",
                        "38.93"
                    ],
                    [
                        "-119.46",
                        "39.31"
                    ],
                    [
                        "-117.23",
                        "40.64"
                    ],
                    [
                        "-115.50",
                        "42.51"
                    ],
                    [
                        "-114.41",
                        "44.10"
                    ],
                    [
                        "-113.94",
                        "45.05"
                    ],
                    [
                        "-113.37",
                        "46.66"
                    ],
                    [
                        "-112.59",
                        "48.54"
                    ],
                    [
                        "-111.03",
                        "50.71"
                    ],
                    [
                        "-109.55",
                        "51.32"
                    ],
                    [
                        "-107.20",
                        "51.41"
                    ],
                    [
                        "-104.78",
                        "51.42"
                    ],
                    [
                        "-103.10",
                        "51.84"
                    ],
                    [
                        "-101.80",
                        "53.08"
                    ],
                    [
                        "-101.32",
                        "53.78"
                    ],
                    [
                        "-100.56",
                        "55.28"
                    ],
                    [
                        "-100.46",
                        "56.13"
                    ],
                    [
                        "-101.20",
                        "57.18"
                    ],
                    [
                        "-103.82",
                        "58.60"
                    ],
                    [
                        "-105.40",
                        "59.48"
                    ],
                    [
                        "-106.13",
                        "60.49"
                    ],
                    [
                        "-105.84",
                        "61.01"
                    ]
                ]
            },
            "properties": {
                "forecastId": null,
                "geometryId": null,
                "tag": "1C",
                "forecastHour": 0,
                "hazard": "FZLVL",
                "frequency": null,
                "severity": null,
                "status": "NRML",
                "base": null,
                "top": null,
                "fzlBase": null,
                "fzlTop": null,
                "level": "120",
                "product": "ZULU",
                "rawAirSigmet": null,
                "validTimeTo": "2026-09-04T09:00:00.000",
                "validTimeFrom": [
                    "2026-09-04T08:45"
                ]
            }
        },
        {
            "type": "Feature",
            "geometry": {
                "type": "Polygon",
                "coordinates": [
                    [
                        [
                            "-94.38",
                            "44.89"
                        ],
                        [
                            "-91.30",
                            "44.85"
                        ],
                        [
                            "-89.82",
                            "43.80"
                        ],
                        [
                            "-86.59",
                            "43.22"
                        ],
                        [
                            "-85.95",
                            "41.45"
                        ],
                        [
                            "-91.27",
                            "42.62"
                        ],
                        [
                            "-94.13",
                            "39.78"
                        ],
                        [
                            "-96.19",
                            "37.64"
                        ],
                        [
                            "-99.08",
                            "38.41"
                        ],
                        [
                            "-100.13",
                            "37.78"
                        ],
                        [
                            "-99.74",
                            "36.95"
                        ],
                        [
                            "-100.38",
                            "36.60"
                        ],
                        [
                            "-101.43",
                            "36.20"
                        ],
                        [
                            "-102.16",
                            "36.29"
                        ],
                        [
                            "-102.56",
                            "36.67"
                        ],
                        [
                            "-103.15",
                            "37.50"
                        ],
                        [
                            "-103.09",
                            "38.69"
                        ],
                        [
                            "-102.54",
                            "39.48"
                        ],
                        [
                            "-103.76",
                            "40.10"
                        ],
                        [
                            "-104.81",
                            "40.94"
                        ],
                        [
                            "-104.82",
                            "41.88"
                        ],
                        [
                            "-104.07",
                            "42.54"
                        ],
                        [
                            "-103.21",
                            "42.37"
                        ],
                        [
                            "-102.20",
                            "41.25"
                        ],
                        [
                            "-100.94",
                            "40.66"
                        ],
                        [
                            "-99.20",
                            "40.89"
                        ],
                        [
                            "-97.80",
                            "42.64"
                        ],
                        [
                            "-94.38",
                            "44.89"
                        ]
                    ]
                ]
            },
            "properties": {
                "forecastId": null,
                "geometryId": null,
                "tag": "2W",
                "forecastHour": 0,
                "hazard": "LLWS",
                "frequency": null,
                "severity": null,
                "status": "NRML",
                "base": null,
                "top": null,
                "fzlBase": null,
                "fzlTop": null,
                "level": null,
                "product": "TANGO",
                "rawAirSigmet": "AIR SPEED LOSS OR GAIN OF 20KTS OR MORE BELOW 2000 FT AGL",
                "validTimeTo": "2026-09-04T09:00:00.000",
                "validTimeFrom": [
                    "2026-09-04T08:45"
                ]
            }
        },
        {
            "type": "Feature",
            "geometry": {
                "type": "LineString",
                "coordinates": [
                    [
                        "-58.89",
                        "25.32"
                    ],
                    [
                        "-59.38",
                        "25.12"
                    ],
                    [
                        "-59.57",
                        "25.06"
                    ],
                    [
                        "-60.17",
                        "24.73"
                    ],
                    [
                        "-60.44",
                        "24.16"
                    ],
                    [
                        "-60.45",
                        "24.11"
                    ]
                ]
            },
            "properties": {
                "forecastId": null,
                "geometryId": null,
                "tag": "1C",
                "forecastHour": 0,
                "hazard": "FZLVL",
                "frequency": null,
                "severity": null,
                "status": "NRML",
                "base": null,
                "top": null,
                "fzlBase": null,
                "fzlTop": null,
                "level": "160",
                "product": "ZULU",
                "rawAirSigmet": null,
                "validTimeTo": "2026-09-04T09:00:00.000",
                "validTimeFrom": [
                    "2026-09-04T08:45"
                ]
            }
        },
        {
            "type": "Feature",
            "geometry": {
                "type": "Polygon",
                "coordinates": [
                    [
                        [
                            "-67.83",
                            "47.45"
                        ],
                        [
                            "-67.79",
                            "46.55"
                        ],
                        [
                            "-68.30",
                            "46.53"
                        ],
                        [
                            "-68.97",
                            "47.28"
                        ],
                        [
                            "-67.83",
                            "47.45"
                        ]
                    ]
                ]
            },
            "properties": {
                "forecastId": null,
                "geometryId": null,
                "tag": "5C",
                "forecastHour": 0,
                "hazard": "ICE",
                "frequency": null,
                "severity": "MOD",
                "status": "NRML",
                "base": "110",
                "top": "200",
                "fzlBase": null,
                "fzlTop": null,
                "level": null,
                "product": "ZULU",
                "rawAirSigmet": "ICE",
                "validTimeTo": "2026-09-04T09:00:00.000",
                "validTimeFrom": [
                    "2026-09-04T08:45"
                ]
            }
        },
        {
            "type": "Feature",
            "geometry": {
                "type": "Polygon",
                "coordinates": [
                    [
                        [
                            "-92.93",
                            "47.50"
                        ],
                        [
                            "-91.58",
                            "47.27"
                        ],
                        [
                            "-90.33",
                            "47.04"
                        ],
                        [
                            "-89.09",
                            "46.49"
                        ],
                        [
                            "-87.02",
                            "45.69"
                        ],
                        [
                            "-85.95",
                            "45.55"
                        ],
                        [
                            "-84.68",
                            "45.70"
                        ],
                        [
                            "-83.81",
                            "45.31"
                        ],
                        [
                            "-82.91",
                            "44.16"
                        ],
                        [
                            "-82.09",
                            "43.53"
                        ],
                        [
                            "-83.10",
                            "42.15"
                        ],
                        [
                            "-83.82",
                            "41.69"
                        ],
                        [
                            "-84.31",
                            "41.82"
                        ],
                        [
                            "-84.58",
                            "42.37"
                        ],
                        [
                            "-84.85",
                            "42.95"
                        ],
                        [
                            "-86.18",
                            "43.32"
                        ],
                        [
                            "-87.95",
                            "43.59"
                        ],
                        [
                            "-89.34",
                            "43.80"
                        ],
                        [
                            "-90.33",
                            "44.39"
                        ],
                        [
                            "-91.31",
                            "44.90"
                        ],
                        [
                            "-92.52",
                            "45.07"
                        ],
                        [
                            "-94.12",
                            "44.56"
                        ],
                        [
                            "-96.15",
                            "44.63"
                        ],
                        [
                            "-97.91",
                            "44.94"
                        ],
                        [
                            "-96.88",
                            "45.83"
                        ],
                        [
                            "-96.28",
                            "46.82"
                        ],
                        [
                            "-95.22",
                            "47.27"
                        ],
                        [
                            "-92.93",
                            "47.50"
                        ]
                    ]
                ]
            },
            "properties": {
                "forecastId": null,
                "geometryId": null,
                "tag": "4E",
                "forecastHour": 0,
                "hazard": "IFR",
                "frequency": null,
                "severity": null,
                "status": "AMD",
                "base": null,
                "top": null,
                "fzlBase": null,
                "fzlTop": null,
                "level": null,
                "product": "SIERRA",
                "rawAirSigmet": "CIG BLW 010 VIS BLW 3SM PCPN BR",
                "validTimeTo": "2026-09-04T09:00:00.000",
                "validTimeFrom": [
                    "2026-09-04T09:10"
                ]
            }
        },
        {
            "type": "Feature",
            "geometry": {
                "type": "Polygon",
                "coordinates": [
                    [
                        [
                            "-78.82",
                            "43.35"
                        ],
                        [
                            "-78.36",
                            "43.32"
                        ],
                        [
                            "-77.03",
                            "43.20"
                        ],
                        [
                            "-75.79",
                            "42.50"
                        ],
                        [
                            "-75.89",
                            "41.97"
                        ],
                        [
                            "-76.51",
                            "41.60"
                        ],
                        [
                            "-77.84",
                            "41.25"
                        ],
                        [
                            "-78.61",
                            "40.46"
                        ],
                        [
                            "-78.85",
                            "39.86"
                        ],
                        [
                            "-79.42",
                            "39.24"
                        ],
                        [
                            "-80.17",
                            "38.65"
                        ],
                        [
                            "-80.79",
                            "38.06"
                        ],
                        [
                            "-81.69",
                            "38.08"
                        ],
                        [
                            "-81.98",
                            "38.74"
                        ],
                        [
                            "-81.90",
                            "39.22"
                        ],
                        [
                            "-81.07",
                            "39.67"
                        ],
                        [
                            "-80.31",
                            "40.14"
                        ],
                        [
                            "-80.47",
                            "40.33"
                        ],
                        [
                            "-81.33",
                            "41.08"
                        ],
                        [
                            "-81.27",
                            "41.98"
                        ],
                        [
                            "-78.97",
                            "42.89"
                        ],
                        [
                            "-78.82",
                            "43.35"
                        ]
                    ]
                ]
            },
            "properties": {
                "forecastId": null,
                "geometryId": null,
                "tag": "5E",
                "forecastHour": 0,
                "hazard": "IFR",
                "frequency": null,
                "severity": null,
                "status": "NRML",
                "base": null,
                "top": null,
                "fzlBase": null,
                "fzlTop": null,
                "level": null,
                "product": "SIERRA",
                "rawAirSigmet": "CIG BLW 010 VIS BLW 3SM BR FG",
                "validTimeTo": "2026-09-04T09:00:00.000",
                "validTimeFrom": [
                    "2026-09-04T09:10"
                ]
            }
        },
        {
            "type": "Feature",
            "geometry": {
                "type": "Polygon",
                "coordinates": [
                    [
                        [
                            "-104.91",
                            "36.69"
                        ],
                        [
                            "-104.19",
                            "36.41"
                        ],
                        [
                            "-105.32",
                            "33.94"
                        ],
                        [
                            "-106.72",
                            "33.71"
                        ],
                        [
                            "-107.42",
                            "34.14"
                        ],
                        [
                            "-106.32",
                            "35.64"
                        ],
                        [
                            "-104.91",
                            "36.69"
                        ]
                    ]
                ]
            },
            "properties": {
                "forecastId": null,
                "geometryId": null,
                "tag": "4C",
                "forecastHour": 0,
                "hazard": "ICE",
                "frequency": null,
                "severity": "MOD",
                "status": "NRML",
                "base": "160",
                "top": "280",
                "fzlBase": null,
                "fzlTop": null,
                "level": null,
                "product": "ZULU",
                "rawAirSigmet": "ICE",
                "validTimeTo": "2026-09-04T09:00:00.000",
                "validTimeFrom": [
                    "2026-09-04T08:45"
                ]
            }
        },
        {
            "type": "Feature",
            "geometry": {
                "type": "Polygon",
                "coordinates": [
                    [
                        [
                            "-77.90",
                            "35.52"
                        ],
                        [
                            "-77.34",
                            "35.09"
                        ],
                        [
                            "-77.65",
                            "34.21"
                        ],
                        [
                            "-79.26",
                            "33.52"
                        ],
                        [
                            "-80.64",
                            "32.84"
                        ],
                        [
                            "-81.76",
                            "32.06"
                        ],
                        [
                            "-81.98",
                            "31.16"
                        ],
                        [
                            "-81.51",
                            "30.03"
                        ],
                        [
                            "-81.69",
                            "29.45"
                        ],
                        [
                            "-82.32",
                            "29.40"
                        ],
                        [
                            "-82.90",
                            "30.06"
                        ],
                        [
                            "-83.09",
                            "30.41"
                        ],
                        [
                            "-83.69",
                            "30.88"
                        ],
                        [
                            "-83.85",
                            "31.62"
                        ],
                        [
                            "-83.75",
                            "32.11"
                        ],
                        [
                            "-82.44",
                            "33.29"
                        ],
                        [
                            "-80.91",
                            "34.17"
                        ],
                        [
                            "-79.29",
                            "35.23"
                        ],
                        [
                            "-77.90",
                            "35.52"
                        ]
                    ]
                ]
            },
            "properties": {
                "forecastId": null,
                "geometryId": null,
                "tag": "8E",
                "forecastHour": 0,
                "hazard": "IFR",
                "frequency": null,
                "severity": null,
                "status": "NRML",
                "base": null,
                "top": null,
                "fzlBase": null,
                "fzlTop": null,
                "level": null,
                "product": "SIERRA",
                "rawAirSigmet": "CIG BLW 010 VIS BLW 3SM BR FG",
                "validTimeTo": "2026-09-04T09:00:00.000",
                "validTimeFrom": [
                    "2026-09-04T09:10"
                ]
            }
        },
        {
            "type": "Feature",
            "geometry": {
                "type": "Polygon",
                "coordinates": [
                    [
                        [
                            "-71.35",
                            "29.57"
                        ],
                        [
                            "-73.00",
                            "29.73"
                        ],
                        [
                            "-74.65",
                            "29.62"
                        ],
                        [
                            "-76.26",
                            "29.82"
                        ],
                        [
                            "-77.95",
                            "29.90"
                        ],
                        [
                            "-78.95",
                            "29.62"
                        ],
                        [
                            "-79.14",
                            "29.23"
                        ],
                        [
                            "-78.92",
                            "28.68"
                        ],
                        [
                            "-78.11",
                            "28.15"
                        ],
                        [
                            "-76.04",
                            "27.49"
                        ],
                        [
                            "-74.69",
                            "27.02"
                        ],
                        [
                            "-73.61",
                            "26.66"
                        ],
                        [
                            "-72.88",
                            "26.03"
                        ],
                        [
                            "-71.93",
                            "25.04"
                        ],
                        [
                            "-70.41",
                            "24.87"
                        ],
                        [
                            "-69.63",
                            "25.12"
                        ],
                        [
                            "-68.92",
                            "25.73"
                        ],
                        [
                            "-68.68",
                            "27.14"
                        ],
                        [
                            "-69.29",
                            "28.04"
                        ],
                        [
                            "-70.03",
                            "28.70"
                        ],
                        [
                            "-71.17",
                            "29.54"
                        ],
                        [
                            "-71.35",
                            "29.57"
                        ]
                    ]
                ]
            },
            "properties": {
                "forecastId": null,
                "geometryId": null,
                "tag": "1C",
                "forecastHour": 0,
                "hazard": "FZLVL",
                "frequency": null,
                "severity": null,
                "status": "NRML",
                "base": null,
                "top": null,
                "fzlBase": null,
                "fzlTop": null,
                "level": "160",
                "product": "ZULU",
                "rawAirSigmet": null,
                "validTimeTo": "2026-09-04T09:00:00.000",
                "validTimeFrom": [
                    "2026-09-04T08:45"
                ]
            }
        },
        {
            "type": "Feature",
            "geometry": {
                "type": "Polygon",
                "coordinates": [
                    [
                        [
                            "-118.46",
                            "41.03"
                        ],
                        [
                            "-117.93",
                            "40.15"
                        ],
                        [
                            "-117.91",
                            "39.61"
                        ],
                        [
                            "-118.22",
                            "39.24"
                        ],
                        [
                            "-118.19",
                            "38.51"
                        ],
                        [
                            "-117.79",
                            "37.62"
                        ],
                        [
                            "-118.38",
                            "36.72"
                        ],
                        [
                            "-118.94",
                            "36.67"
                        ],
                        [
                            "-120.18",
                            "37.53"
                        ],
                        [
                            "-120.35",
                            "38.52"
                        ],
                        [
                            "-120.95",
                            "39.29"
                        ],
                        [
                            "-121.01",
                            "39.99"
                        ],
                        [
                            "-120.67",
                            "40.50"
                        ],
                        [
                            "-119.55",
                            "40.89"
                        ],
                        [
                            "-118.46",
                            "41.03"
                        ]
                    ]
                ]
            },
            "properties": {
                "forecastId": null,
                "geometryId": null,
                "tag": "5W",
                "forecastHour": 0,
                "hazard": "LLWS",
                "frequency": null,
                "severity": null,
                "status": "NRML",
                "base": null,
                "top": null,
                "fzlBase": null,
                "fzlTop": null,
                "level": null,
                "product": "TANGO",
                "rawAirSigmet": "AIR SPEED LOSS OR GAIN OF 20KTS OR MORE BELOW 2000 FT AGL",
                "validTimeTo": "2026-09-04T09:00:00.000",
                "validTimeFrom": [
                    "2026-09-04T08:45"
                ]
            }
        },
        {
            "type": "Feature",
            "geometry": {
                "type": "Polygon",
                "coordinates": [
                    [
                        [
                            "-70.19",
                            "13.04"
                        ],
                        [
                            "-70.26",
                            "12.88"
                        ],
                        [
                            "-70.41",
                            "12.54"
                        ],
                        [
                            "-70.43",
                            "11.90"
                        ],
                        [
                            "-70.41",
                            "11.74"
                        ],
                        [
                            "-70.22",
                            "11.12"
                        ],
                        [
                            "-70.21",
                            "11.10"
                        ],
                        [
                            "-69.79",
                            "10.78"
                        ],
                        [
                            "-69.72",
                            "10.78"
                        ],
                        [
                            "-69.25",
                            "11.09"
                        ],
                        [
                            "-69.03",
                            "11.58"
                        ],
                        [
                            "-68.99",
                            "11.88"
                        ],
                        [
                            "-69.00",
                            "12.21"
                        ],
                        [
                            "-69.10",
                            "12.63"
                        ],
                        [
                            "-69.46",
                            "13.06"
                        ],
                        [
                            "-70.13",
                            "13.06"
                        ],
                        [
                            "-70.19",
                            "13.04"
                        ]
                    ]
                ]
            },
            "properties": {
                "forecastId": null,
                "geometryId": null,
                "tag": "1C",
                "forecastHour": 0,
                "hazard": "FZLVL",
                "frequency": null,
                "severity": null,
                "status": "NRML",
                "base": null,
                "top": null,
                "fzlBase": null,
                "fzlTop": null,
                "level": "160",
                "product": "ZULU",
                "rawAirSigmet": null,
                "validTimeTo": "2026-09-04T09:00:00.000",
                "validTimeFrom": [
                    "2026-09-04T08:45"
                ]
            }
        },
        {
            "type": "Feature",
            "geometry": {
                "type": "Polygon",
                "coordinates": [
                    [
                        [
                            "-123.75",
                            "42.81"
                        ],
                        [
                            "-123.44",
                            "42.66"
                        ],
                        [
                            "-123.77",
                            "42.23"
                        ],
                        [
                            "-123.99",
                            "41.60"
                        ],
                        [
                            "-124.06",
                            "40.59"
                        ],
                        [
                            "-123.86",
                            "39.79"
                        ],
                        [
                            "-123.48",
                            "38.63"
                        ],
                        [
                            "-122.83",
                            "38.34"
                        ],
                        [
                            "-122.16",
                            "37.77"
                        ],
                        [
                            "-121.66",
                            "37.28"
                        ],
                        [
                            "-121.24",
                            "36.34"
                        ],
                        [
                            "-121.56",
                            "35.38"
                        ],
                        [
                            "-121.87",
                            "34.57"
                        ],
                        [
                            "-122.89",
                            "33.65"
                        ],
                        [
                            "-125.80",
                            "37.77"
                        ],
                        [
                            "-124.47",
                            "37.63"
                        ],
                        [
                            "-123.67",
                            "37.66"
                        ],
                        [
                            "-123.71",
                            "38.21"
                        ],
                        [
                            "-124.08",
                            "39.00"
                        ],
                        [
                            "-124.44",
                            "39.94"
                        ],
                        [
                            "-124.69",
                            "41.14"
                        ],
                        [
                            "-124.76",
                            "42.00"
                        ],
                        [
                            "-124.43",
                            "42.56"
                        ],
                        [
                            "-123.75",
                            "42.81"
                        ]
                    ]
                ]
            },
            "properties": {
                "forecastId": null,
                "geometryId": null,
                "tag": "10E",
                "forecastHour": 0,
                "hazard": "IFR",
                "frequency": null,
                "severity": null,
                "status": "NRML",
                "base": null,
                "top": null,
                "fzlBase": null,
                "fzlTop": null,
                "level": null,
                "product": "SIERRA",
                "rawAirSigmet": "CIG BLW 010 VIS BLW 3SM BR",
                "validTimeTo": "2026-09-04T09:00:00.000",
                "validTimeFrom": [
                    "2026-09-04T09:10"
                ]
            }
        },
        {
            "type": "Feature",
            "geometry": {
                "type": "Polygon",
                "coordinates": [
                    [
                        [
                            "-110.05",
                            "44.33"
                        ],
                        [
                            "-108.89",
                            "44.01"
                        ],
                        [
                            "-107.85",
                            "43.69"
                        ],
                        [
                            "-107.05",
                            "43.08"
                        ],
                        [
                            "-106.51",
                            "42.59"
                        ],
                        [
                            "-106.49",
                            "42.16"
                        ],
                        [
                            "-106.99",
                            "41.26"
                        ],
                        [
                            "-107.58",
                            "40.69"
                        ],
                        [
                            "-108.59",
                            "39.93"
                        ],
                        [
                            "-109.54",
                            "39.37"
                        ],
                        [
                            "-110.40",
                            "38.43"
                        ],
                        [
                            "-111.05",
                            "37.55"
                        ],
                        [
                            "-111.42",
                            "36.36"
                        ],
                        [
                            "-111.82",
                            "35.74"
                        ],
                        [
                            "-112.74",
                            "35.21"
                        ],
                        [
                            "-113.53",
                            "35.29"
                        ],
                        [
                            "-114.37",
                            "35.56"
                        ],
                        [
                            "-114.70",
                            "36.29"
                        ],
                        [
                            "-115.21",
                            "36.53"
                        ],
                        [
                            "-116.05",
                            "36.45"
                        ],
                        [
                            "-116.59",
                            "36.55"
                        ],
                        [
                            "-117.17",
                            "37.06"
                        ],
                        [
                            "-117.03",
                            "37.60"
                        ],
                        [
                            "-116.29",
                            "38.78"
                        ],
                        [
                            "-115.17",
                            "39.45"
                        ],
                        [
                            "-114.47",
                            "40.03"
                        ],
                        [
                            "-113.99",
                            "40.46"
                        ],
                        [
                            "-113.43",
                            "41.15"
                        ],
                        [
                            "-113.04",
                            "41.99"
                        ],
                        [
                            "-112.99",
                            "42.19"
                        ],
                        [
                            "-112.37",
                            "43.50"
                        ],
                        [
                            "-111.01",
                            "44.26"
                        ],
                        [
                            "-110.05",
                            "44.33"
                        ]
                    ]
                ]
            },
            "properties": {
                "forecastId": null,
                "geometryId": null,
                "tag": "4W",
                "forecastHour": 0,
                "hazard": "LLWS",
                "frequency": null,
                "severity": null,
                "status": "NRML",
                "base": null,
                "top": null,
                "fzlBase": null,
                "fzlTop": null,
                "level": null,
                "product": "TANGO",
                "rawAirSigmet": "AIR SPEED LOSS OR GAIN OF 20KTS OR MORE BELOW 2000 FT AGL",
                "validTimeTo": "2026-09-04T09:00:00.000",
                "validTimeFrom": [
                    "2026-09-04T08:45"
                ]
            }
        },
        {
            "type": "Feature",
            "geometry": {
                "type": "Polygon",
                "coordinates": [
                    [
                        [
                            "-120.78",
                            "49.00"
                        ],
                        [
                            "-116.13",
                            "48.93"
                        ],
                        [
                            "-111.11",
                            "48.95"
                        ],
                        [
                            "-113.58",
                            "47.37"
                        ],
                        [
                            "-114.01",
                            "45.12"
                        ],
                        [
                            "-115.42",
                            "43.11"
                        ],
                        [
                            "-118.03",
                            "42.88"
                        ],
                        [
                            "-119.23",
                            "43.92"
                        ],
                        [
                            "-120.01",
                            "45.10"
                        ],
                        [
                            "-120.47",
                            "45.85"
                        ],
                        [
                            "-120.88",
                            "47.27"
                        ],
                        [
                            "-120.78",
                            "49.00"
                        ]
                    ]
                ]
            },
            "properties": {
                "forecastId": null,
                "geometryId": null,
                "tag": "1W",
                "forecastHour": 0,
                "hazard": "TURB-HI",
                "frequency": null,
                "severity": "MOD",
                "status": "NRML",
                "base": "180",
                "top": "330",
                "fzlBase": null,
                "fzlTop": null,
                "level": null,
                "product": "TANGO",
                "rawAirSigmet": null,
                "validTimeTo": "2026-09-04T09:00:00.000",
                "validTimeFrom": [
                    "2026-09-04T08:45"
                ]
            }
        },
        {
            "type": "Feature",
            "geometry": {
                "type": "Polygon",
                "coordinates": [
                    [
                        [
                            "-69.34",
                            "47.44"
                        ],
                        [
                            "-67.79",
                            "47.19"
                        ],
                        [
                            "-67.84",
                            "45.77"
                        ],
                        [
                            "-67.20",
                            "45.05"
                        ],
                        [
                            "-67.05",
                            "40.33"
                        ],
                        [
                            "-69.81",
                            "41.05"
                        ],
                        [
                            "-71.31",
                            "41.29"
                        ],
                        [
                            "-72.58",
                            "41.89"
                        ],
                        [
                            "-74.17",
                            "42.40"
                        ],
                        [
                            "-74.52",
                            "42.88"
                        ],
                        [
                            "-75.37",
                            "43.51"
                        ],
                        [
                            "-76.76",
                            "43.81"
                        ],
                        [
                            "-75.14",
                            "45.08"
                        ],
                        [
                            "-71.59",
                            "45.03"
                        ],
                        [
                            "-70.73",
                            "45.49"
                        ],
                        [
                            "-69.34",
                            "47.44"
                        ]
                    ]
                ]
            },
            "properties": {
                "forecastId": null,
                "geometryId": null,
                "tag": "6E",
                "forecastHour": 0,
                "hazard": "IFR",
                "frequency": null,
                "severity": null,
                "status": "NRML",
                "base": null,
                "top": null,
                "fzlBase": null,
                "fzlTop": null,
                "level": null,
                "product": "SIERRA",
                "rawAirSigmet": "CIG BLW 010 VIS BLW 3SM BR FG",
                "validTimeTo": "2026-09-04T09:00:00.000",
                "validTimeFrom": [
                    "2026-09-04T09:10"
                ]
            }
        },
        {
            "type": "Feature",
            "geometry": {
                "type": "Polygon",
                "coordinates": [
                    [
                        [
                            "-113.08",
                            "49.02"
                        ],
                        [
                            "-112.34",
                            "48.31"
                        ],
                        [
                            "-112.32",
                            "47.14"
                        ],
                        [
                            "-114.07",
                            "45.17"
                        ],
                        [
                            "-115.44",
                            "41.66"
                        ],
                        [
                            "-116.90",
                            "40.43"
                        ],
                        [
                            "-120.44",
                            "40.33"
                        ],
                        [
                            "-121.04",
                            "40.77"
                        ],
                        [
                            "-120.53",
                            "42.07"
                        ],
                        [
                            "-120.32",
                            "43.51"
                        ],
                        [
                            "-118.77",
                            "44.82"
                        ],
                        [
                            "-118.55",
                            "45.18"
                        ],
                        [
                            "-116.88",
                            "45.30"
                        ],
                        [
                            "-116.88",
                            "46.27"
                        ],
                        [
                            "-118.46",
                            "46.67"
                        ],
                        [
                            "-120.26",
                            "48.02"
                        ],
                        [
                            "-119.50",
                            "49.00"
                        ],
                        [
                            "-113.08",
                            "49.02"
                        ]
                    ]
                ]
            },
            "properties": {
                "forecastId": null,
                "geometryId": null,
                "tag": "1C",
                "forecastHour": 0,
                "hazard": "ICE",
                "frequency": null,
                "severity": "MOD",
                "status": "NRML",
                "base": "FZL",
                "top": "220",
                "fzlBase": "080",
                "fzlTop": "120",
                "level": null,
                "product": "ZULU",
                "rawAirSigmet": "ICE",
                "validTimeTo": "2026-09-04T09:00:00.000",
                "validTimeFrom": [
                    "2026-09-04T08:45"
                ]
            }
        },
        {
            "type": "Feature",
            "geometry": {
                "type": "Polygon",
                "coordinates": [
                    [
                        [
                            "-119.91",
                            "48.97"
                        ],
                        [
                            "-116.91",
                            "48.95"
                        ],
                        [
                            "-113.62",
                            "48.92"
                        ],
                        [
                            "-113.30",
                            "48.09"
                        ],
                        [
                            "-112.06",
                            "47.34"
                        ],
                        [
                            "-111.75",
                            "46.54"
                        ],
                        [
                            "-113.08",
                            "45.41"
                        ],
                        [
                            "-114.23",
                            "43.52"
                        ],
                        [
                            "-115.81",
                            "41.76"
                        ],
                        [
                            "-117.26",
                            "40.50"
                        ],
                        [
                            "-118.97",
                            "40.62"
                        ],
                        [
                            "-119.64",
                            "39.73"
                        ],
                        [
                            "-119.27",
                            "38.56"
                        ],
                        [
                            "-119.62",
                            "38.00"
                        ],
                        [
                            "-120.45",
                            "38.17"
                        ],
                        [
                            "-121.06",
                            "38.96"
                        ],
                        [
                            "-121.94",
                            "39.96"
                        ],
                        [
                            "-122.20",
                            "41.16"
                        ],
                        [
                            "-121.60",
                            "42.14"
                        ],
                        [
                            "-120.66",
                            "42.75"
                        ],
                        [
                            "-120.11",
                            "43.13"
                        ],
                        [
                            "-119.62",
                            "44.11"
                        ],
                        [
                            "-118.66",
                            "45.65"
                        ],
                        [
                            "-119.33",
                            "47.13"
                        ],
                        [
                            "-119.91",
                            "48.97"
                        ]
                    ]
                ]
            },
            "properties": {
                "forecastId": null,
                "geometryId": null,
                "tag": "2E",
                "forecastHour": 0,
                "hazard": "MT_OBSC",
                "frequency": null,
                "severity": null,
                "status": "NRML",
                "base": null,
                "top": null,
                "fzlBase": null,
                "fzlTop": null,
                "level": null,
                "product": "SIERRA",
                "rawAirSigmet": "MTNS OBSC BY CLDS PCPN BR",
                "validTimeTo": "2026-09-04T09:00:00.000",
                "validTimeFrom": [
                    "2026-09-04T09:10"
                ]
            }
        },
        {
            "type": "Feature",
            "geometry": {
                "type": "Polygon",
                "coordinates": [
                    [
                        [
                            "-99.70",
                            "49.16"
                        ],
                        [
                            "-97.29",
                            "49.09"
                        ],
                        [
                            "-94.74",
                            "49.06"
                        ],
                        [
                            "-96.22",
                            "48.35"
                        ],
                        [
                            "-97.14",
                            "47.57"
                        ],
                        [
                            "-98.69",
                            "47.27"
                        ],
                        [
                            "-99.90",
                            "46.92"
                        ],
                        [
                            "-100.64",
                            "46.56"
                        ],
                        [
                            "-101.99",
                            "46.82"
                        ],
                        [
                            "-102.63",
                            "47.50"
                        ],
                        [
                            "-103.83",
                            "48.48"
                        ],
                        [
                            "-104.27",
                            "49.06"
                        ],
                        [
                            "-99.70",
                            "49.16"
                        ]
                    ]
                ]
            },
            "properties": {
                "forecastId": null,
                "geometryId": null,
                "tag": "4E",
                "forecastHour": 0,
                "hazard": "IFR",
                "frequency": null,
                "severity": null,
                "status": "NRML",
                "base": null,
                "top": null,
                "fzlBase": null,
                "fzlTop": null,
                "level": null,
                "product": "SIERRA",
                "rawAirSigmet": "CIG BLW 010 VIS BLW 3SM BR",
                "validTimeTo": "2026-09-04T09:00:00.000",
                "validTimeFrom": [
                    "2026-09-04T09:10"
                ]
            }
        },
        {
            "type": "Feature",
            "geometry": {
                "type": "LineString",
                "coordinates": [
                    [
                        "-92.77",
                        "17.09"
                    ],
                    [
                        "-93.19",
                        "17.22"
                    ],
                    [
                        "-93.34",
                        "17.26"
                    ],
                    [
                        "-93.38",
                        "17.26"
                    ],
                    [
                        "-93.95",
                        "17.24"
                    ],
                    [
                        "-94.59",
                        "17.04"
                    ],
                    [
                        "-94.76",
                        "16.94"
                    ]
                ]
            },
            "properties": {
                "forecastId": null,
                "geometryId": null,
                "tag": "1C",
                "forecastHour": 0,
                "hazard": "FZLVL",
                "frequency": null,
                "severity": null,
                "status": "NRML",
                "base": null,
                "top": null,
                "fzlBase": null,
                "fzlTop": null,
                "level": "160",
                "product": "ZULU",
                "rawAirSigmet": null,
                "validTimeTo": "2026-09-04T09:00:00.000",
                "validTimeFrom": [
                    "2026-09-04T08:45"
                ]
            }
        },
        {
            "type": "Feature",
            "geometry": {
                "type": "Polygon",
                "coordinates": [
                    [
                        [
                            "-115.44",
                            "47.17"
                        ],
                        [
                            "-114.44",
                            "46.93"
                        ],
                        [
                            "-114.44",
                            "45.97"
                        ],
                        [
                            "-114.64",
                            "44.66"
                        ],
                        [
                            "-115.36",
                            "43.55"
                        ],
                        [
                            "-116.56",
                            "43.90"
                        ],
                        [
                            "-116.98",
                            "44.74"
                        ],
                        [
                            "-116.38",
                            "46.52"
                        ],
                        [
                            "-115.85",
                            "47.11"
                        ],
                        [
                            "-115.44",
                            "47.17"
                        ]
                    ]
                ]
            },
            "properties": {
                "forecastId": null,
                "geometryId": null,
                "tag": "1E",
                "forecastHour": 0,
                "hazard": "IFR",
                "frequency": null,
                "severity": null,
                "status": "NRML",
                "base": null,
                "top": null,
                "fzlBase": null,
                "fzlTop": null,
                "level": null,
                "product": "SIERRA",
                "rawAirSigmet": "CIG BLW 010 VIS BLW 3SM PCPN BR",
                "validTimeTo": "2026-09-04T09:00:00.000",
                "validTimeFrom": [
                    "2026-09-04T09:10"
                ]
            }
        },
        {
            "type": "Feature",
            "geometry": {
                "type": "Polygon",
                "coordinates": [
                    [
                        [
                            "-121.16",
                            "40.82"
                        ],
                        [
                            "-120.40",
                            "40.03"
                        ],
                        [
                            "-120.02",
                            "39.12"
                        ],
                        [
                            "-120.44",
                            "38.24"
                        ],
                        [
                            "-121.39",
                            "39.17"
                        ],
                        [
                            "-122.06",
                            "40.65"
                        ],
                        [
                            "-121.55",
                            "40.82"
                        ],
                        [
                            "-121.16",
                            "40.82"
                        ]
                    ]
                ]
            },
            "properties": {
                "forecastId": null,
                "geometryId": null,
                "tag": "3E",
                "forecastHour": 0,
                "hazard": "IFR",
                "frequency": null,
                "severity": null,
                "status": "NRML",
                "base": null,
                "top": null,
                "fzlBase": null,
                "fzlTop": null,
                "level": null,
                "product": "SIERRA",
                "rawAirSigmet": "CIG BLW 010 VIS BLW 3SM PCPN BR",
                "validTimeTo": "2026-09-04T09:00:00.000",
                "validTimeFrom": [
                    "2026-09-04T09:10"
                ]
            }
        },
        {
            "type": "Feature",
            "geometry": {
                "type": "Polygon",
                "coordinates": [
                    [
                        [
                            "-124.73",
                            "46.81"
                        ],
                        [
                            "-125.06",
                            "45.38"
                        ],
                        [
                            "-124.95",
                            "44.61"
                        ],
                        [
                            "-124.38",
                            "43.18"
                        ],
                        [
                            "-123.53",
                            "42.62"
                        ],
                        [
                            "-122.66",
                            "42.63"
                        ],
                        [
                            "-121.83",
                            "42.98"
                        ],
                        [
                            "-121.12",
                            "43.85"
                        ],
                        [
                            "-120.61",
                            "44.82"
                        ],
                        [
                            "-119.99",
                            "45.71"
                        ],
                        [
                            "-119.30",
                            "46.61"
                        ],
                        [
                            "-119.06",
                            "47.44"
                        ],
                        [
                            "-119.69",
                            "48.11"
                        ],
                        [
                            "-120.78",
                            "48.31"
                        ],
                        [
                            "-121.88",
                            "48.27"
                        ],
                        [
                            "-123.02",
                            "47.99"
                        ],
                        [
                            "-123.92",
                            "47.55"
                        ],
                        [
                            "-124.73",
                            "46.81"
                        ]
                    ]
                ]
            },
            "properties": {
                "forecastId": null,
                "geometryId": null,
                "tag": "1C",
                "forecastHour": 0,
                "hazard": "FZLVL",
                "frequency": null,
                "severity": null,
                "status": "NRML",
                "base": null,
                "top": null,
                "fzlBase": null,
                "fzlTop": null,
                "level": "080",
                "product": "ZULU",
                "rawAirSigmet": null,
                "validTimeTo": "2026-09-04T09:00:00.000",
                "validTimeFrom": [
                    "2026-09-04T08:45"
                ]
            }
        }
    ],
    "metadata": {
        "creationTime": "2026-09-04T09:28"
    }
}