{
    "type": "FeatureCollection",
    "features": [
        {
            "type": "Feature",
            "geometry": {
                "type": "Polygon",
                "coordinates": [
                    [
                        [
                            "-75.97",
                            "33.47"
                        ],
                        [
                            "-75.60",
                            "33.18"
                        ],
                        [
                            "-76.96",
                            "32.29"
                        ],
                        [
                            "-76.96",
                            "31.68"
                        ],
                        [
                            "-77.19",
                            "31.29"
                        ],
                        [
                            "-77.68",
                            "31.40"
                        ],
                        [
                            "-77.77",
                            "31.88"
                        ],
                        [
                            "-77.33",
                            "32.24"
                        ],
                        [
                            "-76.56",
                            "32.85"
                        ],
                        [
                            "-75.97",
                            "33.47"
                        ]
                    ]
                ]
            },
            "properties": {
                "forecastId": null,
                "geometryId": null,
                "tag": "3W",
                "forecastHour": 6,
                "hazard": "SFC_WND",
                "frequency": null,
                "severity": null,
                "status": "NRML",
                "base": null,
                "top": null,
                "fzlBase": null,
                "fzlTop": null,
                "level": null,
                "product": "TANGO",
                "rawAirSigmet": "USTAINED SFC WINDS GREATER THAN 30 KTS",
                "validTimeTo": "2026-08-02T15:00:00.000",
                "validTimeFrom": [
                    "2026-08-02T08:45"
                ]
            }
        },
        {
            "type": "Feature",
            "geometry": {
                "type": "Polygon",
                "coordinates": [
                    [
                        [
                            "-76.10",
                            "24.78"
                        ],
                        [
                            "-75.42",
                            "24.62"
                        ],
                        [
                            "-74.88",
                            "24.23"
                        ],
                        [
                            "-74.57",
                            "23.89"
                        ],
                        [
                            "-74.92",
                            "23.37"
                        ],
                        [
                            "-75.44",
                            "23.34"
                        ],
                        [
                            "-76.18",
                            "23.37"
                        ],
                        [
                            "-76.76",
                            "23.68"
                        ],
                        [
                            "-76.83",
                            "24.35"
                        ],
                        [
                            "-76.25",
                            "24.77"
                        ],
                        [
                            "-76.10",
                            "24.78"
                        ]
                    ]
                ]
            },
            "properties": {
                "forecastId": null,
                "geometryId": null,
                "tag": "1C",
                "forecastHour": 6,
                "hazard": "FZLVL",
                "frequency": null,
                "severity": null,
                "status": "NRML",
                "base": null,
                "top": null,
                "fzlBase": null,
                "fzlTop": null,
                "level": "160",
                "product": "ZULU",
                "rawAirSigmet": null,
                "validTimeTo": "2026-08-02T15:00:00.000",
                "validTimeFrom": [
                    "2026-08-02T08:45"
                ]
            }
        },
        {
            "type": "Feature",
            "geometry": {
                "type": "LineString",
                "coordinates": [
                    [
                        "-128.23",
                        "16.62"
                    ],
                    [
                        "-127.30",
                        "17.99"
                    ],
                    [
                        "-127.13",
                        "18.85"
                    ],
                    [
                        "-127.30",
                        "19.93"
                    ],
                    [
                        "-128.10",
                        "21.03"
                    ],
                    [
                        "-128.61",
                        "21.41"
                    ],
                    [
                        "-129.34",
                        "22.20"
                    ],
                    [
                        "-129.60",
                        "23.22"
                    ],
                    [
                        "-129.46",
                        "26.63"
                    ],
                    [
                        "-129.79",
                        "27.99"
                    ],
                    [
                        "-130.96",
                        "29.24"
                    ],
                    [
                        "-132.43",
                        "30.28"
                    ],
                    [
                        "-133.89",
                        "31.47"
                    ],
                    [
                        "-136.19",
                        "33.44"
                    ],
                    [
                        "-137.44",
                        "34.09"
                    ],
                    [
                        "-138.31",
                        "34.34"
                    ],
                    [
                        "-140.10",
                        "34.77"
                    ],
                    [
                        "-140.74",
                        "35.11"
                    ],
                    [
                        "-141.02",
                        "35.79"
                    ],
                    [
                        "-140.98",
                        "36.67"
                    ],
                    [
                        "-140.69",
                        "37.51"
                    ],
                    [
                        "-132.71",
                        "39.86"
                    ],
                    [
                        "-130.08",
                        "40.64"
                    ],
                    [
                        "-127.98",
                        "41.37"
                    ],
                    [
                        "-125.62",
                        "42.14"
                    ],
                    [
                        "-123.44",
                        "42.62"
                    ],
                    [
                        "-118.32",
                        "43.78"
                    ],
                    [
                        "-115.64",
                        "44.41"
                    ],
                    [
                        "-113.52",
                        "45.12"
                    ],
                    [
                        "-107.60",
                        "46.85"
                    ],
                    [
                        "-105.35",
                        "47.74"
                    ],
                    [
                        "-104.51",
                        "48.03"
                    ],
                    [
                        "-103.00",
                        "48.04"
                    ],
                    [
                        "-102.19",
                        "47.71"
                    ],
                    [
                        "-101.16",
                        "46.89"
                    ],
                    [
                        "-99.85",
                        "45.58"
                    ],
                    [
                        "-98.68",
                        "44.42"
                    ],
                    [
                        "-97.34",
                        "43.51"
                    ],
                    [
                        "-94.80",
                        "42.52"
                    ],
                    [
                        "-91.86",
                        "41.50"
                    ],
                    [
                        "-91.38",
                        "40.87"
                    ],
                    [
                        "-91.64",
                        "39.73"
                    ],
                    [
                        "-92.96",
                        "38.49"
                    ],
                    [
                        "-94.72",
                        "37.23"
                    ],
                    [
                        "-95.87",
                        "36.16"
                    ],
                    [
                        "-96.91",
                        "34.79"
                    ],
                    [
                        "-97.23",
                        "33.67"
                    ],
                    [
                        "-96.44",
                        "32.28"
                    ],
                    [
                        "-96.75",
                        "31.74"
                    ],
                    [
                        "-97.50",
                        "31.60"
                    ],
                    [
                        "-100.13",
                        "31.79"
                    ],
                    [
                        "-101.69",
                        "32.02"
                    ],
                    [
                        "-103.63",
                        "31.88"
                    ],
                    [
                        "-105.17",
                        "31.09"
                    ],
                    [
                        "-105.95",
                        "29.87"
                    ],
                    [
                        "-105.49",
                        "28.14"
                    ],
                    [
                        "-104.52",
                        "26.87"
                    ],
                    [
                        "-103.57",
                        "26.53"
                    ],
                    [
                        "-102.42",
                        "26.67"
                    ],
                    [
                        "-100.81",
                        "27.25"
                    ],
                    [
                        "-99.37",
                        "27.39"
                    ],
                    [
                        "-97.30",
                        "27.20"
                    ],
                    [
                        "-95.48",
                        "27.57"
                    ],
                    [
                        "-93.48",
                        "27.64"
                    ],
                    [
                        "-92.50",
                        "27.49"
                    ],
                    [
                        "-91.65",
                        "27.11"
                    ],
                    [
                        "-91.46",
                        "26.71"
                    ],
                    [
                        "-91.80",
                        "26.21"
                    ],
                    [
                        "-92.53",
                        "25.70"
                    ],
                    [
                        "-93.92",
                        "25.20"
                    ],
                    [
                        "-95.60",
                        "24.83"
                    ],
                    [
                        "-96.57",
                        "25.21"
                    ],
                    [
                        "-97.67",
                        "25.80"
                    ],
                    [
                        "-98.17",
                        "25.07"
                    ],
                    [
                        "-97.41",
                        "24.58"
                    ],
                    [
                        "-96.29",
                        "24.23"
                    ],
                    [
                        "-95.51",
                        "23.01"
                    ],
                    [
                        "-94.79",
                        "21.72"
                    ],
                    [
                        "-93.79",
                        "20.89"
                    ],
                    [
                        "-90.01",
                        "19.78"
                    ],
                    [
                        "-87.98",
                        "19.17"
                    ],
                    [
                        "-86.25",
                        "18.92"
                    ],
                    [
                        "-85.16",
                        "19.08"
                    ],
                    [
                        "-84.15",
                        "19.51"
                    ],
                    [
                        "-81.16",
                        "20.93"
                    ],
                    [
                        "-80.55",
                        "21.00"
                    ],
                    [
                        "-80.23",
                        "20.30"
                    ],
                    [
                        "-79.63",
                        "19.29"
                    ],
                    [
                        "-78.83",
                        "18.75"
                    ],
                    [
                        "-78.49",
                        "18.15"
                    ],
                    [
                        "-78.75",
                        "16.89"
                    ],
                    [
                        "-79.09",
                        "15.55"
                    ],
                    [
                        "-79.16",
                        "14.37"
                    ]
                ]
            },
            "properties": {
                "forecastId": null,
                "geometryId": null,
                "tag": "1C",
                "forecastHour": 6,
                "hazard": "FZLVL",
                "frequency": null,
                "severity": null,
                "status": "NRML",
                "base": null,
                "top": null,
                "fzlBase": null,
                "fzlTop": null,
                "level": "160",
                "product": "ZULU",
                "rawAirSigmet": null,
                "validTimeTo": "2026-08-02T15:00:00.000",
                "validTimeFrom": [
                    "2026-08-02T08:45"
                ]
            }
        },
        {
            "type": "Feature",
            "geometry": {
                "type": "Polygon",
                "coordinates": [
                    [
                        [
                            "-85.45",
                            "47.06"
                        ],
                        [
                            "-84.68",
                            "46.78"
                        ],
                        [
                            "-84.27",
                            "46.33"
                        ],
                        [
                            "-82.56",
                            "45.27"
                        ],
                        [
                            "-82.12",
                            "44.13"
                        ],
                        [
                            "-83.95",
                            "42.60"
                        ],
                        [
                            "-85.98",
                            "41.36"
                        ],
                        [
                            "-88.02",
                            "41.36"
                        ],
                        [
                            "-88.85",
                            "42.59"
                        ],
                        [
                            "-87.84",
                            "44.72"
                        ],
                        [
                            "-86.76",
                            "46.20"
                        ],
                        [
                            "-85.45",
                            "47.06"
                        ]
                    ]
                ]
            },
            "properties": {
                "forecastId": null,
                "geometryId": null,
                "tag": "1W",
                "forecastHour": 6,
                "hazard": "TURB-HI",
                "frequency": null,
                "severity": "MOD",
                "status": "NRML",
                "base": "280",
                "top": "400",
                "fzlBase": null,
                "fzlTop": null,
                "level": null,
                "product": "TANGO",
                "rawAirSigmet": null,
                "validTimeTo": "2026-08-02T15:00:00.000",
                "validTimeFrom": [
                    "2026-08-02T08:45"
                ]
            }
        },
        {
            "type": "Feature",
            "geometry": {
                "type": "Polygon",
                "coordinates": [
                    [
                        [
                            "-130.55",
                            "53.04"
                        ],
                        [
                            "-131.18",
                            "52.21"
                        ],
                        [
                            "-131.40",
                            "51.22"
                        ],
                        [
                            "-130.50",
                            "49.60"
                        ],
                        [
                            "-129.75",
                            "49.09"
                        ],
                        [
                            "-128.22",
                            "48.59"
                        ],
                        [
                            "-125.62",
                            "48.46"
                        ],
                        [
                            "-123.24",
                            "48.58"
                        ],
                        [
                            "-121.55",
                            "48.85"
                        ],
                        [
                            "-119.91",
                            "49.31"
                        ],
                        [
                            "-118.61",
                            "49.80"
                        ],
                        [
                            "-117.82",
                            "50.28"
                        ],
                        [
                            "-116.93",
                            "51.71"
                        ],
                        [
                            "-117.61",
                            "53.22"
                        ],
                        [
                            "-119.54",
                            "54.58"
                        ],
                        [
                            "-121.16",
                            "55.24"
                        ],
                        [
                            "-122.81",
                            "55.34"
                        ],
                        [
                            "-126.70",
                            "54.52"
                        ],
                        [
                            "-128.58",
                            "54.08"
                        ],
                        [
                            "-130.20",
                            "53.30"
                        ],
                        [
                            "-130.55",
                            "53.04"
                        ]
                    ]
                ]
            },
            "properties": {
                "forecastId": null,
                "geometryId": null,
                "tag": "1C",
                "forecastHour": 6,
                "hazard": "FZLVL",
                "frequency": null,
                "severity": null,
                "status": "NRML",
                "base": null,
                "top": null,
                "fzlBase": null,
                "fzlTop": null,
                "level": "080",
                "product": "ZULU",
                "rawAirSigmet": null,
                "validTimeTo": "2026-08-02T15:00:00.000",
                "validTimeFrom": [
                    "2026-08-02T08:45"
                ]
            }
        },
        {
            "type": "Feature",
            "geometry": {
                "type": "Polygon",
                "coordinates": [
                    [
                        [
                            "-124.97",
                            "41.94"
                        ],
                        [
                            "-124.45",
                            "41.65"
                        ],
                        [
                            "-124.30",
                            "41.26"
                        ],
                        [
                            "-124.62",
                            "40.62"
                        ],
                        [
                            "-124.21",
                            "40.15"
                        ],
                        [
                            "-123.99",
                            "39.47"
                        ],
                        [
                            "-123.86",
                            "38.43"
                        ],
                        [
                            "-123.58",
                            "37.39"
                        ],
                        [
                            "-123.68",
                            "36.50"
                        ],
                        [
                            "-123.73",
                            "35.19"
                        ],
                        [
                            "-124.27",
                            "35.96"
                        ],
                        [
                            "-124.81",
                            "35.84"
                        ],
                        [
                            "-126.92",
                            "36.44"
                        ],
                        [
                            "-126.59",
                            "38.59"
                        ],
                        [
                            "-127.05",
                            "40.08"
                        ],
                        [
                            "-126.95",
                            "40.82"
                        ],
                        [
                            "-126.00",
                            "41.48"
                        ],
                        [
                            "-124.97",
                            "41.94"
                        ]
                    ]
                ]
            },
            "properties": {
                "forecastId": null,
                "geometryId": null,
                "tag": "1W",
                "forecastHour": 6,
                "hazard": "SFC_WND",
                "frequency": null,
                "severity": null,
                "status": "NRML",
                "base": null,
                "top": null,
                "fzlBase": null,
                "fzlTop": null,
                "level": null,
                "product": "TANGO",
                "rawAirSigmet": "USTAINED SFC WINDS GREATER THAN 30 KTS",
                "validTimeTo": "2026-08-02T15:00:00.000",
                "validTimeFrom": [
                    "2026-08-02T08:45"
                ]
            }
        },
        {
            "type": "Feature",
            "geometry": {
                "type": "Polygon",
                "coordinates": [
                    [
                        [
                            "-67.21",
                            "45.18"
                        ],
                        [
                            "-66.87",
                            "44.56"
                        ],
                        [
                            "-67.06",
                            "42.83"
                        ],
                        [
                            "-67.18",
                            "41.33"
                        ],
                        [
                            "-67.79",
                            "40.99"
                        ],
                        [
                            "-68.12",
                            "40.74"
                        ],
                        [
                            "-68.91",
                            "40.84"
                        ],
                        [
                            "-69.71",
                            "40.82"
                        ],
                        [
                            "-70.13",
                            "40.64"
                        ],
                        [
                            "-70.83",
                            "40.61"
                        ],
                        [
                            "-70.60",
                            "41.05"
                        ],
                        [
                            "-69.95",
                            "40.98"
                        ],
                        [
                            "-69.92",
                            "41.84"
                        ],
                        [
                            "-69.83",
                            "42.26"
                        ],
                        [
                            "-70.48",
                            "42.35"
                        ],
                        [
                            "-70.66",
                            "42.38"
                        ],
                        [
                            "-70.67",
                            "42.91"
                        ],
                        [
                            "-70.27",
                            "43.79"
                        ],
                        [
                            "-69.40",
                            "44.11"
                        ],
                        [
                            "-69.09",
                            "44.31"
                        ],
                        [
                            "-68.96",
                            "44.49"
                        ],
                        [
                            "-68.58",
                            "44.42"
                        ],
                        [
                            "-68.21",
                            "44.47"
                        ],
                        [
                            "-67.88",
                            "44.62"
                        ],
                        [
                            "-67.54",
                            "44.83"
                        ],
                        [
                            "-67.21",
                            "45.18"
                        ]
                    ]
                ]
            },
            "properties": {
                "forecastId": null,
                "geometryId": null,
                "tag": "5E",
                "forecastHour": 6,
                "hazard": "IFR",
                "frequency": null,
                "severity": null,
                "status": "NRML",
                "base": null,
                "top": null,
                "fzlBase": null,
                "fzlTop": null,
                "level": null,
                "product": "SIERRA",
                "rawAirSigmet": "CIG BLW 010 VIS BLW 3SM BR FG",
                "validTimeTo": "2026-08-02T15:00:00.000",
                "validTimeFrom": [
                    "2026-08-02T11:24"
                ]
            }
        },
        {
            "type": "Feature",
            "geometry": {
                "type": "Polygon",
                "coordinates": [
                    [
                        [
                            "-78.28",
                            "42.39"
                        ],
                        [
                            "-77.88",
                            "42.32"
                        ],
                        [
                            "-77.80",
                            "42.17"
                        ],
                        [
                            "-77.75",
                            "41.79"
                        ],
                        [
                            "-77.83",
                            "41.24"
                        ],
                        [
                            "-78.00",
                            "40.88"
                        ],
                        [
                            "-78.19",
                            "40.37"
                        ],
                        [
                            "-78.28",
                            "39.99"
                        ],
                        [
                            "-78.31",
                            "39.53"
                        ],
                        [
                            "-78.40",
                            "39.10"
                        ],
                        [
                            "-78.52",
                            "38.84"
                        ],
                        [
                            "-78.38",
                            "38.49"
                        ],
                        [
                            "-78.59",
                            "38.26"
                        ],
                        [
                            "-79.16",
                            "37.55"
                        ],
                        [
                            "-79.32",
                            "37.39"
                        ],
                        [
                            "-79.61",
                            "37.14"
                        ],
                        [
                            "-79.61",
                            "37.14"
                        ],
                        [
                            "-80.34",
                            "36.83"
                        ],
                        [
                            "-80.85",
                            "36.63"
                        ],
                        [
                            "-81.08",
                            "35.97"
                        ],
                        [
                            "-81.48",
                            "35.48"
                        ],
                        [
                            "-81.73",
                            "35.14"
                        ],
                        [
                            "-82.39",
                            "34.76"
                        ],
                        [
                            "-83.12",
                            "34.66"
                        ],
                        [
                            "-83.63",
                            "34.95"
                        ],
                        [
                            "-83.11",
                            "35.35"
                        ],
                        [
                            "-83.05",
                            "35.54"
                        ],
                        [
                            "-82.86",
                            "35.50"
                        ],
                        [
                            "-82.56",
                            "35.63"
                        ],
                        [
                            "-82.69",
                            "36.04"
                        ],
                        [
                            "-82.55",
                            "36.17"
                        ],
                        [
                            "-82.26",
                            "36.05"
                        ],
                        [
                            "-82.15",
                            "36.09"
                        ],
                        [
                            "-81.93",
                            "36.32"
                        ],
                        [
                            "-81.53",
                            "36.65"
                        ],
                        [
                            "-80.76",
                            "37.05"
                        ],
                        [
                            "-80.24",
                            "37.26"
                        ],
                        [
                            "-79.88",
                            "37.58"
                        ],
                        [
                            "-79.77",
                            "37.87"
                        ],
                        [
                            "-80.05",
                            "38.13"
                        ],
                        [
                            "-80.17",
                            "38.33"
                        ],
                        [
                            "-79.74",
                            "38.80"
                        ],
                        [
                            "-79.57",
                            "39.17"
                        ],
                        [
                            "-79.41",
                            "39.51"
                        ],
                        [
                            "-79.33",
                            "39.82"
                        ],
                        [
                            "-79.87",
                            "40.09"
                        ],
                        [
                            "-80.49",
                            "39.85"
                        ],
                        [
                            "-81.28",
                            "39.64"
                        ],
                        [
                            "-80.08",
                            "40.99"
                        ],
                        [
                            "-79.31",
                            "42.00"
                        ],
                        [
                            "-78.84",
                            "42.10"
                        ],
                        [
                            "-78.54",
                            "42.29"
                        ],
                        [
                            "-78.28",
                            "42.39"
                        ]
                    ]
                ]
            },
            "properties": {
                "forecastId": null,
                "geometryId": null,
                "tag": "4E",
                "forecastHour": 6,
                "hazard": "MT_OBSC",
                "frequency": null,
                "severity": null,
                "status": "NRML",
                "base": null,
                "top": null,
                "fzlBase": null,
                "fzlTop": null,
                "level": null,
                "product": "SIERRA",
                "rawAirSigmet": "MTNS OBSC BY CLDS PCPN BR FG",
                "validTimeTo": "2026-08-02T15:00:00.000",
                "validTimeFrom": [
                    "2026-08-02T11:24"
                ]
            }
        },
        {
            "type": "Feature",
            "geometry": {
                "type": "Polygon",
                "coordinates": [
                    [
                        [
                            "-113.18",
                            "49.08"
                        ],
                        [
                            "-111.37",
                            "47.48"
                        ],
                        [
                            "-109.81",
                            "48.53"
                        ],
                        [
                            "-108.34",
                            "46.56"
                        ],
                        [
                            "-106.99",
                            "44.70"
                        ],
                        [
                            "-107.79",
                            "44.77"
                        ],
                        [
                            "-108.10",
                            "44.11"
                        ],
                        [
                            "-108.52",
                            "43.90"
                        ],
                        [
                            "-109.28",
                            "44.17"
                        ],
                        [
                            "-109.66",
                            "44.29"
                        ],
                        [
                            "-109.64",
                            "44.85"
                        ],
                        [
                            "-109.90",
                            "45.20"
                        ],
                        [
                            "-110.55",
                            "45.48"
                        ],
                        [
                            "-111.58",
                            "45.12"
                        ],
                        [
                            "-112.97",
                            "44.96"
                        ],
                        [
                            "-113.67",
                            "45.17"
                        ],
                        [
                            "-114.29",
                            "45.18"
                        ],
                        [
                            "-114.84",
                            "45.17"
                        ],
                        [
                            "-115.44",
                            "44.92"
                        ],
                        [
                            "-116.09",
                            "43.93"
                        ],
                        [
                            "-115.84",
                            "43.20"
                        ],
                        [
                            "-114.42",
                            "43.19"
                        ],
                        [
                            "-112.72",
                            "43.94"
                        ],
                        [
                            "-111.88",
                            "44.46"
                        ],
                        [
                            "-110.96",
                            "44.38"
                        ],
                        [
                            "-110.47",
                            "44.08"
                        ],
                        [
                            "-110.76",
                            "43.37"
                        ],
                        [
                            "-111.30",
                            "42.85"
                        ],
                        [
                            "-112.82",
                            "42.20"
                        ],
                        [
                            "-113.69",
                            "42.01"
                        ],
                        [
                            "-115.80",
                            "41.76"
                        ],
                        [
                            "-117.02",
                            "41.43"
                        ],
                        [
                            "-117.72",
                            "41.02"
                        ],
                        [
                            "-118.18",
                            "41.18"
                        ],
                        [
                            "-117.60",
                            "41.74"
                        ],
                        [
                            "-117.37",
                            "41.94"
                        ],
                        [
                            "-117.42",
                            "42.14"
                        ],
                        [
                            "-118.35",
                            "41.88"
                        ],
                        [
                            "-118.92",
                            "41.68"
                        ],
                        [
                            "-118.94",
                            "42.25"
                        ],
                        [
                            "-118.56",
                            "42.83"
                        ],
                        [
                            "-118.13",
                            "43.14"
                        ],
                        [
                            "-117.93",
                            "43.23"
                        ],
                        [
                            "-117.90",
                            "43.75"
                        ],
                        [
                            "-117.78",
                            "44.18"
                        ],
                        [
                            "-117.92",
                            "44.36"
                        ],
                        [
                            "-118.53",
                            "44.52"
                        ],
                        [
                            "-118.93",
                            "44.78"
                        ],
                        [
                            "-119.54",
                            "44.75"
                        ],
                        [
                            "-120.11",
                            "44.84"
                        ],
                        [
                            "-121.77",
                            "45.11"
                        ],
                        [
                            "-121.57",
                            "45.55"
                        ],
                        [
                            "-120.36",
                            "45.33"
                        ],
                        [
                            "-118.88",
                            "45.61"
                        ],
                        [
                            "-117.94",
                            "45.05"
                        ],
                        [
                            "-116.84",
                            "45.85"
                        ],
                        [
                            "-115.60",
                            "46.45"
                        ],
                        [
                            "-117.54",
                            "46.67"
                        ],
                        [
                            "-118.51",
                            "46.94"
                        ],
                        [
                            "-118.89",
                            "46.46"
                        ],
                        [
                            "-119.17",
                            "46.76"
                        ],
                        [
                            "-119.67",
                            "47.22"
                        ],
                        [
                            "-120.59",
                            "47.87"
                        ],
                        [
                            "-119.77",
                            "48.10"
                        ],
                        [
                            "-119.77",
                            "48.75"
                        ],
                        [
                            "-117.97",
                            "48.32"
                        ],
                        [
                            "-116.03",
                            "48.27"
                        ],
                        [
                            "-116.50",
                            "48.83"
                        ],
                        [
                            "-113.18",
                            "49.08"
                        ]
                    ]
                ]
            },
            "properties": {
                "forecastId": null,
                "geometryId": null,
                "tag": "2E",
                "forecastHour": 6,
                "hazard": "MT_OBSC",
                "frequency": null,
                "severity": null,
                "status": "NRML",
                "base": null,
                "top": null,
                "fzlBase": null,
                "fzlTop": null,
                "level": null,
                "product": "SIERRA",
                "rawAirSigmet": "FU HZ",
                "validTimeTo": "2026-08-02T15:00:00.000",
                "validTimeFrom": [
                    "2026-08-02T11:24"
                ]
            }
        },
        {
            "type": "Feature",
            "geometry": {
                "type": "Polygon",
                "coordinates": [
                    [
                        [
                            "-127.75",
                            "47.61"
                        ],
                        [
                            "-122.25",
                            "47.51"
                        ],
                        [
                            "-122.02",
                            "46.81"
                        ],
                        [
                            "-123.46",
                            "46.33"
                        ],
                        [
                            "-127.28",
                            "46.52"
                        ],
                        [
                            "-127.75",
                            "47.61"
                        ]
                    ]
                ]
            },
            "properties": {
                "forecastId": null,
                "geometryId": null,
                "tag": "1C",
                "forecastHour": 6,
                "hazard": "M_FZLVL",
                "frequency": null,
                "severity": null,
                "status": "NRML",
                "base": "090",
                "top": "110",
                "fzlBase": null,
                "fzlTop": null,
                "level": null,
                "product": "ZULU",
                "rawAirSigmet": null,
                "validTimeTo": "2026-08-02T15:00:00.000",
                "validTimeFrom": [
                    "2026-08-02T08:45"
                ]
            }
        },
        {
            "type": "Feature",
            "geometry": {
                "type": "Polygon",
                "coordinates": [
                    [
                        [
                            "-101.09",
                            "49.00"
                        ],
                        [
                            "-102.06",
                            "47.06"
                        ],
                        [
                            "-104.25",
                            "46.55"
                        ],
                        [
                            "-105.00",
                            "48.88"
                        ],
                        [
                            "-103.42",
                            "48.96"
                        ],
                        [
                            "-101.09",
                            "49.00"
                        ]
                    ]
                ]
            },
            "properties": {
                "forecastId": null,
                "geometryId": null,
                "tag": "7W",
                "forecastHour": 6,
                "hazard": "TURB-LO",
                "frequency": null,
                "severity": "MOD",
                "status": "NRML",
                "base": "080",
                "top": "180",
                "fzlBase": null,
                "fzlTop": null,
                "level": null,
                "product": "TANGO",
                "rawAirSigmet": null,
                "validTimeTo": "2026-08-02T15:00:00.000",
                "validTimeFrom": [
                    "2026-08-02T08:45"
                ]
            }
        },
        {
            "type": "Feature",
            "geometry": {
                "type": "Polygon",
                "coordinates": [
                    [
                        [
                            "-121.97",
                            "48.96"
                        ],
                        [
                            "-120.48",
                            "48.93"
                        ],
                        [
                            "-120.94",
                            "48.49"
                        ],
                        [
                            "-120.75",
                            "47.59"
                        ],
                        [
                            "-121.15",
                            "47.01"
                        ],
                        [
                            "-121.27",
                            "46.59"
                        ],
                        [
                            "-121.60",
                            "46.26"
                        ],
                        [
                            "-121.83",
                            "46.61"
                        ],
                        [
                            "-121.93",
                            "46.92"
                        ],
                        [
                            "-121.79",
                            "48.62"
                        ],
                        [
                            "-121.97",
                            "48.96"
                        ]
                    ]
                ]
            },
            "properties": {
                "forecastId": null,
                "geometryId": null,
                "tag": "8E",
                "forecastHour": 6,
                "hazard": "IFR",
                "frequency": null,
                "severity": null,
                "status": "NRML",
                "base": null,
                "top": null,
                "fzlBase": null,
                "fzlTop": null,
                "level": null,
                "product": "SIERRA",
                "rawAirSigmet": "CIG BLW 010 VIS BLW 3SM BR FG",
                "validTimeTo": "2026-08-02T15:00:00.000",
                "validTimeFrom": [
                    "2026-08-02T11:24"
                ]
            }
        },
        {
            "type": "Feature",
            "geometry": {
                "type": "Polygon",
                "coordinates": [
                    [
                        [
                            "-111.01",
                            "49.01"
                        ],
                        [
                            "-109.85",
                            "47.88"
                        ],
                        [
                            "-112.94",
                            "47.41"
                        ],
                        [
                            "-114.74",
                            "48.40"
                        ],
                        [
                            "-114.77",
                            "49.01"
                        ],
                        [
                            "-111.01",
                            "49.01"
                        ]
                    ]
                ]
            },
            "properties": {
                "forecastId": null,
                "geometryId": null,
                "tag": "4W",
                "forecastHour": 6,
                "hazard": "TURB-HI",
                "frequency": null,
                "severity": "MOD",
                "status": "NRML",
                "base": "300",
                "top": "450",
                "fzlBase": null,
                "fzlTop": null,
                "level": null,
                "product": "TANGO",
                "rawAirSigmet": "MTN WAVE",
                "validTimeTo": "2026-08-02T15:00:00.000",
                "validTimeFrom": [
                    "2026-08-02T08:45"
                ]
            }
        },
        {
            "type": "Feature",
            "geometry": {
                "type": "Polygon",
                "coordinates": [
                    [
                        [
                            "-96.37",
                            "29.12"
                        ],
                        [
                            "-94.95",
                            "28.88"
                        ],
                        [
                            "-94.60",
                            "28.60"
                        ],
                        [
                            "-94.59",
                            "28.14"
                        ],
                        [
                            "-95.55",
                            "27.63"
                        ],
                        [
                            "-98.21",
                            "26.92"
                        ],
                        [
                            "-99.57",
                            "26.79"
                        ],
                        [
                            "-100.45",
                            "28.52"
                        ],
                        [
                            "-99.52",
                            "28.83"
                        ],
                        [
                            "-96.37",
                            "29.12"
                        ]
                    ]
                ]
            },
            "properties": {
                "forecastId": null,
                "geometryId": null,
                "tag": "5C",
                "forecastHour": 6,
                "hazard": "ICE",
                "frequency": null,
                "severity": "MOD",
                "status": "NRML",
                "base": "150",
                "top": "270",
                "fzlBase": null,
                "fzlTop": null,
                "level": null,
                "product": "ZULU",
                "rawAirSigmet": "ICE",
                "validTimeTo": "2026-08-02T15:00:00.000",
                "validTimeFrom": [
                    "2026-08-02T08:45"
                ]
            }
        },
        {
            "type": "Feature",
            "geometry": {
                "type": "Polygon",
                "coordinates": [
                    [
                        [
                            "-111.37",
                            "42.77"
                        ],
                        [
                            "-110.85",
                            "42.48"
                        ],
                        [
                            "-110.97",
                            "41.73"
                        ],
                        [
                            "-109.85",
                            "42.14"
                        ],
                        [
                            "-109.14",
                            "42.56"
                        ],
                        [
                            "-108.10",
                            "42.55"
                        ],
                        [
                            "-107.76",
                            "42.12"
                        ],
                        [
                            "-107.37",
                            "41.83"
                        ],
                        [
                            "-107.41",
                            "41.62"
                        ],
                        [
                            "-107.96",
                            "41.99"
                        ],
                        [
                            "-108.79",
                            "42.17"
                        ],
                        [
                            "-109.67",
                            "41.86"
                        ],
                        [
                            "-110.11",
                            "41.65"
                        ],
                        [
                            "-110.22",
                            "41.11"
                        ],
                        [
                            "-110.08",
                            "40.52"
                        ],
                        [
                            "-109.96",
                            "40.13"
                        ],
                        [
                            "-110.17",
                            "39.79"
                        ],
                        [
                            "-110.35",
                            "39.52"
                        ],
                        [
                            "-110.27",
                            "38.83"
                        ],
                        [
                            "-110.82",
                            "38.93"
                        ],
                        [
                            "-111.91",
                            "39.19"
                        ],
                        [
                            "-112.62",
                            "39.58"
                        ],
                        [
                            "-113.02",
                            "39.94"
                        ],
                        [
                            "-113.54",
                            "39.79"
                        ],
                        [
                            "-113.63",
                            "39.32"
                        ],
                        [
                            "-114.60",
                            "39.19"
                        ],
                        [
                            "-115.14",
                            "39.20"
                        ],
                        [
                            "-115.55",
                            "39.44"
                        ],
                        [
                            "-115.69",
                            "39.44"
                        ],
                        [
                            "-116.40",
                            "39.32"
                        ],
                        [
                            "-116.70",
                            "39.58"
                        ],
                        [
                            "-116.67",
                            "39.91"
                        ],
                        [
                            "-116.44",
                            "40.21"
                        ],
                        [
                            "-115.87",
                            "40.36"
                        ],
                        [
                            "-115.31",
                            "40.54"
                        ],
                        [
                            "-115.04",
                            "40.78"
                        ],
                        [
                            "-114.74",
                            "41.17"
                        ],
                        [
                            "-114.39",
                            "41.43"
                        ],
                        [
                            "-113.55",
                            "41.66"
                        ],
                        [
                            "-113.24",
                            "41.83"
                        ],
                        [
                            "-113.47",
                            "42.06"
                        ],
                        [
                            "-112.55",
                            "42.25"
                        ],
                        [
                            "-111.37",
                            "42.77"
                        ]
                    ]
                ]
            },
            "properties": {
                "forecastId": null,
                "geometryId": null,
                "tag": "4E",
                "forecastHour": 6,
                "hazard": "MT_OBSC",
                "frequency": null,
                "severity": null,
                "status": "NRML",
                "base": null,
                "top": null,
                "fzlBase": null,
                "fzlTop": null,
                "level": null,
                "product": "SIERRA",
                "rawAirSigmet": "FU HZ",
                "validTimeTo": "2026-08-02T15:00:00.000",
                "validTimeFrom": [
                    "2026-08-02T11:24"
                ]
            }
        },
        {
            "type": "Feature",
            "geometry": {
                "type": "Polygon",
                "coordinates": [
                    [
                        [
                            "-121.27",
                            "35.74"
                        ],
                        [
                            "-120.99",
                            "35.53"
                        ],
                        [
                            "-120.40",
                            "35.08"
                        ],
                        [
                            "-120.55",
                            "34.48"
                        ],
                        [
                            "-120.35",
                            "34.18"
                        ],
                        [
                            "-120.10",
                            "34.02"
                        ],
                        [
                            "-119.72",
                            "34.09"
                        ],
                        [
                            "-118.88",
                            "34.20"
                        ],
                        [
                            "-118.02",
                            "34.01"
                        ],
                        [
                            "-117.08",
                            "33.17"
                        ],
                        [
                            "-117.05",
                            "32.49"
                        ],
                        [
                            "-117.76",
                            "32.07"
                        ],
                        [
                            "-119.10",
                            "31.52"
                        ],
                        [
                            "-120.50",
                            "30.98"
                        ],
                        [
                            "-120.69",
                            "30.75"
                        ],
                        [
                            "-122.39",
                            "33.23"
                        ],
                        [
                            "-122.31",
                            "33.82"
                        ],
                        [
                            "-121.93",
                            "34.41"
                        ],
                        [
                            "-121.07",
                            "34.05"
                        ],
                        [
                            "-121.02",
                            "34.66"
                        ],
                        [
                            "-121.27",
                            "35.74"
                        ]
                    ]
                ]
            },
            "properties": {
                "forecastId": null,
                "geometryId": null,
                "tag": "3E",
                "forecastHour": 6,
                "hazard": "IFR",
                "frequency": null,
                "severity": null,
                "status": "NRML",
                "base": null,
                "top": null,
                "fzlBase": null,
                "fzlTop": null,
                "level": null,
                "product": "SIERRA",
                "rawAirSigmet": "CIG BLW 010 VIS BLW 3SM BR FG",
                "validTimeTo": "2026-08-02T15:00:00.000",
                "validTimeFrom": [
                    "2026-08-02T11:24"
                ]
            }
        },
        {
            "type": "Feature",
            "geometry": {
                "type": "Polygon",
                "coordinates": [
                    [
                        [
                            "-109.82",
                            "21.48"
                        ],
                        [
                            "-110.94",
                            "19.95"
                        ],
                        [
                            "-112.29",
                            "20.07"
                        ],
                        [
                            "-113.44",
                            "19.89"
                        ],
                        [
                            "-114.94",
                            "18.73"
                        ],
                        [
                            "-115.05",
                            "18.12"
                        ],
                        [
                            "-114.34",
                            "17.66"
                        ],
                        [
                            "-112.51",
                            "17.72"
                        ],
                        [
                            "-110.76",
                            "18.27"
                        ],
                        [
                            "-109.47",
                            "18.39"
                        ],
                        [
                            "-108.81",
                            "18.27"
                        ],
                        [
                            "-107.64",
                            "18.09"
                        ],
                        [
                            "-106.51",
                            "18.25"
                        ],
                        [
                            "-105.31",
                            "19.19"
                        ],
                        [
                            "-105.29",
                            "20.14"
                        ],
                        [
                            "-105.95",
                            "20.51"
                        ],
                        [
                            "-107.49",
                            "21.27"
                        ],
                        [
                            "-109.21",
                            "21.85"
                        ],
                        [
                            "-109.82",
                            "21.48"
                        ]
                    ]
                ]
            },
            "properties": {
                "forecastId": null,
                "geometryId": null,
                "tag": "1C",
                "forecastHour": 6,
                "hazard": "FZLVL",
                "frequency": null,
                "severity": null,
                "status": "NRML",
                "base": null,
                "top": null,
                "fzlBase": null,
                "fzlTop": null,
                "level": "160",
                "product": "ZULU",
                "rawAirSigmet": null,
                "validTimeTo": "2026-08-02T15:00:00.000",
                "validTimeFrom": [
                    "2026-08-02T08:45"
                ]
            }
        },
        {
            "type": "Feature",
            "geometry": {
                "type": "Polygon",
                "coordinates": [
                    [
                        [
                            "-107.29",
                            "49.00"
                        ],
                        [
                            "-105.56",
                            "48.35"
                        ],
                        [
                            "-104.60",
                            "47.67"
                        ],
                        [
                            "-104.31",
                            "45.91"
                        ],
                        [
                            "-105.17",
                            "44.33"
                        ],
                        [
                            "-106.52",
                            "44.33"
                        ],
                        [
                            "-106.81",
                            "45.72"
                        ],
                        [
                            "-107.91",
                            "47.08"
                        ],
                        [
                            "-109.53",
                            "47.40"
                        ],
                        [
                            "-110.97",
                            "47.40"
                        ],
                        [
                            "-113.13",
                            "47.00"
                        ],
                        [
                            "-113.81",
                            "47.79"
                        ],
                        [
                            "-114.73",
                            "48.90"
                        ],
                        [
                            "-112.49",
                            "48.87"
                        ],
                        [
                            "-110.85",
                            "48.79"
                        ],
                        [
                            "-109.06",
                            "48.93"
                        ],
                        [
                            "-107.29",
                            "49.00"
                        ]
                    ]
                ]
            },
            "properties": {
                "forecastId": null,
                "geometryId": null,
                "tag": "4W",
                "forecastHour": 6,
                "hazard": "TURB-LO",
                "frequency": null,
                "severity": "MOD",
                "status": "NRML",
                "base": "SFC",
                "top": "180",
                "fzlBase": null,
                "fzlTop": null,
                "level": null,
                "product": "TANGO",
                "rawAirSigmet": "MTN WAVE",
                "validTimeTo": "2026-08-02T15:00:00.000",
                "validTimeFrom": [
                    "2026-08-02T08:45"
                ]
            }
        },
        {
            "type": "Feature",
            "geometry": {
                "type": "Polygon",
                "coordinates": [
                    [
                        [
                            "-82.83",
                            "41.97"
                        ],
                        [
                            "-82.76",
                            "41.61"
                        ],
                        [
                            "-83.52",
                            "41.27"
                        ],
                        [
                            "-84.30",
                            "40.66"
                        ],
                        [
                            "-85.04",
                            "39.13"
                        ],
                        [
                            "-86.06",
                            "36.44"
                        ],
                        [
                            "-86.81",
                            "36.56"
                        ],
                        [
                            "-87.44",
                            "36.06"
                        ],
                        [
                            "-87.94",
                            "35.54"
                        ],
                        [
                            "-88.14",
                            "35.31"
                        ],
                        [
                            "-88.63",
                            "35.21"
                        ],
                        [
                            "-89.11",
                            "35.20"
                        ],
                        [
                            "-89.55",
                            "35.86"
                        ],
                        [
                            "-89.42",
                            "36.66"
                        ],
                        [
                            "-89.51",
                            "37.09"
                        ],
                        [
                            "-89.20",
                            "37.48"
                        ],
                        [
                            "-89.15",
                            "38.00"
                        ],
                        [
                            "-89.25",
                            "38.60"
                        ],
                        [
                            "-89.19",
                            "38.95"
                        ],
                        [
                            "-88.70",
                            "39.30"
                        ],
                        [
                            "-88.17",
                            "39.37"
                        ],
                        [
                            "-87.64",
                            "39.64"
                        ],
                        [
                            "-87.41",
                            "39.71"
                        ],
                        [
                            "-87.05",
                            "40.33"
                        ],
                        [
                            "-86.62",
                            "40.64"
                        ],
                        [
                            "-86.22",
                            "40.99"
                        ],
                        [
                            "-85.95",
                            "41.36"
                        ],
                        [
                            "-85.25",
                            "41.60"
                        ],
                        [
                            "-85.36",
                            "41.51"
                        ],
                        [
                            "-84.61",
                            "41.73"
                        ],
                        [
                            "-84.14",
                            "41.79"
                        ],
                        [
                            "-82.83",
                            "41.97"
                        ]
                    ]
                ]
            },
            "properties": {
                "forecastId": null,
                "geometryId": null,
                "tag": "1E",
                "forecastHour": 6,
                "hazard": "IFR",
                "frequency": null,
                "severity": null,
                "status": "NRML",
                "base": null,
                "top": null,
                "fzlBase": null,
                "fzlTop": null,
                "level": null,
                "product": "SIERRA",
                "rawAirSigmet": "CIG BLW 010 VIS BLW 3SM PCPN BR FG",
                "validTimeTo": "2026-08-02T15:00:00.000",
                "validTimeFrom": [
                    "2026-08-02T11:24"
                ]
            }
        },
        {
            "type": "Feature",
            "geometry": {
                "type": "Polygon",
                "coordinates": [
                    [
                        [
                            "-77.50",
                            "43.79"
                        ],
                        [
                            "-77.97",
                            "43.34"
                        ],
                        [
                            "-78.59",
                            "43.06"
                        ],
                        [
                            "-78.57",
                            "42.88"
                        ],
                        [
                            "-77.86",
                            "42.63"
                        ],
                        [
                            "-77.72",
                            "42.52"
                        ],
                        [
                            "-77.51",
                            "42.25"
                        ],
                        [
                            "-77.37",
                            "42.04"
                        ],
                        [
                            "-77.33",
                            "41.53"
                        ],
                        [
                            "-77.23",
                            "40.94"
                        ],
                        [
                            "-77.37",
                            "40.34"
                        ],
                        [
                            "-77.14",
                            "39.68"
                        ],
                        [
                            "-77.48",
                            "38.93"
                        ],
                        [
                            "-77.98",
                            "38.41"
                        ],
                        [
                            "-78.15",
                            "37.91"
                        ],
                        [
                            "-78.53",
                            "37.23"
                        ],
                        [
                            "-78.89",
                            "36.67"
                        ],
                        [
                            "-79.29",
                            "36.31"
                        ],
                        [
                            "-80.03",
                            "35.76"
                        ],
                        [
                            "-80.60",
                            "35.23"
                        ],
                        [
                            "-80.91",
                            "35.04"
                        ],
                        [
                            "-80.90",
                            "34.38"
                        ],
                        [
                            "-81.13",
                            "33.72"
                        ],
                        [
                            "-81.17",
                            "33.02"
                        ],
                        [
                            "-82.57",
                            "33.34"
                        ],
                        [
                            "-83.54",
                            "34.24"
                        ],
                        [
                            "-84.21",
                            "34.66"
                        ],
                        [
                            "-83.25",
                            "34.97"
                        ],
                        [
                            "-82.96",
                            "35.40"
                        ],
                        [
                            "-82.48",
                            "35.63"
                        ],
                        [
                            "-82.28",
                            "36.01"
                        ],
                        [
                            "-81.75",
                            "36.49"
                        ],
                        [
                            "-80.98",
                            "36.92"
                        ],
                        [
                            "-80.59",
                            "37.17"
                        ],
                        [
                            "-80.32",
                            "37.78"
                        ],
                        [
                            "-80.65",
                            "38.06"
                        ],
                        [
                            "-80.11",
                            "38.68"
                        ],
                        [
                            "-79.57",
                            "38.82"
                        ],
                        [
                            "-79.36",
                            "39.01"
                        ],
                        [
                            "-79.08",
                            "39.36"
                        ],
                        [
                            "-79.13",
                            "39.68"
                        ],
                        [
                            "-78.93",
                            "40.36"
                        ],
                        [
                            "-79.03",
                            "41.19"
                        ],
                        [
                            "-79.47",
                            "41.26"
                        ],
                        [
                            "-79.99",
                            "41.24"
                        ],
                        [
                            "-80.64",
                            "41.00"
                        ],
                        [
                            "-81.20",
                            "41.09"
                        ],
                        [
                            "-82.17",
                            "41.84"
                        ],
                        [
                            "-81.19",
                            "42.24"
                        ],
                        [
                            "-80.04",
                            "42.27"
                        ],
                        [
                            "-78.88",
                            "42.84"
                        ],
                        [
                            "-79.28",
                            "43.47"
                        ],
                        [
                            "-78.99",
                            "43.58"
                        ],
                        [
                            "-77.50",
                            "43.79"
                        ]
                    ]
                ]
            },
            "properties": {
                "forecastId": null,
                "geometryId": null,
                "tag": "7E",
                "forecastHour": 6,
                "hazard": "IFR",
                "frequency": null,
                "severity": null,
                "status": "NRML",
                "base": null,
                "top": null,
                "fzlBase": null,
                "fzlTop": null,
                "level": null,
                "product": "SIERRA",
                "rawAirSigmet": "CIG BLW 010 VIS BLW 3SM PCPN BR FG",
                "validTimeTo": "2026-08-02T15:00:00.000",
                "validTimeFrom": [
                    "2026-08-02T11:24"
                ]
            }
        },
        {
            "type": "Feature",
            "geometry": {
                "type": "Polygon",
                "coordinates": [
                    [
                        [
                            "-75.09",
                            "44.99"
                        ],
                        [
                            "-71.98",
                            "44.98"
                        ],
                        [
                            "-73.73",
                            "43.31"
                        ],
                        [
                            "-74.89",
                            "41.58"
                        ],
                        [
                            "-76.27",
                            "39.22"
                        ],
                        [
                            "-76.96",
                            "38.11"
                        ],
                        [
                            "-78.39",
                            "35.81"
                        ],
                        [
                            "-79.58",
                            "34.88"
                        ],
                        [
                            "-80.18",
                            "34.95"
                        ],
                        [
                            "-81.80",
                            "35.98"
                        ],
                        [
                            "-81.81",
                            "36.86"
                        ],
                        [
                            "-81.53",
                            "38.53"
                        ],
                        [
                            "-81.07",
                            "39.60"
                        ],
                        [
                            "-80.18",
                            "41.06"
                        ],
                        [
                            "-80.72",
                            "42.26"
                        ],
                        [
                            "-79.02",
                            "42.60"
                        ],
                        [
                            "-78.86",
                            "43.48"
                        ],
                        [
                            "-76.91",
                            "43.68"
                        ],
                        [
                            "-75.09",
                            "44.99"
                        ]
                    ]
                ]
            },
            "properties": {
                "forecastId": null,
                "geometryId": null,
                "tag": "3C",
                "forecastHour": 6,
                "hazard": "ICE",
                "frequency": null,
                "severity": "MOD",
                "status": "NRML",
                "base": "FZL",
                "top": "260",
                "fzlBase": "130",
                "fzlTop": "160",
                "level": null,
                "product": "ZULU",
                "rawAirSigmet": "ICE",
                "validTimeTo": "2026-08-02T15:00:00.000",
                "validTimeFrom": [
                    "2026-08-02T08:45"
                ]
            }
        },
        {
            "type": "Feature",
            "geometry": {
                "type": "LineString",
                "coordinates": [
                    [
                        "-75.85",
                        "13.29"
                    ],
                    [
                        "-75.81",
                        "13.29"
                    ],
                    [
                        "-75.16",
                        "13.37"
                    ],
                    [
                        "-74.89",
                        "13.40"
                    ],
                    [
                        "-74.44",
                        "13.50"
                    ],
                    [
                        "-74.13",
                        "13.59"
                    ],
                    [
                        "-73.65",
                        "13.73"
                    ],
                    [
                        "-73.42",
                        "13.80"
                    ],
                    [
                        "-72.90",
                        "13.89"
                    ],
                    [
                        "-72.55",
                        "13.92"
                    ],
                    [
                        "-72.22",
                        "13.91"
                    ],
                    [
                        "-71.65",
                        "13.76"
                    ],
                    [
                        "-71.17",
                        "13.50"
                    ],
                    [
                        "-70.69",
                        "13.23"
                    ],
                    [
                        "-70.40",
                        "13.18"
                    ],
                    [
                        "-70.09",
                        "13.13"
                    ],
                    [
                        "-69.55",
                        "13.26"
                    ],
                    [
                        "-69.28",
                        "13.31"
                    ],
                    [
                        "-68.89",
                        "13.45"
                    ],
                    [
                        "-68.36",
                        "13.62"
                    ],
                    [
                        "-68.24",
                        "13.66"
                    ],
                    [
                        "-67.57",
                        "13.85"
                    ],
                    [
                        "-67.47",
                        "13.87"
                    ]
                ]
            },
            "properties": {
                "forecastId": null,
                "geometryId": null,
                "tag": "1C",
                "forecastHour": 6,
                "hazard": "FZLVL",
                "frequency": null,
                "severity": null,
                "status": "NRML",
                "base": null,
                "top": null,
                "fzlBase": null,
                "fzlTop": null,
                "level": "160",
                "product": "ZULU",
                "rawAirSigmet": null,
                "validTimeTo": "2026-08-02T15:00:00.000",
                "validTimeFrom": [
                    "2026-08-02T08:45"
                ]
            }
        },
        {
            "type": "Feature",
            "geometry": {
                "type": "Polygon",
                "coordinates": [
                    [
                        [
                            "-68.72",
                            "46.55"
                        ],
                        [
                            "-68.43",
                            "45.62"
                        ],
                        [
                            "-71.58",
                            "43.23"
                        ],
                        [
                            "-71.69",
                            "44.02"
                        ],
                        [
                            "-71.11",
                            "44.88"
                        ],
                        [
                            "-69.80",
                            "45.88"
                        ],
                        [
                            "-68.72",
                            "46.55"
                        ]
                    ]
                ]
            },
            "properties": {
                "forecastId": null,
                "geometryId": null,
                "tag": "5E",
                "forecastHour": 6,
                "hazard": "MT_OBSC",
                "frequency": null,
                "severity": null,
                "status": "NRML",
                "base": null,
                "top": null,
                "fzlBase": null,
                "fzlTop": null,
                "level": null,
                "product": "SIERRA",
                "rawAirSigmet": "MTNS OBSC BY CLDS BR",
                "validTimeTo": "2026-08-02T15:00:00.000",
                "validTimeFrom": [
                    "2026-08-02T11:24"
                ]
            }
        },
        {
            "type": "Feature",
            "geometry": {
                "type": "Polygon",
                "coordinates": [
                    [
                        [
                            "-78.68",
                            "42.91"
                        ],
                        [
                            "-77.70",
                            "41.92"
                        ],
                        [
                            "-81.24",
                            "38.10"
                        ],
                        [
                            "-85.52",
                            "35.06"
                        ],
                        [
                            "-89.30",
                            "33.83"
                        ],
                        [
                            "-91.39",
                            "33.89"
                        ],
                        [
                            "-89.95",
                            "35.95"
                        ],
                        [
                            "-87.07",
                            "37.65"
                        ],
                        [
                            "-85.17",
                            "39.92"
                        ],
                        [
                            "-83.96",
                            "41.18"
                        ],
                        [
                            "-82.99",
                            "41.76"
                        ],
                        [
                            "-81.95",
                            "41.70"
                        ],
                        [
                            "-81.35",
                            "42.17"
                        ],
                        [
                            "-78.68",
                            "42.91"
                        ]
                    ]
                ]
            },
            "properties": {
                "forecastId": null,
                "geometryId": null,
                "tag": "3W",
                "forecastHour": 6,
                "hazard": "TURB-HI",
                "frequency": null,
                "severity": "MOD",
                "status": "NRML",
                "base": "270",
                "top": "370",
                "fzlBase": null,
                "fzlTop": null,
                "level": null,
                "product": "TANGO",
                "rawAirSigmet": null,
                "validTimeTo": "2026-08-02T15:00:00.000",
                "validTimeFrom": [
                    "2026-08-02T08:45"
                ]
            }
        },
        {
            "type": "Feature",
            "geometry": {
                "type": "Polygon",
                "coordinates": [
                    [
                        [
                            "-120.55",
                            "15.77"
                        ],
                        [
                            "-120.36",
                            "15.24"
                        ],
                        [
                            "-120.35",
                            "15.24"
                        ],
                        [
                            "-119.68",
                            "14.94"
                        ],
                        [
                            "-119.50",
                            "14.90"
                        ],
                        [
                            "-119.06",
                            "14.82"
                        ],
                        [
                            "-118.47",
                            "14.81"
                        ],
                        [
                            "-117.93",
                            "15.00"
                        ],
                        [
                            "-117.78",
                            "15.30"
                        ],
                        [
                            "-117.95",
                            "15.83"
                        ],
                        [
                            "-118.21",
                            "16.14"
                        ],
                        [
                            "-118.37",
                            "16.31"
                        ],
                        [
                            "-118.90",
                            "16.50"
                        ],
                        [
                            "-119.49",
                            "16.44"
                        ],
                        [
                            "-120.03",
                            "16.21"
                        ],
                        [
                            "-120.52",
                            "15.82"
                        ],
                        [
                            "-120.55",
                            "15.77"
                        ]
                    ]
                ]
            },
            "properties": {
                "forecastId": null,
                "geometryId": null,
                "tag": "1C",
                "forecastHour": 6,
                "hazard": "FZLVL",
                "frequency": null,
                "severity": null,
                "status": "NRML",
                "base": null,
                "top": null,
                "fzlBase": null,
                "fzlTop": null,
                "level": "160",
                "product": "ZULU",
                "rawAirSigmet": null,
                "validTimeTo": "2026-08-02T15:00:00.000",
                "validTimeFrom": [
                    "2026-08-02T08:45"
                ]
            }
        },
        {
            "type": "Feature",
            "geometry": {
                "type": "LineString",
                "coordinates": [
                    [
                        "-46.20",
                        "36.48"
                    ],
                    [
                        "-45.79",
                        "36.91"
                    ],
                    [
                        "-45.20",
                        "37.49"
                    ],
                    [
                        "-44.56",
                        "38.04"
                    ],
                    [
                        "-44.49",
                        "38.09"
                    ],
                    [
                        "-43.84",
                        "38.47"
                    ],
                    [
                        "-43.07",
                        "38.85"
                    ],
                    [
                        "-42.23",
                        "39.14"
                    ],
                    [
                        "-41.84",
                        "39.20"
                    ]
                ]
            },
            "properties": {
                "forecastId": null,
                "geometryId": null,
                "tag": "1C",
                "forecastHour": 6,
                "hazard": "FZLVL",
                "frequency": null,
                "severity": null,
                "status": "NRML",
                "base": null,
                "top": null,
                "fzlBase": null,
                "fzlTop": null,
                "level": "160",
                "product": "ZULU",
                "rawAirSigmet": null,
                "validTimeTo": "2026-08-02T15:00:00.000",
                "validTimeFrom": [
                    "2026-08-02T08:45"
                ]
            }
        },
        {
            "type": "Feature",
            "geometry": {
                "type": "Polygon",
                "coordinates": [
                    [
                        [
                            "-74.27",
                            "39.18"
                        ],
                        [
                            "-75.21",
                            "38.96"
                        ],
                        [
                            "-76.24",
                            "38.48"
                        ],
                        [
                            "-77.34",
                            "37.68"
                        ],
                        [
                            "-78.17",
                            "36.83"
                        ],
                        [
                            "-79.57",
                            "34.56"
                        ],
                        [
                            "-80.98",
                            "35.60"
                        ],
                        [
                            "-82.56",
                            "37.29"
                        ],
                        [
                            "-83.89",
                            "37.51"
                        ],
                        [
                            "-84.80",
                            "37.11"
                        ],
                        [
                            "-86.32",
                            "35.83"
                        ],
                        [
                            "-87.71",
                            "34.46"
                        ],
                        [
                            "-88.75",
                            "33.78"
                        ],
                        [
                            "-89.60",
                            "33.56"
                        ],
                        [
                            "-91.48",
                            "33.38"
                        ],
                        [
                            "-92.40",
                            "32.34"
                        ],
                        [
                            "-92.03",
                            "31.81"
                        ],
                        [
                            "-91.35",
                            "31.73"
                        ],
                        [
                            "-89.53",
                            "31.66"
                        ],
                        [
                            "-87.59",
                            "30.88"
                        ],
                        [
                            "-86.18",
                            "31.46"
                        ],
                        [
                            "-85.28",
                            "31.89"
                        ],
                        [
                            "-83.79",
                            "32.07"
                        ],
                        [
                            "-81.82",
                            "32.18"
                        ],
                        [
                            "-80.24",
                            "33.56"
                        ],
                        [
                            "-79.56",
                            "33.82"
                        ],
                        [
                            "-78.37",
                            "33.57"
                        ],
                        [
                            "-76.69",
                            "34.43"
                        ],
                        [
                            "-75.18",
                            "35.57"
                        ],
                        [
                            "-73.07",
                            "37.55"
                        ],
                        [
                            "-72.83",
                            "38.56"
                        ],
                        [
                            "-73.57",
                            "39.11"
                        ],
                        [
                            "-74.27",
                            "39.18"
                        ]
                    ]
                ]
            },
            "properties": {
                "forecastId": null,
                "geometryId": null,
                "tag": "1C",
                "forecastHour": 6,
                "hazard": "FZLVL",
                "frequency": null,
                "severity": null,
                "status": "NRML",
                "base": null,
                "top": null,
                "fzlBase": null,
                "fzlTop": null,
                "level": "160",
                "product": "ZULU",
                "rawAirSigmet": null,
                "validTimeTo": "2026-08-02T15:00:00.000",
                "validTimeFrom": [
                    "2026-08-02T08:45"
                ]
            }
        },
        {
            "type": "Feature",
            "geometry": {
                "type": "Polygon",
                "coordinates": [
                    [
                        [
                            "-120.69",
                            "48.94"
                        ],
                        [
                            "-121.04",
                            "48.24"
                        ],
                        [
                            "-120.93",
                            "47.60"
                        ],
                        [
                            "-121.43",
                            "47.12"
                        ],
                        [
                            "-122.07",
                            "47.40"
                        ],
                        [
                            "-123.42",
                            "47.06"
                        ],
                        [
                            "-123.71",
                            "47.21"
                        ],
                        [
                            "-123.83",
                            "47.68"
                        ],
                        [
                            "-123.91",
                            "48.02"
                        ],
                        [
                            "-124.56",
                            "48.33"
                        ],
                        [
                            "-123.89",
                            "48.50"
                        ],
                        [
                            "-123.24",
                            "48.74"
                        ],
                        [
                            "-122.57",
                            "48.91"
                        ],
                        [
                            "-120.69",
                            "48.94"
                        ]
                    ]
                ]
            },
            "properties": {
                "forecastId": null,
                "geometryId": null,
                "tag": "1E",
                "forecastHour": 6,
                "hazard": "MT_OBSC",
                "frequency": null,
                "severity": null,
                "status": "NRML",
                "base": null,
                "top": null,
                "fzlBase": null,
                "fzlTop": null,
                "level": null,
                "product": "SIERRA",
                "rawAirSigmet": "MTNS OBSC BY CLDS BR FG",
                "validTimeTo": "2026-08-02T15:00:00.000",
                "validTimeFrom": [
                    "2026-08-02T11:24"
                ]
            }
        },
        {
            "type": "Feature",
            "geometry": {
                "type": "LineString",
                "coordinates": [
                    [
                        "-62.09",
                        "21.36"
                    ],
                    [
                        "-63.52",
                        "20.17"
                    ],
                    [
                        "-64.44",
                        "19.38"
                    ],
                    [
                        "-65.76",
                        "18.90"
                    ],
                    [
                        "-67.21",
                        "18.77"
                    ],
                    [
                        "-68.48",
                        "18.71"
                    ],
                    [
                        "-69.01",
                        "18.82"
                    ],
                    [
                        "-69.58",
                        "19.46"
                    ],
                    [
                        "-70.34",
                        "20.68"
                    ],
                    [
                        "-70.77",
                        "21.68"
                    ],
                    [
                        "-70.43",
                        "22.48"
                    ],
                    [
                        "-69.41",
                        "22.96"
                    ],
                    [
                        "-68.33",
                        "23.29"
                    ],
                    [
                        "-67.05",
                        "23.67"
                    ],
                    [
                        "-65.45",
                        "24.08"
                    ],
                    [
                        "-64.12",
                        "24.17"
                    ],
                    [
                        "-62.51",
                        "23.97"
                    ],
                    [
                        "-61.02",
                        "23.76"
                    ],
                    [
                        "-60.90",
                        "23.74"
                    ]
                ]
            },
            "properties": {
                "forecastId": null,
                "geometryId": null,
                "tag": "1C",
                "forecastHour": 6,
                "hazard": "FZLVL",
                "frequency": null,
                "severity": null,
                "status": "NRML",
                "base": null,
                "top": null,
                "fzlBase": null,
                "fzlTop": null,
                "level": "160",
                "product": "ZULU",
                "rawAirSigmet": null,
                "validTimeTo": "2026-08-02T15:00:00.000",
                "validTimeFrom": [
                    "2026-08-02T08:45"
                ]
            }
        },
        {
            "type": "Feature",
            "geometry": {
                "type": "LineString",
                "coordinates": [
                    [
                        "-150.96",
                        "43.11"
                    ],
                    [
                        "-149.07",
                        "43.75"
                    ],
                    [
                        "-147.25",
                        "44.55"
                    ],
                    [
                        "-145.84",
                        "45.18"
                    ],
                    [
                        "-144.01",
                        "45.80"
                    ],
                    [
                        "-141.83",
                        "45.87"
                    ],
                    [
                        "-139.98",
                        "45.56"
                    ],
                    [
                        "-137.93",
                        "45.07"
                    ],
                    [
                        "-136.54",
                        "44.92"
                    ],
                    [
                        "-135.34",
                        "44.96"
                    ],
                    [
                        "-133.18",
                        "45.19"
                    ],
                    [
                        "-130.59",
                        "45.43"
                    ],
                    [
                        "-127.97",
                        "45.55"
                    ],
                    [
                        "-125.22",
                        "45.68"
                    ],
                    [
                        "-122.12",
                        "46.21"
                    ],
                    [
                        "-119.40",
                        "46.76"
                    ],
                    [
                        "-117.86",
                        "47.10"
                    ],
                    [
                        "-116.24",
                        "47.66"
                    ],
                    [
                        "-111.95",
                        "49.87"
                    ],
                    [
                        "-110.55",
                        "50.77"
                    ],
                    [
                        "-109.35",
                        "52.26"
                    ],
                    [
                        "-108.97",
                        "53.32"
                    ],
                    [
                        "-109.12",
                        "54.81"
                    ],
                    [
                        "-109.49",
                        "55.92"
                    ],
                    [
                        "-109.55",
                        "57.15"
                    ],
                    [
                        "-108.99",
                        "58.03"
                    ],
                    [
                        "-108.09",
                        "58.56"
                    ],
                    [
                        "-107.37",
                        "58.91"
                    ],
                    [
                        "-105.00",
                        "59.54"
                    ],
                    [
                        "-102.21",
                        "60.41"
                    ],
                    [
                        "-100.47",
                        "60.78"
                    ],
                    [
                        "-98.92",
                        "60.91"
                    ],
                    [
                        "-97.41",
                        "60.83"
                    ],
                    [
                        "-95.59",
                        "60.33"
                    ],
                    [
                        "-94.64",
                        "59.90"
                    ],
                    [
                        "-92.33",
                        "58.49"
                    ],
                    [
                        "-90.66",
                        "57.14"
                    ],
                    [
                        "-89.94",
                        "56.10"
                    ],
                    [
                        "-89.57",
                        "55.26"
                    ],
                    [
                        "-88.44",
                        "52.08"
                    ],
                    [
                        "-86.65",
                        "48.80"
                    ],
                    [
                        "-85.74",
                        "48.01"
                    ],
                    [
                        "-85.13",
                        "47.75"
                    ],
                    [
                        "-82.99",
                        "47.43"
                    ],
                    [
                        "-80.21",
                        "47.30"
                    ],
                    [
                        "-77.56",
                        "47.46"
                    ],
                    [
                        "-75.41",
                        "47.85"
                    ],
                    [
                        "-74.08",
                        "48.61"
                    ],
                    [
                        "-73.25",
                        "49.69"
                    ],
                    [
                        "-72.19",
                        "50.57"
                    ],
                    [
                        "-71.57",
                        "50.87"
                    ],
                    [
                        "-69.89",
                        "51.46"
                    ],
                    [
                        "-68.09",
                        "51.58"
                    ],
                    [
                        "-66.26",
                        "51.47"
                    ],
                    [
                        "-64.24",
                        "51.80"
                    ],
                    [
                        "-61.20",
                        "53.48"
                    ],
                    [
                        "-59.04",
                        "54.10"
                    ]
                ]
            },
            "properties": {
                "forecastId": null,
                "geometryId": null,
                "tag": "1C",
                "forecastHour": 6,
                "hazard": "FZLVL",
                "frequency": null,
                "severity": null,
                "status": "NRML",
                "base": null,
                "top": null,
                "fzlBase": null,
                "fzlTop": null,
                "level": "120",
                "product": "ZULU",
                "rawAirSigmet": null,
                "validTimeTo": "2026-08-02T15:00:00.000",
                "validTimeFrom": [
                    "2026-08-02T08:45"
                ]
            }
        }
    ],
    "metadata": {
        "creationTime": "2026-08-02T13:44"
    }
}