{
    "type": "FeatureCollection",
    "features": [
        {
            "type": "Feature",
            "geometry": {
                "type": "Polygon",
                "coordinates": [
                    [
                        [
                            "-105.84",
                            "40.64"
                        ],
                        [
                            "-103.47",
                            "39.88"
                        ],
                        [
                            "-104.85",
                            "37.70"
                        ],
                        [
                            "-106.46",
                            "37.67"
                        ],
                        [
                            "-107.83",
                            "39.03"
                        ],
                        [
                            "-105.84",
                            "40.64"
                        ]
                    ]
                ]
            },
            "properties": {
                "forecastId": null,
                "geometryId": null,
                "tag": "6W",
                "forecastHour": 0,
                "hazard": "TURB-HI",
                "frequency": null,
                "severity": "MOD",
                "status": "NRML",
                "base": "190",
                "top": "260",
                "fzlBase": null,
                "fzlTop": null,
                "level": null,
                "product": "TANGO",
                "rawAirSigmet": null,
                "validTimeTo": "2026-08-02T03:00:00.000",
                "validTimeFrom": [
                    "2026-08-02T02:52"
                ]
            }
        },
        {
            "type": "Feature",
            "geometry": {
                "type": "Polygon",
                "coordinates": [
                    [
                        [
                            "-82.97",
                            "37.75"
                        ],
                        [
                            "-80.95",
                            "36.98"
                        ],
                        [
                            "-80.32",
                            "36.66"
                        ],
                        [
                            "-80.40",
                            "35.45"
                        ],
                        [
                            "-80.69",
                            "34.86"
                        ],
                        [
                            "-80.92",
                            "34.42"
                        ],
                        [
                            "-81.27",
                            "33.66"
                        ],
                        [
                            "-82.14",
                            "32.38"
                        ],
                        [
                            "-83.29",
                            "30.76"
                        ],
                        [
                            "-84.71",
                            "30.64"
                        ],
                        [
                            "-85.78",
                            "33.69"
                        ],
                        [
                            "-85.42",
                            "36.27"
                        ],
                        [
                            "-84.43",
                            "37.19"
                        ],
                        [
                            "-82.97",
                            "37.75"
                        ]
                    ]
                ]
            },
            "properties": {
                "forecastId": null,
                "geometryId": null,
                "tag": "7E",
                "forecastHour": 0,
                "hazard": "IFR",
                "frequency": null,
                "severity": null,
                "status": "NRML",
                "base": null,
                "top": null,
                "fzlBase": null,
                "fzlTop": null,
                "level": null,
                "product": "SIERRA",
                "rawAirSigmet": "CIG BLW 010 VIS BLW 3SM PCPN BR",
                "validTimeTo": "2026-08-02T03:00:00.000",
                "validTimeFrom": [
                    "2026-08-02T02:45"
                ]
            }
        },
        {
            "type": "Feature",
            "geometry": {
                "type": "LineString",
                "coordinates": [
                    [
                        "-129.58",
                        "29.11"
                    ],
                    [
                        "-128.58",
                        "28.61"
                    ],
                    [
                        "-127.87",
                        "27.89"
                    ],
                    [
                        "-126.94",
                        "26.96"
                    ],
                    [
                        "-126.96",
                        "25.83"
                    ],
                    [
                        "-127.21",
                        "24.65"
                    ],
                    [
                        "-127.42",
                        "23.47"
                    ],
                    [
                        "-127.01",
                        "22.06"
                    ],
                    [
                        "-126.22",
                        "21.49"
                    ],
                    [
                        "-125.36",
                        "20.55"
                    ],
                    [
                        "-124.96",
                        "19.51"
                    ],
                    [
                        "-125.03",
                        "18.38"
                    ],
                    [
                        "-125.70",
                        "17.69"
                    ],
                    [
                        "-126.41",
                        "17.37"
                    ]
                ]
            },
            "properties": {
                "forecastId": null,
                "geometryId": null,
                "tag": "1C",
                "forecastHour": 0,
                "hazard": "FZLVL",
                "frequency": null,
                "severity": null,
                "status": "NRML",
                "base": null,
                "top": null,
                "fzlBase": null,
                "fzlTop": null,
                "level": "160",
                "product": "ZULU",
                "rawAirSigmet": null,
                "validTimeTo": "2026-08-02T03:00:00.000",
                "validTimeFrom": [
                    "2026-08-02T02:45"
                ]
            }
        },
        {
            "type": "Feature",
            "geometry": {
                "type": "Polygon",
                "coordinates": [
                    [
                        [
                            "-111.77",
                            "41.65"
                        ],
                        [
                            "-111.28",
                            "41.16"
                        ],
                        [
                            "-111.33",
                            "40.22"
                        ],
                        [
                            "-111.79",
                            "39.11"
                        ],
                        [
                            "-113.21",
                            "38.56"
                        ],
                        [
                            "-113.89",
                            "38.17"
                        ],
                        [
                            "-114.94",
                            "37.57"
                        ],
                        [
                            "-116.13",
                            "37.05"
                        ],
                        [
                            "-116.50",
                            "37.49"
                        ],
                        [
                            "-116.62",
                            "38.04"
                        ],
                        [
                            "-116.34",
                            "38.71"
                        ],
                        [
                            "-115.48",
                            "39.49"
                        ],
                        [
                            "-115.28",
                            "40.48"
                        ],
                        [
                            "-114.00",
                            "41.17"
                        ],
                        [
                            "-112.87",
                            "41.49"
                        ],
                        [
                            "-111.77",
                            "41.65"
                        ]
                    ]
                ]
            },
            "properties": {
                "forecastId": null,
                "geometryId": null,
                "tag": "3E",
                "forecastHour": 0,
                "hazard": "MT_OBSC",
                "frequency": null,
                "severity": null,
                "status": "NRML",
                "base": null,
                "top": null,
                "fzlBase": null,
                "fzlTop": null,
                "level": null,
                "product": "SIERRA",
                "rawAirSigmet": "FU HZ",
                "validTimeTo": "2026-08-02T03:00:00.000",
                "validTimeFrom": [
                    "2026-08-02T02:45"
                ]
            }
        },
        {
            "type": "Feature",
            "geometry": {
                "type": "Polygon",
                "coordinates": [
                    [
                        [
                            "-124.82",
                            "42.28"
                        ],
                        [
                            "-124.42",
                            "42.26"
                        ],
                        [
                            "-124.23",
                            "41.71"
                        ],
                        [
                            "-124.28",
                            "41.44"
                        ],
                        [
                            "-124.44",
                            "41.10"
                        ],
                        [
                            "-124.47",
                            "40.26"
                        ],
                        [
                            "-124.18",
                            "39.93"
                        ],
                        [
                            "-123.90",
                            "39.55"
                        ],
                        [
                            "-123.97",
                            "39.14"
                        ],
                        [
                            "-123.75",
                            "38.80"
                        ],
                        [
                            "-123.48",
                            "38.63"
                        ],
                        [
                            "-123.15",
                            "38.31"
                        ],
                        [
                            "-122.97",
                            "37.92"
                        ],
                        [
                            "-123.41",
                            "36.78"
                        ],
                        [
                            "-123.48",
                            "36.18"
                        ],
                        [
                            "-123.94",
                            "35.66"
                        ],
                        [
                            "-124.18",
                            "35.96"
                        ],
                        [
                            "-125.26",
                            "35.64"
                        ],
                        [
                            "-126.82",
                            "36.86"
                        ],
                        [
                            "-126.59",
                            "38.62"
                        ],
                        [
                            "-126.56",
                            "40.02"
                        ],
                        [
                            "-125.31",
                            "40.42"
                        ],
                        [
                            "-125.17",
                            "40.80"
                        ],
                        [
                            "-125.15",
                            "41.24"
                        ],
                        [
                            "-125.02",
                            "41.77"
                        ],
                        [
                            "-124.82",
                            "42.28"
                        ]
                    ]
                ]
            },
            "properties": {
                "forecastId": null,
                "geometryId": null,
                "tag": "1W",
                "forecastHour": 0,
                "hazard": "SFC_WND",
                "frequency": null,
                "severity": null,
                "status": "NRML",
                "base": null,
                "top": null,
                "fzlBase": null,
                "fzlTop": null,
                "level": null,
                "product": "TANGO",
                "rawAirSigmet": "USTAINED SFC WINDS GREATER THAN 30 KTS",
                "validTimeTo": "2026-08-02T03:00:00.000",
                "validTimeFrom": [
                    "2026-08-02T02:52"
                ]
            }
        },
        {
            "type": "Feature",
            "geometry": {
                "type": "LineString",
                "coordinates": [
                    [
                        "-91.65",
                        "58.34"
                    ],
                    [
                        "-91.60",
                        "58.27"
                    ],
                    [
                        "-91.37",
                        "58.04"
                    ],
                    [
                        "-91.05",
                        "57.89"
                    ],
                    [
                        "-90.49",
                        "57.79"
                    ],
                    [
                        "-89.92",
                        "57.87"
                    ],
                    [
                        "-89.65",
                        "58.01"
                    ],
                    [
                        "-89.46",
                        "58.31"
                    ]
                ]
            },
            "properties": {
                "forecastId": null,
                "geometryId": null,
                "tag": "1C",
                "forecastHour": 0,
                "hazard": "FZLVL",
                "frequency": null,
                "severity": null,
                "status": "NRML",
                "base": null,
                "top": null,
                "fzlBase": null,
                "fzlTop": null,
                "level": "080",
                "product": "ZULU",
                "rawAirSigmet": null,
                "validTimeTo": "2026-08-02T03:00:00.000",
                "validTimeFrom": [
                    "2026-08-02T02:45"
                ]
            }
        },
        {
            "type": "Feature",
            "geometry": {
                "type": "Polygon",
                "coordinates": [
                    [
                        [
                            "-88.46",
                            "48.38"
                        ],
                        [
                            "-86.48",
                            "47.59"
                        ],
                        [
                            "-84.59",
                            "46.58"
                        ],
                        [
                            "-82.58",
                            "45.58"
                        ],
                        [
                            "-82.34",
                            "45.25"
                        ],
                        [
                            "-82.14",
                            "44.71"
                        ],
                        [
                            "-82.29",
                            "43.51"
                        ],
                        [
                            "-83.04",
                            "42.60"
                        ],
                        [
                            "-84.04",
                            "42.40"
                        ],
                        [
                            "-84.78",
                            "43.21"
                        ],
                        [
                            "-84.23",
                            "43.61"
                        ],
                        [
                            "-84.03",
                            "44.55"
                        ],
                        [
                            "-85.39",
                            "45.82"
                        ],
                        [
                            "-86.22",
                            "46.11"
                        ],
                        [
                            "-87.17",
                            "46.09"
                        ],
                        [
                            "-87.97",
                            "46.48"
                        ],
                        [
                            "-88.44",
                            "47.01"
                        ],
                        [
                            "-88.66",
                            "47.68"
                        ],
                        [
                            "-88.46",
                            "48.38"
                        ]
                    ]
                ]
            },
            "properties": {
                "forecastId": null,
                "geometryId": null,
                "tag": "2E",
                "forecastHour": 0,
                "hazard": "IFR",
                "frequency": null,
                "severity": null,
                "status": "NRML",
                "base": null,
                "top": null,
                "fzlBase": null,
                "fzlTop": null,
                "level": null,
                "product": "SIERRA",
                "rawAirSigmet": "CIG BLW 010 VIS BLW 3SM PCPN BR FG",
                "validTimeTo": "2026-08-02T03:00:00.000",
                "validTimeFrom": [
                    "2026-08-02T02:45"
                ]
            }
        },
        {
            "type": "Feature",
            "geometry": {
                "type": "Polygon",
                "coordinates": [
                    [
                        [
                            "-80.90",
                            "45.71"
                        ],
                        [
                            "-81.06",
                            "45.38"
                        ],
                        [
                            "-81.01",
                            "45.03"
                        ],
                        [
                            "-80.96",
                            "44.95"
                        ],
                        [
                            "-80.49",
                            "44.82"
                        ],
                        [
                            "-80.22",
                            "44.97"
                        ],
                        [
                            "-79.95",
                            "45.18"
                        ],
                        [
                            "-79.86",
                            "45.29"
                        ],
                        [
                            "-79.88",
                            "45.62"
                        ],
                        [
                            "-79.88",
                            "45.63"
                        ],
                        [
                            "-80.34",
                            "45.83"
                        ],
                        [
                            "-80.83",
                            "45.77"
                        ],
                        [
                            "-80.90",
                            "45.71"
                        ]
                    ]
                ]
            },
            "properties": {
                "forecastId": null,
                "geometryId": null,
                "tag": "1C",
                "forecastHour": 0,
                "hazard": "FZLVL",
                "frequency": null,
                "severity": null,
                "status": "NRML",
                "base": null,
                "top": null,
                "fzlBase": null,
                "fzlTop": null,
                "level": "120",
                "product": "ZULU",
                "rawAirSigmet": null,
                "validTimeTo": "2026-08-02T03:00:00.000",
                "validTimeFrom": [
                    "2026-08-02T02:45"
                ]
            }
        },
        {
            "type": "Feature",
            "geometry": {
                "type": "LineString",
                "coordinates": [
                    [
                        "-135.00",
                        "44.42"
                    ],
                    [
                        "-133.16",
                        "44.83"
                    ],
                    [
                        "-130.39",
                        "45.45"
                    ],
                    [
                        "-127.53",
                        "45.89"
                    ],
                    [
                        "-124.11",
                        "46.17"
                    ],
                    [
                        "-121.10",
                        "46.87"
                    ],
                    [
                        "-118.87",
                        "47.83"
                    ],
                    [
                        "-117.65",
                        "48.31"
                    ],
                    [
                        "-116.77",
                        "48.84"
                    ],
                    [
                        "-116.00",
                        "49.56"
                    ],
                    [
                        "-115.58",
                        "50.28"
                    ],
                    [
                        "-115.23",
                        "51.16"
                    ],
                    [
                        "-115.21",
                        "52.21"
                    ],
                    [
                        "-114.98",
                        "53.03"
                    ],
                    [
                        "-114.38",
                        "53.89"
                    ],
                    [
                        "-113.88",
                        "54.49"
                    ],
                    [
                        "-113.74",
                        "55.52"
                    ],
                    [
                        "-114.22",
                        "57.64"
                    ]
                ]
            },
            "properties": {
                "forecastId": null,
                "geometryId": null,
                "tag": "1C",
                "forecastHour": 0,
                "hazard": "FZLVL",
                "frequency": null,
                "severity": null,
                "status": "NRML",
                "base": null,
                "top": null,
                "fzlBase": null,
                "fzlTop": null,
                "level": "120",
                "product": "ZULU",
                "rawAirSigmet": null,
                "validTimeTo": "2026-08-02T03:00:00.000",
                "validTimeFrom": [
                    "2026-08-02T02:45"
                ]
            }
        },
        {
            "type": "Feature",
            "geometry": {
                "type": "LineString",
                "coordinates": [
                    [
                        "-96.44",
                        "19.70"
                    ],
                    [
                        "-96.47",
                        "20.07"
                    ],
                    [
                        "-96.55",
                        "20.35"
                    ],
                    [
                        "-96.58",
                        "20.43"
                    ],
                    [
                        "-96.78",
                        "20.79"
                    ],
                    [
                        "-96.95",
                        "20.97"
                    ],
                    [
                        "-97.13",
                        "21.15"
                    ],
                    [
                        "-97.35",
                        "21.32"
                    ],
                    [
                        "-97.61",
                        "21.51"
                    ],
                    [
                        "-97.75",
                        "21.59"
                    ],
                    [
                        "-98.15",
                        "21.82"
                    ],
                    [
                        "-98.25",
                        "21.86"
                    ],
                    [
                        "-98.54",
                        "21.98"
                    ],
                    [
                        "-98.94",
                        "22.01"
                    ],
                    [
                        "-99.33",
                        "21.84"
                    ],
                    [
                        "-99.33",
                        "21.83"
                    ],
                    [
                        "-99.66",
                        "21.46"
                    ],
                    [
                        "-99.70",
                        "21.39"
                    ],
                    [
                        "-99.93",
                        "21.09"
                    ],
                    [
                        "-100.03",
                        "20.72"
                    ],
                    [
                        "-99.97",
                        "20.35"
                    ],
                    [
                        "-99.83",
                        "19.99"
                    ],
                    [
                        "-99.69",
                        "19.64"
                    ]
                ]
            },
            "properties": {
                "forecastId": null,
                "geometryId": null,
                "tag": "1C",
                "forecastHour": 0,
                "hazard": "FZLVL",
                "frequency": null,
                "severity": null,
                "status": "NRML",
                "base": null,
                "top": null,
                "fzlBase": null,
                "fzlTop": null,
                "level": "160",
                "product": "ZULU",
                "rawAirSigmet": null,
                "validTimeTo": "2026-08-02T03:00:00.000",
                "validTimeFrom": [
                    "2026-08-02T02:45"
                ]
            }
        },
        {
            "type": "Feature",
            "geometry": {
                "type": "Polygon",
                "coordinates": [
                    [
                        [
                            "-97.04",
                            "32.77"
                        ],
                        [
                            "-96.10",
                            "31.73"
                        ],
                        [
                            "-94.48",
                            "31.44"
                        ],
                        [
                            "-93.53",
                            "30.31"
                        ],
                        [
                            "-93.21",
                            "29.51"
                        ],
                        [
                            "-93.82",
                            "29.03"
                        ],
                        [
                            "-94.65",
                            "28.85"
                        ],
                        [
                            "-96.35",
                            "28.92"
                        ],
                        [
                            "-97.47",
                            "29.06"
                        ],
                        [
                            "-98.84",
                            "29.07"
                        ],
                        [
                            "-100.18",
                            "28.30"
                        ],
                        [
                            "-100.74",
                            "29.24"
                        ],
                        [
                            "-100.42",
                            "30.98"
                        ],
                        [
                            "-98.63",
                            "31.35"
                        ],
                        [
                            "-98.46",
                            "32.66"
                        ],
                        [
                            "-97.04",
                            "32.77"
                        ]
                    ]
                ]
            },
            "properties": {
                "forecastId": null,
                "geometryId": null,
                "tag": "5C",
                "forecastHour": 0,
                "hazard": "ICE",
                "frequency": null,
                "severity": "MOD",
                "status": "NRML",
                "base": "160",
                "top": "270",
                "fzlBase": null,
                "fzlTop": null,
                "level": null,
                "product": "ZULU",
                "rawAirSigmet": "ICE",
                "validTimeTo": "2026-08-02T03:00:00.000",
                "validTimeFrom": [
                    "2026-08-02T02:45"
                ]
            }
        },
        {
            "type": "Feature",
            "geometry": {
                "type": "Polygon",
                "coordinates": [
                    [
                        [
                            "-117.16",
                            "48.10"
                        ],
                        [
                            "-115.83",
                            "46.67"
                        ],
                        [
                            "-116.72",
                            "45.92"
                        ],
                        [
                            "-119.25",
                            "45.51"
                        ],
                        [
                            "-120.43",
                            "46.80"
                        ],
                        [
                            "-119.72",
                            "47.74"
                        ],
                        [
                            "-117.16",
                            "48.10"
                        ]
                    ]
                ]
            },
            "properties": {
                "forecastId": null,
                "geometryId": null,
                "tag": "3W",
                "forecastHour": 0,
                "hazard": "SFC_WND",
                "frequency": null,
                "severity": null,
                "status": "NRML",
                "base": null,
                "top": null,
                "fzlBase": null,
                "fzlTop": null,
                "level": null,
                "product": "TANGO",
                "rawAirSigmet": "USTAINED SFC WINDS GREATER THAN 30 KTS",
                "validTimeTo": "2026-08-02T03:00:00.000",
                "validTimeFrom": [
                    "2026-08-02T02:52"
                ]
            }
        },
        {
            "type": "Feature",
            "geometry": {
                "type": "Polygon",
                "coordinates": [
                    [
                        [
                            "-120.54",
                            "48.96"
                        ],
                        [
                            "-120.50",
                            "48.78"
                        ],
                        [
                            "-120.83",
                            "47.84"
                        ],
                        [
                            "-121.43",
                            "47.03"
                        ],
                        [
                            "-121.54",
                            "46.27"
                        ],
                        [
                            "-121.57",
                            "45.57"
                        ],
                        [
                            "-121.58",
                            "45.07"
                        ],
                        [
                            "-121.86",
                            "44.08"
                        ],
                        [
                            "-122.39",
                            "43.27"
                        ],
                        [
                            "-122.77",
                            "43.12"
                        ],
                        [
                            "-123.11",
                            "43.47"
                        ],
                        [
                            "-122.80",
                            "44.21"
                        ],
                        [
                            "-122.71",
                            "44.91"
                        ],
                        [
                            "-122.67",
                            "45.83"
                        ],
                        [
                            "-122.85",
                            "46.29"
                        ],
                        [
                            "-122.67",
                            "46.91"
                        ],
                        [
                            "-122.25",
                            "47.46"
                        ],
                        [
                            "-122.58",
                            "47.74"
                        ],
                        [
                            "-122.77",
                            "47.99"
                        ],
                        [
                            "-122.12",
                            "48.56"
                        ],
                        [
                            "-122.54",
                            "48.95"
                        ],
                        [
                            "-120.54",
                            "48.96"
                        ]
                    ]
                ]
            },
            "properties": {
                "forecastId": null,
                "geometryId": null,
                "tag": "1E",
                "forecastHour": 0,
                "hazard": "MT_OBSC",
                "frequency": null,
                "severity": null,
                "status": "NRML",
                "base": null,
                "top": null,
                "fzlBase": null,
                "fzlTop": null,
                "level": null,
                "product": "SIERRA",
                "rawAirSigmet": "MTNS OBSC BY CLDS BR",
                "validTimeTo": "2026-08-02T03:00:00.000",
                "validTimeFrom": [
                    "2026-08-02T02:45"
                ]
            }
        },
        {
            "type": "Feature",
            "geometry": {
                "type": "Polygon",
                "coordinates": [
                    [
                        [
                            "-78.63",
                            "39.95"
                        ],
                        [
                            "-77.51",
                            "39.56"
                        ],
                        [
                            "-79.96",
                            "36.58"
                        ],
                        [
                            "-80.88",
                            "35.23"
                        ],
                        [
                            "-84.41",
                            "33.56"
                        ],
                        [
                            "-85.11",
                            "34.96"
                        ],
                        [
                            "-85.10",
                            "36.71"
                        ],
                        [
                            "-83.61",
                            "37.74"
                        ],
                        [
                            "-82.35",
                            "38.60"
                        ],
                        [
                            "-81.93",
                            "37.94"
                        ],
                        [
                            "-81.25",
                            "37.75"
                        ],
                        [
                            "-80.02",
                            "38.72"
                        ],
                        [
                            "-79.04",
                            "39.41"
                        ],
                        [
                            "-78.63",
                            "39.95"
                        ]
                    ]
                ]
            },
            "properties": {
                "forecastId": null,
                "geometryId": null,
                "tag": "4E",
                "forecastHour": 0,
                "hazard": "MT_OBSC",
                "frequency": null,
                "severity": null,
                "status": "NRML",
                "base": null,
                "top": null,
                "fzlBase": null,
                "fzlTop": null,
                "level": null,
                "product": "SIERRA",
                "rawAirSigmet": "MTNS OBSC BY CLDS PCPN BR",
                "validTimeTo": "2026-08-02T03:00:00.000",
                "validTimeFrom": [
                    "2026-08-02T02:45"
                ]
            }
        },
        {
            "type": "Feature",
            "geometry": {
                "type": "Polygon",
                "coordinates": [
                    [
                        [
                            "-120.35",
                            "49.00"
                        ],
                        [
                            "-120.60",
                            "48.34"
                        ],
                        [
                            "-121.00",
                            "47.46"
                        ],
                        [
                            "-122.08",
                            "47.82"
                        ],
                        [
                            "-123.62",
                            "47.52"
                        ],
                        [
                            "-123.09",
                            "48.92"
                        ],
                        [
                            "-120.35",
                            "49.00"
                        ]
                    ]
                ]
            },
            "properties": {
                "forecastId": null,
                "geometryId": null,
                "tag": "4C",
                "forecastHour": 0,
                "hazard": "ICE",
                "frequency": null,
                "severity": "MOD",
                "status": "NRML",
                "base": "070",
                "top": "120",
                "fzlBase": null,
                "fzlTop": null,
                "level": null,
                "product": "ZULU",
                "rawAirSigmet": "ICE",
                "validTimeTo": "2026-08-02T03:00:00.000",
                "validTimeFrom": [
                    "2026-08-02T02:45"
                ]
            }
        },
        {
            "type": "Feature",
            "geometry": {
                "type": "Polygon",
                "coordinates": [
                    [
                        [
                            "-86.54",
                            "42.64"
                        ],
                        [
                            "-84.72",
                            "42.30"
                        ],
                        [
                            "-85.14",
                            "40.69"
                        ],
                        [
                            "-86.36",
                            "40.81"
                        ],
                        [
                            "-89.84",
                            "38.86"
                        ],
                        [
                            "-91.30",
                            "38.10"
                        ],
                        [
                            "-92.49",
                            "38.97"
                        ],
                        [
                            "-89.75",
                            "41.55"
                        ],
                        [
                            "-86.54",
                            "42.64"
                        ]
                    ]
                ]
            },
            "properties": {
                "forecastId": null,
                "geometryId": null,
                "tag": "1W",
                "forecastHour": 0,
                "hazard": "TURB-LO",
                "frequency": null,
                "severity": "MOD",
                "status": "NRML",
                "base": "SFC",
                "top": "090",
                "fzlBase": null,
                "fzlTop": null,
                "level": null,
                "product": "TANGO",
                "rawAirSigmet": null,
                "validTimeTo": "2026-08-02T03:00:00.000",
                "validTimeFrom": [
                    "2026-08-02T02:52"
                ]
            }
        },
        {
            "type": "Feature",
            "geometry": {
                "type": "Polygon",
                "coordinates": [
                    [
                        [
                            "-116.26",
                            "26.25"
                        ],
                        [
                            "-116.27",
                            "26.24"
                        ],
                        [
                            "-116.61",
                            "25.87"
                        ],
                        [
                            "-116.64",
                            "25.83"
                        ],
                        [
                            "-116.54",
                            "25.47"
                        ],
                        [
                            "-116.54",
                            "25.47"
                        ],
                        [
                            "-116.11",
                            "25.31"
                        ],
                        [
                            "-115.70",
                            "25.34"
                        ],
                        [
                            "-115.31",
                            "25.46"
                        ],
                        [
                            "-114.94",
                            "25.66"
                        ],
                        [
                            "-114.90",
                            "25.70"
                        ],
                        [
                            "-114.71",
                            "26.09"
                        ],
                        [
                            "-114.93",
                            "26.43"
                        ],
                        [
                            "-115.07",
                            "26.49"
                        ],
                        [
                            "-115.49",
                            "26.50"
                        ],
                        [
                            "-115.88",
                            "26.40"
                        ],
                        [
                            "-116.26",
                            "26.25"
                        ]
                    ]
                ]
            },
            "properties": {
                "forecastId": null,
                "geometryId": null,
                "tag": "1C",
                "forecastHour": 0,
                "hazard": "FZLVL",
                "frequency": null,
                "severity": null,
                "status": "NRML",
                "base": null,
                "top": null,
                "fzlBase": null,
                "fzlTop": null,
                "level": "160",
                "product": "ZULU",
                "rawAirSigmet": null,
                "validTimeTo": "2026-08-02T03:00:00.000",
                "validTimeFrom": [
                    "2026-08-02T02:45"
                ]
            }
        },
        {
            "type": "Feature",
            "geometry": {
                "type": "Polygon",
                "coordinates": [
                    [
                        [
                            "-114.09",
                            "48.98"
                        ],
                        [
                            "-111.99",
                            "48.98"
                        ],
                        [
                            "-111.32",
                            "47.37"
                        ],
                        [
                            "-113.11",
                            "47.36"
                        ],
                        [
                            "-114.09",
                            "48.98"
                        ]
                    ]
                ]
            },
            "properties": {
                "forecastId": null,
                "geometryId": null,
                "tag": "1W",
                "forecastHour": 0,
                "hazard": "LLWS",
                "frequency": null,
                "severity": null,
                "status": "NRML",
                "base": null,
                "top": null,
                "fzlBase": null,
                "fzlTop": null,
                "level": null,
                "product": "TANGO",
                "rawAirSigmet": "AIR SPEED LOSS OR GAIN OF 20KTS OR MORE BELOW 2000 FT AGL",
                "validTimeTo": "2026-08-02T03:00:00.000",
                "validTimeFrom": [
                    "2026-08-02T02:52"
                ]
            }
        },
        {
            "type": "Feature",
            "geometry": {
                "type": "Polygon",
                "coordinates": [
                    [
                        [
                            "-102.22",
                            "21.35"
                        ],
                        [
                            "-102.29",
                            "20.99"
                        ],
                        [
                            "-102.17",
                            "20.63"
                        ],
                        [
                            "-102.00",
                            "20.44"
                        ],
                        [
                            "-101.60",
                            "20.30"
                        ],
                        [
                            "-101.22",
                            "20.47"
                        ],
                        [
                            "-101.06",
                            "20.68"
                        ],
                        [
                            "-101.18",
                            "21.04"
                        ],
                        [
                            "-101.25",
                            "21.09"
                        ],
                        [
                            "-101.66",
                            "21.38"
                        ],
                        [
                            "-101.66",
                            "21.38"
                        ],
                        [
                            "-102.06",
                            "21.49"
                        ],
                        [
                            "-102.22",
                            "21.35"
                        ]
                    ]
                ]
            },
            "properties": {
                "forecastId": null,
                "geometryId": null,
                "tag": "1C",
                "forecastHour": 0,
                "hazard": "FZLVL",
                "frequency": null,
                "severity": null,
                "status": "NRML",
                "base": null,
                "top": null,
                "fzlBase": null,
                "fzlTop": null,
                "level": "160",
                "product": "ZULU",
                "rawAirSigmet": null,
                "validTimeTo": "2026-08-02T03:00:00.000",
                "validTimeFrom": [
                    "2026-08-02T02:45"
                ]
            }
        },
        {
            "type": "Feature",
            "geometry": {
                "type": "LineString",
                "coordinates": [
                    [
                        "-80.50",
                        "57.96"
                    ],
                    [
                        "-80.40",
                        "57.65"
                    ],
                    [
                        "-80.37",
                        "57.58"
                    ],
                    [
                        "-80.00",
                        "57.32"
                    ],
                    [
                        "-79.88",
                        "57.22"
                    ],
                    [
                        "-79.67",
                        "57.30"
                    ],
                    [
                        "-79.53",
                        "57.60"
                    ],
                    [
                        "-79.44",
                        "57.89"
                    ]
                ]
            },
            "properties": {
                "forecastId": null,
                "geometryId": null,
                "tag": "1C",
                "forecastHour": 0,
                "hazard": "FZLVL",
                "frequency": null,
                "severity": null,
                "status": "NRML",
                "base": null,
                "top": null,
                "fzlBase": null,
                "fzlTop": null,
                "level": "080",
                "product": "ZULU",
                "rawAirSigmet": null,
                "validTimeTo": "2026-08-02T03:00:00.000",
                "validTimeFrom": [
                    "2026-08-02T02:45"
                ]
            }
        },
        {
            "type": "Feature",
            "geometry": {
                "type": "Polygon",
                "coordinates": [
                    [
                        [
                            "-116.65",
                            "48.99"
                        ],
                        [
                            "-113.27",
                            "48.97"
                        ],
                        [
                            "-111.12",
                            "48.98"
                        ],
                        [
                            "-106.95",
                            "44.79"
                        ],
                        [
                            "-109.41",
                            "43.18"
                        ],
                        [
                            "-112.43",
                            "43.63"
                        ],
                        [
                            "-114.70",
                            "45.83"
                        ],
                        [
                            "-116.79",
                            "46.63"
                        ],
                        [
                            "-116.65",
                            "48.99"
                        ]
                    ]
                ]
            },
            "properties": {
                "forecastId": null,
                "geometryId": null,
                "tag": "4W",
                "forecastHour": 0,
                "hazard": "TURB-LO",
                "frequency": null,
                "severity": "MOD",
                "status": "NRML",
                "base": "SFC",
                "top": "200",
                "fzlBase": null,
                "fzlTop": null,
                "level": null,
                "product": "TANGO",
                "rawAirSigmet": "MTN WAVE",
                "validTimeTo": "2026-08-02T03:00:00.000",
                "validTimeFrom": [
                    "2026-08-02T02:52"
                ]
            }
        },
        {
            "type": "Feature",
            "geometry": {
                "type": "Polygon",
                "coordinates": [
                    [
                        [
                            "-88.31",
                            "48.33"
                        ],
                        [
                            "-84.82",
                            "46.83"
                        ],
                        [
                            "-85.97",
                            "44.99"
                        ],
                        [
                            "-88.37",
                            "44.59"
                        ],
                        [
                            "-90.01",
                            "46.06"
                        ],
                        [
                            "-88.31",
                            "48.33"
                        ]
                    ]
                ]
            },
            "properties": {
                "forecastId": null,
                "geometryId": null,
                "tag": "1W",
                "forecastHour": 0,
                "hazard": "TURB-HI",
                "frequency": null,
                "severity": "MOD",
                "status": "NRML",
                "base": "320",
                "top": "380",
                "fzlBase": null,
                "fzlTop": null,
                "level": null,
                "product": "TANGO",
                "rawAirSigmet": null,
                "validTimeTo": "2026-08-02T03:00:00.000",
                "validTimeFrom": [
                    "2026-08-02T02:52"
                ]
            }
        },
        {
            "type": "Feature",
            "geometry": {
                "type": "LineString",
                "coordinates": [
                    [
                        "-133.20",
                        "39.93"
                    ],
                    [
                        "-130.67",
                        "40.81"
                    ],
                    [
                        "-128.04",
                        "41.61"
                    ],
                    [
                        "-119.74",
                        "44.42"
                    ],
                    [
                        "-118.48",
                        "44.70"
                    ],
                    [
                        "-117.02",
                        "44.85"
                    ],
                    [
                        "-115.49",
                        "45.47"
                    ],
                    [
                        "-113.86",
                        "46.39"
                    ],
                    [
                        "-112.19",
                        "47.50"
                    ],
                    [
                        "-111.40",
                        "47.90"
                    ],
                    [
                        "-110.18",
                        "48.19"
                    ],
                    [
                        "-107.70",
                        "48.62"
                    ],
                    [
                        "-105.64",
                        "47.98"
                    ],
                    [
                        "-103.96",
                        "47.70"
                    ],
                    [
                        "-102.04",
                        "47.26"
                    ],
                    [
                        "-100.84",
                        "47.23"
                    ],
                    [
                        "-100.13",
                        "46.70"
                    ],
                    [
                        "-99.51",
                        "44.96"
                    ],
                    [
                        "-99.28",
                        "44.14"
                    ],
                    [
                        "-98.74",
                        "43.44"
                    ],
                    [
                        "-97.36",
                        "42.51"
                    ],
                    [
                        "-97.00",
                        "41.62"
                    ],
                    [
                        "-97.15",
                        "40.64"
                    ],
                    [
                        "-97.91",
                        "37.19"
                    ],
                    [
                        "-97.43",
                        "36.54"
                    ],
                    [
                        "-96.85",
                        "36.33"
                    ],
                    [
                        "-96.40",
                        "35.48"
                    ],
                    [
                        "-96.70",
                        "34.61"
                    ],
                    [
                        "-97.36",
                        "34.65"
                    ],
                    [
                        "-98.34",
                        "35.10"
                    ],
                    [
                        "-99.34",
                        "35.51"
                    ],
                    [
                        "-100.74",
                        "35.60"
                    ],
                    [
                        "-101.98",
                        "35.45"
                    ],
                    [
                        "-102.82",
                        "35.00"
                    ],
                    [
                        "-102.68",
                        "34.42"
                    ],
                    [
                        "-102.17",
                        "34.14"
                    ],
                    [
                        "-101.52",
                        "33.77"
                    ],
                    [
                        "-101.01",
                        "33.09"
                    ],
                    [
                        "-100.99",
                        "32.22"
                    ],
                    [
                        "-101.26",
                        "31.59"
                    ],
                    [
                        "-101.16",
                        "30.60"
                    ],
                    [
                        "-100.88",
                        "29.82"
                    ],
                    [
                        "-100.44",
                        "29.47"
                    ],
                    [
                        "-98.18",
                        "29.34"
                    ],
                    [
                        "-97.31",
                        "29.13"
                    ],
                    [
                        "-96.02",
                        "29.10"
                    ],
                    [
                        "-93.75",
                        "29.49"
                    ],
                    [
                        "-92.22",
                        "29.38"
                    ],
                    [
                        "-90.95",
                        "29.32"
                    ],
                    [
                        "-90.18",
                        "29.73"
                    ],
                    [
                        "-89.77",
                        "30.54"
                    ],
                    [
                        "-90.19",
                        "31.13"
                    ],
                    [
                        "-92.30",
                        "31.01"
                    ],
                    [
                        "-93.65",
                        "30.59"
                    ],
                    [
                        "-95.05",
                        "31.16"
                    ],
                    [
                        "-95.20",
                        "32.28"
                    ],
                    [
                        "-94.98",
                        "33.17"
                    ],
                    [
                        "-94.02",
                        "34.64"
                    ],
                    [
                        "-93.75",
                        "35.47"
                    ],
                    [
                        "-93.29",
                        "35.81"
                    ],
                    [
                        "-90.87",
                        "35.94"
                    ],
                    [
                        "-88.99",
                        "36.52"
                    ],
                    [
                        "-88.38",
                        "37.23"
                    ],
                    [
                        "-88.07",
                        "38.03"
                    ],
                    [
                        "-87.07",
                        "38.28"
                    ],
                    [
                        "-86.04",
                        "38.25"
                    ],
                    [
                        "-85.25",
                        "38.30"
                    ],
                    [
                        "-84.52",
                        "38.03"
                    ],
                    [
                        "-83.58",
                        "36.57"
                    ],
                    [
                        "-83.02",
                        "36.00"
                    ],
                    [
                        "-82.11",
                        "36.22"
                    ],
                    [
                        "-81.70",
                        "35.83"
                    ],
                    [
                        "-82.17",
                        "35.09"
                    ],
                    [
                        "-82.56",
                        "34.21"
                    ],
                    [
                        "-82.58",
                        "33.16"
                    ],
                    [
                        "-81.97",
                        "33.03"
                    ],
                    [
                        "-81.09",
                        "33.32"
                    ],
                    [
                        "-80.64",
                        "33.70"
                    ],
                    [
                        "-80.29",
                        "34.64"
                    ],
                    [
                        "-79.37",
                        "35.68"
                    ],
                    [
                        "-78.12",
                        "36.77"
                    ],
                    [
                        "-77.46",
                        "37.32"
                    ],
                    [
                        "-76.53",
                        "37.24"
                    ],
                    [
                        "-75.78",
                        "36.71"
                    ],
                    [
                        "-75.39",
                        "36.01"
                    ],
                    [
                        "-74.77",
                        "34.48"
                    ],
                    [
                        "-75.01",
                        "33.45"
                    ],
                    [
                        "-75.48",
                        "33.04"
                    ],
                    [
                        "-77.23",
                        "30.14"
                    ],
                    [
                        "-78.24",
                        "28.92"
                    ],
                    [
                        "-78.73",
                        "28.68"
                    ],
                    [
                        "-79.71",
                        "28.78"
                    ],
                    [
                        "-81.34",
                        "28.84"
                    ],
                    [
                        "-82.29",
                        "30.51"
                    ],
                    [
                        "-83.24",
                        "31.61"
                    ],
                    [
                        "-83.79",
                        "32.22"
                    ],
                    [
                        "-84.77",
                        "32.19"
                    ],
                    [
                        "-85.36",
                        "31.48"
                    ],
                    [
                        "-85.56",
                        "30.49"
                    ],
                    [
                        "-85.68",
                        "29.34"
                    ],
                    [
                        "-84.84",
                        "28.20"
                    ],
                    [
                        "-84.28",
                        "26.86"
                    ],
                    [
                        "-84.35",
                        "25.74"
                    ],
                    [
                        "-84.70",
                        "25.00"
                    ],
                    [
                        "-86.19",
                        "24.12"
                    ],
                    [
                        "-87.68",
                        "23.85"
                    ],
                    [
                        "-88.74",
                        "23.61"
                    ],
                    [
                        "-89.41",
                        "23.24"
                    ],
                    [
                        "-90.86",
                        "22.30"
                    ],
                    [
                        "-92.58",
                        "21.70"
                    ],
                    [
                        "-92.89",
                        "20.97"
                    ],
                    [
                        "-92.36",
                        "20.59"
                    ],
                    [
                        "-90.23",
                        "20.69"
                    ],
                    [
                        "-89.45",
                        "20.89"
                    ],
                    [
                        "-88.38",
                        "20.65"
                    ],
                    [
                        "-87.52",
                        "20.26"
                    ],
                    [
                        "-87.20",
                        "19.50"
                    ]
                ]
            },
            "properties": {
                "forecastId": null,
                "geometryId": null,
                "tag": "1C",
                "forecastHour": 0,
                "hazard": "FZLVL",
                "frequency": null,
                "severity": null,
                "status": "NRML",
                "base": null,
                "top": null,
                "fzlBase": null,
                "fzlTop": null,
                "level": "160",
                "product": "ZULU",
                "rawAirSigmet": null,
                "validTimeTo": "2026-08-02T03:00:00.000",
                "validTimeFrom": [
                    "2026-08-02T02:45"
                ]
            }
        },
        {
            "type": "Feature",
            "geometry": {
                "type": "Polygon",
                "coordinates": [
                    [
                        [
                            "-68.60",
                            "44.66"
                        ],
                        [
                            "-68.14",
                            "44.53"
                        ],
                        [
                            "-66.83",
                            "44.63"
                        ],
                        [
                            "-67.03",
                            "42.97"
                        ],
                        [
                            "-67.08",
                            "41.06"
                        ],
                        [
                            "-68.06",
                            "40.72"
                        ],
                        [
                            "-68.28",
                            "40.64"
                        ],
                        [
                            "-68.65",
                            "40.83"
                        ],
                        [
                            "-68.80",
                            "41.09"
                        ],
                        [
                            "-69.57",
                            "41.25"
                        ],
                        [
                            "-70.27",
                            "41.34"
                        ],
                        [
                            "-70.47",
                            "41.30"
                        ],
                        [
                            "-70.52",
                            "40.90"
                        ],
                        [
                            "-70.83",
                            "40.78"
                        ],
                        [
                            "-71.63",
                            "40.69"
                        ],
                        [
                            "-72.41",
                            "40.75"
                        ],
                        [
                            "-72.28",
                            "41.17"
                        ],
                        [
                            "-72.20",
                            "41.47"
                        ],
                        [
                            "-71.62",
                            "41.80"
                        ],
                        [
                            "-70.24",
                            "41.83"
                        ],
                        [
                            "-69.26",
                            "42.46"
                        ],
                        [
                            "-69.30",
                            "42.87"
                        ],
                        [
                            "-69.88",
                            "43.11"
                        ],
                        [
                            "-70.34",
                            "43.50"
                        ],
                        [
                            "-70.41",
                            "43.84"
                        ],
                        [
                            "-69.25",
                            "44.22"
                        ],
                        [
                            "-69.08",
                            "44.43"
                        ],
                        [
                            "-68.60",
                            "44.66"
                        ]
                    ]
                ]
            },
            "properties": {
                "forecastId": null,
                "geometryId": null,
                "tag": "5E",
                "forecastHour": 0,
                "hazard": "IFR",
                "frequency": null,
                "severity": null,
                "status": "NRML",
                "base": null,
                "top": null,
                "fzlBase": null,
                "fzlTop": null,
                "level": null,
                "product": "SIERRA",
                "rawAirSigmet": "CIG BLW 010 VIS BLW 3SM BR FG",
                "validTimeTo": "2026-08-02T03:00:00.000",
                "validTimeFrom": [
                    "2026-08-02T02:45"
                ]
            }
        },
        {
            "type": "Feature",
            "geometry": {
                "type": "LineString",
                "coordinates": [
                    [
                        "-137.03",
                        "48.88"
                    ],
                    [
                        "-136.37",
                        "48.61"
                    ],
                    [
                        "-135.13",
                        "47.98"
                    ],
                    [
                        "-134.56",
                        "47.86"
                    ],
                    [
                        "-133.52",
                        "48.10"
                    ],
                    [
                        "-131.65",
                        "48.57"
                    ],
                    [
                        "-129.61",
                        "48.72"
                    ],
                    [
                        "-128.26",
                        "48.54"
                    ],
                    [
                        "-127.15",
                        "48.04"
                    ],
                    [
                        "-125.64",
                        "47.68"
                    ],
                    [
                        "-124.10",
                        "47.72"
                    ],
                    [
                        "-122.13",
                        "47.88"
                    ],
                    [
                        "-121.09",
                        "48.58"
                    ],
                    [
                        "-120.46",
                        "49.33"
                    ],
                    [
                        "-120.29",
                        "49.96"
                    ],
                    [
                        "-120.88",
                        "50.60"
                    ],
                    [
                        "-121.78",
                        "51.16"
                    ],
                    [
                        "-122.13",
                        "51.72"
                    ],
                    [
                        "-121.83",
                        "52.15"
                    ],
                    [
                        "-120.51",
                        "52.80"
                    ],
                    [
                        "-120.79",
                        "53.72"
                    ],
                    [
                        "-122.08",
                        "54.34"
                    ],
                    [
                        "-123.75",
                        "54.51"
                    ],
                    [
                        "-126.27",
                        "55.46"
                    ],
                    [
                        "-129.09",
                        "56.02"
                    ]
                ]
            },
            "properties": {
                "forecastId": null,
                "geometryId": null,
                "tag": "1C",
                "forecastHour": 0,
                "hazard": "FZLVL",
                "frequency": null,
                "severity": null,
                "status": "NRML",
                "base": null,
                "top": null,
                "fzlBase": null,
                "fzlTop": null,
                "level": "080",
                "product": "ZULU",
                "rawAirSigmet": null,
                "validTimeTo": "2026-08-02T03:00:00.000",
                "validTimeFrom": [
                    "2026-08-02T02:45"
                ]
            }
        },
        {
            "type": "Feature",
            "geometry": {
                "type": "Polygon",
                "coordinates": [
                    [
                        [
                            "-120.99",
                            "49.03"
                        ],
                        [
                            "-118.94",
                            "49.01"
                        ],
                        [
                            "-116.66",
                            "49.01"
                        ],
                        [
                            "-116.77",
                            "46.63"
                        ],
                        [
                            "-114.70",
                            "45.82"
                        ],
                        [
                            "-120.69",
                            "43.77"
                        ],
                        [
                            "-121.90",
                            "43.97"
                        ],
                        [
                            "-121.91",
                            "46.77"
                        ],
                        [
                            "-120.99",
                            "49.03"
                        ]
                    ]
                ]
            },
            "properties": {
                "forecastId": null,
                "geometryId": null,
                "tag": "4W",
                "forecastHour": 0,
                "hazard": "TURB-LO",
                "frequency": null,
                "severity": "MOD",
                "status": "NRML",
                "base": "SFC",
                "top": "120",
                "fzlBase": null,
                "fzlTop": null,
                "level": null,
                "product": "TANGO",
                "rawAirSigmet": "MTN WAVE",
                "validTimeTo": "2026-08-02T03:00:00.000",
                "validTimeFrom": [
                    "2026-08-02T02:52"
                ]
            }
        },
        {
            "type": "Feature",
            "geometry": {
                "type": "LineString",
                "coordinates": [
                    [
                        "-101.84",
                        "58.27"
                    ],
                    [
                        "-99.84",
                        "57.52"
                    ],
                    [
                        "-98.26",
                        "56.53"
                    ],
                    [
                        "-96.56",
                        "55.36"
                    ],
                    [
                        "-95.01",
                        "54.08"
                    ],
                    [
                        "-93.80",
                        "52.91"
                    ],
                    [
                        "-92.39",
                        "51.78"
                    ],
                    [
                        "-89.43",
                        "49.21"
                    ],
                    [
                        "-87.17",
                        "48.72"
                    ],
                    [
                        "-85.54",
                        "48.38"
                    ],
                    [
                        "-85.01",
                        "47.97"
                    ],
                    [
                        "-83.77",
                        "47.54"
                    ],
                    [
                        "-82.75",
                        "47.58"
                    ],
                    [
                        "-81.51",
                        "47.78"
                    ],
                    [
                        "-81.07",
                        "48.76"
                    ],
                    [
                        "-78.95",
                        "49.42"
                    ],
                    [
                        "-77.01",
                        "50.31"
                    ],
                    [
                        "-75.14",
                        "51.22"
                    ],
                    [
                        "-73.01",
                        "51.73"
                    ],
                    [
                        "-71.10",
                        "51.81"
                    ],
                    [
                        "-69.64",
                        "51.43"
                    ],
                    [
                        "-68.32",
                        "51.73"
                    ],
                    [
                        "-67.68",
                        "52.42"
                    ],
                    [
                        "-66.54",
                        "52.70"
                    ],
                    [
                        "-65.46",
                        "52.42"
                    ],
                    [
                        "-64.45",
                        "51.96"
                    ],
                    [
                        "-63.62",
                        "52.20"
                    ],
                    [
                        "-60.08",
                        "54.54"
                    ],
                    [
                        "-59.98",
                        "54.60"
                    ]
                ]
            },
            "properties": {
                "forecastId": null,
                "geometryId": null,
                "tag": "1C",
                "forecastHour": 0,
                "hazard": "FZLVL",
                "frequency": null,
                "severity": null,
                "status": "NRML",
                "base": null,
                "top": null,
                "fzlBase": null,
                "fzlTop": null,
                "level": "120",
                "product": "ZULU",
                "rawAirSigmet": null,
                "validTimeTo": "2026-08-02T03:00:00.000",
                "validTimeFrom": [
                    "2026-08-02T02:45"
                ]
            }
        },
        {
            "type": "Feature",
            "geometry": {
                "type": "Polygon",
                "coordinates": [
                    [
                        [
                            "-71.12",
                            "45.20"
                        ],
                        [
                            "-71.33",
                            "42.79"
                        ],
                        [
                            "-73.03",
                            "40.70"
                        ],
                        [
                            "-74.15",
                            "39.99"
                        ],
                        [
                            "-74.14",
                            "38.62"
                        ],
                        [
                            "-75.41",
                            "38.49"
                        ],
                        [
                            "-76.65",
                            "37.21"
                        ],
                        [
                            "-79.02",
                            "36.30"
                        ],
                        [
                            "-80.09",
                            "37.11"
                        ],
                        [
                            "-78.94",
                            "38.69"
                        ],
                        [
                            "-78.75",
                            "40.18"
                        ],
                        [
                            "-79.24",
                            "40.82"
                        ],
                        [
                            "-78.66",
                            "42.28"
                        ],
                        [
                            "-78.85",
                            "43.61"
                        ],
                        [
                            "-77.02",
                            "43.73"
                        ],
                        [
                            "-75.14",
                            "44.87"
                        ],
                        [
                            "-71.12",
                            "45.20"
                        ]
                    ]
                ]
            },
            "properties": {
                "forecastId": null,
                "geometryId": null,
                "tag": "3C",
                "forecastHour": 0,
                "hazard": "ICE",
                "frequency": null,
                "severity": "MOD",
                "status": "NRML",
                "base": "140",
                "top": "270",
                "fzlBase": null,
                "fzlTop": null,
                "level": null,
                "product": "ZULU",
                "rawAirSigmet": "ICE",
                "validTimeTo": "2026-08-02T03:00:00.000",
                "validTimeFrom": [
                    "2026-08-02T02:45"
                ]
            }
        },
        {
            "type": "Feature",
            "geometry": {
                "type": "LineString",
                "coordinates": [
                    [
                        "-134.22",
                        "54.57"
                    ],
                    [
                        "-134.34",
                        "54.42"
                    ],
                    [
                        "-134.53",
                        "54.19"
                    ],
                    [
                        "-134.69",
                        "54.00"
                    ],
                    [
                        "-134.91",
                        "53.79"
                    ],
                    [
                        "-135.08",
                        "53.67"
                    ],
                    [
                        "-135.50",
                        "53.42"
                    ],
                    [
                        "-135.64",
                        "53.32"
                    ],
                    [
                        "-135.93",
                        "53.17"
                    ],
                    [
                        "-136.32",
                        "52.86"
                    ],
                    [
                        "-136.32",
                        "52.86"
                    ],
                    [
                        "-136.64",
                        "52.47"
                    ],
                    [
                        "-136.66",
                        "52.44"
                    ],
                    [
                        "-136.75",
                        "52.11"
                    ],
                    [
                        "-136.71",
                        "51.78"
                    ],
                    [
                        "-136.61",
                        "51.46"
                    ],
                    [
                        "-136.52",
                        "51.14"
                    ],
                    [
                        "-136.52",
                        "51.10"
                    ],
                    [
                        "-136.58",
                        "50.78"
                    ],
                    [
                        "-136.79",
                        "50.55"
                    ],
                    [
                        "-137.08",
                        "50.34"
                    ],
                    [
                        "-137.18",
                        "50.27"
                    ],
                    [
                        "-137.62",
                        "50.07"
                    ]
                ]
            },
            "properties": {
                "forecastId": null,
                "geometryId": null,
                "tag": "1C",
                "forecastHour": 0,
                "hazard": "FZLVL",
                "frequency": null,
                "severity": null,
                "status": "NRML",
                "base": null,
                "top": null,
                "fzlBase": null,
                "fzlTop": null,
                "level": "080",
                "product": "ZULU",
                "rawAirSigmet": null,
                "validTimeTo": "2026-08-02T03:00:00.000",
                "validTimeFrom": [
                    "2026-08-02T02:45"
                ]
            }
        },
        {
            "type": "Feature",
            "geometry": {
                "type": "Polygon",
                "coordinates": [
                    [
                        [
                            "-123.19",
                            "48.73"
                        ],
                        [
                            "-123.09",
                            "47.97"
                        ],
                        [
                            "-123.24",
                            "47.31"
                        ],
                        [
                            "-123.62",
                            "46.44"
                        ],
                        [
                            "-124.05",
                            "46.19"
                        ],
                        [
                            "-124.17",
                            "46.94"
                        ],
                        [
                            "-124.63",
                            "48.33"
                        ],
                        [
                            "-123.19",
                            "48.73"
                        ]
                    ]
                ]
            },
            "properties": {
                "forecastId": null,
                "geometryId": null,
                "tag": "1E",
                "forecastHour": 0,
                "hazard": "MT_OBSC",
                "frequency": null,
                "severity": null,
                "status": "NRML",
                "base": null,
                "top": null,
                "fzlBase": null,
                "fzlTop": null,
                "level": null,
                "product": "SIERRA",
                "rawAirSigmet": "MTNS OBSC BY CLDS BR",
                "validTimeTo": "2026-08-02T03:00:00.000",
                "validTimeFrom": [
                    "2026-08-02T02:45"
                ]
            }
        },
        {
            "type": "Feature",
            "geometry": {
                "type": "Polygon",
                "coordinates": [
                    [
                        [
                            "-121.72",
                            "48.94"
                        ],
                        [
                            "-121.66",
                            "47.15"
                        ],
                        [
                            "-122.90",
                            "46.92"
                        ],
                        [
                            "-123.62",
                            "48.31"
                        ],
                        [
                            "-121.72",
                            "48.94"
                        ]
                    ]
                ]
            },
            "properties": {
                "forecastId": null,
                "geometryId": null,
                "tag": "5W",
                "forecastHour": 0,
                "hazard": "LLWS",
                "frequency": null,
                "severity": null,
                "status": "NRML",
                "base": null,
                "top": null,
                "fzlBase": null,
                "fzlTop": null,
                "level": null,
                "product": "TANGO",
                "rawAirSigmet": "AIR SPEED LOSS OR GAIN OF 20KTS OR MORE BELOW 2000 FT AGL",
                "validTimeTo": "2026-08-02T03:00:00.000",
                "validTimeFrom": [
                    "2026-08-02T02:52"
                ]
            }
        },
        {
            "type": "Feature",
            "geometry": {
                "type": "Polygon",
                "coordinates": [
                    [
                        [
                            "-69.31",
                            "47.51"
                        ],
                        [
                            "-68.50",
                            "45.60"
                        ],
                        [
                            "-69.40",
                            "44.85"
                        ],
                        [
                            "-69.96",
                            "45.21"
                        ],
                        [
                            "-70.75",
                            "46.10"
                        ],
                        [
                            "-69.31",
                            "47.51"
                        ]
                    ]
                ]
            },
            "properties": {
                "forecastId": null,
                "geometryId": null,
                "tag": "5E",
                "forecastHour": 0,
                "hazard": "MT_OBSC",
                "frequency": null,
                "severity": null,
                "status": "NRML",
                "base": null,
                "top": null,
                "fzlBase": null,
                "fzlTop": null,
                "level": null,
                "product": "SIERRA",
                "rawAirSigmet": "MTNS OBSC BY CLDS BR",
                "validTimeTo": "2026-08-02T03:00:00.000",
                "validTimeFrom": [
                    "2026-08-02T02:45"
                ]
            }
        },
        {
            "type": "Feature",
            "geometry": {
                "type": "Polygon",
                "coordinates": [
                    [
                        [
                            "-107.47",
                            "23.56"
                        ],
                        [
                            "-107.32",
                            "23.03"
                        ],
                        [
                            "-106.91",
                            "22.51"
                        ],
                        [
                            "-106.59",
                            "22.17"
                        ],
                        [
                            "-106.32",
                            "21.82"
                        ],
                        [
                            "-105.98",
                            "21.40"
                        ],
                        [
                            "-105.57",
                            "21.14"
                        ],
                        [
                            "-105.19",
                            "21.32"
                        ],
                        [
                            "-105.17",
                            "21.91"
                        ],
                        [
                            "-105.35",
                            "22.26"
                        ],
                        [
                            "-105.71",
                            "22.82"
                        ],
                        [
                            "-106.14",
                            "23.30"
                        ],
                        [
                            "-106.54",
                            "23.64"
                        ],
                        [
                            "-107.01",
                            "23.97"
                        ],
                        [
                            "-107.43",
                            "24.13"
                        ],
                        [
                            "-107.47",
                            "23.56"
                        ]
                    ]
                ]
            },
            "properties": {
                "forecastId": null,
                "geometryId": null,
                "tag": "1C",
                "forecastHour": 0,
                "hazard": "FZLVL",
                "frequency": null,
                "severity": null,
                "status": "NRML",
                "base": null,
                "top": null,
                "fzlBase": null,
                "fzlTop": null,
                "level": "160",
                "product": "ZULU",
                "rawAirSigmet": null,
                "validTimeTo": "2026-08-02T03:00:00.000",
                "validTimeFrom": [
                    "2026-08-02T02:45"
                ]
            }
        },
        {
            "type": "Feature",
            "geometry": {
                "type": "Polygon",
                "coordinates": [
                    [
                        [
                            "-113.28",
                            "49.06"
                        ],
                        [
                            "-111.47",
                            "47.47"
                        ],
                        [
                            "-109.80",
                            "48.49"
                        ],
                        [
                            "-108.53",
                            "46.85"
                        ],
                        [
                            "-110.36",
                            "46.43"
                        ],
                        [
                            "-110.89",
                            "46.31"
                        ],
                        [
                            "-112.16",
                            "45.58"
                        ],
                        [
                            "-113.06",
                            "45.41"
                        ],
                        [
                            "-113.67",
                            "45.17"
                        ],
                        [
                            "-113.81",
                            "44.78"
                        ],
                        [
                            "-112.95",
                            "44.78"
                        ],
                        [
                            "-112.30",
                            "44.52"
                        ],
                        [
                            "-112.30",
                            "44.13"
                        ],
                        [
                            "-113.57",
                            "43.62"
                        ],
                        [
                            "-113.60",
                            "43.33"
                        ],
                        [
                            "-114.32",
                            "42.50"
                        ],
                        [
                            "-114.97",
                            "42.24"
                        ],
                        [
                            "-115.95",
                            "42.50"
                        ],
                        [
                            "-117.09",
                            "42.06"
                        ],
                        [
                            "-117.18",
                            "43.22"
                        ],
                        [
                            "-117.71",
                            "43.29"
                        ],
                        [
                            "-118.53",
                            "43.32"
                        ],
                        [
                            "-119.74",
                            "43.51"
                        ],
                        [
                            "-120.74",
                            "44.23"
                        ],
                        [
                            "-121.63",
                            "44.40"
                        ],
                        [
                            "-121.54",
                            "45.41"
                        ],
                        [
                            "-120.34",
                            "45.82"
                        ],
                        [
                            "-119.52",
                            "46.25"
                        ],
                        [
                            "-118.75",
                            "47.06"
                        ],
                        [
                            "-118.86",
                            "47.44"
                        ],
                        [
                            "-119.47",
                            "47.35"
                        ],
                        [
                            "-120.43",
                            "47.53"
                        ],
                        [
                            "-120.82",
                            "47.80"
                        ],
                        [
                            "-120.44",
                            "48.79"
                        ],
                        [
                            "-120.11",
                            "49.00"
                        ],
                        [
                            "-117.13",
                            "48.94"
                        ],
                        [
                            "-113.28",
                            "49.06"
                        ]
                    ]
                ]
            },
            "properties": {
                "forecastId": null,
                "geometryId": null,
                "tag": "2E",
                "forecastHour": 0,
                "hazard": "MT_OBSC",
                "frequency": null,
                "severity": null,
                "status": "NRML",
                "base": null,
                "top": null,
                "fzlBase": null,
                "fzlTop": null,
                "level": null,
                "product": "SIERRA",
                "rawAirSigmet": "FU HZ",
                "validTimeTo": "2026-08-02T03:00:00.000",
                "validTimeFrom": [
                    "2026-08-02T02:45"
                ]
            }
        },
        {
            "type": "Feature",
            "geometry": {
                "type": "Polygon",
                "coordinates": [
                    [
                        [
                            "-87.73",
                            "42.31"
                        ],
                        [
                            "-85.90",
                            "41.01"
                        ],
                        [
                            "-83.65",
                            "40.99"
                        ],
                        [
                            "-84.16",
                            "39.78"
                        ],
                        [
                            "-85.78",
                            "39.78"
                        ],
                        [
                            "-86.54",
                            "39.35"
                        ],
                        [
                            "-87.01",
                            "39.35"
                        ],
                        [
                            "-87.93",
                            "38.88"
                        ],
                        [
                            "-87.94",
                            "38.02"
                        ],
                        [
                            "-88.32",
                            "37.57"
                        ],
                        [
                            "-88.97",
                            "37.13"
                        ],
                        [
                            "-89.72",
                            "36.82"
                        ],
                        [
                            "-90.74",
                            "36.75"
                        ],
                        [
                            "-91.89",
                            "37.65"
                        ],
                        [
                            "-91.73",
                            "38.33"
                        ],
                        [
                            "-91.47",
                            "39.06"
                        ],
                        [
                            "-90.59",
                            "40.42"
                        ],
                        [
                            "-90.08",
                            "41.44"
                        ],
                        [
                            "-87.73",
                            "42.31"
                        ]
                    ]
                ]
            },
            "properties": {
                "forecastId": null,
                "geometryId": null,
                "tag": "1E",
                "forecastHour": 0,
                "hazard": "IFR",
                "frequency": null,
                "severity": null,
                "status": "NRML",
                "base": null,
                "top": null,
                "fzlBase": null,
                "fzlTop": null,
                "level": null,
                "product": "SIERRA",
                "rawAirSigmet": "CIG BLW 010 VIS BLW 3SM PCPN BR FG",
                "validTimeTo": "2026-08-02T03:00:00.000",
                "validTimeFrom": [
                    "2026-08-02T02:45"
                ]
            }
        },
        {
            "type": "Feature",
            "geometry": {
                "type": "Polygon",
                "coordinates": [
                    [
                        [
                            "-83.43",
                            "31.95"
                        ],
                        [
                            "-77.94",
                            "31.81"
                        ],
                        [
                            "-77.80",
                            "30.38"
                        ],
                        [
                            "-84.13",
                            "26.89"
                        ],
                        [
                            "-84.88",
                            "27.79"
                        ],
                        [
                            "-83.43",
                            "31.95"
                        ]
                    ]
                ]
            },
            "properties": {
                "forecastId": null,
                "geometryId": null,
                "tag": "5W",
                "forecastHour": 0,
                "hazard": "TURB-HI",
                "frequency": null,
                "severity": "MOD",
                "status": "NRML",
                "base": "250",
                "top": "370",
                "fzlBase": null,
                "fzlTop": null,
                "level": null,
                "product": "TANGO",
                "rawAirSigmet": null,
                "validTimeTo": "2026-08-02T03:00:00.000",
                "validTimeFrom": [
                    "2026-08-02T02:52"
                ]
            }
        },
        {
            "type": "Feature",
            "geometry": {
                "type": "Polygon",
                "coordinates": [
                    [
                        [
                            "-112.31",
                            "37.25"
                        ],
                        [
                            "-111.88",
                            "35.35"
                        ],
                        [
                            "-116.66",
                            "34.80"
                        ],
                        [
                            "-118.06",
                            "36.14"
                        ],
                        [
                            "-116.67",
                            "37.01"
                        ],
                        [
                            "-112.31",
                            "37.25"
                        ]
                    ]
                ]
            },
            "properties": {
                "forecastId": null,
                "geometryId": null,
                "tag": "8W",
                "forecastHour": 0,
                "hazard": "TURB-LO",
                "frequency": null,
                "severity": "MOD",
                "status": "NRML",
                "base": "SFC",
                "top": "150",
                "fzlBase": null,
                "fzlTop": null,
                "level": null,
                "product": "TANGO",
                "rawAirSigmet": null,
                "validTimeTo": "2026-08-02T03:00:00.000",
                "validTimeFrom": [
                    "2026-08-02T02:52"
                ]
            }
        },
        {
            "type": "Feature",
            "geometry": {
                "type": "Polygon",
                "coordinates": [
                    [
                        [
                            "-84.04",
                            "46.13"
                        ],
                        [
                            "-82.43",
                            "45.17"
                        ],
                        [
                            "-82.12",
                            "43.12"
                        ],
                        [
                            "-83.15",
                            "42.23"
                        ],
                        [
                            "-85.12",
                            "40.44"
                        ],
                        [
                            "-87.46",
                            "40.13"
                        ],
                        [
                            "-89.09",
                            "39.15"
                        ],
                        [
                            "-89.93",
                            "39.76"
                        ],
                        [
                            "-89.48",
                            "41.67"
                        ],
                        [
                            "-88.04",
                            "43.24"
                        ],
                        [
                            "-86.30",
                            "44.66"
                        ],
                        [
                            "-84.04",
                            "46.13"
                        ]
                    ]
                ]
            },
            "properties": {
                "forecastId": null,
                "geometryId": null,
                "tag": "1C",
                "forecastHour": 0,
                "hazard": "ICE",
                "frequency": null,
                "severity": "MOD",
                "status": "NRML",
                "base": "140",
                "top": "250",
                "fzlBase": null,
                "fzlTop": null,
                "level": null,
                "product": "ZULU",
                "rawAirSigmet": "ICE",
                "validTimeTo": "2026-08-02T03:00:00.000",
                "validTimeFrom": [
                    "2026-08-02T02:45"
                ]
            }
        },
        {
            "type": "Feature",
            "geometry": {
                "type": "Polygon",
                "coordinates": [
                    [
                        [
                            "-120.65",
                            "35.06"
                        ],
                        [
                            "-120.21",
                            "34.23"
                        ],
                        [
                            "-119.99",
                            "33.72"
                        ],
                        [
                            "-119.60",
                            "33.48"
                        ],
                        [
                            "-119.18",
                            "33.33"
                        ],
                        [
                            "-118.63",
                            "33.34"
                        ],
                        [
                            "-117.95",
                            "32.57"
                        ],
                        [
                            "-117.71",
                            "32.12"
                        ],
                        [
                            "-120.69",
                            "30.85"
                        ],
                        [
                            "-122.13",
                            "32.99"
                        ],
                        [
                            "-121.92",
                            "33.87"
                        ],
                        [
                            "-121.41",
                            "34.99"
                        ],
                        [
                            "-120.65",
                            "35.06"
                        ]
                    ]
                ]
            },
            "properties": {
                "forecastId": null,
                "geometryId": null,
                "tag": "3E",
                "forecastHour": 0,
                "hazard": "IFR",
                "frequency": null,
                "severity": null,
                "status": "NRML",
                "base": null,
                "top": null,
                "fzlBase": null,
                "fzlTop": null,
                "level": null,
                "product": "SIERRA",
                "rawAirSigmet": "CIG BLW 010 VIS BLW 3SM BR FG",
                "validTimeTo": "2026-08-02T03:00:00.000",
                "validTimeFrom": [
                    "2026-08-02T02:45"
                ]
            }
        },
        {
            "type": "Feature",
            "geometry": {
                "type": "Polygon",
                "coordinates": [
                    [
                        [
                            "-108.44",
                            "25.31"
                        ],
                        [
                            "-108.36",
                            "24.95"
                        ],
                        [
                            "-108.32",
                            "24.91"
                        ],
                        [
                            "-107.89",
                            "24.63"
                        ],
                        [
                            "-107.88",
                            "24.62"
                        ],
                        [
                            "-107.87",
                            "24.63"
                        ],
                        [
                            "-107.90",
                            "25.00"
                        ],
                        [
                            "-107.92",
                            "25.02"
                        ],
                        [
                            "-108.32",
                            "25.33"
                        ],
                        [
                            "-108.37",
                            "25.35"
                        ],
                        [
                            "-108.44",
                            "25.31"
                        ]
                    ]
                ]
            },
            "properties": {
                "forecastId": null,
                "geometryId": null,
                "tag": "1C",
                "forecastHour": 0,
                "hazard": "FZLVL",
                "frequency": null,
                "severity": null,
                "status": "NRML",
                "base": null,
                "top": null,
                "fzlBase": null,
                "fzlTop": null,
                "level": "160",
                "product": "ZULU",
                "rawAirSigmet": null,
                "validTimeTo": "2026-08-02T03:00:00.000",
                "validTimeFrom": [
                    "2026-08-02T02:45"
                ]
            }
        },
        {
            "type": "Feature",
            "geometry": {
                "type": "Polygon",
                "coordinates": [
                    [
                        [
                            "-69.16",
                            "47.52"
                        ],
                        [
                            "-68.98",
                            "47.18"
                        ],
                        [
                            "-68.17",
                            "47.33"
                        ],
                        [
                            "-67.81",
                            "47.08"
                        ],
                        [
                            "-67.75",
                            "45.73"
                        ],
                        [
                            "-67.04",
                            "44.85"
                        ],
                        [
                            "-66.93",
                            "42.67"
                        ],
                        [
                            "-68.67",
                            "41.93"
                        ],
                        [
                            "-70.29",
                            "42.90"
                        ],
                        [
                            "-70.85",
                            "45.35"
                        ],
                        [
                            "-70.25",
                            "45.98"
                        ],
                        [
                            "-70.02",
                            "46.75"
                        ],
                        [
                            "-69.16",
                            "47.52"
                        ]
                    ]
                ]
            },
            "properties": {
                "forecastId": null,
                "geometryId": null,
                "tag": "2W",
                "forecastHour": 0,
                "hazard": "TURB-HI",
                "frequency": null,
                "severity": "MOD",
                "status": "NRML",
                "base": "300",
                "top": "410",
                "fzlBase": null,
                "fzlTop": null,
                "level": null,
                "product": "TANGO",
                "rawAirSigmet": null,
                "validTimeTo": "2026-08-02T03:00:00.000",
                "validTimeFrom": [
                    "2026-08-02T02:52"
                ]
            }
        },
        {
            "type": "Feature",
            "geometry": {
                "type": "LineString",
                "coordinates": [
                    [
                        "-68.63",
                        "19.34"
                    ],
                    [
                        "-69.00",
                        "19.44"
                    ],
                    [
                        "-69.53",
                        "19.65"
                    ],
                    [
                        "-70.07",
                        "19.96"
                    ],
                    [
                        "-70.42",
                        "20.20"
                    ],
                    [
                        "-71.15",
                        "20.51"
                    ],
                    [
                        "-71.90",
                        "20.71"
                    ],
                    [
                        "-72.27",
                        "20.87"
                    ],
                    [
                        "-72.60",
                        "21.27"
                    ],
                    [
                        "-72.50",
                        "21.77"
                    ],
                    [
                        "-72.02",
                        "22.24"
                    ],
                    [
                        "-71.59",
                        "22.42"
                    ],
                    [
                        "-70.92",
                        "22.48"
                    ],
                    [
                        "-70.37",
                        "22.48"
                    ],
                    [
                        "-69.58",
                        "22.42"
                    ],
                    [
                        "-68.78",
                        "22.37"
                    ],
                    [
                        "-67.99",
                        "22.31"
                    ]
                ]
            },
            "properties": {
                "forecastId": null,
                "geometryId": null,
                "tag": "1C",
                "forecastHour": 0,
                "hazard": "FZLVL",
                "frequency": null,
                "severity": null,
                "status": "NRML",
                "base": null,
                "top": null,
                "fzlBase": null,
                "fzlTop": null,
                "level": "160",
                "product": "ZULU",
                "rawAirSigmet": null,
                "validTimeTo": "2026-08-02T03:00:00.000",
                "validTimeFrom": [
                    "2026-08-02T02:45"
                ]
            }
        },
        {
            "type": "Feature",
            "geometry": {
                "type": "Polygon",
                "coordinates": [
                    [
                        [
                            "-82.32",
                            "45.31"
                        ],
                        [
                            "-82.09",
                            "43.40"
                        ],
                        [
                            "-84.23",
                            "40.44"
                        ],
                        [
                            "-88.26",
                            "35.10"
                        ],
                        [
                            "-89.70",
                            "33.90"
                        ],
                        [
                            "-92.58",
                            "32.71"
                        ],
                        [
                            "-94.71",
                            "32.32"
                        ],
                        [
                            "-98.74",
                            "31.90"
                        ],
                        [
                            "-100.64",
                            "32.04"
                        ],
                        [
                            "-100.80",
                            "33.21"
                        ],
                        [
                            "-98.36",
                            "35.10"
                        ],
                        [
                            "-93.87",
                            "36.25"
                        ],
                        [
                            "-91.60",
                            "37.60"
                        ],
                        [
                            "-83.93",
                            "45.31"
                        ],
                        [
                            "-82.32",
                            "45.31"
                        ]
                    ]
                ]
            },
            "properties": {
                "forecastId": null,
                "geometryId": null,
                "tag": "7W",
                "forecastHour": 0,
                "hazard": "TURB-HI",
                "frequency": null,
                "severity": "MOD",
                "status": "AMD",
                "base": "230",
                "top": "370",
                "fzlBase": null,
                "fzlTop": null,
                "level": null,
                "product": "TANGO",
                "rawAirSigmet": null,
                "validTimeTo": "2026-08-02T03:00:00.000",
                "validTimeFrom": [
                    "2026-08-02T02:52"
                ]
            }
        },
        {
            "type": "Feature",
            "geometry": {
                "type": "Polygon",
                "coordinates": [
                    [
                        [
                            "-113.12",
                            "49.00"
                        ],
                        [
                            "-111.93",
                            "48.16"
                        ],
                        [
                            "-113.24",
                            "47.38"
                        ],
                        [
                            "-114.75",
                            "48.96"
                        ],
                        [
                            "-113.12",
                            "49.00"
                        ]
                    ]
                ]
            },
            "properties": {
                "forecastId": null,
                "geometryId": null,
                "tag": "2W",
                "forecastHour": 0,
                "hazard": "SFC_WND",
                "frequency": null,
                "severity": null,
                "status": "NRML",
                "base": null,
                "top": null,
                "fzlBase": null,
                "fzlTop": null,
                "level": null,
                "product": "TANGO",
                "rawAirSigmet": "USTAINED SFC WINDS GREATER THAN 30 KTS",
                "validTimeTo": "2026-08-02T03:00:00.000",
                "validTimeFrom": [
                    "2026-08-02T02:52"
                ]
            }
        }
    ],
    "metadata": {
        "creationTime": "2026-08-02T04:29"
    }
}