{
    "type": "FeatureCollection",
    "features": [
        {
            "type": "Feature",
            "geometry": {
                "type": "Polygon",
                "coordinates": [
                    [
                        [
                            "-114.92",
                            "49.01"
                        ],
                        [
                            "-113.07",
                            "48.96"
                        ],
                        [
                            "-111.48",
                            "47.50"
                        ],
                        [
                            "-109.78",
                            "48.58"
                        ],
                        [
                            "-106.26",
                            "43.69"
                        ],
                        [
                            "-108.33",
                            "42.18"
                        ],
                        [
                            "-111.13",
                            "41.37"
                        ],
                        [
                            "-112.39",
                            "41.84"
                        ],
                        [
                            "-113.31",
                            "42.64"
                        ],
                        [
                            "-113.98",
                            "43.71"
                        ],
                        [
                            "-113.87",
                            "44.79"
                        ],
                        [
                            "-113.20",
                            "45.50"
                        ],
                        [
                            "-113.34",
                            "47.30"
                        ],
                        [
                            "-114.92",
                            "49.01"
                        ]
                    ]
                ]
            },
            "properties": {
                "forecastId": null,
                "geometryId": null,
                "tag": "4E",
                "forecastHour": 0,
                "hazard": "MT_OBSC",
                "frequency": null,
                "severity": null,
                "status": "NRML",
                "base": null,
                "top": null,
                "fzlBase": null,
                "fzlTop": null,
                "level": null,
                "product": "SIERRA",
                "rawAirSigmet": "MTNS OBSC BY CLDS PCPN BR",
                "validTimeTo": "2026-08-14T09:00:00.000",
                "validTimeFrom": [
                    "2026-08-14T09:32"
                ]
            }
        },
        {
            "type": "Feature",
            "geometry": {
                "type": "Polygon",
                "coordinates": [
                    [
                        [
                            "-71.86",
                            "45.43"
                        ],
                        [
                            "-71.08",
                            "45.36"
                        ],
                        [
                            "-70.52",
                            "44.69"
                        ],
                        [
                            "-70.70",
                            "44.09"
                        ],
                        [
                            "-72.05",
                            "42.38"
                        ],
                        [
                            "-72.65",
                            "42.21"
                        ],
                        [
                            "-73.84",
                            "42.62"
                        ],
                        [
                            "-75.68",
                            "43.38"
                        ],
                        [
                            "-76.62",
                            "43.96"
                        ],
                        [
                            "-75.05",
                            "44.97"
                        ],
                        [
                            "-71.86",
                            "45.43"
                        ]
                    ]
                ]
            },
            "properties": {
                "forecastId": null,
                "geometryId": null,
                "tag": "5E",
                "forecastHour": 0,
                "hazard": "IFR",
                "frequency": null,
                "severity": null,
                "status": "NRML",
                "base": null,
                "top": null,
                "fzlBase": null,
                "fzlTop": null,
                "level": null,
                "product": "SIERRA",
                "rawAirSigmet": "VIS BLW 3SM BR",
                "validTimeTo": "2026-08-14T09:00:00.000",
                "validTimeFrom": [
                    "2026-08-14T09:32"
                ]
            }
        },
        {
            "type": "Feature",
            "geometry": {
                "type": "LineString",
                "coordinates": [
                    [
                        "-141.69",
                        "31.77"
                    ],
                    [
                        "-140.00",
                        "31.39"
                    ],
                    [
                        "-137.62",
                        "30.34"
                    ],
                    [
                        "-135.48",
                        "29.38"
                    ],
                    [
                        "-132.97",
                        "28.58"
                    ],
                    [
                        "-130.53",
                        "28.22"
                    ],
                    [
                        "-129.21",
                        "27.86"
                    ],
                    [
                        "-128.51",
                        "27.27"
                    ],
                    [
                        "-128.30",
                        "26.47"
                    ],
                    [
                        "-128.34",
                        "24.36"
                    ],
                    [
                        "-128.15",
                        "21.83"
                    ],
                    [
                        "-127.46",
                        "20.80"
                    ],
                    [
                        "-126.67",
                        "20.33"
                    ],
                    [
                        "-125.64",
                        "20.14"
                    ],
                    [
                        "-124.67",
                        "20.65"
                    ],
                    [
                        "-121.36",
                        "22.83"
                    ],
                    [
                        "-119.53",
                        "24.43"
                    ],
                    [
                        "-118.50",
                        "25.32"
                    ],
                    [
                        "-117.33",
                        "25.92"
                    ],
                    [
                        "-115.89",
                        "25.94"
                    ],
                    [
                        "-115.11",
                        "25.35"
                    ],
                    [
                        "-114.72",
                        "24.87"
                    ],
                    [
                        "-114.72",
                        "24.18"
                    ],
                    [
                        "-115.36",
                        "23.32"
                    ],
                    [
                        "-116.51",
                        "21.60"
                    ],
                    [
                        "-117.11",
                        "20.58"
                    ],
                    [
                        "-117.52",
                        "19.43"
                    ],
                    [
                        "-116.85",
                        "18.66"
                    ],
                    [
                        "-115.93",
                        "18.20"
                    ],
                    [
                        "-114.81",
                        "17.92"
                    ],
                    [
                        "-113.14",
                        "17.88"
                    ],
                    [
                        "-111.72",
                        "18.32"
                    ],
                    [
                        "-110.44",
                        "18.30"
                    ],
                    [
                        "-108.26",
                        "17.16"
                    ],
                    [
                        "-106.62",
                        "17.23"
                    ],
                    [
                        "-105.72",
                        "17.21"
                    ],
                    [
                        "-104.48",
                        "16.68"
                    ]
                ]
            },
            "properties": {
                "forecastId": null,
                "geometryId": null,
                "tag": "1C",
                "forecastHour": 0,
                "hazard": "FZLVL",
                "frequency": null,
                "severity": null,
                "status": "NRML",
                "base": null,
                "top": null,
                "fzlBase": null,
                "fzlTop": null,
                "level": "160",
                "product": "ZULU",
                "rawAirSigmet": null,
                "validTimeTo": "2026-08-14T09:00:00.000",
                "validTimeFrom": [
                    "2026-08-14T08:45"
                ]
            }
        },
        {
            "type": "Feature",
            "geometry": {
                "type": "Polygon",
                "coordinates": [
                    [
                        [
                            "-96.34",
                            "32.00"
                        ],
                        [
                            "-95.38",
                            "31.67"
                        ],
                        [
                            "-95.30",
                            "31.26"
                        ],
                        [
                            "-95.40",
                            "29.98"
                        ],
                        [
                            "-97.32",
                            "29.27"
                        ],
                        [
                            "-98.50",
                            "29.40"
                        ],
                        [
                            "-98.94",
                            "29.99"
                        ],
                        [
                            "-98.76",
                            "31.15"
                        ],
                        [
                            "-97.98",
                            "31.86"
                        ],
                        [
                            "-96.34",
                            "32.00"
                        ]
                    ]
                ]
            },
            "properties": {
                "forecastId": null,
                "geometryId": null,
                "tag": "8E",
                "forecastHour": 0,
                "hazard": "IFR",
                "frequency": null,
                "severity": null,
                "status": "NEW",
                "base": null,
                "top": null,
                "fzlBase": null,
                "fzlTop": null,
                "level": null,
                "product": "SIERRA",
                "rawAirSigmet": "CIG BLW 010 VIS BLW 3SM BR FG",
                "validTimeTo": "2026-08-14T09:00:00.000",
                "validTimeFrom": [
                    "2026-08-14T09:32"
                ]
            }
        },
        {
            "type": "Feature",
            "geometry": {
                "type": "Polygon",
                "coordinates": [
                    [
                        [
                            "-125.07",
                            "48.62"
                        ],
                        [
                            "-124.38",
                            "48.37"
                        ],
                        [
                            "-123.48",
                            "48.56"
                        ],
                        [
                            "-122.64",
                            "48.42"
                        ],
                        [
                            "-122.17",
                            "47.89"
                        ],
                        [
                            "-122.39",
                            "47.82"
                        ],
                        [
                            "-122.77",
                            "47.97"
                        ],
                        [
                            "-123.11",
                            "47.78"
                        ],
                        [
                            "-123.53",
                            "47.62"
                        ],
                        [
                            "-123.52",
                            "47.39"
                        ],
                        [
                            "-123.07",
                            "47.32"
                        ],
                        [
                            "-122.77",
                            "47.02"
                        ],
                        [
                            "-122.72",
                            "46.45"
                        ],
                        [
                            "-123.13",
                            "45.63"
                        ],
                        [
                            "-123.64",
                            "44.85"
                        ],
                        [
                            "-123.14",
                            "43.56"
                        ],
                        [
                            "-123.47",
                            "42.90"
                        ],
                        [
                            "-123.96",
                            "41.86"
                        ],
                        [
                            "-123.77",
                            "41.15"
                        ],
                        [
                            "-123.61",
                            "39.50"
                        ],
                        [
                            "-122.63",
                            "38.52"
                        ],
                        [
                            "-121.80",
                            "37.44"
                        ],
                        [
                            "-121.14",
                            "36.66"
                        ],
                        [
                            "-121.75",
                            "35.75"
                        ],
                        [
                            "-122.92",
                            "35.36"
                        ],
                        [
                            "-123.81",
                            "35.35"
                        ],
                        [
                            "-124.36",
                            "36.02"
                        ],
                        [
                            "-126.99",
                            "40.02"
                        ],
                        [
                            "-126.50",
                            "45.03"
                        ],
                        [
                            "-128.01",
                            "48.30"
                        ],
                        [
                            "-125.07",
                            "48.62"
                        ]
                    ]
                ]
            },
            "properties": {
                "forecastId": null,
                "geometryId": null,
                "tag": "2E",
                "forecastHour": 0,
                "hazard": "IFR",
                "frequency": null,
                "severity": null,
                "status": "AMD",
                "base": null,
                "top": null,
                "fzlBase": null,
                "fzlTop": null,
                "level": null,
                "product": "SIERRA",
                "rawAirSigmet": "CIG BLW 010 VIS BLW 3SM BR",
                "validTimeTo": "2026-08-14T09:00:00.000",
                "validTimeFrom": [
                    "2026-08-14T09:32"
                ]
            }
        },
        {
            "type": "Feature",
            "geometry": {
                "type": "Polygon",
                "coordinates": [
                    [
                        [
                            "-123.46",
                            "38.93"
                        ],
                        [
                            "-122.76",
                            "38.66"
                        ],
                        [
                            "-122.31",
                            "38.39"
                        ],
                        [
                            "-121.96",
                            "37.97"
                        ],
                        [
                            "-120.04",
                            "35.48"
                        ],
                        [
                            "-119.55",
                            "34.74"
                        ],
                        [
                            "-119.09",
                            "34.55"
                        ],
                        [
                            "-118.17",
                            "34.34"
                        ],
                        [
                            "-117.70",
                            "34.01"
                        ],
                        [
                            "-117.39",
                            "33.63"
                        ],
                        [
                            "-117.05",
                            "33.17"
                        ],
                        [
                            "-116.74",
                            "32.73"
                        ],
                        [
                            "-117.32",
                            "32.76"
                        ],
                        [
                            "-118.30",
                            "33.88"
                        ],
                        [
                            "-120.59",
                            "34.51"
                        ],
                        [
                            "-121.93",
                            "36.65"
                        ],
                        [
                            "-123.46",
                            "38.93"
                        ]
                    ]
                ]
            },
            "properties": {
                "forecastId": null,
                "geometryId": null,
                "tag": "3E",
                "forecastHour": 0,
                "hazard": "MT_OBSC",
                "frequency": null,
                "severity": null,
                "status": "NRML",
                "base": null,
                "top": null,
                "fzlBase": null,
                "fzlTop": null,
                "level": null,
                "product": "SIERRA",
                "rawAirSigmet": "MTNS OBSC BY CLDS BR",
                "validTimeTo": "2026-08-14T09:00:00.000",
                "validTimeFrom": [
                    "2026-08-14T09:32"
                ]
            }
        },
        {
            "type": "Feature",
            "geometry": {
                "type": "Polygon",
                "coordinates": [
                    [
                        [
                            "-84.74",
                            "45.66"
                        ],
                        [
                            "-84.46",
                            "45.36"
                        ],
                        [
                            "-84.55",
                            "44.78"
                        ],
                        [
                            "-84.54",
                            "44.19"
                        ],
                        [
                            "-84.17",
                            "43.82"
                        ],
                        [
                            "-82.52",
                            "42.88"
                        ],
                        [
                            "-82.61",
                            "42.72"
                        ],
                        [
                            "-83.39",
                            "42.29"
                        ],
                        [
                            "-82.31",
                            "41.71"
                        ],
                        [
                            "-82.48",
                            "40.13"
                        ],
                        [
                            "-83.81",
                            "40.50"
                        ],
                        [
                            "-86.36",
                            "41.58"
                        ],
                        [
                            "-87.06",
                            "41.82"
                        ],
                        [
                            "-88.19",
                            "42.12"
                        ],
                        [
                            "-89.34",
                            "42.49"
                        ],
                        [
                            "-90.18",
                            "42.66"
                        ],
                        [
                            "-91.18",
                            "42.90"
                        ],
                        [
                            "-90.81",
                            "43.79"
                        ],
                        [
                            "-90.05",
                            "44.44"
                        ],
                        [
                            "-88.91",
                            "44.80"
                        ],
                        [
                            "-87.94",
                            "44.97"
                        ],
                        [
                            "-87.44",
                            "45.05"
                        ],
                        [
                            "-86.54",
                            "44.92"
                        ],
                        [
                            "-85.47",
                            "45.35"
                        ],
                        [
                            "-85.03",
                            "45.66"
                        ],
                        [
                            "-84.74",
                            "45.66"
                        ]
                    ]
                ]
            },
            "properties": {
                "forecastId": null,
                "geometryId": null,
                "tag": "3E",
                "forecastHour": 0,
                "hazard": "IFR",
                "frequency": null,
                "severity": null,
                "status": "AMD",
                "base": null,
                "top": null,
                "fzlBase": null,
                "fzlTop": null,
                "level": null,
                "product": "SIERRA",
                "rawAirSigmet": "CIG BLW 010 VIS BLW 3SM BR",
                "validTimeTo": "2026-08-14T09:00:00.000",
                "validTimeFrom": [
                    "2026-08-14T09:32"
                ]
            }
        },
        {
            "type": "Feature",
            "geometry": {
                "type": "LineString",
                "coordinates": [
                    [
                        "-101.17",
                        "17.12"
                    ],
                    [
                        "-100.90",
                        "17.83"
                    ],
                    [
                        "-101.01",
                        "18.84"
                    ],
                    [
                        "-102.29",
                        "19.74"
                    ],
                    [
                        "-104.14",
                        "20.74"
                    ],
                    [
                        "-105.97",
                        "21.97"
                    ],
                    [
                        "-106.73",
                        "22.37"
                    ],
                    [
                        "-107.52",
                        "22.29"
                    ],
                    [
                        "-109.16",
                        "21.84"
                    ],
                    [
                        "-110.16",
                        "22.29"
                    ],
                    [
                        "-110.71",
                        "22.90"
                    ],
                    [
                        "-111.32",
                        "24.60"
                    ],
                    [
                        "-110.86",
                        "25.85"
                    ],
                    [
                        "-109.00",
                        "27.96"
                    ],
                    [
                        "-108.19",
                        "27.93"
                    ],
                    [
                        "-107.53",
                        "27.44"
                    ],
                    [
                        "-107.07",
                        "27.09"
                    ],
                    [
                        "-106.12",
                        "27.40"
                    ],
                    [
                        "-105.83",
                        "28.03"
                    ],
                    [
                        "-106.14",
                        "29.11"
                    ],
                    [
                        "-107.57",
                        "29.73"
                    ],
                    [
                        "-108.07",
                        "30.17"
                    ],
                    [
                        "-108.23",
                        "31.00"
                    ],
                    [
                        "-108.19",
                        "34.72"
                    ],
                    [
                        "-108.06",
                        "36.12"
                    ],
                    [
                        "-107.79",
                        "37.06"
                    ],
                    [
                        "-106.58",
                        "39.72"
                    ],
                    [
                        "-106.22",
                        "40.92"
                    ],
                    [
                        "-105.49",
                        "42.59"
                    ],
                    [
                        "-104.49",
                        "42.93"
                    ],
                    [
                        "-103.03",
                        "43.12"
                    ],
                    [
                        "-101.45",
                        "43.27"
                    ],
                    [
                        "-99.04",
                        "43.19"
                    ],
                    [
                        "-96.50",
                        "42.91"
                    ],
                    [
                        "-95.58",
                        "42.62"
                    ],
                    [
                        "-94.62",
                        "41.83"
                    ],
                    [
                        "-93.86",
                        "41.05"
                    ],
                    [
                        "-91.78",
                        "41.46"
                    ],
                    [
                        "-89.32",
                        "41.65"
                    ],
                    [
                        "-88.42",
                        "41.54"
                    ],
                    [
                        "-86.41",
                        "40.65"
                    ],
                    [
                        "-85.20",
                        "39.99"
                    ],
                    [
                        "-83.15",
                        "38.43"
                    ],
                    [
                        "-81.45",
                        "38.09"
                    ],
                    [
                        "-79.11",
                        "37.85"
                    ],
                    [
                        "-75.71",
                        "37.65"
                    ],
                    [
                        "-72.66",
                        "37.52"
                    ],
                    [
                        "-69.63",
                        "37.66"
                    ],
                    [
                        "-68.05",
                        "37.56"
                    ],
                    [
                        "-66.12",
                        "36.99"
                    ],
                    [
                        "-64.12",
                        "35.72"
                    ],
                    [
                        "-63.37",
                        "35.02"
                    ],
                    [
                        "-63.05",
                        "34.28"
                    ],
                    [
                        "-63.64",
                        "33.61"
                    ],
                    [
                        "-64.60",
                        "33.13"
                    ],
                    [
                        "-65.63",
                        "32.71"
                    ],
                    [
                        "-66.86",
                        "32.24"
                    ],
                    [
                        "-68.32",
                        "31.86"
                    ],
                    [
                        "-71.04",
                        "31.26"
                    ],
                    [
                        "-74.15",
                        "30.37"
                    ],
                    [
                        "-75.15",
                        "29.86"
                    ],
                    [
                        "-76.16",
                        "29.12"
                    ],
                    [
                        "-78.01",
                        "27.71"
                    ],
                    [
                        "-80.47",
                        "26.47"
                    ],
                    [
                        "-80.97",
                        "26.18"
                    ],
                    [
                        "-81.10",
                        "25.53"
                    ],
                    [
                        "-79.86",
                        "24.94"
                    ],
                    [
                        "-79.31",
                        "24.41"
                    ],
                    [
                        "-79.28",
                        "23.75"
                    ],
                    [
                        "-79.71",
                        "22.52"
                    ],
                    [
                        "-79.90",
                        "21.82"
                    ],
                    [
                        "-79.82",
                        "20.66"
                    ],
                    [
                        "-77.04",
                        "20.00"
                    ],
                    [
                        "-76.47",
                        "17.95"
                    ],
                    [
                        "-75.95",
                        "17.32"
                    ],
                    [
                        "-75.18",
                        "17.01"
                    ],
                    [
                        "-73.96",
                        "16.50"
                    ],
                    [
                        "-71.96",
                        "15.25"
                    ],
                    [
                        "-69.73",
                        "14.81"
                    ],
                    [
                        "-68.50",
                        "14.59"
                    ],
                    [
                        "-67.32",
                        "14.05"
                    ]
                ]
            },
            "properties": {
                "forecastId": null,
                "geometryId": null,
                "tag": "1C",
                "forecastHour": 0,
                "hazard": "FZLVL",
                "frequency": null,
                "severity": null,
                "status": "NRML",
                "base": null,
                "top": null,
                "fzlBase": null,
                "fzlTop": null,
                "level": "160",
                "product": "ZULU",
                "rawAirSigmet": null,
                "validTimeTo": "2026-08-14T09:00:00.000",
                "validTimeFrom": [
                    "2026-08-14T08:45"
                ]
            }
        },
        {
            "type": "Feature",
            "geometry": {
                "type": "Polygon",
                "coordinates": [
                    [
                        [
                            "-90.87",
                            "47.30"
                        ],
                        [
                            "-90.36",
                            "47.15"
                        ],
                        [
                            "-89.67",
                            "46.84"
                        ],
                        [
                            "-89.42",
                            "46.78"
                        ],
                        [
                            "-89.25",
                            "46.58"
                        ],
                        [
                            "-89.33",
                            "46.45"
                        ],
                        [
                            "-89.68",
                            "46.26"
                        ],
                        [
                            "-90.55",
                            "46.17"
                        ],
                        [
                            "-91.29",
                            "46.30"
                        ],
                        [
                            "-91.58",
                            "46.79"
                        ],
                        [
                            "-90.87",
                            "47.30"
                        ]
                    ]
                ]
            },
            "properties": {
                "forecastId": null,
                "geometryId": null,
                "tag": "6E",
                "forecastHour": 0,
                "hazard": "IFR",
                "frequency": null,
                "severity": null,
                "status": "NRML",
                "base": null,
                "top": null,
                "fzlBase": null,
                "fzlTop": null,
                "level": null,
                "product": "SIERRA",
                "rawAirSigmet": "VIS BLW 3SM BR",
                "validTimeTo": "2026-08-14T09:00:00.000",
                "validTimeFrom": [
                    "2026-08-14T09:32"
                ]
            }
        },
        {
            "type": "Feature",
            "geometry": {
                "type": "Polygon",
                "coordinates": [
                    [
                        [
                            "-72.56",
                            "37.21"
                        ],
                        [
                            "-72.65",
                            "34.98"
                        ],
                        [
                            "-77.00",
                            "32.10"
                        ],
                        [
                            "-77.00",
                            "30.72"
                        ],
                        [
                            "-79.00",
                            "30.60"
                        ],
                        [
                            "-81.13",
                            "31.96"
                        ],
                        [
                            "-80.42",
                            "34.35"
                        ],
                        [
                            "-75.94",
                            "37.13"
                        ],
                        [
                            "-72.56",
                            "37.21"
                        ]
                    ]
                ]
            },
            "properties": {
                "forecastId": null,
                "geometryId": null,
                "tag": "1W",
                "forecastHour": 0,
                "hazard": "TURB-HI",
                "frequency": null,
                "severity": "MOD",
                "status": "NRML",
                "base": "260",
                "top": "370",
                "fzlBase": null,
                "fzlTop": null,
                "level": null,
                "product": "TANGO",
                "rawAirSigmet": null,
                "validTimeTo": "2026-08-14T09:00:00.000",
                "validTimeFrom": [
                    "2026-08-14T08:45"
                ]
            }
        },
        {
            "type": "Feature",
            "geometry": {
                "type": "Polygon",
                "coordinates": [
                    [
                        [
                            "-92.59",
                            "39.24"
                        ],
                        [
                            "-91.95",
                            "38.54"
                        ],
                        [
                            "-92.71",
                            "36.82"
                        ],
                        [
                            "-92.89",
                            "35.98"
                        ],
                        [
                            "-92.63",
                            "34.58"
                        ],
                        [
                            "-92.85",
                            "33.71"
                        ],
                        [
                            "-94.46",
                            "33.48"
                        ],
                        [
                            "-97.07",
                            "33.70"
                        ],
                        [
                            "-98.92",
                            "34.64"
                        ],
                        [
                            "-99.48",
                            "35.42"
                        ],
                        [
                            "-99.37",
                            "36.09"
                        ],
                        [
                            "-98.36",
                            "37.14"
                        ],
                        [
                            "-97.23",
                            "37.73"
                        ],
                        [
                            "-95.00",
                            "38.50"
                        ],
                        [
                            "-93.75",
                            "39.07"
                        ],
                        [
                            "-92.59",
                            "39.24"
                        ]
                    ]
                ]
            },
            "properties": {
                "forecastId": null,
                "geometryId": null,
                "tag": "1W",
                "forecastHour": 0,
                "hazard": "LLWS",
                "frequency": null,
                "severity": null,
                "status": "NRML",
                "base": null,
                "top": null,
                "fzlBase": null,
                "fzlTop": null,
                "level": null,
                "product": "TANGO",
                "rawAirSigmet": "AIR SPEED LOSS OR GAIN OF 20KTS OR MORE BELOW 2000 FT AGL",
                "validTimeTo": "2026-08-14T09:00:00.000",
                "validTimeFrom": [
                    "2026-08-14T08:45"
                ]
            }
        },
        {
            "type": "Feature",
            "geometry": {
                "type": "Polygon",
                "coordinates": [
                    [
                        [
                            "-97.69",
                            "21.48"
                        ],
                        [
                            "-97.67",
                            "20.95"
                        ],
                        [
                            "-97.64",
                            "20.88"
                        ],
                        [
                            "-97.09",
                            "20.53"
                        ],
                        [
                            "-96.62",
                            "20.74"
                        ],
                        [
                            "-96.55",
                            "21.34"
                        ],
                        [
                            "-96.87",
                            "21.95"
                        ],
                        [
                            "-97.55",
                            "21.83"
                        ],
                        [
                            "-97.69",
                            "21.48"
                        ]
                    ]
                ]
            },
            "properties": {
                "forecastId": null,
                "geometryId": null,
                "tag": "1C",
                "forecastHour": 0,
                "hazard": "FZLVL",
                "frequency": null,
                "severity": null,
                "status": "NRML",
                "base": null,
                "top": null,
                "fzlBase": null,
                "fzlTop": null,
                "level": "160",
                "product": "ZULU",
                "rawAirSigmet": null,
                "validTimeTo": "2026-08-14T09:00:00.000",
                "validTimeFrom": [
                    "2026-08-14T08:45"
                ]
            }
        },
        {
            "type": "Feature",
            "geometry": {
                "type": "Polygon",
                "coordinates": [
                    [
                        [
                            "-119.51",
                            "48.97"
                        ],
                        [
                            "-118.60",
                            "47.10"
                        ],
                        [
                            "-115.82",
                            "47.76"
                        ],
                        [
                            "-113.32",
                            "47.27"
                        ],
                        [
                            "-113.21",
                            "45.59"
                        ],
                        [
                            "-114.75",
                            "45.08"
                        ],
                        [
                            "-118.67",
                            "43.96"
                        ],
                        [
                            "-119.65",
                            "43.92"
                        ],
                        [
                            "-120.91",
                            "43.86"
                        ],
                        [
                            "-121.80",
                            "44.28"
                        ],
                        [
                            "-122.41",
                            "45.29"
                        ],
                        [
                            "-121.86",
                            "47.31"
                        ],
                        [
                            "-121.79",
                            "48.89"
                        ],
                        [
                            "-119.51",
                            "48.97"
                        ]
                    ]
                ]
            },
            "properties": {
                "forecastId": null,
                "geometryId": null,
                "tag": "3E",
                "forecastHour": 0,
                "hazard": "MT_OBSC",
                "frequency": null,
                "severity": null,
                "status": "NRML",
                "base": null,
                "top": null,
                "fzlBase": null,
                "fzlTop": null,
                "level": null,
                "product": "SIERRA",
                "rawAirSigmet": "FU HZ",
                "validTimeTo": "2026-08-14T09:00:00.000",
                "validTimeFrom": [
                    "2026-08-14T09:32"
                ]
            }
        },
        {
            "type": "Feature",
            "geometry": {
                "type": "Polygon",
                "coordinates": [
                    [
                        [
                            "-115.96",
                            "37.48"
                        ],
                        [
                            "-113.47",
                            "36.05"
                        ],
                        [
                            "-114.22",
                            "32.77"
                        ],
                        [
                            "-115.04",
                            "32.68"
                        ],
                        [
                            "-117.80",
                            "32.34"
                        ],
                        [
                            "-117.77",
                            "35.40"
                        ],
                        [
                            "-115.96",
                            "37.48"
                        ]
                    ]
                ]
            },
            "properties": {
                "forecastId": null,
                "geometryId": null,
                "tag": "3W",
                "forecastHour": 0,
                "hazard": "TURB-HI",
                "frequency": null,
                "severity": "MOD",
                "status": "NRML",
                "base": "280",
                "top": "380",
                "fzlBase": null,
                "fzlTop": null,
                "level": null,
                "product": "TANGO",
                "rawAirSigmet": null,
                "validTimeTo": "2026-08-14T09:00:00.000",
                "validTimeFrom": [
                    "2026-08-14T08:45"
                ]
            }
        },
        {
            "type": "Feature",
            "geometry": {
                "type": "Polygon",
                "coordinates": [
                    [
                        [
                            "-107.51",
                            "49.07"
                        ],
                        [
                            "-101.90",
                            "48.73"
                        ],
                        [
                            "-99.06",
                            "46.43"
                        ],
                        [
                            "-99.49",
                            "45.26"
                        ],
                        [
                            "-101.82",
                            "44.78"
                        ],
                        [
                            "-105.00",
                            "45.06"
                        ],
                        [
                            "-108.20",
                            "45.47"
                        ],
                        [
                            "-110.91",
                            "44.63"
                        ],
                        [
                            "-112.25",
                            "43.77"
                        ],
                        [
                            "-114.16",
                            "43.76"
                        ],
                        [
                            "-114.43",
                            "45.22"
                        ],
                        [
                            "-111.55",
                            "48.28"
                        ],
                        [
                            "-107.51",
                            "49.07"
                        ]
                    ]
                ]
            },
            "properties": {
                "forecastId": null,
                "geometryId": null,
                "tag": "2C",
                "forecastHour": 0,
                "hazard": "ICE",
                "frequency": null,
                "severity": "MOD",
                "status": "NRML",
                "base": "120",
                "top": "240",
                "fzlBase": null,
                "fzlTop": null,
                "level": null,
                "product": "ZULU",
                "rawAirSigmet": "ICE",
                "validTimeTo": "2026-08-14T09:00:00.000",
                "validTimeFrom": [
                    "2026-08-14T08:45"
                ]
            }
        },
        {
            "type": "Feature",
            "geometry": {
                "type": "Polygon",
                "coordinates": [
                    [
                        [
                            "-109.32",
                            "48.98"
                        ],
                        [
                            "-108.79",
                            "44.77"
                        ],
                        [
                            "-111.26",
                            "44.39"
                        ],
                        [
                            "-113.24",
                            "45.87"
                        ],
                        [
                            "-114.64",
                            "48.95"
                        ],
                        [
                            "-109.32",
                            "48.98"
                        ]
                    ]
                ]
            },
            "properties": {
                "forecastId": null,
                "geometryId": null,
                "tag": "4E",
                "forecastHour": 0,
                "hazard": "IFR",
                "frequency": null,
                "severity": null,
                "status": "NEW",
                "base": null,
                "top": null,
                "fzlBase": null,
                "fzlTop": null,
                "level": null,
                "product": "SIERRA",
                "rawAirSigmet": "CIG BLW 010",
                "validTimeTo": "2026-08-14T09:00:00.000",
                "validTimeFrom": [
                    "2026-08-14T09:32"
                ]
            }
        },
        {
            "type": "Feature",
            "geometry": {
                "type": "Polygon",
                "coordinates": [
                    [
                        [
                            "-105.64",
                            "41.46"
                        ],
                        [
                            "-104.72",
                            "41.42"
                        ],
                        [
                            "-103.55",
                            "37.28"
                        ],
                        [
                            "-104.33",
                            "37.07"
                        ],
                        [
                            "-106.43",
                            "37.02"
                        ],
                        [
                            "-107.53",
                            "37.29"
                        ],
                        [
                            "-108.06",
                            "37.70"
                        ],
                        [
                            "-108.19",
                            "38.93"
                        ],
                        [
                            "-107.89",
                            "39.93"
                        ],
                        [
                            "-106.83",
                            "40.76"
                        ],
                        [
                            "-105.64",
                            "41.46"
                        ]
                    ]
                ]
            },
            "properties": {
                "forecastId": null,
                "geometryId": null,
                "tag": "2E",
                "forecastHour": 0,
                "hazard": "MT_OBSC",
                "frequency": null,
                "severity": null,
                "status": "NRML",
                "base": null,
                "top": null,
                "fzlBase": null,
                "fzlTop": null,
                "level": null,
                "product": "SIERRA",
                "rawAirSigmet": "PCPN BR",
                "validTimeTo": "2026-08-14T09:00:00.000",
                "validTimeFrom": [
                    "2026-08-14T09:32"
                ]
            }
        },
        {
            "type": "Feature",
            "geometry": {
                "type": "Polygon",
                "coordinates": [
                    [
                        [
                            "-94.42",
                            "43.27"
                        ],
                        [
                            "-91.82",
                            "43.03"
                        ],
                        [
                            "-87.37",
                            "41.96"
                        ],
                        [
                            "-85.02",
                            "40.99"
                        ],
                        [
                            "-83.77",
                            "40.48"
                        ],
                        [
                            "-82.17",
                            "40.01"
                        ],
                        [
                            "-80.10",
                            "39.93"
                        ],
                        [
                            "-79.39",
                            "39.60"
                        ],
                        [
                            "-78.62",
                            "39.79"
                        ],
                        [
                            "-78.65",
                            "39.01"
                        ],
                        [
                            "-78.80",
                            "38.60"
                        ],
                        [
                            "-81.81",
                            "35.15"
                        ],
                        [
                            "-82.44",
                            "34.71"
                        ],
                        [
                            "-82.92",
                            "34.64"
                        ],
                        [
                            "-83.41",
                            "34.68"
                        ],
                        [
                            "-83.90",
                            "34.89"
                        ],
                        [
                            "-84.15",
                            "35.51"
                        ],
                        [
                            "-84.33",
                            "36.37"
                        ],
                        [
                            "-84.03",
                            "37.40"
                        ],
                        [
                            "-84.78",
                            "38.49"
                        ],
                        [
                            "-85.58",
                            "38.74"
                        ],
                        [
                            "-92.39",
                            "39.92"
                        ],
                        [
                            "-94.14",
                            "40.49"
                        ],
                        [
                            "-95.35",
                            "41.39"
                        ],
                        [
                            "-95.79",
                            "42.16"
                        ],
                        [
                            "-95.97",
                            "42.78"
                        ],
                        [
                            "-95.72",
                            "43.12"
                        ],
                        [
                            "-94.42",
                            "43.27"
                        ]
                    ]
                ]
            },
            "properties": {
                "forecastId": null,
                "geometryId": null,
                "tag": "1E",
                "forecastHour": 0,
                "hazard": "IFR",
                "frequency": null,
                "severity": null,
                "status": "NRML",
                "base": null,
                "top": null,
                "fzlBase": null,
                "fzlTop": null,
                "level": null,
                "product": "SIERRA",
                "rawAirSigmet": "CIG BLW 010 VIS BLW 3SM PCPN BR",
                "validTimeTo": "2026-08-14T09:00:00.000",
                "validTimeFrom": [
                    "2026-08-14T09:32"
                ]
            }
        },
        {
            "type": "Feature",
            "geometry": {
                "type": "LineString",
                "coordinates": [
                    [
                        "-77.27",
                        "59.70"
                    ],
                    [
                        "-75.06",
                        "58.40"
                    ],
                    [
                        "-72.97",
                        "57.12"
                    ],
                    [
                        "-72.04",
                        "56.19"
                    ],
                    [
                        "-72.46",
                        "55.31"
                    ],
                    [
                        "-73.86",
                        "54.27"
                    ],
                    [
                        "-75.10",
                        "53.55"
                    ],
                    [
                        "-77.33",
                        "52.40"
                    ],
                    [
                        "-79.82",
                        "51.43"
                    ],
                    [
                        "-79.71",
                        "50.52"
                    ],
                    [
                        "-78.64",
                        "50.05"
                    ],
                    [
                        "-77.15",
                        "49.63"
                    ],
                    [
                        "-74.62",
                        "49.41"
                    ],
                    [
                        "-71.87",
                        "49.48"
                    ],
                    [
                        "-71.08",
                        "49.79"
                    ],
                    [
                        "-70.06",
                        "50.55"
                    ],
                    [
                        "-68.60",
                        "51.47"
                    ],
                    [
                        "-67.80",
                        "51.70"
                    ],
                    [
                        "-65.36",
                        "52.24"
                    ],
                    [
                        "-62.05",
                        "53.63"
                    ],
                    [
                        "-59.18",
                        "54.19"
                    ]
                ]
            },
            "properties": {
                "forecastId": null,
                "geometryId": null,
                "tag": "1C",
                "forecastHour": 0,
                "hazard": "FZLVL",
                "frequency": null,
                "severity": null,
                "status": "NRML",
                "base": null,
                "top": null,
                "fzlBase": null,
                "fzlTop": null,
                "level": "080",
                "product": "ZULU",
                "rawAirSigmet": null,
                "validTimeTo": "2026-08-14T09:00:00.000",
                "validTimeFrom": [
                    "2026-08-14T08:45"
                ]
            }
        },
        {
            "type": "Feature",
            "geometry": {
                "type": "Polygon",
                "coordinates": [
                    [
                        [
                            "-95.69",
                            "49.11"
                        ],
                        [
                            "-92.83",
                            "48.38"
                        ],
                        [
                            "-90.28",
                            "48.13"
                        ],
                        [
                            "-88.40",
                            "48.37"
                        ],
                        [
                            "-86.96",
                            "47.77"
                        ],
                        [
                            "-88.10",
                            "47.38"
                        ],
                        [
                            "-91.18",
                            "46.35"
                        ],
                        [
                            "-92.27",
                            "45.68"
                        ],
                        [
                            "-93.93",
                            "44.64"
                        ],
                        [
                            "-95.78",
                            "42.53"
                        ],
                        [
                            "-97.55",
                            "42.54"
                        ],
                        [
                            "-99.80",
                            "42.56"
                        ],
                        [
                            "-102.34",
                            "42.14"
                        ],
                        [
                            "-103.34",
                            "41.49"
                        ],
                        [
                            "-104.11",
                            "40.80"
                        ],
                        [
                            "-104.36",
                            "39.51"
                        ],
                        [
                            "-104.39",
                            "38.31"
                        ],
                        [
                            "-104.83",
                            "37.83"
                        ],
                        [
                            "-105.59",
                            "37.83"
                        ],
                        [
                            "-106.36",
                            "39.63"
                        ],
                        [
                            "-105.42",
                            "43.84"
                        ],
                        [
                            "-103.51",
                            "46.23"
                        ],
                        [
                            "-102.43",
                            "47.93"
                        ],
                        [
                            "-101.93",
                            "49.05"
                        ],
                        [
                            "-99.11",
                            "49.06"
                        ],
                        [
                            "-95.69",
                            "49.11"
                        ]
                    ]
                ]
            },
            "properties": {
                "forecastId": null,
                "geometryId": null,
                "tag": "4W",
                "forecastHour": 0,
                "hazard": "TURB-HI",
                "frequency": null,
                "severity": "MOD",
                "status": "NRML",
                "base": "320",
                "top": "450",
                "fzlBase": null,
                "fzlTop": null,
                "level": null,
                "product": "TANGO",
                "rawAirSigmet": null,
                "validTimeTo": "2026-08-14T09:00:00.000",
                "validTimeFrom": [
                    "2026-08-14T08:45"
                ]
            }
        },
        {
            "type": "Feature",
            "geometry": {
                "type": "Polygon",
                "coordinates": [
                    [
                        [
                            "-104.50",
                            "44.38"
                        ],
                        [
                            "-102.25",
                            "44.38"
                        ],
                        [
                            "-101.07",
                            "44.25"
                        ],
                        [
                            "-100.22",
                            "43.51"
                        ],
                        [
                            "-98.78",
                            "42.92"
                        ],
                        [
                            "-96.62",
                            "42.98"
                        ],
                        [
                            "-96.10",
                            "42.63"
                        ],
                        [
                            "-94.31",
                            "40.57"
                        ],
                        [
                            "-96.36",
                            "40.17"
                        ],
                        [
                            "-97.95",
                            "39.85"
                        ],
                        [
                            "-101.80",
                            "39.21"
                        ],
                        [
                            "-103.26",
                            "38.87"
                        ],
                        [
                            "-104.44",
                            "38.75"
                        ],
                        [
                            "-105.57",
                            "39.58"
                        ],
                        [
                            "-105.59",
                            "41.10"
                        ],
                        [
                            "-106.06",
                            "43.70"
                        ],
                        [
                            "-105.61",
                            "44.22"
                        ],
                        [
                            "-104.50",
                            "44.38"
                        ]
                    ]
                ]
            },
            "properties": {
                "forecastId": null,
                "geometryId": null,
                "tag": "1E",
                "forecastHour": 0,
                "hazard": "IFR",
                "frequency": null,
                "severity": null,
                "status": "AMD",
                "base": null,
                "top": null,
                "fzlBase": null,
                "fzlTop": null,
                "level": null,
                "product": "SIERRA",
                "rawAirSigmet": "CIG BLW 010 VIS BLW 3SM PCPN BR",
                "validTimeTo": "2026-08-14T09:00:00.000",
                "validTimeFrom": [
                    "2026-08-14T09:32"
                ]
            }
        },
        {
            "type": "Feature",
            "geometry": {
                "type": "Polygon",
                "coordinates": [
                    [
                        [
                            "-106.99",
                            "45.00"
                        ],
                        [
                            "-105.97",
                            "44.58"
                        ],
                        [
                            "-108.01",
                            "42.60"
                        ],
                        [
                            "-108.73",
                            "42.23"
                        ],
                        [
                            "-110.44",
                            "42.64"
                        ],
                        [
                            "-111.06",
                            "43.33"
                        ],
                        [
                            "-111.19",
                            "44.40"
                        ],
                        [
                            "-110.32",
                            "44.54"
                        ],
                        [
                            "-106.99",
                            "45.00"
                        ]
                    ]
                ]
            },
            "properties": {
                "forecastId": null,
                "geometryId": null,
                "tag": "4E",
                "forecastHour": 0,
                "hazard": "IFR",
                "frequency": null,
                "severity": null,
                "status": "NRML",
                "base": null,
                "top": null,
                "fzlBase": null,
                "fzlTop": null,
                "level": null,
                "product": "SIERRA",
                "rawAirSigmet": "CIG BLW 010 VIS BLW 3SM PCPN BR",
                "validTimeTo": "2026-08-14T09:00:00.000",
                "validTimeFrom": [
                    "2026-08-14T09:32"
                ]
            }
        },
        {
            "type": "Feature",
            "geometry": {
                "type": "Polygon",
                "coordinates": [
                    [
                        [
                            "-95.27",
                            "26.12"
                        ],
                        [
                            "-95.63",
                            "24.90"
                        ],
                        [
                            "-95.83",
                            "24.30"
                        ],
                        [
                            "-96.14",
                            "23.11"
                        ],
                        [
                            "-96.08",
                            "22.48"
                        ],
                        [
                            "-94.95",
                            "21.74"
                        ],
                        [
                            "-94.34",
                            "21.49"
                        ],
                        [
                            "-93.09",
                            "21.24"
                        ],
                        [
                            "-92.36",
                            "21.54"
                        ],
                        [
                            "-92.02",
                            "22.37"
                        ],
                        [
                            "-92.03",
                            "23.00"
                        ],
                        [
                            "-92.33",
                            "24.32"
                        ],
                        [
                            "-92.66",
                            "25.02"
                        ],
                        [
                            "-93.20",
                            "25.76"
                        ],
                        [
                            "-93.96",
                            "26.54"
                        ],
                        [
                            "-94.63",
                            "26.80"
                        ],
                        [
                            "-95.27",
                            "26.12"
                        ]
                    ]
                ]
            },
            "properties": {
                "forecastId": null,
                "geometryId": null,
                "tag": "1C",
                "forecastHour": 0,
                "hazard": "FZLVL",
                "frequency": null,
                "severity": null,
                "status": "NRML",
                "base": null,
                "top": null,
                "fzlBase": null,
                "fzlTop": null,
                "level": "160",
                "product": "ZULU",
                "rawAirSigmet": null,
                "validTimeTo": "2026-08-14T09:00:00.000",
                "validTimeFrom": [
                    "2026-08-14T08:45"
                ]
            }
        },
        {
            "type": "Feature",
            "geometry": {
                "type": "LineString",
                "coordinates": [
                    [
                        "-151.05",
                        "43.04"
                    ],
                    [
                        "-150.33",
                        "42.53"
                    ],
                    [
                        "-149.49",
                        "42.11"
                    ],
                    [
                        "-148.89",
                        "41.93"
                    ],
                    [
                        "-148.45",
                        "41.84"
                    ],
                    [
                        "-147.43",
                        "41.84"
                    ],
                    [
                        "-146.80",
                        "41.98"
                    ],
                    [
                        "-146.39",
                        "42.07"
                    ],
                    [
                        "-145.54",
                        "42.47"
                    ],
                    [
                        "-144.83",
                        "42.98"
                    ],
                    [
                        "-144.28",
                        "43.56"
                    ],
                    [
                        "-144.23",
                        "43.61"
                    ],
                    [
                        "-143.64",
                        "44.27"
                    ],
                    [
                        "-143.14",
                        "45.01"
                    ],
                    [
                        "-142.97",
                        "45.26"
                    ],
                    [
                        "-142.63",
                        "45.77"
                    ],
                    [
                        "-142.18",
                        "46.60"
                    ],
                    [
                        "-142.16",
                        "46.65"
                    ],
                    [
                        "-141.88",
                        "47.60"
                    ],
                    [
                        "-141.84",
                        "47.76"
                    ],
                    [
                        "-141.84",
                        "48.71"
                    ],
                    [
                        "-141.87",
                        "48.86"
                    ],
                    [
                        "-141.86",
                        "49.66"
                    ],
                    [
                        "-141.94",
                        "50.20"
                    ]
                ]
            },
            "properties": {
                "forecastId": null,
                "geometryId": null,
                "tag": "1C",
                "forecastHour": 0,
                "hazard": "FZLVL",
                "frequency": null,
                "severity": null,
                "status": "NRML",
                "base": null,
                "top": null,
                "fzlBase": null,
                "fzlTop": null,
                "level": "120",
                "product": "ZULU",
                "rawAirSigmet": null,
                "validTimeTo": "2026-08-14T09:00:00.000",
                "validTimeFrom": [
                    "2026-08-14T08:45"
                ]
            }
        },
        {
            "type": "Feature",
            "geometry": {
                "type": "LineString",
                "coordinates": [
                    [
                        "-139.61",
                        "51.64"
                    ],
                    [
                        "-138.73",
                        "50.82"
                    ],
                    [
                        "-137.91",
                        "49.80"
                    ],
                    [
                        "-136.94",
                        "48.85"
                    ],
                    [
                        "-135.90",
                        "48.20"
                    ],
                    [
                        "-134.74",
                        "47.68"
                    ],
                    [
                        "-132.72",
                        "47.16"
                    ],
                    [
                        "-128.46",
                        "46.73"
                    ],
                    [
                        "-125.36",
                        "45.82"
                    ],
                    [
                        "-123.21",
                        "45.48"
                    ],
                    [
                        "-121.72",
                        "45.41"
                    ],
                    [
                        "-120.28",
                        "45.79"
                    ],
                    [
                        "-118.57",
                        "46.66"
                    ],
                    [
                        "-116.83",
                        "47.30"
                    ],
                    [
                        "-113.83",
                        "47.85"
                    ],
                    [
                        "-111.69",
                        "48.40"
                    ],
                    [
                        "-107.96",
                        "49.49"
                    ],
                    [
                        "-105.01",
                        "50.11"
                    ],
                    [
                        "-103.16",
                        "50.13"
                    ],
                    [
                        "-101.19",
                        "49.70"
                    ],
                    [
                        "-99.95",
                        "49.58"
                    ],
                    [
                        "-98.43",
                        "49.67"
                    ],
                    [
                        "-96.30",
                        "49.83"
                    ],
                    [
                        "-94.77",
                        "49.67"
                    ],
                    [
                        "-93.65",
                        "49.42"
                    ],
                    [
                        "-89.99",
                        "48.06"
                    ],
                    [
                        "-85.85",
                        "46.36"
                    ],
                    [
                        "-81.74",
                        "44.87"
                    ],
                    [
                        "-79.19",
                        "43.93"
                    ],
                    [
                        "-76.54",
                        "43.27"
                    ],
                    [
                        "-73.09",
                        "42.46"
                    ],
                    [
                        "-71.14",
                        "41.94"
                    ],
                    [
                        "-68.97",
                        "41.65"
                    ],
                    [
                        "-65.73",
                        "41.67"
                    ],
                    [
                        "-58.87",
                        "41.91"
                    ],
                    [
                        "-57.22",
                        "42.48"
                    ],
                    [
                        "-55.17",
                        "43.82"
                    ],
                    [
                        "-50.95",
                        "45.45"
                    ],
                    [
                        "-48.54",
                        "47.02"
                    ]
                ]
            },
            "properties": {
                "forecastId": null,
                "geometryId": null,
                "tag": "1C",
                "forecastHour": 0,
                "hazard": "FZLVL",
                "frequency": null,
                "severity": null,
                "status": "NRML",
                "base": null,
                "top": null,
                "fzlBase": null,
                "fzlTop": null,
                "level": "120",
                "product": "ZULU",
                "rawAirSigmet": null,
                "validTimeTo": "2026-08-14T09:00:00.000",
                "validTimeFrom": [
                    "2026-08-14T08:45"
                ]
            }
        },
        {
            "type": "Feature",
            "geometry": {
                "type": "Polygon",
                "coordinates": [
                    [
                        [
                            "-79.03",
                            "42.55"
                        ],
                        [
                            "-77.98",
                            "41.81"
                        ],
                        [
                            "-77.53",
                            "40.79"
                        ],
                        [
                            "-77.95",
                            "40.08"
                        ],
                        [
                            "-78.70",
                            "39.70"
                        ],
                        [
                            "-79.50",
                            "39.63"
                        ],
                        [
                            "-80.24",
                            "40.09"
                        ],
                        [
                            "-80.94",
                            "41.21"
                        ],
                        [
                            "-81.14",
                            "41.63"
                        ],
                        [
                            "-80.85",
                            "42.18"
                        ],
                        [
                            "-79.65",
                            "42.50"
                        ],
                        [
                            "-79.03",
                            "42.55"
                        ]
                    ]
                ]
            },
            "properties": {
                "forecastId": null,
                "geometryId": null,
                "tag": "7E",
                "forecastHour": 0,
                "hazard": "IFR",
                "frequency": null,
                "severity": null,
                "status": "NRML",
                "base": null,
                "top": null,
                "fzlBase": null,
                "fzlTop": null,
                "level": null,
                "product": "SIERRA",
                "rawAirSigmet": "CIG BLW 010 VIS BLW 3SM BR",
                "validTimeTo": "2026-08-14T09:00:00.000",
                "validTimeFrom": [
                    "2026-08-14T09:32"
                ]
            }
        },
        {
            "type": "Feature",
            "geometry": {
                "type": "Polygon",
                "coordinates": [
                    [
                        [
                            "-105.35",
                            "25.99"
                        ],
                        [
                            "-106.31",
                            "25.58"
                        ],
                        [
                            "-106.02",
                            "24.48"
                        ],
                        [
                            "-105.34",
                            "23.93"
                        ],
                        [
                            "-104.66",
                            "23.71"
                        ],
                        [
                            "-103.33",
                            "23.54"
                        ],
                        [
                            "-102.00",
                            "23.38"
                        ],
                        [
                            "-100.68",
                            "23.22"
                        ],
                        [
                            "-99.38",
                            "22.96"
                        ],
                        [
                            "-98.34",
                            "23.38"
                        ],
                        [
                            "-98.58",
                            "24.05"
                        ],
                        [
                            "-99.90",
                            "24.47"
                        ],
                        [
                            "-101.26",
                            "24.40"
                        ],
                        [
                            "-101.90",
                            "25.12"
                        ],
                        [
                            "-102.54",
                            "26.12"
                        ],
                        [
                            "-103.23",
                            "26.57"
                        ],
                        [
                            "-103.87",
                            "26.59"
                        ],
                        [
                            "-104.65",
                            "26.24"
                        ],
                        [
                            "-105.35",
                            "25.99"
                        ]
                    ]
                ]
            },
            "properties": {
                "forecastId": null,
                "geometryId": null,
                "tag": "1C",
                "forecastHour": 0,
                "hazard": "FZLVL",
                "frequency": null,
                "severity": null,
                "status": "NRML",
                "base": null,
                "top": null,
                "fzlBase": null,
                "fzlTop": null,
                "level": "160",
                "product": "ZULU",
                "rawAirSigmet": null,
                "validTimeTo": "2026-08-14T09:00:00.000",
                "validTimeFrom": [
                    "2026-08-14T08:45"
                ]
            }
        },
        {
            "type": "Feature",
            "geometry": {
                "type": "Polygon",
                "coordinates": [
                    [
                        [
                            "-70.39",
                            "46.03"
                        ],
                        [
                            "-68.26",
                            "45.11"
                        ],
                        [
                            "-66.94",
                            "44.44"
                        ],
                        [
                            "-66.95",
                            "42.21"
                        ],
                        [
                            "-69.21",
                            "42.47"
                        ],
                        [
                            "-74.21",
                            "45.00"
                        ],
                        [
                            "-72.16",
                            "45.04"
                        ],
                        [
                            "-71.31",
                            "45.07"
                        ],
                        [
                            "-70.88",
                            "45.30"
                        ],
                        [
                            "-70.39",
                            "46.03"
                        ]
                    ]
                ]
            },
            "properties": {
                "forecastId": null,
                "geometryId": null,
                "tag": "2W",
                "forecastHour": 0,
                "hazard": "TURB-HI",
                "frequency": null,
                "severity": "MOD",
                "status": "NRML",
                "base": "260",
                "top": "400",
                "fzlBase": null,
                "fzlTop": null,
                "level": null,
                "product": "TANGO",
                "rawAirSigmet": null,
                "validTimeTo": "2026-08-14T09:00:00.000",
                "validTimeFrom": [
                    "2026-08-14T08:45"
                ]
            }
        },
        {
            "type": "Feature",
            "geometry": {
                "type": "Polygon",
                "coordinates": [
                    [
                        [
                            "-102.58",
                            "36.49"
                        ],
                        [
                            "-100.74",
                            "36.21"
                        ],
                        [
                            "-100.49",
                            "35.76"
                        ],
                        [
                            "-100.72",
                            "34.62"
                        ],
                        [
                            "-101.04",
                            "33.49"
                        ],
                        [
                            "-101.79",
                            "32.79"
                        ],
                        [
                            "-102.92",
                            "32.45"
                        ],
                        [
                            "-103.94",
                            "32.58"
                        ],
                        [
                            "-104.20",
                            "33.63"
                        ],
                        [
                            "-104.04",
                            "35.11"
                        ],
                        [
                            "-102.58",
                            "36.49"
                        ]
                    ]
                ]
            },
            "properties": {
                "forecastId": null,
                "geometryId": null,
                "tag": "2W",
                "forecastHour": 0,
                "hazard": "LLWS",
                "frequency": null,
                "severity": null,
                "status": "NRML",
                "base": null,
                "top": null,
                "fzlBase": null,
                "fzlTop": null,
                "level": null,
                "product": "TANGO",
                "rawAirSigmet": "AIR SPEED LOSS OR GAIN OF 20KTS OR MORE BELOW 2000 FT AGL",
                "validTimeTo": "2026-08-14T09:00:00.000",
                "validTimeFrom": [
                    "2026-08-14T08:45"
                ]
            }
        },
        {
            "type": "Feature",
            "geometry": {
                "type": "Polygon",
                "coordinates": [
                    [
                        [
                            "-115.95",
                            "43.05"
                        ],
                        [
                            "-112.46",
                            "42.97"
                        ],
                        [
                            "-110.67",
                            "41.34"
                        ],
                        [
                            "-110.29",
                            "40.04"
                        ],
                        [
                            "-111.76",
                            "39.58"
                        ],
                        [
                            "-113.62",
                            "40.66"
                        ],
                        [
                            "-114.77",
                            "40.69"
                        ],
                        [
                            "-115.87",
                            "39.41"
                        ],
                        [
                            "-117.58",
                            "38.71"
                        ],
                        [
                            "-119.45",
                            "40.51"
                        ],
                        [
                            "-118.24",
                            "42.20"
                        ],
                        [
                            "-115.95",
                            "43.05"
                        ]
                    ]
                ]
            },
            "properties": {
                "forecastId": null,
                "geometryId": null,
                "tag": "1C",
                "forecastHour": 0,
                "hazard": "ICE",
                "frequency": null,
                "severity": "MOD",
                "status": "NRML",
                "base": "130",
                "top": "250",
                "fzlBase": null,
                "fzlTop": null,
                "level": null,
                "product": "ZULU",
                "rawAirSigmet": "ICE",
                "validTimeTo": "2026-08-14T09:00:00.000",
                "validTimeFrom": [
                    "2026-08-14T08:45"
                ]
            }
        },
        {
            "type": "Feature",
            "geometry": {
                "type": "Polygon",
                "coordinates": [
                    [
                        [
                            "-124.61",
                            "48.35"
                        ],
                        [
                            "-123.92",
                            "47.45"
                        ],
                        [
                            "-123.20",
                            "47.33"
                        ],
                        [
                            "-123.20",
                            "46.79"
                        ],
                        [
                            "-123.45",
                            "45.53"
                        ],
                        [
                            "-123.78",
                            "44.58"
                        ],
                        [
                            "-123.41",
                            "43.85"
                        ],
                        [
                            "-123.43",
                            "43.41"
                        ],
                        [
                            "-123.67",
                            "43.12"
                        ],
                        [
                            "-123.96",
                            "42.88"
                        ],
                        [
                            "-124.16",
                            "42.75"
                        ],
                        [
                            "-124.42",
                            "42.86"
                        ],
                        [
                            "-124.14",
                            "44.61"
                        ],
                        [
                            "-124.20",
                            "46.95"
                        ],
                        [
                            "-124.61",
                            "48.35"
                        ]
                    ]
                ]
            },
            "properties": {
                "forecastId": null,
                "geometryId": null,
                "tag": "5E",
                "forecastHour": 0,
                "hazard": "MT_OBSC",
                "frequency": null,
                "severity": null,
                "status": "NRML",
                "base": null,
                "top": null,
                "fzlBase": null,
                "fzlTop": null,
                "level": null,
                "product": "SIERRA",
                "rawAirSigmet": "MTNS OBSC BY CLDS BR",
                "validTimeTo": "2026-08-14T09:00:00.000",
                "validTimeFrom": [
                    "2026-08-14T09:32"
                ]
            }
        },
        {
            "type": "Feature",
            "geometry": {
                "type": "Polygon",
                "coordinates": [
                    [
                        [
                            "-79.30",
                            "42.09"
                        ],
                        [
                            "-76.95",
                            "40.50"
                        ],
                        [
                            "-78.70",
                            "38.04"
                        ],
                        [
                            "-79.91",
                            "36.62"
                        ],
                        [
                            "-81.86",
                            "35.27"
                        ],
                        [
                            "-83.70",
                            "35.53"
                        ],
                        [
                            "-85.02",
                            "36.74"
                        ],
                        [
                            "-82.15",
                            "38.73"
                        ],
                        [
                            "-80.94",
                            "40.00"
                        ],
                        [
                            "-79.30",
                            "42.09"
                        ]
                    ]
                ]
            },
            "properties": {
                "forecastId": null,
                "geometryId": null,
                "tag": "1E",
                "forecastHour": 0,
                "hazard": "MT_OBSC",
                "frequency": null,
                "severity": null,
                "status": "NRML",
                "base": null,
                "top": null,
                "fzlBase": null,
                "fzlTop": null,
                "level": null,
                "product": "SIERRA",
                "rawAirSigmet": "PCPN BR",
                "validTimeTo": "2026-08-14T09:00:00.000",
                "validTimeFrom": [
                    "2026-08-14T09:32"
                ]
            }
        }
    ],
    "metadata": {
        "creationTime": "2026-08-14T10:11"
    }
}