{
    "type": "FeatureCollection",
    "features": [
        {
            "type": "Feature",
            "geometry": {
                "type": "Polygon",
                "coordinates": [
                    [
                        [
                            "-108.19",
                            "36.60"
                        ],
                        [
                            "-107.25",
                            "36.38"
                        ],
                        [
                            "-107.19",
                            "34.33"
                        ],
                        [
                            "-107.27",
                            "33.30"
                        ],
                        [
                            "-108.25",
                            "32.95"
                        ],
                        [
                            "-109.22",
                            "33.66"
                        ],
                        [
                            "-109.68",
                            "34.45"
                        ],
                        [
                            "-109.29",
                            "35.96"
                        ],
                        [
                            "-108.19",
                            "36.60"
                        ]
                    ]
                ]
            },
            "properties": {
                "forecastId": null,
                "geometryId": null,
                "tag": "2C",
                "forecastHour": 3,
                "hazard": "ICE",
                "frequency": null,
                "severity": "MOD",
                "status": "NRML",
                "base": "180",
                "top": "250",
                "fzlBase": null,
                "fzlTop": null,
                "level": null,
                "product": "ZULU",
                "rawAirSigmet": "ICE",
                "validTimeTo": "2026-08-17T12:00:00.000",
                "validTimeFrom": [
                    "2026-08-17T11:01"
                ]
            }
        },
        {
            "type": "Feature",
            "geometry": {
                "type": "LineString",
                "coordinates": [
                    [
                        "-132.16",
                        "55.23"
                    ],
                    [
                        "-132.05",
                        "53.93"
                    ],
                    [
                        "-130.53",
                        "54.45"
                    ],
                    [
                        "-128.73",
                        "54.99"
                    ],
                    [
                        "-127.23",
                        "54.36"
                    ],
                    [
                        "-126.04",
                        "53.45"
                    ],
                    [
                        "-125.16",
                        "52.10"
                    ],
                    [
                        "-124.14",
                        "51.28"
                    ],
                    [
                        "-122.54",
                        "50.87"
                    ],
                    [
                        "-120.72",
                        "50.36"
                    ],
                    [
                        "-118.77",
                        "50.24"
                    ],
                    [
                        "-116.86",
                        "50.22"
                    ],
                    [
                        "-114.56",
                        "50.37"
                    ],
                    [
                        "-112.52",
                        "50.14"
                    ],
                    [
                        "-110.97",
                        "49.64"
                    ],
                    [
                        "-109.61",
                        "49.09"
                    ],
                    [
                        "-108.10",
                        "48.64"
                    ],
                    [
                        "-106.14",
                        "48.25"
                    ],
                    [
                        "-104.08",
                        "48.05"
                    ],
                    [
                        "-102.25",
                        "48.05"
                    ],
                    [
                        "-101.35",
                        "47.81"
                    ],
                    [
                        "-101.17",
                        "47.14"
                    ],
                    [
                        "-100.17",
                        "46.84"
                    ],
                    [
                        "-98.82",
                        "46.92"
                    ],
                    [
                        "-97.53",
                        "46.34"
                    ],
                    [
                        "-96.95",
                        "46.20"
                    ],
                    [
                        "-96.25",
                        "46.49"
                    ],
                    [
                        "-95.17",
                        "47.23"
                    ],
                    [
                        "-93.42",
                        "47.84"
                    ],
                    [
                        "-91.94",
                        "48.21"
                    ],
                    [
                        "-88.44",
                        "48.84"
                    ],
                    [
                        "-87.16",
                        "48.98"
                    ],
                    [
                        "-85.74",
                        "48.92"
                    ],
                    [
                        "-83.49",
                        "48.70"
                    ],
                    [
                        "-79.79",
                        "49.17"
                    ],
                    [
                        "-78.51",
                        "49.14"
                    ],
                    [
                        "-77.12",
                        "48.92"
                    ],
                    [
                        "-75.94",
                        "48.75"
                    ],
                    [
                        "-74.85",
                        "48.81"
                    ],
                    [
                        "-73.01",
                        "48.98"
                    ],
                    [
                        "-70.69",
                        "48.77"
                    ],
                    [
                        "-68.53",
                        "48.57"
                    ],
                    [
                        "-67.26",
                        "48.02"
                    ],
                    [
                        "-65.39",
                        "46.17"
                    ],
                    [
                        "-64.60",
                        "45.52"
                    ],
                    [
                        "-64.35",
                        "44.65"
                    ],
                    [
                        "-63.76",
                        "43.93"
                    ],
                    [
                        "-62.30",
                        "43.49"
                    ]
                ]
            },
            "properties": {
                "forecastId": null,
                "geometryId": null,
                "tag": "1C",
                "forecastHour": 3,
                "hazard": "FZLVL",
                "frequency": null,
                "severity": null,
                "status": "NRML",
                "base": null,
                "top": null,
                "fzlBase": null,
                "fzlTop": null,
                "level": "120",
                "product": "ZULU",
                "rawAirSigmet": null,
                "validTimeTo": "2026-08-17T12:00:00.000",
                "validTimeFrom": [
                    "2026-08-17T11:01"
                ]
            }
        },
        {
            "type": "Feature",
            "geometry": {
                "type": "LineString",
                "coordinates": [
                    [
                        "-68.29",
                        "20.92"
                    ],
                    [
                        "-68.66",
                        "21.07"
                    ],
                    [
                        "-69.02",
                        "21.23"
                    ],
                    [
                        "-69.38",
                        "21.42"
                    ],
                    [
                        "-69.49",
                        "21.50"
                    ],
                    [
                        "-69.73",
                        "21.66"
                    ],
                    [
                        "-70.09",
                        "21.85"
                    ],
                    [
                        "-70.46",
                        "22.02"
                    ],
                    [
                        "-70.52",
                        "22.04"
                    ],
                    [
                        "-70.82",
                        "22.24"
                    ],
                    [
                        "-71.17",
                        "22.47"
                    ],
                    [
                        "-71.31",
                        "22.55"
                    ],
                    [
                        "-71.11",
                        "22.81"
                    ],
                    [
                        "-71.08",
                        "22.88"
                    ],
                    [
                        "-70.71",
                        "23.19"
                    ],
                    [
                        "-70.62",
                        "23.26"
                    ],
                    [
                        "-70.19",
                        "23.36"
                    ],
                    [
                        "-69.83",
                        "23.15"
                    ],
                    [
                        "-69.72",
                        "23.02"
                    ],
                    [
                        "-69.51",
                        "22.77"
                    ],
                    [
                        "-69.38",
                        "22.59"
                    ],
                    [
                        "-69.20",
                        "22.32"
                    ],
                    [
                        "-69.06",
                        "22.16"
                    ],
                    [
                        "-68.88",
                        "21.90"
                    ],
                    [
                        "-68.58",
                        "21.70"
                    ],
                    [
                        "-68.54",
                        "21.64"
                    ],
                    [
                        "-68.17",
                        "21.50"
                    ]
                ]
            },
            "properties": {
                "forecastId": null,
                "geometryId": null,
                "tag": "1C",
                "forecastHour": 3,
                "hazard": "FZLVL",
                "frequency": null,
                "severity": null,
                "status": "NRML",
                "base": null,
                "top": null,
                "fzlBase": null,
                "fzlTop": null,
                "level": "160",
                "product": "ZULU",
                "rawAirSigmet": null,
                "validTimeTo": "2026-08-17T12:00:00.000",
                "validTimeFrom": [
                    "2026-08-17T11:01"
                ]
            }
        },
        {
            "type": "Feature",
            "geometry": {
                "type": "Polygon",
                "coordinates": [
                    [
                        [
                            "-121.61",
                            "48.95"
                        ],
                        [
                            "-116.37",
                            "48.94"
                        ],
                        [
                            "-118.34",
                            "48.56"
                        ],
                        [
                            "-119.37",
                            "48.75"
                        ],
                        [
                            "-119.35",
                            "48.26"
                        ],
                        [
                            "-119.49",
                            "48.03"
                        ],
                        [
                            "-119.38",
                            "47.57"
                        ],
                        [
                            "-118.85",
                            "47.15"
                        ],
                        [
                            "-119.07",
                            "46.86"
                        ],
                        [
                            "-119.80",
                            "46.80"
                        ],
                        [
                            "-120.67",
                            "47.65"
                        ],
                        [
                            "-121.61",
                            "48.95"
                        ]
                    ]
                ]
            },
            "properties": {
                "forecastId": null,
                "geometryId": null,
                "tag": "2E",
                "forecastHour": 3,
                "hazard": "MT_OBSC",
                "frequency": null,
                "severity": null,
                "status": "NRML",
                "base": null,
                "top": null,
                "fzlBase": null,
                "fzlTop": null,
                "level": null,
                "product": "SIERRA",
                "rawAirSigmet": "FU HZ",
                "validTimeTo": "2026-08-17T12:00:00.000",
                "validTimeFrom": [
                    "2026-08-17T11:27"
                ]
            }
        },
        {
            "type": "Feature",
            "geometry": {
                "type": "Polygon",
                "coordinates": [
                    [
                        [
                            "-82.97",
                            "31.42"
                        ],
                        [
                            "-81.27",
                            "31.29"
                        ],
                        [
                            "-80.82",
                            "30.16"
                        ],
                        [
                            "-82.58",
                            "30.14"
                        ],
                        [
                            "-83.80",
                            "30.44"
                        ],
                        [
                            "-84.07",
                            "30.76"
                        ],
                        [
                            "-82.97",
                            "31.42"
                        ]
                    ]
                ]
            },
            "properties": {
                "forecastId": null,
                "geometryId": null,
                "tag": "1W",
                "forecastHour": 3,
                "hazard": "ICE",
                "frequency": null,
                "severity": "MOD",
                "status": "NEW",
                "base": "170",
                "top": "220",
                "fzlBase": null,
                "fzlTop": null,
                "level": null,
                "product": "ZULU",
                "rawAirSigmet": "ICE",
                "validTimeTo": "2026-08-17T12:00:00.000",
                "validTimeFrom": [
                    "2026-08-17T11:01"
                ]
            }
        },
        {
            "type": "Feature",
            "geometry": {
                "type": "Polygon",
                "coordinates": [
                    [
                        [
                            "-67.41",
                            "45.34"
                        ],
                        [
                            "-67.01",
                            "44.87"
                        ],
                        [
                            "-66.96",
                            "42.01"
                        ],
                        [
                            "-66.99",
                            "38.97"
                        ],
                        [
                            "-69.96",
                            "38.29"
                        ],
                        [
                            "-71.03",
                            "39.77"
                        ],
                        [
                            "-68.82",
                            "41.60"
                        ],
                        [
                            "-69.50",
                            "44.01"
                        ],
                        [
                            "-68.41",
                            "45.03"
                        ],
                        [
                            "-67.41",
                            "45.34"
                        ]
                    ]
                ]
            },
            "properties": {
                "forecastId": null,
                "geometryId": null,
                "tag": "3C",
                "forecastHour": 3,
                "hazard": "ICE",
                "frequency": null,
                "severity": "MOD",
                "status": "NRML",
                "base": "170",
                "top": "250",
                "fzlBase": null,
                "fzlTop": null,
                "level": null,
                "product": "ZULU",
                "rawAirSigmet": "ICE",
                "validTimeTo": "2026-08-17T12:00:00.000",
                "validTimeFrom": [
                    "2026-08-17T11:01"
                ]
            }
        },
        {
            "type": "Feature",
            "geometry": {
                "type": "Polygon",
                "coordinates": [
                    [
                        [
                            "-111.47",
                            "43.14"
                        ],
                        [
                            "-109.77",
                            "42.31"
                        ],
                        [
                            "-109.82",
                            "41.08"
                        ],
                        [
                            "-110.54",
                            "40.58"
                        ],
                        [
                            "-112.55",
                            "42.23"
                        ],
                        [
                            "-111.47",
                            "43.14"
                        ]
                    ]
                ]
            },
            "properties": {
                "forecastId": null,
                "geometryId": null,
                "tag": "1C",
                "forecastHour": 3,
                "hazard": "ICE",
                "frequency": null,
                "severity": "MOD",
                "status": "NRML",
                "base": "170",
                "top": "210",
                "fzlBase": null,
                "fzlTop": null,
                "level": null,
                "product": "ZULU",
                "rawAirSigmet": "ICE",
                "validTimeTo": "2026-08-17T12:00:00.000",
                "validTimeFrom": [
                    "2026-08-17T11:01"
                ]
            }
        },
        {
            "type": "Feature",
            "geometry": {
                "type": "Polygon",
                "coordinates": [
                    [
                        [
                            "-113.20",
                            "46.17"
                        ],
                        [
                            "-109.77",
                            "45.40"
                        ],
                        [
                            "-107.03",
                            "44.24"
                        ],
                        [
                            "-105.79",
                            "42.15"
                        ],
                        [
                            "-105.99",
                            "39.80"
                        ],
                        [
                            "-104.97",
                            "38.96"
                        ],
                        [
                            "-104.17",
                            "37.35"
                        ],
                        [
                            "-106.18",
                            "35.94"
                        ],
                        [
                            "-108.98",
                            "34.70"
                        ],
                        [
                            "-109.87",
                            "35.86"
                        ],
                        [
                            "-109.71",
                            "37.26"
                        ],
                        [
                            "-109.36",
                            "39.56"
                        ],
                        [
                            "-110.20",
                            "41.29"
                        ],
                        [
                            "-113.60",
                            "42.22"
                        ],
                        [
                            "-118.74",
                            "41.07"
                        ],
                        [
                            "-121.60",
                            "39.39"
                        ],
                        [
                            "-122.95",
                            "37.68"
                        ],
                        [
                            "-123.80",
                            "35.33"
                        ],
                        [
                            "-127.00",
                            "39.72"
                        ],
                        [
                            "-126.81",
                            "42.74"
                        ],
                        [
                            "-124.92",
                            "44.26"
                        ],
                        [
                            "-121.71",
                            "45.49"
                        ],
                        [
                            "-118.06",
                            "46.13"
                        ],
                        [
                            "-113.20",
                            "46.17"
                        ]
                    ]
                ]
            },
            "properties": {
                "forecastId": null,
                "geometryId": null,
                "tag": "1W",
                "forecastHour": 3,
                "hazard": "TURB-HI",
                "frequency": null,
                "severity": "MOD",
                "status": "NRML",
                "base": "280",
                "top": "430",
                "fzlBase": null,
                "fzlTop": null,
                "level": null,
                "product": "TANGO",
                "rawAirSigmet": null,
                "validTimeTo": "2026-08-17T12:00:00.000",
                "validTimeFrom": [
                    "2026-08-17T08:45"
                ]
            }
        },
        {
            "type": "Feature",
            "geometry": {
                "type": "Polygon",
                "coordinates": [
                    [
                        [
                            "-105.86",
                            "39.36"
                        ],
                        [
                            "-105.55",
                            "39.18"
                        ],
                        [
                            "-105.36",
                            "38.40"
                        ],
                        [
                            "-105.15",
                            "37.98"
                        ],
                        [
                            "-105.34",
                            "37.86"
                        ],
                        [
                            "-105.59",
                            "38.09"
                        ],
                        [
                            "-106.06",
                            "38.27"
                        ],
                        [
                            "-106.39",
                            "38.38"
                        ],
                        [
                            "-106.47",
                            "38.53"
                        ],
                        [
                            "-106.47",
                            "38.87"
                        ],
                        [
                            "-106.47",
                            "39.33"
                        ],
                        [
                            "-105.86",
                            "39.36"
                        ]
                    ]
                ]
            },
            "properties": {
                "forecastId": null,
                "geometryId": null,
                "tag": "7E",
                "forecastHour": 3,
                "hazard": "IFR",
                "frequency": null,
                "severity": null,
                "status": "NRML",
                "base": null,
                "top": null,
                "fzlBase": null,
                "fzlTop": null,
                "level": null,
                "product": "SIERRA",
                "rawAirSigmet": "CIG BLW 010 VIS BLW 3SM BR FG",
                "validTimeTo": "2026-08-17T12:00:00.000",
                "validTimeFrom": [
                    "2026-08-17T11:27"
                ]
            }
        },
        {
            "type": "Feature",
            "geometry": {
                "type": "LineString",
                "coordinates": [
                    [
                        "-127.36",
                        "21.14"
                    ],
                    [
                        "-125.42",
                        "23.06"
                    ],
                    [
                        "-123.60",
                        "24.36"
                    ],
                    [
                        "-123.05",
                        "25.21"
                    ],
                    [
                        "-122.62",
                        "26.29"
                    ],
                    [
                        "-122.82",
                        "27.01"
                    ],
                    [
                        "-124.06",
                        "27.16"
                    ],
                    [
                        "-124.82",
                        "27.45"
                    ],
                    [
                        "-124.35",
                        "28.13"
                    ],
                    [
                        "-123.01",
                        "28.53"
                    ],
                    [
                        "-122.20",
                        "29.30"
                    ],
                    [
                        "-122.10",
                        "30.29"
                    ],
                    [
                        "-122.71",
                        "32.64"
                    ],
                    [
                        "-122.83",
                        "35.13"
                    ],
                    [
                        "-122.24",
                        "36.37"
                    ],
                    [
                        "-121.12",
                        "37.08"
                    ],
                    [
                        "-119.90",
                        "37.50"
                    ],
                    [
                        "-118.25",
                        "37.70"
                    ],
                    [
                        "-117.09",
                        "37.45"
                    ],
                    [
                        "-115.79",
                        "36.97"
                    ],
                    [
                        "-111.66",
                        "34.50"
                    ],
                    [
                        "-110.31",
                        "34.24"
                    ],
                    [
                        "-109.35",
                        "33.49"
                    ],
                    [
                        "-108.56",
                        "32.76"
                    ],
                    [
                        "-108.08",
                        "31.61"
                    ],
                    [
                        "-109.15",
                        "29.75"
                    ],
                    [
                        "-107.04",
                        "28.36"
                    ],
                    [
                        "-106.52",
                        "27.49"
                    ],
                    [
                        "-106.78",
                        "26.35"
                    ],
                    [
                        "-107.58",
                        "25.72"
                    ],
                    [
                        "-108.13",
                        "25.36"
                    ],
                    [
                        "-108.05",
                        "24.65"
                    ],
                    [
                        "-107.52",
                        "24.46"
                    ],
                    [
                        "-106.71",
                        "24.66"
                    ],
                    [
                        "-105.58",
                        "24.83"
                    ],
                    [
                        "-104.00",
                        "24.60"
                    ],
                    [
                        "-103.43",
                        "24.93"
                    ],
                    [
                        "-103.11",
                        "25.65"
                    ],
                    [
                        "-102.32",
                        "27.34"
                    ],
                    [
                        "-102.09",
                        "28.79"
                    ],
                    [
                        "-101.60",
                        "29.77"
                    ],
                    [
                        "-101.41",
                        "31.06"
                    ],
                    [
                        "-100.23",
                        "31.62"
                    ],
                    [
                        "-97.52",
                        "32.45"
                    ],
                    [
                        "-95.88",
                        "34.28"
                    ],
                    [
                        "-95.19",
                        "35.03"
                    ],
                    [
                        "-95.43",
                        "35.70"
                    ],
                    [
                        "-94.89",
                        "36.07"
                    ],
                    [
                        "-93.70",
                        "36.75"
                    ],
                    [
                        "-93.59",
                        "37.77"
                    ],
                    [
                        "-93.71",
                        "39.06"
                    ],
                    [
                        "-92.83",
                        "39.25"
                    ],
                    [
                        "-91.81",
                        "39.09"
                    ],
                    [
                        "-90.26",
                        "39.23"
                    ],
                    [
                        "-89.47",
                        "40.25"
                    ],
                    [
                        "-88.48",
                        "40.67"
                    ],
                    [
                        "-87.16",
                        "40.45"
                    ],
                    [
                        "-86.20",
                        "39.77"
                    ],
                    [
                        "-85.54",
                        "38.76"
                    ],
                    [
                        "-85.41",
                        "38.28"
                    ],
                    [
                        "-84.32",
                        "38.07"
                    ],
                    [
                        "-83.09",
                        "38.52"
                    ],
                    [
                        "-81.36",
                        "38.50"
                    ],
                    [
                        "-80.66",
                        "38.34"
                    ],
                    [
                        "-80.30",
                        "37.87"
                    ],
                    [
                        "-80.25",
                        "36.70"
                    ],
                    [
                        "-79.53",
                        "35.75"
                    ],
                    [
                        "-78.75",
                        "35.00"
                    ],
                    [
                        "-77.57",
                        "34.57"
                    ],
                    [
                        "-76.54",
                        "34.61"
                    ],
                    [
                        "-75.80",
                        "34.88"
                    ],
                    [
                        "-74.67",
                        "35.28"
                    ],
                    [
                        "-73.89",
                        "36.17"
                    ],
                    [
                        "-73.13",
                        "36.31"
                    ],
                    [
                        "-72.25",
                        "36.13"
                    ],
                    [
                        "-70.59",
                        "35.80"
                    ],
                    [
                        "-69.16",
                        "35.97"
                    ],
                    [
                        "-67.44",
                        "37.51"
                    ],
                    [
                        "-66.72",
                        "37.68"
                    ],
                    [
                        "-65.72",
                        "37.59"
                    ],
                    [
                        "-64.26",
                        "37.24"
                    ]
                ]
            },
            "properties": {
                "forecastId": null,
                "geometryId": null,
                "tag": "1C",
                "forecastHour": 3,
                "hazard": "FZLVL",
                "frequency": null,
                "severity": null,
                "status": "NRML",
                "base": null,
                "top": null,
                "fzlBase": null,
                "fzlTop": null,
                "level": "160",
                "product": "ZULU",
                "rawAirSigmet": null,
                "validTimeTo": "2026-08-17T12:00:00.000",
                "validTimeFrom": [
                    "2026-08-17T11:01"
                ]
            }
        },
        {
            "type": "Feature",
            "geometry": {
                "type": "Polygon",
                "coordinates": [
                    [
                        [
                            "-121.31",
                            "35.65"
                        ],
                        [
                            "-120.58",
                            "35.29"
                        ],
                        [
                            "-119.95",
                            "34.70"
                        ],
                        [
                            "-119.94",
                            "34.57"
                        ],
                        [
                            "-119.96",
                            "34.36"
                        ],
                        [
                            "-120.49",
                            "34.43"
                        ],
                        [
                            "-121.31",
                            "35.65"
                        ]
                    ]
                ]
            },
            "properties": {
                "forecastId": null,
                "geometryId": null,
                "tag": "5E",
                "forecastHour": 3,
                "hazard": "MT_OBSC",
                "frequency": null,
                "severity": null,
                "status": "AMD",
                "base": null,
                "top": null,
                "fzlBase": null,
                "fzlTop": null,
                "level": null,
                "product": "SIERRA",
                "rawAirSigmet": "MTNS OBSC BY CLDS BR FU",
                "validTimeTo": "2026-08-17T12:00:00.000",
                "validTimeFrom": [
                    "2026-08-17T11:27"
                ]
            }
        },
        {
            "type": "Feature",
            "geometry": {
                "type": "LineString",
                "coordinates": [
                    [
                        "-78.15",
                        "57.81"
                    ],
                    [
                        "-78.51",
                        "57.53"
                    ],
                    [
                        "-78.70",
                        "57.45"
                    ],
                    [
                        "-78.96",
                        "57.26"
                    ],
                    [
                        "-79.19",
                        "56.97"
                    ],
                    [
                        "-79.12",
                        "56.65"
                    ],
                    [
                        "-78.91",
                        "56.48"
                    ],
                    [
                        "-78.37",
                        "56.40"
                    ],
                    [
                        "-77.80",
                        "56.49"
                    ],
                    [
                        "-77.28",
                        "56.32"
                    ],
                    [
                        "-77.22",
                        "56.22"
                    ],
                    [
                        "-77.00",
                        "55.89"
                    ],
                    [
                        "-76.86",
                        "55.77"
                    ],
                    [
                        "-76.51",
                        "55.54"
                    ],
                    [
                        "-76.37",
                        "55.49"
                    ],
                    [
                        "-75.83",
                        "55.44"
                    ],
                    [
                        "-75.66",
                        "55.47"
                    ],
                    [
                        "-75.25",
                        "55.55"
                    ],
                    [
                        "-74.66",
                        "55.69"
                    ],
                    [
                        "-74.64",
                        "55.70"
                    ],
                    [
                        "-74.05",
                        "55.90"
                    ],
                    [
                        "-73.94",
                        "55.95"
                    ],
                    [
                        "-73.51",
                        "56.23"
                    ],
                    [
                        "-73.36",
                        "56.37"
                    ],
                    [
                        "-73.21",
                        "56.51"
                    ],
                    [
                        "-73.03",
                        "56.80"
                    ],
                    [
                        "-72.98",
                        "57.10"
                    ],
                    [
                        "-72.98",
                        "57.41"
                    ]
                ]
            },
            "properties": {
                "forecastId": null,
                "geometryId": null,
                "tag": "1C",
                "forecastHour": 3,
                "hazard": "FZLVL",
                "frequency": null,
                "severity": null,
                "status": "NRML",
                "base": null,
                "top": null,
                "fzlBase": null,
                "fzlTop": null,
                "level": "080",
                "product": "ZULU",
                "rawAirSigmet": null,
                "validTimeTo": "2026-08-17T12:00:00.000",
                "validTimeFrom": [
                    "2026-08-17T11:01"
                ]
            }
        },
        {
            "type": "Feature",
            "geometry": {
                "type": "Polygon",
                "coordinates": [
                    [
                        [
                            "-96.89",
                            "30.31"
                        ],
                        [
                            "-96.56",
                            "30.31"
                        ],
                        [
                            "-96.42",
                            "29.88"
                        ],
                        [
                            "-96.14",
                            "29.61"
                        ],
                        [
                            "-95.91",
                            "29.19"
                        ],
                        [
                            "-96.08",
                            "29.10"
                        ],
                        [
                            "-96.56",
                            "28.96"
                        ],
                        [
                            "-96.47",
                            "28.45"
                        ],
                        [
                            "-96.70",
                            "28.24"
                        ],
                        [
                            "-97.01",
                            "28.33"
                        ],
                        [
                            "-97.17",
                            "28.15"
                        ],
                        [
                            "-97.34",
                            "28.01"
                        ],
                        [
                            "-97.44",
                            "27.71"
                        ],
                        [
                            "-97.67",
                            "27.65"
                        ],
                        [
                            "-99.02",
                            "29.11"
                        ],
                        [
                            "-98.65",
                            "29.21"
                        ],
                        [
                            "-97.93",
                            "29.25"
                        ],
                        [
                            "-97.32",
                            "29.59"
                        ],
                        [
                            "-97.32",
                            "29.81"
                        ],
                        [
                            "-97.10",
                            "30.14"
                        ],
                        [
                            "-96.89",
                            "30.31"
                        ]
                    ]
                ]
            },
            "properties": {
                "forecastId": null,
                "geometryId": null,
                "tag": "4E",
                "forecastHour": 3,
                "hazard": "IFR",
                "frequency": null,
                "severity": null,
                "status": "NRML",
                "base": null,
                "top": null,
                "fzlBase": null,
                "fzlTop": null,
                "level": null,
                "product": "SIERRA",
                "rawAirSigmet": "CIG BLW 010 VIS BLW 3SM BR FG",
                "validTimeTo": "2026-08-17T12:00:00.000",
                "validTimeFrom": [
                    "2026-08-17T11:27"
                ]
            }
        },
        {
            "type": "Feature",
            "geometry": {
                "type": "Polygon",
                "coordinates": [
                    [
                        [
                            "-122.90",
                            "38.64"
                        ],
                        [
                            "-122.73",
                            "38.59"
                        ],
                        [
                            "-122.44",
                            "38.51"
                        ],
                        [
                            "-122.18",
                            "38.28"
                        ],
                        [
                            "-122.32",
                            "38.09"
                        ],
                        [
                            "-122.61",
                            "37.96"
                        ],
                        [
                            "-122.24",
                            "37.76"
                        ],
                        [
                            "-122.02",
                            "37.64"
                        ],
                        [
                            "-122.06",
                            "37.40"
                        ],
                        [
                            "-122.28",
                            "37.23"
                        ],
                        [
                            "-122.07",
                            "36.98"
                        ],
                        [
                            "-121.69",
                            "37.15"
                        ],
                        [
                            "-121.54",
                            "37.16"
                        ],
                        [
                            "-121.32",
                            "37.02"
                        ],
                        [
                            "-121.29",
                            "36.82"
                        ],
                        [
                            "-121.56",
                            "36.51"
                        ],
                        [
                            "-121.82",
                            "36.41"
                        ],
                        [
                            "-122.29",
                            "37.12"
                        ],
                        [
                            "-122.81",
                            "37.94"
                        ],
                        [
                            "-123.09",
                            "38.42"
                        ],
                        [
                            "-123.20",
                            "38.56"
                        ],
                        [
                            "-122.90",
                            "38.64"
                        ]
                    ]
                ]
            },
            "properties": {
                "forecastId": null,
                "geometryId": null,
                "tag": "3E",
                "forecastHour": 3,
                "hazard": "MT_OBSC",
                "frequency": null,
                "severity": null,
                "status": "AMD",
                "base": null,
                "top": null,
                "fzlBase": null,
                "fzlTop": null,
                "level": null,
                "product": "SIERRA",
                "rawAirSigmet": "MTNS OBSC BY CLDS BR FU",
                "validTimeTo": "2026-08-17T12:00:00.000",
                "validTimeFrom": [
                    "2026-08-17T11:27"
                ]
            }
        },
        {
            "type": "Feature",
            "geometry": {
                "type": "LineString",
                "coordinates": [
                    [
                        "-104.31",
                        "19.41"
                    ],
                    [
                        "-104.40",
                        "19.77"
                    ],
                    [
                        "-104.58",
                        "20.49"
                    ],
                    [
                        "-104.62",
                        "21.22"
                    ],
                    [
                        "-104.58",
                        "21.95"
                    ],
                    [
                        "-105.26",
                        "22.17"
                    ],
                    [
                        "-105.66",
                        "22.24"
                    ],
                    [
                        "-106.05",
                        "22.20"
                    ],
                    [
                        "-106.53",
                        "21.81"
                    ],
                    [
                        "-106.94",
                        "21.41"
                    ],
                    [
                        "-107.28",
                        "21.01"
                    ],
                    [
                        "-107.48",
                        "20.63"
                    ],
                    [
                        "-107.71",
                        "19.88"
                    ],
                    [
                        "-107.89",
                        "19.50"
                    ],
                    [
                        "-108.51",
                        "19.30"
                    ],
                    [
                        "-109.27",
                        "19.22"
                    ],
                    [
                        "-109.65",
                        "18.96"
                    ]
                ]
            },
            "properties": {
                "forecastId": null,
                "geometryId": null,
                "tag": "1C",
                "forecastHour": 3,
                "hazard": "FZLVL",
                "frequency": null,
                "severity": null,
                "status": "NRML",
                "base": null,
                "top": null,
                "fzlBase": null,
                "fzlTop": null,
                "level": "160",
                "product": "ZULU",
                "rawAirSigmet": null,
                "validTimeTo": "2026-08-17T12:00:00.000",
                "validTimeFrom": [
                    "2026-08-17T11:01"
                ]
            }
        },
        {
            "type": "Feature",
            "geometry": {
                "type": "LineString",
                "coordinates": [
                    [
                        "-67.41",
                        "24.92"
                    ],
                    [
                        "-69.63",
                        "25.52"
                    ],
                    [
                        "-70.61",
                        "25.76"
                    ],
                    [
                        "-71.76",
                        "25.78"
                    ],
                    [
                        "-75.26",
                        "26.96"
                    ],
                    [
                        "-76.53",
                        "27.01"
                    ],
                    [
                        "-77.55",
                        "27.43"
                    ],
                    [
                        "-78.83",
                        "28.07"
                    ],
                    [
                        "-80.06",
                        "28.42"
                    ],
                    [
                        "-80.69",
                        "28.82"
                    ],
                    [
                        "-80.99",
                        "29.44"
                    ],
                    [
                        "-80.66",
                        "30.19"
                    ],
                    [
                        "-80.55",
                        "31.07"
                    ],
                    [
                        "-81.23",
                        "31.48"
                    ],
                    [
                        "-82.27",
                        "31.26"
                    ],
                    [
                        "-82.71",
                        "30.81"
                    ],
                    [
                        "-83.23",
                        "30.04"
                    ],
                    [
                        "-83.86",
                        "29.60"
                    ],
                    [
                        "-84.25",
                        "29.05"
                    ],
                    [
                        "-84.39",
                        "28.11"
                    ],
                    [
                        "-84.30",
                        "27.24"
                    ],
                    [
                        "-83.67",
                        "26.66"
                    ],
                    [
                        "-82.30",
                        "26.11"
                    ],
                    [
                        "-81.30",
                        "24.88"
                    ],
                    [
                        "-80.06",
                        "24.07"
                    ],
                    [
                        "-76.96",
                        "22.62"
                    ],
                    [
                        "-79.72",
                        "21.13"
                    ],
                    [
                        "-80.50",
                        "20.80"
                    ],
                    [
                        "-80.73",
                        "20.23"
                    ],
                    [
                        "-79.36",
                        "20.32"
                    ],
                    [
                        "-78.81",
                        "18.80"
                    ]
                ]
            },
            "properties": {
                "forecastId": null,
                "geometryId": null,
                "tag": "1C",
                "forecastHour": 3,
                "hazard": "FZLVL",
                "frequency": null,
                "severity": null,
                "status": "NRML",
                "base": null,
                "top": null,
                "fzlBase": null,
                "fzlTop": null,
                "level": "160",
                "product": "ZULU",
                "rawAirSigmet": null,
                "validTimeTo": "2026-08-17T12:00:00.000",
                "validTimeFrom": [
                    "2026-08-17T11:01"
                ]
            }
        },
        {
            "type": "Feature",
            "geometry": {
                "type": "Polygon",
                "coordinates": [
                    [
                        [
                            "-122.70",
                            "48.61"
                        ],
                        [
                            "-122.39",
                            "48.52"
                        ],
                        [
                            "-121.98",
                            "48.30"
                        ],
                        [
                            "-121.41",
                            "48.35"
                        ],
                        [
                            "-121.31",
                            "48.27"
                        ],
                        [
                            "-121.20",
                            "47.97"
                        ],
                        [
                            "-121.20",
                            "47.72"
                        ],
                        [
                            "-121.28",
                            "47.38"
                        ],
                        [
                            "-121.33",
                            "47.05"
                        ],
                        [
                            "-121.89",
                            "47.20"
                        ],
                        [
                            "-121.79",
                            "47.45"
                        ],
                        [
                            "-121.80",
                            "47.66"
                        ],
                        [
                            "-121.87",
                            "47.83"
                        ],
                        [
                            "-122.12",
                            "47.79"
                        ],
                        [
                            "-122.65",
                            "47.64"
                        ],
                        [
                            "-122.82",
                            "47.89"
                        ],
                        [
                            "-123.16",
                            "47.97"
                        ],
                        [
                            "-123.95",
                            "47.99"
                        ],
                        [
                            "-124.04",
                            "47.76"
                        ],
                        [
                            "-123.99",
                            "47.47"
                        ],
                        [
                            "-123.78",
                            "47.38"
                        ],
                        [
                            "-123.14",
                            "47.32"
                        ],
                        [
                            "-123.00",
                            "47.14"
                        ],
                        [
                            "-122.50",
                            "47.20"
                        ],
                        [
                            "-121.84",
                            "47.19"
                        ],
                        [
                            "-122.28",
                            "46.68"
                        ],
                        [
                            "-122.60",
                            "46.17"
                        ],
                        [
                            "-123.20",
                            "46.51"
                        ],
                        [
                            "-123.41",
                            "46.26"
                        ],
                        [
                            "-123.33",
                            "45.83"
                        ],
                        [
                            "-123.70",
                            "45.33"
                        ],
                        [
                            "-123.76",
                            "45.15"
                        ],
                        [
                            "-123.81",
                            "44.95"
                        ],
                        [
                            "-123.78",
                            "44.80"
                        ],
                        [
                            "-123.79",
                            "44.56"
                        ],
                        [
                            "-123.94",
                            "44.30"
                        ],
                        [
                            "-124.15",
                            "44.25"
                        ],
                        [
                            "-124.16",
                            "44.42"
                        ],
                        [
                            "-124.12",
                            "44.82"
                        ],
                        [
                            "-124.02",
                            "45.54"
                        ],
                        [
                            "-124.16",
                            "46.90"
                        ],
                        [
                            "-124.62",
                            "48.38"
                        ],
                        [
                            "-124.32",
                            "48.44"
                        ],
                        [
                            "-123.74",
                            "48.34"
                        ],
                        [
                            "-123.27",
                            "48.48"
                        ],
                        [
                            "-122.70",
                            "48.61"
                        ]
                    ]
                ]
            },
            "properties": {
                "forecastId": null,
                "geometryId": null,
                "tag": "4E",
                "forecastHour": 3,
                "hazard": "MT_OBSC",
                "frequency": null,
                "severity": null,
                "status": "NRML",
                "base": null,
                "top": null,
                "fzlBase": null,
                "fzlTop": null,
                "level": null,
                "product": "SIERRA",
                "rawAirSigmet": "MTNS OBSC BY CLDS BR FG",
                "validTimeTo": "2026-08-17T12:00:00.000",
                "validTimeFrom": [
                    "2026-08-17T11:27"
                ]
            }
        },
        {
            "type": "Feature",
            "geometry": {
                "type": "Polygon",
                "coordinates": [
                    [
                        [
                            "-95.97",
                            "43.34"
                        ],
                        [
                            "-95.49",
                            "43.17"
                        ],
                        [
                            "-95.14",
                            "42.73"
                        ],
                        [
                            "-95.11",
                            "42.28"
                        ],
                        [
                            "-95.01",
                            "41.84"
                        ],
                        [
                            "-94.94",
                            "41.12"
                        ],
                        [
                            "-94.76",
                            "40.53"
                        ],
                        [
                            "-95.39",
                            "40.48"
                        ],
                        [
                            "-95.75",
                            "41.03"
                        ],
                        [
                            "-95.73",
                            "41.48"
                        ],
                        [
                            "-95.76",
                            "41.98"
                        ],
                        [
                            "-96.05",
                            "42.35"
                        ],
                        [
                            "-96.37",
                            "42.74"
                        ],
                        [
                            "-96.42",
                            "42.94"
                        ],
                        [
                            "-96.32",
                            "43.23"
                        ],
                        [
                            "-95.97",
                            "43.34"
                        ]
                    ]
                ]
            },
            "properties": {
                "forecastId": null,
                "geometryId": null,
                "tag": "3E",
                "forecastHour": 3,
                "hazard": "IFR",
                "frequency": null,
                "severity": null,
                "status": "AMD",
                "base": null,
                "top": null,
                "fzlBase": null,
                "fzlTop": null,
                "level": null,
                "product": "SIERRA",
                "rawAirSigmet": "CIG BLW 010 VIS BLW 3SM BR FG",
                "validTimeTo": "2026-08-17T12:00:00.000",
                "validTimeFrom": [
                    "2026-08-17T11:27"
                ]
            }
        },
        {
            "type": "Feature",
            "geometry": {
                "type": "Polygon",
                "coordinates": [
                    [
                        [
                            "-69.28",
                            "47.54"
                        ],
                        [
                            "-67.87",
                            "47.18"
                        ],
                        [
                            "-67.85",
                            "45.71"
                        ],
                        [
                            "-67.61",
                            "45.38"
                        ],
                        [
                            "-68.62",
                            "45.37"
                        ],
                        [
                            "-68.58",
                            "45.20"
                        ],
                        [
                            "-68.42",
                            "45.06"
                        ],
                        [
                            "-68.44",
                            "44.68"
                        ],
                        [
                            "-68.69",
                            "44.35"
                        ],
                        [
                            "-69.25",
                            "44.02"
                        ],
                        [
                            "-70.21",
                            "43.57"
                        ],
                        [
                            "-70.65",
                            "43.16"
                        ],
                        [
                            "-70.58",
                            "42.95"
                        ],
                        [
                            "-71.20",
                            "42.13"
                        ],
                        [
                            "-71.38",
                            "41.70"
                        ],
                        [
                            "-71.59",
                            "41.23"
                        ],
                        [
                            "-72.01",
                            "40.88"
                        ],
                        [
                            "-73.90",
                            "40.55"
                        ],
                        [
                            "-74.21",
                            "39.65"
                        ],
                        [
                            "-74.39",
                            "39.45"
                        ],
                        [
                            "-74.61",
                            "39.26"
                        ],
                        [
                            "-74.79",
                            "39.26"
                        ],
                        [
                            "-75.39",
                            "39.17"
                        ],
                        [
                            "-75.68",
                            "39.29"
                        ],
                        [
                            "-77.11",
                            "39.63"
                        ],
                        [
                            "-77.34",
                            "40.12"
                        ],
                        [
                            "-77.91",
                            "40.27"
                        ],
                        [
                            "-78.30",
                            "40.23"
                        ],
                        [
                            "-78.57",
                            "40.02"
                        ],
                        [
                            "-78.73",
                            "39.65"
                        ],
                        [
                            "-79.25",
                            "38.85"
                        ],
                        [
                            "-79.12",
                            "38.40"
                        ],
                        [
                            "-80.29",
                            "37.53"
                        ],
                        [
                            "-81.53",
                            "37.39"
                        ],
                        [
                            "-81.89",
                            "37.36"
                        ],
                        [
                            "-82.58",
                            "37.12"
                        ],
                        [
                            "-82.86",
                            "36.77"
                        ],
                        [
                            "-83.81",
                            "36.34"
                        ],
                        [
                            "-84.10",
                            "36.42"
                        ],
                        [
                            "-83.94",
                            "36.90"
                        ],
                        [
                            "-82.51",
                            "37.64"
                        ],
                        [
                            "-82.38",
                            "37.71"
                        ],
                        [
                            "-81.71",
                            "38.19"
                        ],
                        [
                            "-81.26",
                            "38.26"
                        ],
                        [
                            "-81.43",
                            "38.64"
                        ],
                        [
                            "-82.14",
                            "38.82"
                        ],
                        [
                            "-83.14",
                            "39.23"
                        ],
                        [
                            "-83.64",
                            "39.32"
                        ],
                        [
                            "-84.21",
                            "40.06"
                        ],
                        [
                            "-84.73",
                            "39.78"
                        ],
                        [
                            "-84.91",
                            "38.97"
                        ],
                        [
                            "-85.37",
                            "38.88"
                        ],
                        [
                            "-86.85",
                            "38.73"
                        ],
                        [
                            "-87.17",
                            "38.64"
                        ],
                        [
                            "-87.81",
                            "38.23"
                        ],
                        [
                            "-88.42",
                            "37.88"
                        ],
                        [
                            "-89.17",
                            "37.41"
                        ],
                        [
                            "-90.09",
                            "37.57"
                        ],
                        [
                            "-90.64",
                            "37.39"
                        ],
                        [
                            "-91.07",
                            "37.08"
                        ],
                        [
                            "-91.80",
                            "36.81"
                        ],
                        [
                            "-92.22",
                            "37.20"
                        ],
                        [
                            "-92.31",
                            "37.41"
                        ],
                        [
                            "-92.01",
                            "38.14"
                        ],
                        [
                            "-91.34",
                            "38.50"
                        ],
                        [
                            "-90.88",
                            "38.69"
                        ],
                        [
                            "-90.30",
                            "38.97"
                        ],
                        [
                            "-90.02",
                            "39.10"
                        ],
                        [
                            "-89.42",
                            "39.42"
                        ],
                        [
                            "-88.81",
                            "39.59"
                        ],
                        [
                            "-88.35",
                            "39.91"
                        ],
                        [
                            "-88.07",
                            "39.95"
                        ],
                        [
                            "-87.80",
                            "40.16"
                        ],
                        [
                            "-87.34",
                            "40.43"
                        ],
                        [
                            "-87.07",
                            "40.58"
                        ],
                        [
                            "-86.81",
                            "40.71"
                        ],
                        [
                            "-86.56",
                            "40.76"
                        ],
                        [
                            "-86.28",
                            "40.95"
                        ],
                        [
                            "-86.00",
                            "41.17"
                        ],
                        [
                            "-86.04",
                            "41.45"
                        ],
                        [
                            "-86.17",
                            "41.69"
                        ],
                        [
                            "-86.04",
                            "41.88"
                        ],
                        [
                            "-85.84",
                            "41.95"
                        ],
                        [
                            "-85.84",
                            "41.95"
                        ],
                        [
                            "-85.30",
                            "42.07"
                        ],
                        [
                            "-84.47",
                            "42.07"
                        ],
                        [
                            "-84.31",
                            "41.95"
                        ],
                        [
                            "-84.06",
                            "41.47"
                        ],
                        [
                            "-83.77",
                            "41.25"
                        ],
                        [
                            "-83.16",
                            "41.12"
                        ],
                        [
                            "-82.78",
                            "41.18"
                        ],
                        [
                            "-82.42",
                            "41.41"
                        ],
                        [
                            "-81.51",
                            "41.96"
                        ],
                        [
                            "-80.73",
                            "41.96"
                        ],
                        [
                            "-78.82",
                            "42.85"
                        ],
                        [
                            "-79.21",
                            "43.55"
                        ],
                        [
                            "-76.74",
                            "43.75"
                        ],
                        [
                            "-75.15",
                            "44.95"
                        ],
                        [
                            "-71.03",
                            "45.39"
                        ],
                        [
                            "-70.37",
                            "46.48"
                        ],
                        [
                            "-69.28",
                            "47.54"
                        ]
                    ]
                ]
            },
            "properties": {
                "forecastId": null,
                "geometryId": null,
                "tag": "1E",
                "forecastHour": 3,
                "hazard": "IFR",
                "frequency": null,
                "severity": null,
                "status": "AMD",
                "base": null,
                "top": null,
                "fzlBase": null,
                "fzlTop": null,
                "level": null,
                "product": "SIERRA",
                "rawAirSigmet": "CIG BLW 010 VIS BLW 3SM PCPN BR FG",
                "validTimeTo": "2026-08-17T12:00:00.000",
                "validTimeFrom": [
                    "2026-08-17T11:27"
                ]
            }
        },
        {
            "type": "Feature",
            "geometry": {
                "type": "LineString",
                "coordinates": [
                    [
                        "-112.54",
                        "57.76"
                    ],
                    [
                        "-112.33",
                        "56.67"
                    ],
                    [
                        "-111.98",
                        "55.96"
                    ],
                    [
                        "-111.32",
                        "55.09"
                    ],
                    [
                        "-110.15",
                        "54.52"
                    ],
                    [
                        "-107.88",
                        "53.71"
                    ],
                    [
                        "-105.41",
                        "53.20"
                    ],
                    [
                        "-103.83",
                        "52.97"
                    ],
                    [
                        "-102.41",
                        "52.94"
                    ],
                    [
                        "-99.25",
                        "53.20"
                    ],
                    [
                        "-96.59",
                        "53.75"
                    ],
                    [
                        "-94.75",
                        "54.04"
                    ],
                    [
                        "-93.60",
                        "54.39"
                    ],
                    [
                        "-91.45",
                        "55.30"
                    ],
                    [
                        "-89.47",
                        "56.40"
                    ],
                    [
                        "-88.59",
                        "56.97"
                    ],
                    [
                        "-88.84",
                        "57.69"
                    ],
                    [
                        "-89.16",
                        "58.30"
                    ]
                ]
            },
            "properties": {
                "forecastId": null,
                "geometryId": null,
                "tag": "1C",
                "forecastHour": 3,
                "hazard": "FZLVL",
                "frequency": null,
                "severity": null,
                "status": "NRML",
                "base": null,
                "top": null,
                "fzlBase": null,
                "fzlTop": null,
                "level": "080",
                "product": "ZULU",
                "rawAirSigmet": null,
                "validTimeTo": "2026-08-17T12:00:00.000",
                "validTimeFrom": [
                    "2026-08-17T11:01"
                ]
            }
        },
        {
            "type": "Feature",
            "geometry": {
                "type": "Polygon",
                "coordinates": [
                    [
                        [
                            "-69.51",
                            "47.35"
                        ],
                        [
                            "-68.20",
                            "47.27"
                        ],
                        [
                            "-68.02",
                            "47.10"
                        ],
                        [
                            "-68.00",
                            "46.08"
                        ],
                        [
                            "-67.67",
                            "45.60"
                        ],
                        [
                            "-67.83",
                            "45.09"
                        ],
                        [
                            "-68.55",
                            "44.73"
                        ],
                        [
                            "-69.21",
                            "44.31"
                        ],
                        [
                            "-70.45",
                            "44.49"
                        ],
                        [
                            "-70.86",
                            "44.95"
                        ],
                        [
                            "-70.67",
                            "45.43"
                        ],
                        [
                            "-70.27",
                            "45.92"
                        ],
                        [
                            "-70.08",
                            "46.74"
                        ],
                        [
                            "-69.51",
                            "47.35"
                        ]
                    ]
                ]
            },
            "properties": {
                "forecastId": null,
                "geometryId": null,
                "tag": "1W",
                "forecastHour": 3,
                "hazard": "LLWS",
                "frequency": null,
                "severity": null,
                "status": "NRML",
                "base": null,
                "top": null,
                "fzlBase": null,
                "fzlTop": null,
                "level": null,
                "product": "TANGO",
                "rawAirSigmet": "AIR SPEED LOSS OR GAIN OF 20KTS OR MORE BELOW 2000 FT AGL",
                "validTimeTo": "2026-08-17T12:00:00.000",
                "validTimeFrom": [
                    "2026-08-17T08:45"
                ]
            }
        },
        {
            "type": "Feature",
            "geometry": {
                "type": "Polygon",
                "coordinates": [
                    [
                        [
                            "-90.04",
                            "46.54"
                        ],
                        [
                            "-88.93",
                            "46.53"
                        ],
                        [
                            "-88.36",
                            "46.23"
                        ],
                        [
                            "-87.96",
                            "45.91"
                        ],
                        [
                            "-88.09",
                            "45.35"
                        ],
                        [
                            "-88.19",
                            "45.13"
                        ],
                        [
                            "-88.33",
                            "44.90"
                        ],
                        [
                            "-88.34",
                            "44.85"
                        ],
                        [
                            "-88.53",
                            "44.46"
                        ],
                        [
                            "-88.83",
                            "44.37"
                        ],
                        [
                            "-88.98",
                            "44.61"
                        ],
                        [
                            "-89.30",
                            "44.80"
                        ],
                        [
                            "-89.81",
                            "44.81"
                        ],
                        [
                            "-89.92",
                            "44.48"
                        ],
                        [
                            "-89.97",
                            "44.12"
                        ],
                        [
                            "-90.07",
                            "43.86"
                        ],
                        [
                            "-90.04",
                            "43.41"
                        ],
                        [
                            "-89.96",
                            "43.08"
                        ],
                        [
                            "-90.45",
                            "42.92"
                        ],
                        [
                            "-91.32",
                            "43.36"
                        ],
                        [
                            "-91.54",
                            "43.91"
                        ],
                        [
                            "-91.70",
                            "44.15"
                        ],
                        [
                            "-92.66",
                            "44.85"
                        ],
                        [
                            "-93.49",
                            "45.23"
                        ],
                        [
                            "-93.82",
                            "45.45"
                        ],
                        [
                            "-93.68",
                            "45.64"
                        ],
                        [
                            "-92.76",
                            "45.83"
                        ],
                        [
                            "-92.28",
                            "45.95"
                        ],
                        [
                            "-91.36",
                            "45.78"
                        ],
                        [
                            "-90.57",
                            "46.35"
                        ],
                        [
                            "-90.04",
                            "46.54"
                        ]
                    ]
                ]
            },
            "properties": {
                "forecastId": null,
                "geometryId": null,
                "tag": "5E",
                "forecastHour": 3,
                "hazard": "IFR",
                "frequency": null,
                "severity": null,
                "status": "AMD",
                "base": null,
                "top": null,
                "fzlBase": null,
                "fzlTop": null,
                "level": null,
                "product": "SIERRA",
                "rawAirSigmet": "CIG BLW 010 VIS BLW 3SM BR",
                "validTimeTo": "2026-08-17T12:00:00.000",
                "validTimeFrom": [
                    "2026-08-17T11:27"
                ]
            }
        },
        {
            "type": "Feature",
            "geometry": {
                "type": "Polygon",
                "coordinates": [
                    [
                        [
                            "-122.74",
                            "48.72"
                        ],
                        [
                            "-122.34",
                            "48.58"
                        ],
                        [
                            "-121.94",
                            "48.28"
                        ],
                        [
                            "-121.50",
                            "48.40"
                        ],
                        [
                            "-121.20",
                            "48.34"
                        ],
                        [
                            "-121.12",
                            "47.78"
                        ],
                        [
                            "-121.28",
                            "47.20"
                        ],
                        [
                            "-121.51",
                            "46.90"
                        ],
                        [
                            "-122.00",
                            "47.21"
                        ],
                        [
                            "-121.83",
                            "47.56"
                        ],
                        [
                            "-121.91",
                            "47.85"
                        ],
                        [
                            "-122.67",
                            "47.57"
                        ],
                        [
                            "-122.95",
                            "47.87"
                        ],
                        [
                            "-123.74",
                            "48.00"
                        ],
                        [
                            "-123.88",
                            "47.64"
                        ],
                        [
                            "-123.69",
                            "47.31"
                        ],
                        [
                            "-123.05",
                            "47.37"
                        ],
                        [
                            "-122.75",
                            "47.05"
                        ],
                        [
                            "-122.81",
                            "46.59"
                        ],
                        [
                            "-123.26",
                            "46.46"
                        ],
                        [
                            "-123.44",
                            "46.35"
                        ],
                        [
                            "-123.98",
                            "45.76"
                        ],
                        [
                            "-123.66",
                            "45.47"
                        ],
                        [
                            "-123.78",
                            "44.55"
                        ],
                        [
                            "-124.07",
                            "43.06"
                        ],
                        [
                            "-124.31",
                            "42.52"
                        ],
                        [
                            "-123.46",
                            "41.10"
                        ],
                        [
                            "-123.94",
                            "40.13"
                        ],
                        [
                            "-123.60",
                            "38.94"
                        ],
                        [
                            "-122.93",
                            "38.71"
                        ],
                        [
                            "-122.43",
                            "38.56"
                        ],
                        [
                            "-122.15",
                            "38.29"
                        ],
                        [
                            "-122.16",
                            "38.13"
                        ],
                        [
                            "-122.32",
                            "38.00"
                        ],
                        [
                            "-122.36",
                            "37.85"
                        ],
                        [
                            "-122.13",
                            "37.78"
                        ],
                        [
                            "-121.96",
                            "37.63"
                        ],
                        [
                            "-121.98",
                            "37.25"
                        ],
                        [
                            "-121.30",
                            "37.03"
                        ],
                        [
                            "-120.90",
                            "36.09"
                        ],
                        [
                            "-120.72",
                            "35.92"
                        ],
                        [
                            "-120.47",
                            "35.57"
                        ],
                        [
                            "-119.94",
                            "35.14"
                        ],
                        [
                            "-119.73",
                            "34.60"
                        ],
                        [
                            "-117.88",
                            "33.56"
                        ],
                        [
                            "-117.17",
                            "33.41"
                        ],
                        [
                            "-117.09",
                            "33.10"
                        ],
                        [
                            "-116.82",
                            "32.76"
                        ],
                        [
                            "-117.20",
                            "32.38"
                        ],
                        [
                            "-120.86",
                            "30.68"
                        ],
                        [
                            "-126.99",
                            "39.97"
                        ],
                        [
                            "-126.36",
                            "45.01"
                        ],
                        [
                            "-128.03",
                            "48.24"
                        ],
                        [
                            "-124.64",
                            "48.48"
                        ],
                        [
                            "-123.84",
                            "48.28"
                        ],
                        [
                            "-122.81",
                            "48.58"
                        ],
                        [
                            "-122.74",
                            "48.72"
                        ]
                    ]
                ]
            },
            "properties": {
                "forecastId": null,
                "geometryId": null,
                "tag": "2E",
                "forecastHour": 3,
                "hazard": "IFR",
                "frequency": null,
                "severity": null,
                "status": "NRML",
                "base": null,
                "top": null,
                "fzlBase": null,
                "fzlTop": null,
                "level": null,
                "product": "SIERRA",
                "rawAirSigmet": "CIG BLW 010 VIS BLW 3SM BR FG",
                "validTimeTo": "2026-08-17T12:00:00.000",
                "validTimeFrom": [
                    "2026-08-17T11:27"
                ]
            }
        },
        {
            "type": "Feature",
            "geometry": {
                "type": "Polygon",
                "coordinates": [
                    [
                        [
                            "-69.31",
                            "47.54"
                        ],
                        [
                            "-69.10",
                            "47.07"
                        ],
                        [
                            "-70.37",
                            "45.20"
                        ],
                        [
                            "-71.54",
                            "43.22"
                        ],
                        [
                            "-74.25",
                            "41.72"
                        ],
                        [
                            "-75.68",
                            "40.97"
                        ],
                        [
                            "-77.07",
                            "40.16"
                        ],
                        [
                            "-77.80",
                            "40.55"
                        ],
                        [
                            "-77.91",
                            "40.47"
                        ],
                        [
                            "-78.28",
                            "40.25"
                        ],
                        [
                            "-78.42",
                            "39.94"
                        ],
                        [
                            "-78.70",
                            "39.87"
                        ],
                        [
                            "-79.17",
                            "39.56"
                        ],
                        [
                            "-79.22",
                            "39.05"
                        ],
                        [
                            "-79.40",
                            "38.62"
                        ],
                        [
                            "-79.89",
                            "38.45"
                        ],
                        [
                            "-80.86",
                            "37.82"
                        ],
                        [
                            "-81.07",
                            "37.52"
                        ],
                        [
                            "-80.98",
                            "37.30"
                        ],
                        [
                            "-81.26",
                            "37.28"
                        ],
                        [
                            "-81.88",
                            "37.45"
                        ],
                        [
                            "-82.35",
                            "37.70"
                        ],
                        [
                            "-83.15",
                            "38.02"
                        ],
                        [
                            "-81.88",
                            "38.89"
                        ],
                        [
                            "-80.38",
                            "40.64"
                        ],
                        [
                            "-79.12",
                            "42.18"
                        ],
                        [
                            "-76.12",
                            "43.21"
                        ],
                        [
                            "-74.59",
                            "44.96"
                        ],
                        [
                            "-74.19",
                            "45.01"
                        ],
                        [
                            "-73.97",
                            "44.29"
                        ],
                        [
                            "-73.42",
                            "43.90"
                        ],
                        [
                            "-72.80",
                            "44.20"
                        ],
                        [
                            "-72.48",
                            "44.50"
                        ],
                        [
                            "-72.22",
                            "44.66"
                        ],
                        [
                            "-71.88",
                            "44.49"
                        ],
                        [
                            "-71.62",
                            "44.72"
                        ],
                        [
                            "-71.25",
                            "45.26"
                        ],
                        [
                            "-71.38",
                            "45.71"
                        ],
                        [
                            "-69.31",
                            "47.54"
                        ]
                    ]
                ]
            },
            "properties": {
                "forecastId": null,
                "geometryId": null,
                "tag": "1E",
                "forecastHour": 3,
                "hazard": "MT_OBSC",
                "frequency": null,
                "severity": null,
                "status": "NRML",
                "base": null,
                "top": null,
                "fzlBase": null,
                "fzlTop": null,
                "level": null,
                "product": "SIERRA",
                "rawAirSigmet": "MTNS OBSC BY CLDS PCPN BR FG",
                "validTimeTo": "2026-08-17T12:00:00.000",
                "validTimeFrom": [
                    "2026-08-17T11:27"
                ]
            }
        },
        {
            "type": "Feature",
            "geometry": {
                "type": "Polygon",
                "coordinates": [
                    [
                        [
                            "-94.19",
                            "43.21"
                        ],
                        [
                            "-92.25",
                            "42.75"
                        ],
                        [
                            "-92.77",
                            "41.37"
                        ],
                        [
                            "-96.57",
                            "40.53"
                        ],
                        [
                            "-98.37",
                            "39.94"
                        ],
                        [
                            "-100.09",
                            "39.33"
                        ],
                        [
                            "-102.03",
                            "38.77"
                        ],
                        [
                            "-103.21",
                            "39.07"
                        ],
                        [
                            "-104.14",
                            "39.82"
                        ],
                        [
                            "-103.76",
                            "41.41"
                        ],
                        [
                            "-101.95",
                            "42.22"
                        ],
                        [
                            "-97.76",
                            "43.01"
                        ],
                        [
                            "-94.19",
                            "43.21"
                        ]
                    ]
                ]
            },
            "properties": {
                "forecastId": null,
                "geometryId": null,
                "tag": "2W",
                "forecastHour": 3,
                "hazard": "TURB-HI",
                "frequency": null,
                "severity": "MOD",
                "status": "NRML",
                "base": "300",
                "top": "420",
                "fzlBase": null,
                "fzlTop": null,
                "level": null,
                "product": "TANGO",
                "rawAirSigmet": null,
                "validTimeTo": "2026-08-17T12:00:00.000",
                "validTimeFrom": [
                    "2026-08-17T08:45"
                ]
            }
        },
        {
            "type": "Feature",
            "geometry": {
                "type": "LineString",
                "coordinates": [
                    [
                        "-132.26",
                        "37.36"
                    ],
                    [
                        "-131.73",
                        "37.88"
                    ],
                    [
                        "-131.30",
                        "38.62"
                    ],
                    [
                        "-131.02",
                        "39.16"
                    ],
                    [
                        "-130.67",
                        "39.94"
                    ],
                    [
                        "-130.40",
                        "40.72"
                    ],
                    [
                        "-130.59",
                        "41.77"
                    ],
                    [
                        "-131.04",
                        "42.76"
                    ],
                    [
                        "-130.61",
                        "43.40"
                    ],
                    [
                        "-130.05",
                        "44.03"
                    ],
                    [
                        "-129.57",
                        "44.60"
                    ],
                    [
                        "-129.76",
                        "45.50"
                    ],
                    [
                        "-130.54",
                        "45.84"
                    ],
                    [
                        "-132.02",
                        "45.76"
                    ],
                    [
                        "-133.37",
                        "45.33"
                    ],
                    [
                        "-134.19",
                        "44.88"
                    ],
                    [
                        "-134.99",
                        "44.39"
                    ]
                ]
            },
            "properties": {
                "forecastId": null,
                "geometryId": null,
                "tag": "1C",
                "forecastHour": 3,
                "hazard": "FZLVL",
                "frequency": null,
                "severity": null,
                "status": "NRML",
                "base": null,
                "top": null,
                "fzlBase": null,
                "fzlTop": null,
                "level": "120",
                "product": "ZULU",
                "rawAirSigmet": null,
                "validTimeTo": "2026-08-17T12:00:00.000",
                "validTimeFrom": [
                    "2026-08-17T11:01"
                ]
            }
        }
    ],
    "metadata": {
        "creationTime": "2026-08-17T11:32"
    }
}