{
    "type": "FeatureCollection",
    "features": [
        {
            "type": "Feature",
            "geometry": {
                "type": "Polygon",
                "coordinates": [
                    [
                        [
                            "-121.62",
                            "35.56"
                        ],
                        [
                            "-121.28",
                            "35.28"
                        ],
                        [
                            "-120.87",
                            "35.07"
                        ],
                        [
                            "-120.54",
                            "34.91"
                        ],
                        [
                            "-120.20",
                            "34.63"
                        ],
                        [
                            "-120.31",
                            "34.33"
                        ],
                        [
                            "-120.21",
                            "33.98"
                        ],
                        [
                            "-120.14",
                            "33.74"
                        ],
                        [
                            "-120.02",
                            "33.71"
                        ],
                        [
                            "-119.51",
                            "33.42"
                        ],
                        [
                            "-119.19",
                            "33.22"
                        ],
                        [
                            "-118.38",
                            "33.37"
                        ],
                        [
                            "-118.28",
                            "33.39"
                        ],
                        [
                            "-118.00",
                            "33.49"
                        ],
                        [
                            "-117.81",
                            "33.68"
                        ],
                        [
                            "-117.07",
                            "33.36"
                        ],
                        [
                            "-116.90",
                            "33.11"
                        ],
                        [
                            "-116.87",
                            "32.80"
                        ],
                        [
                            "-116.75",
                            "32.51"
                        ],
                        [
                            "-117.29",
                            "32.41"
                        ],
                        [
                            "-117.95",
                            "31.97"
                        ],
                        [
                            "-120.68",
                            "30.79"
                        ],
                        [
                            "-121.23",
                            "31.41"
                        ],
                        [
                            "-122.44",
                            "33.32"
                        ],
                        [
                            "-122.63",
                            "33.55"
                        ],
                        [
                            "-122.36",
                            "33.82"
                        ],
                        [
                            "-121.98",
                            "34.30"
                        ],
                        [
                            "-121.77",
                            "34.51"
                        ],
                        [
                            "-121.76",
                            "34.77"
                        ],
                        [
                            "-121.62",
                            "35.56"
                        ]
                    ]
                ]
            },
            "properties": {
                "forecastId": null,
                "geometryId": null,
                "tag": "3E",
                "forecastHour": 0,
                "hazard": "IFR",
                "frequency": null,
                "severity": null,
                "status": "NRML",
                "base": null,
                "top": null,
                "fzlBase": null,
                "fzlTop": null,
                "level": null,
                "product": "SIERRA",
                "rawAirSigmet": "CIG BLW 010 VIS BLW 3SM BR FG",
                "validTimeTo": "2026-08-02T09:00:00.000",
                "validTimeFrom": [
                    "2026-08-02T09:45"
                ]
            }
        },
        {
            "type": "Feature",
            "geometry": {
                "type": "Polygon",
                "coordinates": [
                    [
                        [
                            "-121.59",
                            "36.89"
                        ],
                        [
                            "-121.34",
                            "36.66"
                        ],
                        [
                            "-121.57",
                            "36.47"
                        ],
                        [
                            "-121.70",
                            "36.33"
                        ],
                        [
                            "-122.06",
                            "36.81"
                        ],
                        [
                            "-121.59",
                            "36.89"
                        ]
                    ]
                ]
            },
            "properties": {
                "forecastId": null,
                "geometryId": null,
                "tag": "6E",
                "forecastHour": 0,
                "hazard": "IFR",
                "frequency": null,
                "severity": null,
                "status": "NRML",
                "base": null,
                "top": null,
                "fzlBase": null,
                "fzlTop": null,
                "level": null,
                "product": "SIERRA",
                "rawAirSigmet": "CIG BLW 010 VIS BLW 3SM BR FG",
                "validTimeTo": "2026-08-02T09:00:00.000",
                "validTimeFrom": [
                    "2026-08-02T09:45"
                ]
            }
        },
        {
            "type": "Feature",
            "geometry": {
                "type": "Polygon",
                "coordinates": [
                    [
                        [
                            "-133.82",
                            "52.91"
                        ],
                        [
                            "-134.33",
                            "51.36"
                        ],
                        [
                            "-134.25",
                            "50.54"
                        ],
                        [
                            "-133.77",
                            "49.38"
                        ],
                        [
                            "-132.46",
                            "48.60"
                        ],
                        [
                            "-131.62",
                            "48.39"
                        ],
                        [
                            "-128.40",
                            "48.91"
                        ],
                        [
                            "-125.99",
                            "49.10"
                        ],
                        [
                            "-124.12",
                            "49.07"
                        ],
                        [
                            "-122.34",
                            "49.26"
                        ],
                        [
                            "-120.46",
                            "50.60"
                        ],
                        [
                            "-119.58",
                            "51.38"
                        ],
                        [
                            "-119.39",
                            "52.16"
                        ],
                        [
                            "-120.08",
                            "53.08"
                        ],
                        [
                            "-120.76",
                            "53.56"
                        ],
                        [
                            "-122.09",
                            "54.21"
                        ],
                        [
                            "-123.57",
                            "54.71"
                        ],
                        [
                            "-125.74",
                            "55.11"
                        ],
                        [
                            "-128.85",
                            "55.40"
                        ],
                        [
                            "-130.96",
                            "55.17"
                        ],
                        [
                            "-132.65",
                            "54.43"
                        ],
                        [
                            "-133.82",
                            "52.91"
                        ]
                    ]
                ]
            },
            "properties": {
                "forecastId": null,
                "geometryId": null,
                "tag": "1C",
                "forecastHour": 0,
                "hazard": "FZLVL",
                "frequency": null,
                "severity": null,
                "status": "NRML",
                "base": null,
                "top": null,
                "fzlBase": null,
                "fzlTop": null,
                "level": "080",
                "product": "ZULU",
                "rawAirSigmet": null,
                "validTimeTo": "2026-08-02T09:00:00.000",
                "validTimeFrom": [
                    "2026-08-02T08:45"
                ]
            }
        },
        {
            "type": "Feature",
            "geometry": {
                "type": "Polygon",
                "coordinates": [
                    [
                        [
                            "-82.42",
                            "45.11"
                        ],
                        [
                            "-82.20",
                            "43.34"
                        ],
                        [
                            "-83.55",
                            "42.05"
                        ],
                        [
                            "-85.46",
                            "40.91"
                        ],
                        [
                            "-86.06",
                            "40.98"
                        ],
                        [
                            "-86.68",
                            "41.60"
                        ],
                        [
                            "-84.68",
                            "43.37"
                        ],
                        [
                            "-83.99",
                            "44.17"
                        ],
                        [
                            "-82.42",
                            "45.11"
                        ]
                    ]
                ]
            },
            "properties": {
                "forecastId": null,
                "geometryId": null,
                "tag": "1C",
                "forecastHour": 0,
                "hazard": "ICE",
                "frequency": null,
                "severity": "MOD",
                "status": "NRML",
                "base": "FZL",
                "top": "240",
                "fzlBase": "120",
                "fzlTop": "150",
                "level": null,
                "product": "ZULU",
                "rawAirSigmet": "ICE",
                "validTimeTo": "2026-08-02T09:00:00.000",
                "validTimeFrom": [
                    "2026-08-02T08:45"
                ]
            }
        },
        {
            "type": "Feature",
            "geometry": {
                "type": "Polygon",
                "coordinates": [
                    [
                        [
                            "-116.64",
                            "49.00"
                        ],
                        [
                            "-111.06",
                            "49.00"
                        ],
                        [
                            "-108.61",
                            "46.08"
                        ],
                        [
                            "-112.82",
                            "46.38"
                        ],
                        [
                            "-116.29",
                            "47.68"
                        ],
                        [
                            "-116.64",
                            "49.00"
                        ]
                    ]
                ]
            },
            "properties": {
                "forecastId": null,
                "geometryId": null,
                "tag": "4W",
                "forecastHour": 0,
                "hazard": "TURB-HI",
                "frequency": null,
                "severity": "MOD",
                "status": "NRML",
                "base": "300",
                "top": "450",
                "fzlBase": null,
                "fzlTop": null,
                "level": null,
                "product": "TANGO",
                "rawAirSigmet": "MTN WAVE",
                "validTimeTo": "2026-08-02T09:00:00.000",
                "validTimeFrom": [
                    "2026-08-02T08:45"
                ]
            }
        },
        {
            "type": "Feature",
            "geometry": {
                "type": "Polygon",
                "coordinates": [
                    [
                        [
                            "-121.89",
                            "48.95"
                        ],
                        [
                            "-120.53",
                            "48.95"
                        ],
                        [
                            "-120.69",
                            "48.30"
                        ],
                        [
                            "-120.79",
                            "47.66"
                        ],
                        [
                            "-120.82",
                            "46.84"
                        ],
                        [
                            "-121.53",
                            "46.32"
                        ],
                        [
                            "-121.79",
                            "46.05"
                        ],
                        [
                            "-122.28",
                            "46.12"
                        ],
                        [
                            "-122.61",
                            "46.43"
                        ],
                        [
                            "-122.31",
                            "46.57"
                        ],
                        [
                            "-121.99",
                            "46.75"
                        ],
                        [
                            "-121.92",
                            "47.23"
                        ],
                        [
                            "-121.81",
                            "48.23"
                        ],
                        [
                            "-121.89",
                            "48.95"
                        ]
                    ]
                ]
            },
            "properties": {
                "forecastId": null,
                "geometryId": null,
                "tag": "8E",
                "forecastHour": 0,
                "hazard": "IFR",
                "frequency": null,
                "severity": null,
                "status": "NRML",
                "base": null,
                "top": null,
                "fzlBase": null,
                "fzlTop": null,
                "level": null,
                "product": "SIERRA",
                "rawAirSigmet": "CIG BLW 010 VIS BLW 3SM BR FG",
                "validTimeTo": "2026-08-02T09:00:00.000",
                "validTimeFrom": [
                    "2026-08-02T09:45"
                ]
            }
        },
        {
            "type": "Feature",
            "geometry": {
                "type": "Polygon",
                "coordinates": [
                    [
                        [
                            "-79.78",
                            "38.74"
                        ],
                        [
                            "-79.26",
                            "38.61"
                        ],
                        [
                            "-78.75",
                            "38.03"
                        ],
                        [
                            "-79.42",
                            "37.25"
                        ],
                        [
                            "-79.84",
                            "36.38"
                        ],
                        [
                            "-79.79",
                            "35.86"
                        ],
                        [
                            "-79.82",
                            "35.54"
                        ],
                        [
                            "-80.05",
                            "34.99"
                        ],
                        [
                            "-80.10",
                            "34.28"
                        ],
                        [
                            "-80.58",
                            "33.36"
                        ],
                        [
                            "-80.98",
                            "32.52"
                        ],
                        [
                            "-81.66",
                            "31.37"
                        ],
                        [
                            "-83.14",
                            "30.61"
                        ],
                        [
                            "-84.36",
                            "30.39"
                        ],
                        [
                            "-85.04",
                            "30.40"
                        ],
                        [
                            "-85.90",
                            "30.69"
                        ],
                        [
                            "-86.49",
                            "31.23"
                        ],
                        [
                            "-86.57",
                            "31.69"
                        ],
                        [
                            "-85.97",
                            "32.11"
                        ],
                        [
                            "-85.65",
                            "32.25"
                        ],
                        [
                            "-85.47",
                            "32.82"
                        ],
                        [
                            "-85.34",
                            "33.64"
                        ],
                        [
                            "-86.77",
                            "33.38"
                        ],
                        [
                            "-87.05",
                            "33.64"
                        ],
                        [
                            "-86.43",
                            "34.09"
                        ],
                        [
                            "-85.91",
                            "34.57"
                        ],
                        [
                            "-85.91",
                            "34.57"
                        ],
                        [
                            "-85.45",
                            "34.83"
                        ],
                        [
                            "-85.13",
                            "35.35"
                        ],
                        [
                            "-85.09",
                            "35.83"
                        ],
                        [
                            "-84.04",
                            "36.69"
                        ],
                        [
                            "-81.99",
                            "37.38"
                        ],
                        [
                            "-81.23",
                            "37.75"
                        ],
                        [
                            "-80.26",
                            "38.61"
                        ],
                        [
                            "-79.78",
                            "38.74"
                        ]
                    ]
                ]
            },
            "properties": {
                "forecastId": null,
                "geometryId": null,
                "tag": "7E",
                "forecastHour": 0,
                "hazard": "IFR",
                "frequency": null,
                "severity": null,
                "status": "AMD",
                "base": null,
                "top": null,
                "fzlBase": null,
                "fzlTop": null,
                "level": null,
                "product": "SIERRA",
                "rawAirSigmet": "CIG BLW 010 VIS BLW 3SM PCPN BR FG",
                "validTimeTo": "2026-08-02T09:00:00.000",
                "validTimeFrom": [
                    "2026-08-02T09:45"
                ]
            }
        },
        {
            "type": "Feature",
            "geometry": {
                "type": "LineString",
                "coordinates": [
                    [
                        "-63.55",
                        "19.42"
                    ],
                    [
                        "-64.78",
                        "18.89"
                    ],
                    [
                        "-65.60",
                        "19.20"
                    ],
                    [
                        "-66.34",
                        "19.81"
                    ],
                    [
                        "-67.64",
                        "20.30"
                    ],
                    [
                        "-69.28",
                        "20.05"
                    ],
                    [
                        "-70.48",
                        "20.50"
                    ],
                    [
                        "-71.80",
                        "21.60"
                    ],
                    [
                        "-72.73",
                        "22.76"
                    ],
                    [
                        "-72.25",
                        "23.45"
                    ],
                    [
                        "-70.59",
                        "23.77"
                    ],
                    [
                        "-69.45",
                        "23.79"
                    ],
                    [
                        "-68.05",
                        "23.63"
                    ],
                    [
                        "-66.53",
                        "23.43"
                    ],
                    [
                        "-64.87",
                        "23.64"
                    ],
                    [
                        "-63.56",
                        "23.82"
                    ],
                    [
                        "-62.00",
                        "23.76"
                    ],
                    [
                        "-60.88",
                        "23.76"
                    ]
                ]
            },
            "properties": {
                "forecastId": null,
                "geometryId": null,
                "tag": "1C",
                "forecastHour": 0,
                "hazard": "FZLVL",
                "frequency": null,
                "severity": null,
                "status": "NRML",
                "base": null,
                "top": null,
                "fzlBase": null,
                "fzlTop": null,
                "level": "160",
                "product": "ZULU",
                "rawAirSigmet": null,
                "validTimeTo": "2026-08-02T09:00:00.000",
                "validTimeFrom": [
                    "2026-08-02T08:45"
                ]
            }
        },
        {
            "type": "Feature",
            "geometry": {
                "type": "Polygon",
                "coordinates": [
                    [
                        [
                            "-84.39",
                            "45.95"
                        ],
                        [
                            "-83.55",
                            "45.53"
                        ],
                        [
                            "-83.69",
                            "45.12"
                        ],
                        [
                            "-83.93",
                            "44.76"
                        ],
                        [
                            "-84.52",
                            "44.04"
                        ],
                        [
                            "-84.35",
                            "43.54"
                        ],
                        [
                            "-84.05",
                            "43.46"
                        ],
                        [
                            "-83.15",
                            "43.16"
                        ],
                        [
                            "-83.03",
                            "42.92"
                        ],
                        [
                            "-83.21",
                            "42.57"
                        ],
                        [
                            "-83.16",
                            "42.25"
                        ],
                        [
                            "-82.34",
                            "41.72"
                        ],
                        [
                            "-82.08",
                            "40.93"
                        ],
                        [
                            "-81.88",
                            "40.54"
                        ],
                        [
                            "-81.79",
                            "39.51"
                        ],
                        [
                            "-82.59",
                            "38.53"
                        ],
                        [
                            "-83.25",
                            "37.81"
                        ],
                        [
                            "-83.54",
                            "37.28"
                        ],
                        [
                            "-84.21",
                            "36.84"
                        ],
                        [
                            "-84.69",
                            "37.25"
                        ],
                        [
                            "-85.69",
                            "37.74"
                        ],
                        [
                            "-86.96",
                            "37.16"
                        ],
                        [
                            "-87.21",
                            "36.69"
                        ],
                        [
                            "-87.67",
                            "35.96"
                        ],
                        [
                            "-89.37",
                            "36.40"
                        ],
                        [
                            "-90.43",
                            "36.91"
                        ],
                        [
                            "-91.12",
                            "37.21"
                        ],
                        [
                            "-91.46",
                            "37.46"
                        ],
                        [
                            "-91.69",
                            "37.93"
                        ],
                        [
                            "-91.46",
                            "38.61"
                        ],
                        [
                            "-89.85",
                            "39.19"
                        ],
                        [
                            "-90.14",
                            "39.67"
                        ],
                        [
                            "-89.43",
                            "40.34"
                        ],
                        [
                            "-89.43",
                            "40.70"
                        ],
                        [
                            "-89.72",
                            "41.20"
                        ],
                        [
                            "-89.47",
                            "41.31"
                        ],
                        [
                            "-89.14",
                            "41.08"
                        ],
                        [
                            "-88.74",
                            "40.78"
                        ],
                        [
                            "-87.72",
                            "40.61"
                        ],
                        [
                            "-86.68",
                            "40.41"
                        ],
                        [
                            "-86.00",
                            "40.84"
                        ],
                        [
                            "-84.91",
                            "41.13"
                        ],
                        [
                            "-84.69",
                            "41.49"
                        ],
                        [
                            "-84.38",
                            "41.90"
                        ],
                        [
                            "-85.14",
                            "42.09"
                        ],
                        [
                            "-85.39",
                            "43.09"
                        ],
                        [
                            "-86.04",
                            "43.53"
                        ],
                        [
                            "-86.95",
                            "43.37"
                        ],
                        [
                            "-87.58",
                            "42.82"
                        ],
                        [
                            "-87.80",
                            "42.28"
                        ],
                        [
                            "-87.93",
                            "41.86"
                        ],
                        [
                            "-88.67",
                            "41.58"
                        ],
                        [
                            "-89.28",
                            "42.18"
                        ],
                        [
                            "-89.05",
                            "42.66"
                        ],
                        [
                            "-90.19",
                            "43.01"
                        ],
                        [
                            "-91.22",
                            "43.83"
                        ],
                        [
                            "-90.07",
                            "44.41"
                        ],
                        [
                            "-89.65",
                            "43.63"
                        ],
                        [
                            "-89.26",
                            "43.51"
                        ],
                        [
                            "-88.62",
                            "44.02"
                        ],
                        [
                            "-89.05",
                            "44.35"
                        ],
                        [
                            "-88.69",
                            "44.73"
                        ],
                        [
                            "-88.09",
                            "44.88"
                        ],
                        [
                            "-87.07",
                            "45.24"
                        ],
                        [
                            "-86.27",
                            "45.36"
                        ],
                        [
                            "-85.90",
                            "45.46"
                        ],
                        [
                            "-85.12",
                            "45.76"
                        ],
                        [
                            "-84.39",
                            "45.95"
                        ]
                    ]
                ]
            },
            "properties": {
                "forecastId": null,
                "geometryId": null,
                "tag": "1E",
                "forecastHour": 0,
                "hazard": "IFR",
                "frequency": null,
                "severity": null,
                "status": "AMD",
                "base": null,
                "top": null,
                "fzlBase": null,
                "fzlTop": null,
                "level": null,
                "product": "SIERRA",
                "rawAirSigmet": "CIG BLW 010 VIS BLW 3SM PCPN BR FG",
                "validTimeTo": "2026-08-02T09:00:00.000",
                "validTimeFrom": [
                    "2026-08-02T09:45"
                ]
            }
        },
        {
            "type": "Feature",
            "geometry": {
                "type": "Polygon",
                "coordinates": [
                    [
                        [
                            "-87.68",
                            "47.01"
                        ],
                        [
                            "-88.99",
                            "46.04"
                        ],
                        [
                            "-89.97",
                            "46.02"
                        ],
                        [
                            "-90.70",
                            "45.87"
                        ],
                        [
                            "-91.04",
                            "45.73"
                        ],
                        [
                            "-91.31",
                            "45.91"
                        ],
                        [
                            "-92.05",
                            "45.90"
                        ],
                        [
                            "-93.09",
                            "46.16"
                        ],
                        [
                            "-93.41",
                            "46.51"
                        ],
                        [
                            "-92.91",
                            "46.71"
                        ],
                        [
                            "-91.83",
                            "46.72"
                        ],
                        [
                            "-91.10",
                            "46.75"
                        ],
                        [
                            "-90.93",
                            "46.80"
                        ],
                        [
                            "-90.41",
                            "46.82"
                        ],
                        [
                            "-89.63",
                            "46.94"
                        ],
                        [
                            "-89.23",
                            "46.96"
                        ],
                        [
                            "-87.68",
                            "47.01"
                        ]
                    ]
                ]
            },
            "properties": {
                "forecastId": null,
                "geometryId": null,
                "tag": "2E",
                "forecastHour": 0,
                "hazard": "IFR",
                "frequency": null,
                "severity": null,
                "status": "AMD",
                "base": null,
                "top": null,
                "fzlBase": null,
                "fzlTop": null,
                "level": null,
                "product": "SIERRA",
                "rawAirSigmet": "CIG BLW 010 VIS BLW 3SM BR FG",
                "validTimeTo": "2026-08-02T09:00:00.000",
                "validTimeFrom": [
                    "2026-08-02T09:45"
                ]
            }
        },
        {
            "type": "Feature",
            "geometry": {
                "type": "Polygon",
                "coordinates": [
                    [
                        [
                            "-67.87",
                            "45.83"
                        ],
                        [
                            "-67.08",
                            "45.20"
                        ],
                        [
                            "-67.01",
                            "45.01"
                        ],
                        [
                            "-66.86",
                            "42.75"
                        ],
                        [
                            "-67.01",
                            "40.88"
                        ],
                        [
                            "-68.49",
                            "40.93"
                        ],
                        [
                            "-69.39",
                            "41.14"
                        ],
                        [
                            "-70.14",
                            "41.06"
                        ],
                        [
                            "-71.11",
                            "40.52"
                        ],
                        [
                            "-72.01",
                            "40.70"
                        ],
                        [
                            "-72.62",
                            "40.72"
                        ],
                        [
                            "-73.01",
                            "41.21"
                        ],
                        [
                            "-73.42",
                            "41.56"
                        ],
                        [
                            "-72.98",
                            "42.31"
                        ],
                        [
                            "-72.89",
                            "42.85"
                        ],
                        [
                            "-72.77",
                            "43.53"
                        ],
                        [
                            "-72.21",
                            "43.55"
                        ],
                        [
                            "-71.75",
                            "43.04"
                        ],
                        [
                            "-71.68",
                            "42.30"
                        ],
                        [
                            "-70.95",
                            "42.33"
                        ],
                        [
                            "-70.23",
                            "43.09"
                        ],
                        [
                            "-70.21",
                            "43.57"
                        ],
                        [
                            "-71.83",
                            "43.80"
                        ],
                        [
                            "-72.10",
                            "44.20"
                        ],
                        [
                            "-71.82",
                            "44.78"
                        ],
                        [
                            "-71.27",
                            "45.20"
                        ],
                        [
                            "-70.99",
                            "45.30"
                        ],
                        [
                            "-70.31",
                            "45.25"
                        ],
                        [
                            "-69.86",
                            "44.75"
                        ],
                        [
                            "-69.45",
                            "44.63"
                        ],
                        [
                            "-69.43",
                            "44.67"
                        ],
                        [
                            "-69.35",
                            "45.22"
                        ],
                        [
                            "-68.67",
                            "45.67"
                        ],
                        [
                            "-68.11",
                            "45.81"
                        ],
                        [
                            "-67.87",
                            "45.83"
                        ]
                    ]
                ]
            },
            "properties": {
                "forecastId": null,
                "geometryId": null,
                "tag": "5E",
                "forecastHour": 0,
                "hazard": "IFR",
                "frequency": null,
                "severity": null,
                "status": "AMD",
                "base": null,
                "top": null,
                "fzlBase": null,
                "fzlTop": null,
                "level": null,
                "product": "SIERRA",
                "rawAirSigmet": "CIG BLW 010 VIS BLW 3SM BR FG",
                "validTimeTo": "2026-08-02T09:00:00.000",
                "validTimeFrom": [
                    "2026-08-02T09:45"
                ]
            }
        },
        {
            "type": "Feature",
            "geometry": {
                "type": "Polygon",
                "coordinates": [
                    [
                        [
                            "-117.72",
                            "33.65"
                        ],
                        [
                            "-116.98",
                            "33.33"
                        ],
                        [
                            "-116.88",
                            "33.16"
                        ],
                        [
                            "-116.81",
                            "32.74"
                        ],
                        [
                            "-117.22",
                            "32.76"
                        ],
                        [
                            "-117.64",
                            "33.14"
                        ],
                        [
                            "-118.05",
                            "33.57"
                        ],
                        [
                            "-117.72",
                            "33.65"
                        ]
                    ]
                ]
            },
            "properties": {
                "forecastId": null,
                "geometryId": null,
                "tag": "3E",
                "forecastHour": 0,
                "hazard": "MT_OBSC",
                "frequency": null,
                "severity": null,
                "status": "NRML",
                "base": null,
                "top": null,
                "fzlBase": null,
                "fzlTop": null,
                "level": null,
                "product": "SIERRA",
                "rawAirSigmet": "MTNS OBSC BY CLDS BR FG",
                "validTimeTo": "2026-08-02T09:00:00.000",
                "validTimeFrom": [
                    "2026-08-02T09:45"
                ]
            }
        },
        {
            "type": "Feature",
            "geometry": {
                "type": "LineString",
                "coordinates": [
                    [
                        "-146.40",
                        "46.20"
                    ],
                    [
                        "-144.68",
                        "45.98"
                    ],
                    [
                        "-142.59",
                        "45.37"
                    ],
                    [
                        "-140.39",
                        "44.66"
                    ],
                    [
                        "-138.63",
                        "44.40"
                    ],
                    [
                        "-136.95",
                        "44.41"
                    ],
                    [
                        "-134.59",
                        "44.71"
                    ],
                    [
                        "-129.74",
                        "45.37"
                    ],
                    [
                        "-119.17",
                        "47.42"
                    ],
                    [
                        "-117.74",
                        "47.85"
                    ],
                    [
                        "-115.78",
                        "48.77"
                    ],
                    [
                        "-114.09",
                        "50.36"
                    ],
                    [
                        "-113.21",
                        "51.68"
                    ],
                    [
                        "-112.79",
                        "53.24"
                    ],
                    [
                        "-112.56",
                        "54.79"
                    ],
                    [
                        "-112.31",
                        "55.84"
                    ],
                    [
                        "-111.78",
                        "57.07"
                    ],
                    [
                        "-110.39",
                        "58.23"
                    ],
                    [
                        "-108.36",
                        "58.99"
                    ],
                    [
                        "-106.26",
                        "59.41"
                    ],
                    [
                        "-103.99",
                        "59.65"
                    ],
                    [
                        "-102.54",
                        "59.65"
                    ],
                    [
                        "-100.45",
                        "59.41"
                    ],
                    [
                        "-97.94",
                        "58.77"
                    ],
                    [
                        "-96.13",
                        "57.98"
                    ],
                    [
                        "-94.02",
                        "56.66"
                    ],
                    [
                        "-92.85",
                        "55.26"
                    ],
                    [
                        "-91.97",
                        "53.98"
                    ],
                    [
                        "-89.94",
                        "51.16"
                    ],
                    [
                        "-88.74",
                        "49.55"
                    ],
                    [
                        "-87.31",
                        "48.33"
                    ],
                    [
                        "-85.59",
                        "47.65"
                    ],
                    [
                        "-82.62",
                        "47.04"
                    ],
                    [
                        "-81.69",
                        "46.93"
                    ],
                    [
                        "-80.18",
                        "47.09"
                    ],
                    [
                        "-78.44",
                        "47.97"
                    ],
                    [
                        "-76.73",
                        "48.91"
                    ],
                    [
                        "-74.59",
                        "49.71"
                    ],
                    [
                        "-72.17",
                        "50.47"
                    ],
                    [
                        "-70.18",
                        "50.61"
                    ],
                    [
                        "-67.75",
                        "50.35"
                    ],
                    [
                        "-65.62",
                        "50.49"
                    ],
                    [
                        "-64.17",
                        "51.18"
                    ],
                    [
                        "-62.89",
                        "52.29"
                    ],
                    [
                        "-61.75",
                        "53.03"
                    ],
                    [
                        "-60.05",
                        "53.58"
                    ],
                    [
                        "-56.91",
                        "53.13"
                    ]
                ]
            },
            "properties": {
                "forecastId": null,
                "geometryId": null,
                "tag": "1C",
                "forecastHour": 0,
                "hazard": "FZLVL",
                "frequency": null,
                "severity": null,
                "status": "NRML",
                "base": null,
                "top": null,
                "fzlBase": null,
                "fzlTop": null,
                "level": "120",
                "product": "ZULU",
                "rawAirSigmet": null,
                "validTimeTo": "2026-08-02T09:00:00.000",
                "validTimeFrom": [
                    "2026-08-02T08:45"
                ]
            }
        },
        {
            "type": "Feature",
            "geometry": {
                "type": "Polygon",
                "coordinates": [
                    [
                        [
                            "-78.77",
                            "40.24"
                        ],
                        [
                            "-78.58",
                            "39.95"
                        ],
                        [
                            "-78.75",
                            "39.64"
                        ],
                        [
                            "-78.35",
                            "39.23"
                        ],
                        [
                            "-78.49",
                            "38.80"
                        ],
                        [
                            "-78.51",
                            "38.29"
                        ],
                        [
                            "-79.25",
                            "37.45"
                        ],
                        [
                            "-80.00",
                            "36.55"
                        ],
                        [
                            "-80.94",
                            "35.18"
                        ],
                        [
                            "-84.42",
                            "33.64"
                        ],
                        [
                            "-85.14",
                            "34.97"
                        ],
                        [
                            "-85.17",
                            "35.61"
                        ],
                        [
                            "-85.05",
                            "36.74"
                        ],
                        [
                            "-83.97",
                            "37.48"
                        ],
                        [
                            "-82.76",
                            "38.26"
                        ],
                        [
                            "-82.41",
                            "38.16"
                        ],
                        [
                            "-82.77",
                            "37.83"
                        ],
                        [
                            "-83.13",
                            "37.42"
                        ],
                        [
                            "-83.09",
                            "37.26"
                        ],
                        [
                            "-83.06",
                            "37.12"
                        ],
                        [
                            "-82.95",
                            "37.12"
                        ],
                        [
                            "-82.02",
                            "37.40"
                        ],
                        [
                            "-81.12",
                            "37.87"
                        ],
                        [
                            "-80.78",
                            "38.18"
                        ],
                        [
                            "-80.53",
                            "38.44"
                        ],
                        [
                            "-80.05",
                            "38.82"
                        ],
                        [
                            "-79.65",
                            "38.88"
                        ],
                        [
                            "-79.38",
                            "39.01"
                        ],
                        [
                            "-78.98",
                            "38.91"
                        ],
                        [
                            "-78.81",
                            "39.24"
                        ],
                        [
                            "-78.93",
                            "39.48"
                        ],
                        [
                            "-79.10",
                            "39.61"
                        ],
                        [
                            "-79.03",
                            "40.16"
                        ],
                        [
                            "-78.77",
                            "40.24"
                        ]
                    ]
                ]
            },
            "properties": {
                "forecastId": null,
                "geometryId": null,
                "tag": "4E",
                "forecastHour": 0,
                "hazard": "MT_OBSC",
                "frequency": null,
                "severity": null,
                "status": "AMD",
                "base": null,
                "top": null,
                "fzlBase": null,
                "fzlTop": null,
                "level": null,
                "product": "SIERRA",
                "rawAirSigmet": "MTNS OBSC BY CLDS PCPN BR FG",
                "validTimeTo": "2026-08-02T09:00:00.000",
                "validTimeFrom": [
                    "2026-08-02T09:45"
                ]
            }
        },
        {
            "type": "Feature",
            "geometry": {
                "type": "LineString",
                "coordinates": [
                    [
                        "-126.81",
                        "13.31"
                    ],
                    [
                        "-126.58",
                        "15.93"
                    ],
                    [
                        "-126.11",
                        "18.18"
                    ],
                    [
                        "-126.14",
                        "19.33"
                    ],
                    [
                        "-126.39",
                        "19.94"
                    ],
                    [
                        "-127.60",
                        "21.41"
                    ],
                    [
                        "-128.86",
                        "22.37"
                    ],
                    [
                        "-130.26",
                        "23.24"
                    ],
                    [
                        "-131.62",
                        "24.63"
                    ],
                    [
                        "-131.71",
                        "26.24"
                    ],
                    [
                        "-131.87",
                        "27.73"
                    ],
                    [
                        "-132.98",
                        "29.48"
                    ],
                    [
                        "-134.75",
                        "31.24"
                    ],
                    [
                        "-136.81",
                        "32.48"
                    ],
                    [
                        "-140.91",
                        "33.46"
                    ],
                    [
                        "-142.69",
                        "37.29"
                    ],
                    [
                        "-141.00",
                        "38.00"
                    ],
                    [
                        "-138.92",
                        "38.19"
                    ],
                    [
                        "-136.10",
                        "38.69"
                    ],
                    [
                        "-132.74",
                        "39.93"
                    ],
                    [
                        "-129.44",
                        "41.27"
                    ],
                    [
                        "-126.31",
                        "42.29"
                    ],
                    [
                        "-122.50",
                        "43.18"
                    ],
                    [
                        "-119.33",
                        "44.05"
                    ],
                    [
                        "-117.11",
                        "44.66"
                    ],
                    [
                        "-114.18",
                        "45.75"
                    ],
                    [
                        "-112.12",
                        "46.77"
                    ],
                    [
                        "-109.10",
                        "47.85"
                    ],
                    [
                        "-107.19",
                        "48.37"
                    ],
                    [
                        "-105.91",
                        "48.43"
                    ],
                    [
                        "-104.72",
                        "48.18"
                    ],
                    [
                        "-103.62",
                        "47.69"
                    ],
                    [
                        "-102.50",
                        "46.87"
                    ],
                    [
                        "-94.55",
                        "42.30"
                    ],
                    [
                        "-94.68",
                        "41.11"
                    ],
                    [
                        "-95.04",
                        "40.51"
                    ],
                    [
                        "-95.79",
                        "39.18"
                    ],
                    [
                        "-96.15",
                        "37.72"
                    ],
                    [
                        "-96.01",
                        "35.60"
                    ],
                    [
                        "-95.39",
                        "34.92"
                    ],
                    [
                        "-94.61",
                        "34.80"
                    ],
                    [
                        "-93.19",
                        "35.02"
                    ],
                    [
                        "-90.63",
                        "34.93"
                    ],
                    [
                        "-88.79",
                        "35.62"
                    ],
                    [
                        "-87.30",
                        "36.73"
                    ],
                    [
                        "-85.51",
                        "37.61"
                    ],
                    [
                        "-84.59",
                        "37.36"
                    ],
                    [
                        "-84.28",
                        "36.60"
                    ],
                    [
                        "-84.30",
                        "35.72"
                    ],
                    [
                        "-84.44",
                        "34.26"
                    ],
                    [
                        "-84.76",
                        "33.21"
                    ],
                    [
                        "-85.48",
                        "32.12"
                    ],
                    [
                        "-87.37",
                        "31.36"
                    ],
                    [
                        "-88.75",
                        "30.21"
                    ],
                    [
                        "-89.36",
                        "29.62"
                    ],
                    [
                        "-89.97",
                        "29.92"
                    ],
                    [
                        "-90.65",
                        "30.56"
                    ],
                    [
                        "-91.90",
                        "31.69"
                    ],
                    [
                        "-93.05",
                        "32.12"
                    ],
                    [
                        "-94.25",
                        "32.15"
                    ],
                    [
                        "-95.20",
                        "31.93"
                    ],
                    [
                        "-96.74",
                        "32.01"
                    ],
                    [
                        "-99.29",
                        "32.84"
                    ],
                    [
                        "-101.41",
                        "33.46"
                    ],
                    [
                        "-102.32",
                        "33.39"
                    ],
                    [
                        "-103.18",
                        "32.93"
                    ],
                    [
                        "-103.80",
                        "31.99"
                    ],
                    [
                        "-103.86",
                        "31.31"
                    ],
                    [
                        "-103.31",
                        "29.57"
                    ],
                    [
                        "-102.45",
                        "28.59"
                    ],
                    [
                        "-100.25",
                        "28.16"
                    ],
                    [
                        "-97.33",
                        "27.89"
                    ],
                    [
                        "-94.64",
                        "27.83"
                    ],
                    [
                        "-92.65",
                        "27.78"
                    ],
                    [
                        "-91.41",
                        "28.02"
                    ],
                    [
                        "-90.53",
                        "28.52"
                    ],
                    [
                        "-89.67",
                        "29.24"
                    ],
                    [
                        "-88.54",
                        "29.32"
                    ],
                    [
                        "-87.39",
                        "28.99"
                    ],
                    [
                        "-86.69",
                        "28.69"
                    ],
                    [
                        "-86.57",
                        "28.25"
                    ],
                    [
                        "-88.91",
                        "26.42"
                    ],
                    [
                        "-92.81",
                        "25.00"
                    ],
                    [
                        "-94.33",
                        "24.02"
                    ],
                    [
                        "-94.68",
                        "22.98"
                    ],
                    [
                        "-93.97",
                        "22.37"
                    ],
                    [
                        "-92.61",
                        "22.02"
                    ],
                    [
                        "-90.56",
                        "21.46"
                    ],
                    [
                        "-88.58",
                        "21.10"
                    ],
                    [
                        "-86.60",
                        "20.86"
                    ],
                    [
                        "-85.41",
                        "20.13"
                    ],
                    [
                        "-84.04",
                        "19.94"
                    ],
                    [
                        "-82.25",
                        "20.06"
                    ],
                    [
                        "-78.75",
                        "19.50"
                    ],
                    [
                        "-77.81",
                        "18.07"
                    ],
                    [
                        "-77.63",
                        "16.83"
                    ],
                    [
                        "-78.43",
                        "15.31"
                    ],
                    [
                        "-79.32",
                        "14.45"
                    ]
                ]
            },
            "properties": {
                "forecastId": null,
                "geometryId": null,
                "tag": "1C",
                "forecastHour": 0,
                "hazard": "FZLVL",
                "frequency": null,
                "severity": null,
                "status": "NRML",
                "base": null,
                "top": null,
                "fzlBase": null,
                "fzlTop": null,
                "level": "160",
                "product": "ZULU",
                "rawAirSigmet": null,
                "validTimeTo": "2026-08-02T09:00:00.000",
                "validTimeFrom": [
                    "2026-08-02T08:45"
                ]
            }
        },
        {
            "type": "Feature",
            "geometry": {
                "type": "Polygon",
                "coordinates": [
                    [
                        [
                            "-74.99",
                            "37.23"
                        ],
                        [
                            "-74.18",
                            "36.76"
                        ],
                        [
                            "-73.88",
                            "36.00"
                        ],
                        [
                            "-74.76",
                            "34.54"
                        ],
                        [
                            "-76.08",
                            "33.59"
                        ],
                        [
                            "-77.46",
                            "32.67"
                        ],
                        [
                            "-78.82",
                            "31.29"
                        ],
                        [
                            "-80.04",
                            "30.78"
                        ],
                        [
                            "-81.08",
                            "30.93"
                        ],
                        [
                            "-82.07",
                            "31.55"
                        ],
                        [
                            "-81.96",
                            "32.97"
                        ],
                        [
                            "-80.16",
                            "33.62"
                        ],
                        [
                            "-79.57",
                            "34.65"
                        ],
                        [
                            "-78.92",
                            "35.58"
                        ],
                        [
                            "-77.24",
                            "36.88"
                        ],
                        [
                            "-75.55",
                            "37.30"
                        ],
                        [
                            "-74.99",
                            "37.23"
                        ]
                    ]
                ]
            },
            "properties": {
                "forecastId": null,
                "geometryId": null,
                "tag": "1C",
                "forecastHour": 0,
                "hazard": "FZLVL",
                "frequency": null,
                "severity": null,
                "status": "NRML",
                "base": null,
                "top": null,
                "fzlBase": null,
                "fzlTop": null,
                "level": "160",
                "product": "ZULU",
                "rawAirSigmet": null,
                "validTimeTo": "2026-08-02T09:00:00.000",
                "validTimeFrom": [
                    "2026-08-02T08:45"
                ]
            }
        },
        {
            "type": "Feature",
            "geometry": {
                "type": "Polygon",
                "coordinates": [
                    [
                        [
                            "-112.55",
                            "41.63"
                        ],
                        [
                            "-112.08",
                            "41.59"
                        ],
                        [
                            "-111.42",
                            "41.44"
                        ],
                        [
                            "-111.13",
                            "41.12"
                        ],
                        [
                            "-111.60",
                            "41.16"
                        ],
                        [
                            "-112.04",
                            "40.97"
                        ],
                        [
                            "-111.52",
                            "40.39"
                        ],
                        [
                            "-111.21",
                            "40.01"
                        ],
                        [
                            "-111.43",
                            "39.59"
                        ],
                        [
                            "-111.95",
                            "39.69"
                        ],
                        [
                            "-112.59",
                            "40.00"
                        ],
                        [
                            "-112.88",
                            "39.94"
                        ],
                        [
                            "-112.52",
                            "39.67"
                        ],
                        [
                            "-112.21",
                            "39.05"
                        ],
                        [
                            "-113.23",
                            "38.63"
                        ],
                        [
                            "-114.30",
                            "38.24"
                        ],
                        [
                            "-114.88",
                            "37.85"
                        ],
                        [
                            "-115.35",
                            "37.84"
                        ],
                        [
                            "-115.78",
                            "38.13"
                        ],
                        [
                            "-116.34",
                            "37.81"
                        ],
                        [
                            "-116.54",
                            "38.06"
                        ],
                        [
                            "-116.64",
                            "38.87"
                        ],
                        [
                            "-116.28",
                            "39.66"
                        ],
                        [
                            "-115.94",
                            "40.10"
                        ],
                        [
                            "-115.22",
                            "40.35"
                        ],
                        [
                            "-114.95",
                            "40.35"
                        ],
                        [
                            "-114.87",
                            "40.06"
                        ],
                        [
                            "-115.16",
                            "39.78"
                        ],
                        [
                            "-115.78",
                            "39.34"
                        ],
                        [
                            "-115.56",
                            "38.95"
                        ],
                        [
                            "-114.74",
                            "38.78"
                        ],
                        [
                            "-114.54",
                            "39.28"
                        ],
                        [
                            "-114.32",
                            "39.61"
                        ],
                        [
                            "-114.17",
                            "40.02"
                        ],
                        [
                            "-114.21",
                            "40.22"
                        ],
                        [
                            "-114.49",
                            "40.78"
                        ],
                        [
                            "-114.17",
                            "41.13"
                        ],
                        [
                            "-113.17",
                            "41.53"
                        ],
                        [
                            "-112.55",
                            "41.63"
                        ]
                    ]
                ]
            },
            "properties": {
                "forecastId": null,
                "geometryId": null,
                "tag": "4E",
                "forecastHour": 0,
                "hazard": "MT_OBSC",
                "frequency": null,
                "severity": null,
                "status": "NRML",
                "base": null,
                "top": null,
                "fzlBase": null,
                "fzlTop": null,
                "level": null,
                "product": "SIERRA",
                "rawAirSigmet": "FU HZ",
                "validTimeTo": "2026-08-02T09:00:00.000",
                "validTimeFrom": [
                    "2026-08-02T09:45"
                ]
            }
        },
        {
            "type": "Feature",
            "geometry": {
                "type": "Polygon",
                "coordinates": [
                    [
                        [
                            "-79.31",
                            "42.67"
                        ],
                        [
                            "-82.19",
                            "39.66"
                        ],
                        [
                            "-84.49",
                            "37.26"
                        ],
                        [
                            "-88.24",
                            "34.37"
                        ],
                        [
                            "-90.55",
                            "32.54"
                        ],
                        [
                            "-94.29",
                            "31.82"
                        ],
                        [
                            "-95.95",
                            "32.23"
                        ],
                        [
                            "-92.70",
                            "34.22"
                        ],
                        [
                            "-90.16",
                            "36.43"
                        ],
                        [
                            "-86.61",
                            "39.23"
                        ],
                        [
                            "-84.20",
                            "41.66"
                        ],
                        [
                            "-83.34",
                            "42.24"
                        ],
                        [
                            "-82.33",
                            "41.74"
                        ],
                        [
                            "-79.31",
                            "42.67"
                        ]
                    ]
                ]
            },
            "properties": {
                "forecastId": null,
                "geometryId": null,
                "tag": "3W",
                "forecastHour": 0,
                "hazard": "TURB-HI",
                "frequency": null,
                "severity": "MOD",
                "status": "NRML",
                "base": "230",
                "top": "370",
                "fzlBase": null,
                "fzlTop": null,
                "level": null,
                "product": "TANGO",
                "rawAirSigmet": null,
                "validTimeTo": "2026-08-02T09:00:00.000",
                "validTimeFrom": [
                    "2026-08-02T08:45"
                ]
            }
        },
        {
            "type": "Feature",
            "geometry": {
                "type": "Polygon",
                "coordinates": [
                    [
                        [
                            "-81.59",
                            "31.24"
                        ],
                        [
                            "-81.29",
                            "30.90"
                        ],
                        [
                            "-80.97",
                            "28.92"
                        ],
                        [
                            "-80.34",
                            "27.66"
                        ],
                        [
                            "-80.48",
                            "27.12"
                        ],
                        [
                            "-81.47",
                            "26.89"
                        ],
                        [
                            "-82.50",
                            "27.13"
                        ],
                        [
                            "-83.11",
                            "28.71"
                        ],
                        [
                            "-82.63",
                            "30.63"
                        ],
                        [
                            "-82.42",
                            "30.89"
                        ],
                        [
                            "-81.59",
                            "31.24"
                        ]
                    ]
                ]
            },
            "properties": {
                "forecastId": null,
                "geometryId": null,
                "tag": "2C",
                "forecastHour": 0,
                "hazard": "ICE",
                "frequency": null,
                "severity": "MOD",
                "status": "NRML",
                "base": "150",
                "top": "270",
                "fzlBase": null,
                "fzlTop": null,
                "level": null,
                "product": "ZULU",
                "rawAirSigmet": "ICE",
                "validTimeTo": "2026-08-02T09:00:00.000",
                "validTimeFrom": [
                    "2026-08-02T08:45"
                ]
            }
        },
        {
            "type": "Feature",
            "geometry": {
                "type": "LineString",
                "coordinates": [
                    [
                        "-78.85",
                        "60.01"
                    ],
                    [
                        "-78.85",
                        "59.94"
                    ],
                    [
                        "-78.82",
                        "59.09"
                    ],
                    [
                        "-78.64",
                        "58.32"
                    ],
                    [
                        "-78.32",
                        "58.06"
                    ],
                    [
                        "-77.61",
                        "57.61"
                    ],
                    [
                        "-76.51",
                        "57.56"
                    ],
                    [
                        "-75.98",
                        "57.54"
                    ],
                    [
                        "-74.37",
                        "57.83"
                    ],
                    [
                        "-73.74",
                        "57.99"
                    ],
                    [
                        "-72.83",
                        "58.28"
                    ]
                ]
            },
            "properties": {
                "forecastId": null,
                "geometryId": null,
                "tag": "1C",
                "forecastHour": 0,
                "hazard": "FZLVL",
                "frequency": null,
                "severity": null,
                "status": "NRML",
                "base": null,
                "top": null,
                "fzlBase": null,
                "fzlTop": null,
                "level": "080",
                "product": "ZULU",
                "rawAirSigmet": null,
                "validTimeTo": "2026-08-02T09:00:00.000",
                "validTimeFrom": [
                    "2026-08-02T08:45"
                ]
            }
        },
        {
            "type": "Feature",
            "geometry": {
                "type": "Polygon",
                "coordinates": [
                    [
                        [
                            "-85.41",
                            "47.18"
                        ],
                        [
                            "-82.71",
                            "45.29"
                        ],
                        [
                            "-85.15",
                            "43.46"
                        ],
                        [
                            "-86.95",
                            "42.43"
                        ],
                        [
                            "-89.17",
                            "42.68"
                        ],
                        [
                            "-88.84",
                            "44.43"
                        ],
                        [
                            "-87.31",
                            "46.30"
                        ],
                        [
                            "-85.41",
                            "47.18"
                        ]
                    ]
                ]
            },
            "properties": {
                "forecastId": null,
                "geometryId": null,
                "tag": "1W",
                "forecastHour": 0,
                "hazard": "TURB-HI",
                "frequency": null,
                "severity": "MOD",
                "status": "NRML",
                "base": "320",
                "top": "400",
                "fzlBase": null,
                "fzlTop": null,
                "level": null,
                "product": "TANGO",
                "rawAirSigmet": null,
                "validTimeTo": "2026-08-02T09:00:00.000",
                "validTimeFrom": [
                    "2026-08-02T08:45"
                ]
            }
        },
        {
            "type": "Feature",
            "geometry": {
                "type": "LineString",
                "coordinates": [
                    [
                        "-73.24",
                        "12.33"
                    ],
                    [
                        "-73.12",
                        "12.36"
                    ],
                    [
                        "-72.56",
                        "12.39"
                    ],
                    [
                        "-71.99",
                        "12.28"
                    ],
                    [
                        "-71.78",
                        "12.15"
                    ],
                    [
                        "-71.53",
                        "12.00"
                    ],
                    [
                        "-71.50",
                        "11.97"
                    ],
                    [
                        "-71.15",
                        "11.61"
                    ],
                    [
                        "-70.79",
                        "11.19"
                    ],
                    [
                        "-70.41",
                        "10.82"
                    ],
                    [
                        "-69.95",
                        "10.56"
                    ],
                    [
                        "-69.36",
                        "10.48"
                    ],
                    [
                        "-69.26",
                        "10.46"
                    ]
                ]
            },
            "properties": {
                "forecastId": null,
                "geometryId": null,
                "tag": "1C",
                "forecastHour": 0,
                "hazard": "FZLVL",
                "frequency": null,
                "severity": null,
                "status": "NRML",
                "base": null,
                "top": null,
                "fzlBase": null,
                "fzlTop": null,
                "level": "160",
                "product": "ZULU",
                "rawAirSigmet": null,
                "validTimeTo": "2026-08-02T09:00:00.000",
                "validTimeFrom": [
                    "2026-08-02T08:45"
                ]
            }
        },
        {
            "type": "Feature",
            "geometry": {
                "type": "Polygon",
                "coordinates": [
                    [
                        [
                            "-108.07",
                            "49.00"
                        ],
                        [
                            "-105.56",
                            "48.98"
                        ],
                        [
                            "-102.71",
                            "48.97"
                        ],
                        [
                            "-104.72",
                            "45.60"
                        ],
                        [
                            "-106.33",
                            "46.34"
                        ],
                        [
                            "-108.07",
                            "49.00"
                        ]
                    ]
                ]
            },
            "properties": {
                "forecastId": null,
                "geometryId": null,
                "tag": "7W",
                "forecastHour": 0,
                "hazard": "TURB-LO",
                "frequency": null,
                "severity": "MOD",
                "status": "NRML",
                "base": "080",
                "top": "200",
                "fzlBase": null,
                "fzlTop": null,
                "level": null,
                "product": "TANGO",
                "rawAirSigmet": null,
                "validTimeTo": "2026-08-02T09:00:00.000",
                "validTimeFrom": [
                    "2026-08-02T08:45"
                ]
            }
        },
        {
            "type": "Feature",
            "geometry": {
                "type": "LineString",
                "coordinates": [
                    [
                        "-47.08",
                        "35.93"
                    ],
                    [
                        "-46.90",
                        "36.13"
                    ],
                    [
                        "-46.51",
                        "36.51"
                    ],
                    [
                        "-45.94",
                        "37.12"
                    ],
                    [
                        "-45.45",
                        "37.66"
                    ],
                    [
                        "-45.37",
                        "37.73"
                    ],
                    [
                        "-44.68",
                        "38.20"
                    ],
                    [
                        "-43.86",
                        "38.51"
                    ],
                    [
                        "-43.34",
                        "38.59"
                    ],
                    [
                        "-42.91",
                        "38.62"
                    ]
                ]
            },
            "properties": {
                "forecastId": null,
                "geometryId": null,
                "tag": "1C",
                "forecastHour": 0,
                "hazard": "FZLVL",
                "frequency": null,
                "severity": null,
                "status": "NRML",
                "base": null,
                "top": null,
                "fzlBase": null,
                "fzlTop": null,
                "level": "160",
                "product": "ZULU",
                "rawAirSigmet": null,
                "validTimeTo": "2026-08-02T09:00:00.000",
                "validTimeFrom": [
                    "2026-08-02T08:45"
                ]
            }
        },
        {
            "type": "Feature",
            "geometry": {
                "type": "Polygon",
                "coordinates": [
                    [
                        [
                            "-69.30",
                            "47.62"
                        ],
                        [
                            "-67.83",
                            "47.19"
                        ],
                        [
                            "-67.88",
                            "45.83"
                        ],
                        [
                            "-69.23",
                            "43.93"
                        ],
                        [
                            "-73.18",
                            "42.40"
                        ],
                        [
                            "-75.64",
                            "41.32"
                        ],
                        [
                            "-77.11",
                            "38.92"
                        ],
                        [
                            "-79.06",
                            "36.41"
                        ],
                        [
                            "-80.27",
                            "36.02"
                        ],
                        [
                            "-81.05",
                            "36.66"
                        ],
                        [
                            "-80.26",
                            "38.37"
                        ],
                        [
                            "-81.58",
                            "39.53"
                        ],
                        [
                            "-80.42",
                            "41.49"
                        ],
                        [
                            "-78.72",
                            "43.56"
                        ],
                        [
                            "-76.74",
                            "43.75"
                        ],
                        [
                            "-75.15",
                            "44.96"
                        ],
                        [
                            "-71.12",
                            "45.35"
                        ],
                        [
                            "-69.30",
                            "47.62"
                        ]
                    ]
                ]
            },
            "properties": {
                "forecastId": null,
                "geometryId": null,
                "tag": "3C",
                "forecastHour": 0,
                "hazard": "ICE",
                "frequency": null,
                "severity": "MOD",
                "status": "NRML",
                "base": "FZL",
                "top": "250",
                "fzlBase": "130",
                "fzlTop": "160",
                "level": null,
                "product": "ZULU",
                "rawAirSigmet": "ICE",
                "validTimeTo": "2026-08-02T09:00:00.000",
                "validTimeFrom": [
                    "2026-08-02T08:45"
                ]
            }
        },
        {
            "type": "Feature",
            "geometry": {
                "type": "Polygon",
                "coordinates": [
                    [
                        [
                            "-113.21",
                            "49.04"
                        ],
                        [
                            "-111.41",
                            "47.44"
                        ],
                        [
                            "-109.85",
                            "48.49"
                        ],
                        [
                            "-107.31",
                            "45.22"
                        ],
                        [
                            "-108.82",
                            "44.77"
                        ],
                        [
                            "-110.91",
                            "44.50"
                        ],
                        [
                            "-111.91",
                            "44.53"
                        ],
                        [
                            "-112.83",
                            "44.60"
                        ],
                        [
                            "-113.50",
                            "44.53"
                        ],
                        [
                            "-114.23",
                            "44.94"
                        ],
                        [
                            "-115.49",
                            "45.13"
                        ],
                        [
                            "-116.16",
                            "43.99"
                        ],
                        [
                            "-115.34",
                            "43.40"
                        ],
                        [
                            "-114.37",
                            "43.77"
                        ],
                        [
                            "-112.54",
                            "44.23"
                        ],
                        [
                            "-111.05",
                            "44.05"
                        ],
                        [
                            "-111.31",
                            "43.69"
                        ],
                        [
                            "-111.85",
                            "43.31"
                        ],
                        [
                            "-112.52",
                            "42.93"
                        ],
                        [
                            "-112.60",
                            "42.49"
                        ],
                        [
                            "-114.11",
                            "42.02"
                        ],
                        [
                            "-114.28",
                            "41.74"
                        ],
                        [
                            "-115.09",
                            "41.86"
                        ],
                        [
                            "-115.81",
                            "41.79"
                        ],
                        [
                            "-116.09",
                            "41.36"
                        ],
                        [
                            "-116.10",
                            "41.08"
                        ],
                        [
                            "-116.71",
                            "40.88"
                        ],
                        [
                            "-117.16",
                            "41.32"
                        ],
                        [
                            "-116.98",
                            "41.94"
                        ],
                        [
                            "-117.03",
                            "42.43"
                        ],
                        [
                            "-117.35",
                            "42.67"
                        ],
                        [
                            "-117.94",
                            "42.40"
                        ],
                        [
                            "-118.66",
                            "42.19"
                        ],
                        [
                            "-119.00",
                            "42.09"
                        ],
                        [
                            "-119.64",
                            "42.36"
                        ],
                        [
                            "-119.87",
                            "42.77"
                        ],
                        [
                            "-119.84",
                            "43.15"
                        ],
                        [
                            "-119.82",
                            "43.30"
                        ],
                        [
                            "-119.77",
                            "43.39"
                        ],
                        [
                            "-119.18",
                            "43.49"
                        ],
                        [
                            "-118.26",
                            "43.57"
                        ],
                        [
                            "-118.12",
                            "44.05"
                        ],
                        [
                            "-118.69",
                            "44.26"
                        ],
                        [
                            "-119.02",
                            "44.38"
                        ],
                        [
                            "-119.44",
                            "44.85"
                        ],
                        [
                            "-119.90",
                            "45.01"
                        ],
                        [
                            "-120.32",
                            "45.19"
                        ],
                        [
                            "-121.05",
                            "45.15"
                        ],
                        [
                            "-121.20",
                            "45.06"
                        ],
                        [
                            "-121.78",
                            "45.37"
                        ],
                        [
                            "-121.48",
                            "45.58"
                        ],
                        [
                            "-120.31",
                            "45.60"
                        ],
                        [
                            "-119.61",
                            "45.51"
                        ],
                        [
                            "-119.37",
                            "45.54"
                        ],
                        [
                            "-118.63",
                            "45.64"
                        ],
                        [
                            "-117.29",
                            "46.11"
                        ],
                        [
                            "-116.20",
                            "46.78"
                        ],
                        [
                            "-115.49",
                            "47.21"
                        ],
                        [
                            "-116.22",
                            "47.04"
                        ],
                        [
                            "-117.34",
                            "46.80"
                        ],
                        [
                            "-117.99",
                            "46.59"
                        ],
                        [
                            "-118.31",
                            "46.69"
                        ],
                        [
                            "-119.32",
                            "47.28"
                        ],
                        [
                            "-120.58",
                            "47.95"
                        ],
                        [
                            "-120.59",
                            "48.06"
                        ],
                        [
                            "-119.31",
                            "48.00"
                        ],
                        [
                            "-119.65",
                            "48.36"
                        ],
                        [
                            "-119.91",
                            "48.79"
                        ],
                        [
                            "-119.53",
                            "48.82"
                        ],
                        [
                            "-118.92",
                            "48.49"
                        ],
                        [
                            "-118.26",
                            "48.43"
                        ],
                        [
                            "-117.34",
                            "48.51"
                        ],
                        [
                            "-116.42",
                            "49.00"
                        ],
                        [
                            "-113.21",
                            "49.04"
                        ]
                    ]
                ]
            },
            "properties": {
                "forecastId": null,
                "geometryId": null,
                "tag": "2E",
                "forecastHour": 0,
                "hazard": "MT_OBSC",
                "frequency": null,
                "severity": null,
                "status": "NRML",
                "base": null,
                "top": null,
                "fzlBase": null,
                "fzlTop": null,
                "level": null,
                "product": "SIERRA",
                "rawAirSigmet": "FU HZ",
                "validTimeTo": "2026-08-02T09:00:00.000",
                "validTimeFrom": [
                    "2026-08-02T09:45"
                ]
            }
        },
        {
            "type": "Feature",
            "geometry": {
                "type": "Polygon",
                "coordinates": [
                    [
                        [
                            "-108.09",
                            "49.00"
                        ],
                        [
                            "-106.36",
                            "46.31"
                        ],
                        [
                            "-107.77",
                            "45.37"
                        ],
                        [
                            "-108.93",
                            "46.10"
                        ],
                        [
                            "-110.04",
                            "47.06"
                        ],
                        [
                            "-112.43",
                            "46.58"
                        ],
                        [
                            "-114.15",
                            "46.92"
                        ],
                        [
                            "-115.21",
                            "47.82"
                        ],
                        [
                            "-115.68",
                            "48.96"
                        ],
                        [
                            "-113.58",
                            "48.83"
                        ],
                        [
                            "-110.90",
                            "48.91"
                        ],
                        [
                            "-108.09",
                            "49.00"
                        ]
                    ]
                ]
            },
            "properties": {
                "forecastId": null,
                "geometryId": null,
                "tag": "4W",
                "forecastHour": 0,
                "hazard": "TURB-LO",
                "frequency": null,
                "severity": "MOD",
                "status": "NRML",
                "base": "SFC",
                "top": "180",
                "fzlBase": null,
                "fzlTop": null,
                "level": null,
                "product": "TANGO",
                "rawAirSigmet": "MTN WAVE",
                "validTimeTo": "2026-08-02T09:00:00.000",
                "validTimeFrom": [
                    "2026-08-02T08:45"
                ]
            }
        },
        {
            "type": "Feature",
            "geometry": {
                "type": "Polygon",
                "coordinates": [
                    [
                        [
                            "-124.94",
                            "41.98"
                        ],
                        [
                            "-124.40",
                            "41.68"
                        ],
                        [
                            "-124.42",
                            "41.11"
                        ],
                        [
                            "-124.52",
                            "40.52"
                        ],
                        [
                            "-124.07",
                            "39.91"
                        ],
                        [
                            "-123.89",
                            "39.42"
                        ],
                        [
                            "-123.91",
                            "38.66"
                        ],
                        [
                            "-123.65",
                            "38.15"
                        ],
                        [
                            "-123.67",
                            "37.42"
                        ],
                        [
                            "-124.25",
                            "35.94"
                        ],
                        [
                            "-125.80",
                            "35.46"
                        ],
                        [
                            "-126.90",
                            "36.42"
                        ],
                        [
                            "-126.56",
                            "38.58"
                        ],
                        [
                            "-127.01",
                            "39.80"
                        ],
                        [
                            "-126.83",
                            "40.58"
                        ],
                        [
                            "-125.58",
                            "41.65"
                        ],
                        [
                            "-124.94",
                            "41.98"
                        ]
                    ]
                ]
            },
            "properties": {
                "forecastId": null,
                "geometryId": null,
                "tag": "1W",
                "forecastHour": 0,
                "hazard": "SFC_WND",
                "frequency": null,
                "severity": null,
                "status": "NRML",
                "base": null,
                "top": null,
                "fzlBase": null,
                "fzlTop": null,
                "level": null,
                "product": "TANGO",
                "rawAirSigmet": "USTAINED SFC WINDS GREATER THAN 30 KTS",
                "validTimeTo": "2026-08-02T09:00:00.000",
                "validTimeFrom": [
                    "2026-08-02T08:45"
                ]
            }
        },
        {
            "type": "Feature",
            "geometry": {
                "type": "Polygon",
                "coordinates": [
                    [
                        [
                            "-108.79",
                            "21.80"
                        ],
                        [
                            "-109.56",
                            "21.37"
                        ],
                        [
                            "-110.57",
                            "21.28"
                        ],
                        [
                            "-112.34",
                            "21.00"
                        ],
                        [
                            "-114.35",
                            "20.77"
                        ],
                        [
                            "-115.42",
                            "20.27"
                        ],
                        [
                            "-115.87",
                            "19.04"
                        ],
                        [
                            "-115.56",
                            "17.84"
                        ],
                        [
                            "-114.71",
                            "16.76"
                        ],
                        [
                            "-113.89",
                            "16.02"
                        ],
                        [
                            "-113.07",
                            "15.89"
                        ],
                        [
                            "-112.35",
                            "16.23"
                        ],
                        [
                            "-111.21",
                            "16.91"
                        ],
                        [
                            "-109.31",
                            "16.89"
                        ],
                        [
                            "-108.28",
                            "17.47"
                        ],
                        [
                            "-106.99",
                            "17.94"
                        ],
                        [
                            "-105.71",
                            "17.81"
                        ],
                        [
                            "-104.58",
                            "17.93"
                        ],
                        [
                            "-103.48",
                            "18.47"
                        ],
                        [
                            "-102.22",
                            "19.49"
                        ],
                        [
                            "-101.92",
                            "20.65"
                        ],
                        [
                            "-102.33",
                            "21.95"
                        ],
                        [
                            "-103.17",
                            "22.42"
                        ],
                        [
                            "-104.02",
                            "22.45"
                        ],
                        [
                            "-106.10",
                            "22.26"
                        ],
                        [
                            "-107.29",
                            "22.48"
                        ],
                        [
                            "-108.79",
                            "21.80"
                        ]
                    ]
                ]
            },
            "properties": {
                "forecastId": null,
                "geometryId": null,
                "tag": "1C",
                "forecastHour": 0,
                "hazard": "FZLVL",
                "frequency": null,
                "severity": null,
                "status": "NRML",
                "base": null,
                "top": null,
                "fzlBase": null,
                "fzlTop": null,
                "level": "160",
                "product": "ZULU",
                "rawAirSigmet": null,
                "validTimeTo": "2026-08-02T09:00:00.000",
                "validTimeFrom": [
                    "2026-08-02T08:45"
                ]
            }
        },
        {
            "type": "Feature",
            "geometry": {
                "type": "Polygon",
                "coordinates": [
                    [
                        [
                            "-96.59",
                            "30.21"
                        ],
                        [
                            "-95.46",
                            "29.99"
                        ],
                        [
                            "-95.31",
                            "29.32"
                        ],
                        [
                            "-97.40",
                            "28.36"
                        ],
                        [
                            "-98.52",
                            "27.67"
                        ],
                        [
                            "-99.23",
                            "27.42"
                        ],
                        [
                            "-99.73",
                            "27.48"
                        ],
                        [
                            "-100.47",
                            "29.12"
                        ],
                        [
                            "-96.59",
                            "30.21"
                        ]
                    ]
                ]
            },
            "properties": {
                "forecastId": null,
                "geometryId": null,
                "tag": "5C",
                "forecastHour": 0,
                "hazard": "ICE",
                "frequency": null,
                "severity": "MOD",
                "status": "NRML",
                "base": "160",
                "top": "270",
                "fzlBase": null,
                "fzlTop": null,
                "level": null,
                "product": "ZULU",
                "rawAirSigmet": "ICE",
                "validTimeTo": "2026-08-02T09:00:00.000",
                "validTimeFrom": [
                    "2026-08-02T08:45"
                ]
            }
        },
        {
            "type": "Feature",
            "geometry": {
                "type": "LineString",
                "coordinates": [
                    [
                        "-135.27",
                        "25.42"
                    ],
                    [
                        "-134.99",
                        "25.27"
                    ],
                    [
                        "-134.49",
                        "25.11"
                    ],
                    [
                        "-133.90",
                        "24.78"
                    ],
                    [
                        "-133.75",
                        "24.76"
                    ],
                    [
                        "-132.97",
                        "24.44"
                    ],
                    [
                        "-132.85",
                        "24.32"
                    ],
                    [
                        "-132.29",
                        "24.07"
                    ],
                    [
                        "-132.30",
                        "23.38"
                    ],
                    [
                        "-132.31",
                        "23.37"
                    ],
                    [
                        "-132.38",
                        "22.66"
                    ],
                    [
                        "-132.48",
                        "22.36"
                    ],
                    [
                        "-132.60",
                        "21.87"
                    ]
                ]
            },
            "properties": {
                "forecastId": null,
                "geometryId": null,
                "tag": "1C",
                "forecastHour": 0,
                "hazard": "FZLVL",
                "frequency": null,
                "severity": null,
                "status": "NRML",
                "base": null,
                "top": null,
                "fzlBase": null,
                "fzlTop": null,
                "level": "160",
                "product": "ZULU",
                "rawAirSigmet": null,
                "validTimeTo": "2026-08-02T09:00:00.000",
                "validTimeFrom": [
                    "2026-08-02T08:45"
                ]
            }
        },
        {
            "type": "Feature",
            "geometry": {
                "type": "Polygon",
                "coordinates": [
                    [
                        [
                            "-112.84",
                            "48.98"
                        ],
                        [
                            "-112.23",
                            "47.57"
                        ],
                        [
                            "-113.24",
                            "47.46"
                        ],
                        [
                            "-114.42",
                            "48.96"
                        ],
                        [
                            "-112.84",
                            "48.98"
                        ]
                    ]
                ]
            },
            "properties": {
                "forecastId": null,
                "geometryId": null,
                "tag": "2W",
                "forecastHour": 0,
                "hazard": "SFC_WND",
                "frequency": null,
                "severity": null,
                "status": "NRML",
                "base": null,
                "top": null,
                "fzlBase": null,
                "fzlTop": null,
                "level": null,
                "product": "TANGO",
                "rawAirSigmet": "USTAINED SFC WINDS GREATER THAN 30 KTS",
                "validTimeTo": "2026-08-02T09:00:00.000",
                "validTimeFrom": [
                    "2026-08-02T08:45"
                ]
            }
        },
        {
            "type": "Feature",
            "geometry": {
                "type": "Polygon",
                "coordinates": [
                    [
                        [
                            "-114.17",
                            "49.01"
                        ],
                        [
                            "-112.68",
                            "48.97"
                        ],
                        [
                            "-111.23",
                            "48.99"
                        ],
                        [
                            "-110.82",
                            "47.91"
                        ],
                        [
                            "-111.90",
                            "47.43"
                        ],
                        [
                            "-113.51",
                            "47.88"
                        ],
                        [
                            "-114.17",
                            "49.01"
                        ]
                    ]
                ]
            },
            "properties": {
                "forecastId": null,
                "geometryId": null,
                "tag": "1W",
                "forecastHour": 0,
                "hazard": "LLWS",
                "frequency": null,
                "severity": null,
                "status": "NRML",
                "base": null,
                "top": null,
                "fzlBase": null,
                "fzlTop": null,
                "level": null,
                "product": "TANGO",
                "rawAirSigmet": "AIR SPEED LOSS OR GAIN OF 20KTS OR MORE BELOW 2000 FT AGL",
                "validTimeTo": "2026-08-02T09:00:00.000",
                "validTimeFrom": [
                    "2026-08-02T08:45"
                ]
            }
        },
        {
            "type": "Feature",
            "geometry": {
                "type": "Polygon",
                "coordinates": [
                    [
                        [
                            "-98.91",
                            "49.01"
                        ],
                        [
                            "-99.77",
                            "47.45"
                        ],
                        [
                            "-100.93",
                            "44.58"
                        ],
                        [
                            "-102.47",
                            "43.72"
                        ],
                        [
                            "-103.35",
                            "44.71"
                        ],
                        [
                            "-104.97",
                            "45.10"
                        ],
                        [
                            "-105.73",
                            "45.55"
                        ],
                        [
                            "-106.14",
                            "47.13"
                        ],
                        [
                            "-107.18",
                            "48.95"
                        ],
                        [
                            "-104.17",
                            "48.89"
                        ],
                        [
                            "-101.49",
                            "48.94"
                        ],
                        [
                            "-100.34",
                            "49.00"
                        ],
                        [
                            "-98.91",
                            "49.01"
                        ]
                    ]
                ]
            },
            "properties": {
                "forecastId": null,
                "geometryId": null,
                "tag": "4W",
                "forecastHour": 0,
                "hazard": "LLWS",
                "frequency": null,
                "severity": null,
                "status": "NRML",
                "base": null,
                "top": null,
                "fzlBase": null,
                "fzlTop": null,
                "level": null,
                "product": "TANGO",
                "rawAirSigmet": "AIR SPEED LOSS OR GAIN OF 20KTS OR MORE BELOW 2000 FT AGL",
                "validTimeTo": "2026-08-02T09:00:00.000",
                "validTimeFrom": [
                    "2026-08-02T08:45"
                ]
            }
        },
        {
            "type": "Feature",
            "geometry": {
                "type": "Polygon",
                "coordinates": [
                    [
                        [
                            "-120.31",
                            "48.99"
                        ],
                        [
                            "-121.14",
                            "48.22"
                        ],
                        [
                            "-120.74",
                            "47.96"
                        ],
                        [
                            "-121.31",
                            "47.06"
                        ],
                        [
                            "-121.67",
                            "46.19"
                        ],
                        [
                            "-122.34",
                            "46.24"
                        ],
                        [
                            "-124.25",
                            "47.28"
                        ],
                        [
                            "-124.63",
                            "48.29"
                        ],
                        [
                            "-123.59",
                            "48.59"
                        ],
                        [
                            "-122.47",
                            "48.94"
                        ],
                        [
                            "-121.52",
                            "48.94"
                        ],
                        [
                            "-120.31",
                            "48.99"
                        ]
                    ]
                ]
            },
            "properties": {
                "forecastId": null,
                "geometryId": null,
                "tag": "1E",
                "forecastHour": 0,
                "hazard": "MT_OBSC",
                "frequency": null,
                "severity": null,
                "status": "NRML",
                "base": null,
                "top": null,
                "fzlBase": null,
                "fzlTop": null,
                "level": null,
                "product": "SIERRA",
                "rawAirSigmet": "MTNS OBSC BY CLDS BR FG",
                "validTimeTo": "2026-08-02T09:00:00.000",
                "validTimeFrom": [
                    "2026-08-02T09:45"
                ]
            }
        }
    ],
    "metadata": {
        "creationTime": "2026-08-02T10:04"
    }
}