{
    "type": "FeatureCollection",
    "features": [
        {
            "type": "Feature",
            "geometry": {
                "type": "Polygon",
                "coordinates": [
                    [
                        [
                            "-123.58",
                            "38.78"
                        ],
                        [
                            "-122.41",
                            "38.39"
                        ],
                        [
                            "-122.52",
                            "38.00"
                        ],
                        [
                            "-122.27",
                            "37.87"
                        ],
                        [
                            "-121.93",
                            "37.21"
                        ],
                        [
                            "-121.60",
                            "37.17"
                        ],
                        [
                            "-120.89",
                            "36.31"
                        ],
                        [
                            "-120.76",
                            "35.89"
                        ],
                        [
                            "-121.53",
                            "36.34"
                        ],
                        [
                            "-121.36",
                            "35.98"
                        ],
                        [
                            "-120.82",
                            "35.65"
                        ],
                        [
                            "-120.20",
                            "35.29"
                        ],
                        [
                            "-119.99",
                            "34.59"
                        ],
                        [
                            "-118.79",
                            "34.17"
                        ],
                        [
                            "-117.64",
                            "33.72"
                        ],
                        [
                            "-117.19",
                            "33.02"
                        ],
                        [
                            "-117.07",
                            "32.42"
                        ],
                        [
                            "-117.88",
                            "32.09"
                        ],
                        [
                            "-120.86",
                            "30.81"
                        ],
                        [
                            "-125.65",
                            "37.74"
                        ],
                        [
                            "-124.46",
                            "37.84"
                        ],
                        [
                            "-123.81",
                            "37.24"
                        ],
                        [
                            "-123.28",
                            "37.05"
                        ],
                        [
                            "-123.44",
                            "37.61"
                        ],
                        [
                            "-123.71",
                            "38.13"
                        ],
                        [
                            "-123.58",
                            "38.78"
                        ]
                    ]
                ]
            },
            "properties": {
                "forecastId": null,
                "geometryId": null,
                "tag": "3E",
                "forecastHour": 0,
                "hazard": "IFR",
                "frequency": null,
                "severity": null,
                "status": "NRML",
                "base": null,
                "top": null,
                "fzlBase": null,
                "fzlTop": null,
                "level": null,
                "product": "SIERRA",
                "rawAirSigmet": "CIG BLW 010 VIS BLW 3SM BR FG",
                "validTimeTo": "2026-08-04T09:00:00.000",
                "validTimeFrom": [
                    "2026-08-04T09:36"
                ]
            }
        },
        {
            "type": "Feature",
            "geometry": {
                "type": "Polygon",
                "coordinates": [
                    [
                        [
                            "-88.25",
                            "48.35"
                        ],
                        [
                            "-86.74",
                            "47.68"
                        ],
                        [
                            "-87.75",
                            "46.10"
                        ],
                        [
                            "-90.15",
                            "45.14"
                        ],
                        [
                            "-92.12",
                            "44.31"
                        ],
                        [
                            "-92.96",
                            "44.58"
                        ],
                        [
                            "-92.23",
                            "46.73"
                        ],
                        [
                            "-91.02",
                            "48.02"
                        ],
                        [
                            "-89.16",
                            "47.97"
                        ],
                        [
                            "-88.25",
                            "48.35"
                        ]
                    ]
                ]
            },
            "properties": {
                "forecastId": null,
                "geometryId": null,
                "tag": "1W",
                "forecastHour": 0,
                "hazard": "LLWS",
                "frequency": null,
                "severity": null,
                "status": "NRML",
                "base": null,
                "top": null,
                "fzlBase": null,
                "fzlTop": null,
                "level": null,
                "product": "TANGO",
                "rawAirSigmet": "AIR SPEED LOSS OR GAIN OF 20KTS OR MORE BELOW 2000 FT AGL",
                "validTimeTo": "2026-08-04T09:00:00.000",
                "validTimeFrom": [
                    "2026-08-04T08:45"
                ]
            }
        },
        {
            "type": "Feature",
            "geometry": {
                "type": "Polygon",
                "coordinates": [
                    [
                        [
                            "-111.64",
                            "35.44"
                        ],
                        [
                            "-110.77",
                            "34.58"
                        ],
                        [
                            "-111.37",
                            "33.22"
                        ],
                        [
                            "-112.07",
                            "32.51"
                        ],
                        [
                            "-113.67",
                            "32.51"
                        ],
                        [
                            "-114.65",
                            "32.96"
                        ],
                        [
                            "-113.07",
                            "33.67"
                        ],
                        [
                            "-111.64",
                            "35.44"
                        ]
                    ]
                ]
            },
            "properties": {
                "forecastId": null,
                "geometryId": null,
                "tag": "5E",
                "forecastHour": 0,
                "hazard": "IFR",
                "frequency": null,
                "severity": null,
                "status": "NRML",
                "base": null,
                "top": null,
                "fzlBase": null,
                "fzlTop": null,
                "level": null,
                "product": "SIERRA",
                "rawAirSigmet": "CIG BLW 010 VIS BLW 3SM HZ",
                "validTimeTo": "2026-08-04T09:00:00.000",
                "validTimeFrom": [
                    "2026-08-04T09:36"
                ]
            }
        },
        {
            "type": "Feature",
            "geometry": {
                "type": "Polygon",
                "coordinates": [
                    [
                        [
                            "-68.98",
                            "47.39"
                        ],
                        [
                            "-67.88",
                            "47.23"
                        ],
                        [
                            "-67.95",
                            "45.93"
                        ],
                        [
                            "-67.22",
                            "45.00"
                        ],
                        [
                            "-67.11",
                            "44.46"
                        ],
                        [
                            "-67.92",
                            "43.80"
                        ],
                        [
                            "-69.13",
                            "43.40"
                        ],
                        [
                            "-70.36",
                            "43.41"
                        ],
                        [
                            "-71.94",
                            "43.91"
                        ],
                        [
                            "-71.98",
                            "44.88"
                        ],
                        [
                            "-70.41",
                            "45.52"
                        ],
                        [
                            "-69.79",
                            "46.12"
                        ],
                        [
                            "-69.44",
                            "47.06"
                        ],
                        [
                            "-68.98",
                            "47.39"
                        ]
                    ]
                ]
            },
            "properties": {
                "forecastId": null,
                "geometryId": null,
                "tag": "1W",
                "forecastHour": 0,
                "hazard": "TURB-LO",
                "frequency": null,
                "severity": "MOD",
                "status": "NRML",
                "base": "SFC",
                "top": "080",
                "fzlBase": null,
                "fzlTop": null,
                "level": null,
                "product": "TANGO",
                "rawAirSigmet": null,
                "validTimeTo": "2026-08-04T09:00:00.000",
                "validTimeFrom": [
                    "2026-08-04T08:45"
                ]
            }
        },
        {
            "type": "Feature",
            "geometry": {
                "type": "Polygon",
                "coordinates": [
                    [
                        [
                            "-86.42",
                            "44.51"
                        ],
                        [
                            "-86.00",
                            "44.47"
                        ],
                        [
                            "-85.48",
                            "43.12"
                        ],
                        [
                            "-86.32",
                            "43.06"
                        ],
                        [
                            "-86.75",
                            "43.91"
                        ],
                        [
                            "-86.42",
                            "44.51"
                        ]
                    ]
                ]
            },
            "properties": {
                "forecastId": null,
                "geometryId": null,
                "tag": "8E",
                "forecastHour": 0,
                "hazard": "IFR",
                "frequency": null,
                "severity": null,
                "status": "NRML",
                "base": null,
                "top": null,
                "fzlBase": null,
                "fzlTop": null,
                "level": null,
                "product": "SIERRA",
                "rawAirSigmet": "CIG BLW 010 VIS BLW 3SM BR FG FU",
                "validTimeTo": "2026-08-04T09:00:00.000",
                "validTimeFrom": [
                    "2026-08-04T09:36"
                ]
            }
        },
        {
            "type": "Feature",
            "geometry": {
                "type": "LineString",
                "coordinates": [
                    [
                        "-100.17",
                        "19.62"
                    ],
                    [
                        "-100.42",
                        "20.34"
                    ],
                    [
                        "-100.85",
                        "20.68"
                    ],
                    [
                        "-101.25",
                        "20.99"
                    ],
                    [
                        "-101.61",
                        "21.38"
                    ],
                    [
                        "-101.76",
                        "21.74"
                    ],
                    [
                        "-101.97",
                        "22.46"
                    ],
                    [
                        "-102.26",
                        "22.81"
                    ],
                    [
                        "-102.93",
                        "22.91"
                    ],
                    [
                        "-103.60",
                        "22.74"
                    ],
                    [
                        "-104.09",
                        "22.40"
                    ],
                    [
                        "-104.29",
                        "21.97"
                    ],
                    [
                        "-104.02",
                        "21.37"
                    ],
                    [
                        "-103.60",
                        "21.05"
                    ],
                    [
                        "-103.19",
                        "20.69"
                    ],
                    [
                        "-103.00",
                        "20.22"
                    ],
                    [
                        "-102.63",
                        "19.87"
                    ],
                    [
                        "-102.27",
                        "19.53"
                    ]
                ]
            },
            "properties": {
                "forecastId": null,
                "geometryId": null,
                "tag": "1C",
                "forecastHour": 0,
                "hazard": "FZLVL",
                "frequency": null,
                "severity": null,
                "status": "NRML",
                "base": null,
                "top": null,
                "fzlBase": null,
                "fzlTop": null,
                "level": "160",
                "product": "ZULU",
                "rawAirSigmet": null,
                "validTimeTo": "2026-08-04T09:00:00.000",
                "validTimeFrom": [
                    "2026-08-04T08:45"
                ]
            }
        },
        {
            "type": "Feature",
            "geometry": {
                "type": "Polygon",
                "coordinates": [
                    [
                        [
                            "-71.02",
                            "27.43"
                        ],
                        [
                            "-70.61",
                            "27.36"
                        ],
                        [
                            "-70.22",
                            "27.23"
                        ],
                        [
                            "-70.14",
                            "27.18"
                        ],
                        [
                            "-69.86",
                            "26.96"
                        ],
                        [
                            "-69.72",
                            "26.74"
                        ],
                        [
                            "-69.56",
                            "26.42"
                        ],
                        [
                            "-69.53",
                            "26.34"
                        ],
                        [
                            "-69.44",
                            "25.95"
                        ],
                        [
                            "-69.48",
                            "25.58"
                        ],
                        [
                            "-69.80",
                            "25.28"
                        ],
                        [
                            "-69.82",
                            "25.27"
                        ],
                        [
                            "-70.25",
                            "25.11"
                        ],
                        [
                            "-70.66",
                            "25.09"
                        ],
                        [
                            "-71.04",
                            "25.25"
                        ],
                        [
                            "-71.40",
                            "25.52"
                        ],
                        [
                            "-71.41",
                            "25.53"
                        ],
                        [
                            "-71.75",
                            "25.82"
                        ],
                        [
                            "-71.93",
                            "25.98"
                        ],
                        [
                            "-72.09",
                            "26.19"
                        ],
                        [
                            "-72.19",
                            "26.39"
                        ],
                        [
                            "-72.17",
                            "26.76"
                        ],
                        [
                            "-71.96",
                            "27.10"
                        ],
                        [
                            "-71.91",
                            "27.14"
                        ],
                        [
                            "-71.44",
                            "27.39"
                        ],
                        [
                            "-71.43",
                            "27.39"
                        ],
                        [
                            "-71.02",
                            "27.43"
                        ]
                    ]
                ]
            },
            "properties": {
                "forecastId": null,
                "geometryId": null,
                "tag": "1C",
                "forecastHour": 0,
                "hazard": "FZLVL",
                "frequency": null,
                "severity": null,
                "status": "NRML",
                "base": null,
                "top": null,
                "fzlBase": null,
                "fzlTop": null,
                "level": "160",
                "product": "ZULU",
                "rawAirSigmet": null,
                "validTimeTo": "2026-08-04T09:00:00.000",
                "validTimeFrom": [
                    "2026-08-04T08:45"
                ]
            }
        },
        {
            "type": "Feature",
            "geometry": {
                "type": "Polygon",
                "coordinates": [
                    [
                        [
                            "-105.85",
                            "40.26"
                        ],
                        [
                            "-104.85",
                            "39.77"
                        ],
                        [
                            "-103.94",
                            "39.14"
                        ],
                        [
                            "-104.73",
                            "38.74"
                        ],
                        [
                            "-106.00",
                            "38.31"
                        ],
                        [
                            "-106.20",
                            "39.77"
                        ],
                        [
                            "-105.85",
                            "40.26"
                        ]
                    ]
                ]
            },
            "properties": {
                "forecastId": null,
                "geometryId": null,
                "tag": "6E",
                "forecastHour": 0,
                "hazard": "IFR",
                "frequency": null,
                "severity": null,
                "status": "NRML",
                "base": null,
                "top": null,
                "fzlBase": null,
                "fzlTop": null,
                "level": null,
                "product": "SIERRA",
                "rawAirSigmet": "CIG BLW 010 VIS BLW 3SM FG HZ FU",
                "validTimeTo": "2026-08-04T09:00:00.000",
                "validTimeFrom": [
                    "2026-08-04T09:36"
                ]
            }
        },
        {
            "type": "Feature",
            "geometry": {
                "type": "LineString",
                "coordinates": [
                    [
                        "-133.07",
                        "39.57"
                    ],
                    [
                        "-131.36",
                        "41.44"
                    ],
                    [
                        "-130.32",
                        "42.21"
                    ],
                    [
                        "-129.56",
                        "43.09"
                    ],
                    [
                        "-128.79",
                        "43.99"
                    ],
                    [
                        "-127.63",
                        "44.59"
                    ],
                    [
                        "-125.79",
                        "44.51"
                    ],
                    [
                        "-124.10",
                        "43.97"
                    ],
                    [
                        "-121.39",
                        "42.99"
                    ],
                    [
                        "-119.96",
                        "42.70"
                    ],
                    [
                        "-118.26",
                        "42.58"
                    ],
                    [
                        "-114.95",
                        "42.65"
                    ],
                    [
                        "-112.89",
                        "42.31"
                    ],
                    [
                        "-111.36",
                        "41.86"
                    ],
                    [
                        "-109.65",
                        "41.65"
                    ],
                    [
                        "-107.68",
                        "41.92"
                    ],
                    [
                        "-104.20",
                        "42.25"
                    ],
                    [
                        "-100.68",
                        "42.06"
                    ],
                    [
                        "-98.61",
                        "41.75"
                    ],
                    [
                        "-97.32",
                        "41.16"
                    ],
                    [
                        "-97.54",
                        "40.06"
                    ],
                    [
                        "-97.36",
                        "39.41"
                    ],
                    [
                        "-96.83",
                        "39.20"
                    ],
                    [
                        "-95.59",
                        "39.37"
                    ],
                    [
                        "-94.04",
                        "39.79"
                    ],
                    [
                        "-92.75",
                        "40.43"
                    ],
                    [
                        "-91.28",
                        "40.65"
                    ],
                    [
                        "-90.17",
                        "40.94"
                    ],
                    [
                        "-89.04",
                        "40.58"
                    ],
                    [
                        "-88.19",
                        "40.45"
                    ],
                    [
                        "-87.55",
                        "40.72"
                    ],
                    [
                        "-87.05",
                        "42.17"
                    ],
                    [
                        "-86.02",
                        "42.71"
                    ],
                    [
                        "-84.44",
                        "42.88"
                    ],
                    [
                        "-82.65",
                        "43.34"
                    ],
                    [
                        "-81.33",
                        "43.52"
                    ],
                    [
                        "-79.31",
                        "43.40"
                    ],
                    [
                        "-77.43",
                        "42.70"
                    ],
                    [
                        "-76.27",
                        "41.82"
                    ],
                    [
                        "-75.39",
                        "41.03"
                    ],
                    [
                        "-74.17",
                        "40.26"
                    ],
                    [
                        "-72.16",
                        "40.23"
                    ],
                    [
                        "-71.09",
                        "39.98"
                    ],
                    [
                        "-71.71",
                        "38.86"
                    ],
                    [
                        "-72.72",
                        "37.88"
                    ],
                    [
                        "-73.02",
                        "36.78"
                    ],
                    [
                        "-73.50",
                        "36.31"
                    ],
                    [
                        "-74.12",
                        "36.19"
                    ],
                    [
                        "-74.85",
                        "36.82"
                    ],
                    [
                        "-74.98",
                        "37.76"
                    ],
                    [
                        "-76.44",
                        "37.93"
                    ],
                    [
                        "-77.63",
                        "37.41"
                    ],
                    [
                        "-80.03",
                        "36.50"
                    ],
                    [
                        "-83.12",
                        "35.40"
                    ],
                    [
                        "-84.29",
                        "34.73"
                    ],
                    [
                        "-85.05",
                        "33.98"
                    ],
                    [
                        "-85.42",
                        "32.65"
                    ],
                    [
                        "-85.06",
                        "31.40"
                    ],
                    [
                        "-84.09",
                        "30.43"
                    ],
                    [
                        "-83.24",
                        "29.82"
                    ],
                    [
                        "-82.43",
                        "29.43"
                    ],
                    [
                        "-82.43",
                        "28.60"
                    ],
                    [
                        "-82.58",
                        "27.91"
                    ],
                    [
                        "-83.09",
                        "27.39"
                    ],
                    [
                        "-84.24",
                        "26.78"
                    ],
                    [
                        "-85.55",
                        "26.72"
                    ],
                    [
                        "-86.33",
                        "26.67"
                    ],
                    [
                        "-87.67",
                        "26.11"
                    ],
                    [
                        "-88.54",
                        "25.41"
                    ],
                    [
                        "-89.73",
                        "24.83"
                    ],
                    [
                        "-90.10",
                        "25.50"
                    ],
                    [
                        "-89.64",
                        "26.13"
                    ],
                    [
                        "-89.38",
                        "26.56"
                    ],
                    [
                        "-89.90",
                        "26.84"
                    ],
                    [
                        "-90.56",
                        "26.96"
                    ],
                    [
                        "-93.77",
                        "27.44"
                    ],
                    [
                        "-95.53",
                        "27.55"
                    ],
                    [
                        "-96.55",
                        "27.44"
                    ],
                    [
                        "-97.04",
                        "27.17"
                    ],
                    [
                        "-97.16",
                        "26.03"
                    ],
                    [
                        "-96.94",
                        "24.84"
                    ],
                    [
                        "-97.22",
                        "23.25"
                    ],
                    [
                        "-98.16",
                        "22.27"
                    ],
                    [
                        "-98.50",
                        "20.89"
                    ],
                    [
                        "-98.63",
                        "19.67"
                    ]
                ]
            },
            "properties": {
                "forecastId": null,
                "geometryId": null,
                "tag": "1C",
                "forecastHour": 0,
                "hazard": "FZLVL",
                "frequency": null,
                "severity": null,
                "status": "NRML",
                "base": null,
                "top": null,
                "fzlBase": null,
                "fzlTop": null,
                "level": "160",
                "product": "ZULU",
                "rawAirSigmet": null,
                "validTimeTo": "2026-08-04T09:00:00.000",
                "validTimeFrom": [
                    "2026-08-04T08:45"
                ]
            }
        },
        {
            "type": "Feature",
            "geometry": {
                "type": "Polygon",
                "coordinates": [
                    [
                        [
                            "-80.06",
                            "31.53"
                        ],
                        [
                            "-79.62",
                            "31.62"
                        ],
                        [
                            "-79.23",
                            "31.39"
                        ],
                        [
                            "-79.19",
                            "31.32"
                        ],
                        [
                            "-79.15",
                            "30.95"
                        ],
                        [
                            "-79.32",
                            "30.61"
                        ],
                        [
                            "-79.33",
                            "30.60"
                        ],
                        [
                            "-79.77",
                            "30.55"
                        ],
                        [
                            "-79.92",
                            "30.66"
                        ],
                        [
                            "-80.14",
                            "30.94"
                        ],
                        [
                            "-80.20",
                            "31.06"
                        ],
                        [
                            "-80.17",
                            "31.42"
                        ],
                        [
                            "-80.06",
                            "31.53"
                        ]
                    ]
                ]
            },
            "properties": {
                "forecastId": null,
                "geometryId": null,
                "tag": "1C",
                "forecastHour": 0,
                "hazard": "FZLVL",
                "frequency": null,
                "severity": null,
                "status": "NRML",
                "base": null,
                "top": null,
                "fzlBase": null,
                "fzlTop": null,
                "level": "160",
                "product": "ZULU",
                "rawAirSigmet": null,
                "validTimeTo": "2026-08-04T09:00:00.000",
                "validTimeFrom": [
                    "2026-08-04T08:45"
                ]
            }
        },
        {
            "type": "Feature",
            "geometry": {
                "type": "Polygon",
                "coordinates": [
                    [
                        [
                            "-125.63",
                            "43.08"
                        ],
                        [
                            "-124.63",
                            "42.88"
                        ],
                        [
                            "-124.21",
                            "42.08"
                        ],
                        [
                            "-125.56",
                            "40.14"
                        ],
                        [
                            "-125.89",
                            "39.83"
                        ],
                        [
                            "-126.24",
                            "39.82"
                        ],
                        [
                            "-126.65",
                            "39.95"
                        ],
                        [
                            "-127.03",
                            "40.82"
                        ],
                        [
                            "-126.77",
                            "41.87"
                        ],
                        [
                            "-126.44",
                            "42.67"
                        ],
                        [
                            "-125.63",
                            "43.08"
                        ]
                    ]
                ]
            },
            "properties": {
                "forecastId": null,
                "geometryId": null,
                "tag": "1W",
                "forecastHour": 0,
                "hazard": "SFC_WND",
                "frequency": null,
                "severity": null,
                "status": "NRML",
                "base": null,
                "top": null,
                "fzlBase": null,
                "fzlTop": null,
                "level": null,
                "product": "TANGO",
                "rawAirSigmet": "USTAINED SFC WINDS GREATER THAN 30 KTS",
                "validTimeTo": "2026-08-04T09:00:00.000",
                "validTimeFrom": [
                    "2026-08-04T08:45"
                ]
            }
        },
        {
            "type": "Feature",
            "geometry": {
                "type": "Polygon",
                "coordinates": [
                    [
                        [
                            "-113.97",
                            "48.97"
                        ],
                        [
                            "-112.92",
                            "47.92"
                        ],
                        [
                            "-111.43",
                            "46.88"
                        ],
                        [
                            "-109.18",
                            "46.10"
                        ],
                        [
                            "-107.52",
                            "45.58"
                        ],
                        [
                            "-107.05",
                            "44.86"
                        ],
                        [
                            "-104.72",
                            "41.12"
                        ],
                        [
                            "-103.86",
                            "38.15"
                        ],
                        [
                            "-104.68",
                            "37.41"
                        ],
                        [
                            "-105.72",
                            "37.77"
                        ],
                        [
                            "-106.61",
                            "37.74"
                        ],
                        [
                            "-107.52",
                            "37.44"
                        ],
                        [
                            "-108.27",
                            "36.55"
                        ],
                        [
                            "-109.66",
                            "36.34"
                        ],
                        [
                            "-110.63",
                            "37.03"
                        ],
                        [
                            "-112.11",
                            "37.48"
                        ],
                        [
                            "-113.08",
                            "37.51"
                        ],
                        [
                            "-113.88",
                            "37.08"
                        ],
                        [
                            "-115.37",
                            "36.79"
                        ],
                        [
                            "-116.10",
                            "36.87"
                        ],
                        [
                            "-116.95",
                            "38.15"
                        ],
                        [
                            "-116.16",
                            "39.79"
                        ],
                        [
                            "-114.38",
                            "41.47"
                        ],
                        [
                            "-115.53",
                            "41.86"
                        ],
                        [
                            "-116.87",
                            "40.87"
                        ],
                        [
                            "-118.70",
                            "40.21"
                        ],
                        [
                            "-120.19",
                            "40.52"
                        ],
                        [
                            "-120.77",
                            "40.86"
                        ],
                        [
                            "-120.86",
                            "41.32"
                        ],
                        [
                            "-120.36",
                            "42.05"
                        ],
                        [
                            "-121.87",
                            "41.95"
                        ],
                        [
                            "-122.71",
                            "42.56"
                        ],
                        [
                            "-123.57",
                            "42.32"
                        ],
                        [
                            "-124.42",
                            "42.89"
                        ],
                        [
                            "-124.05",
                            "44.59"
                        ],
                        [
                            "-124.09",
                            "46.01"
                        ],
                        [
                            "-123.61",
                            "46.53"
                        ],
                        [
                            "-122.87",
                            "47.58"
                        ],
                        [
                            "-121.91",
                            "47.92"
                        ],
                        [
                            "-121.28",
                            "48.61"
                        ],
                        [
                            "-119.73",
                            "48.96"
                        ],
                        [
                            "-113.97",
                            "48.97"
                        ]
                    ]
                ]
            },
            "properties": {
                "forecastId": null,
                "geometryId": null,
                "tag": "1E",
                "forecastHour": 0,
                "hazard": "MT_OBSC",
                "frequency": null,
                "severity": null,
                "status": "NRML",
                "base": null,
                "top": null,
                "fzlBase": null,
                "fzlTop": null,
                "level": null,
                "product": "SIERRA",
                "rawAirSigmet": "FU HZ",
                "validTimeTo": "2026-08-04T09:00:00.000",
                "validTimeFrom": [
                    "2026-08-04T09:36"
                ]
            }
        },
        {
            "type": "Feature",
            "geometry": {
                "type": "LineString",
                "coordinates": [
                    [
                        "-93.28",
                        "19.70"
                    ],
                    [
                        "-93.10",
                        "20.06"
                    ],
                    [
                        "-93.06",
                        "20.11"
                    ],
                    [
                        "-92.72",
                        "20.42"
                    ],
                    [
                        "-92.67",
                        "20.47"
                    ],
                    [
                        "-92.27",
                        "20.66"
                    ],
                    [
                        "-91.88",
                        "20.68"
                    ],
                    [
                        "-91.50",
                        "20.60"
                    ],
                    [
                        "-91.11",
                        "20.46"
                    ],
                    [
                        "-90.92",
                        "20.38"
                    ],
                    [
                        "-90.73",
                        "20.29"
                    ],
                    [
                        "-90.35",
                        "20.09"
                    ],
                    [
                        "-90.18",
                        "20.00"
                    ],
                    [
                        "-89.99",
                        "19.62"
                    ]
                ]
            },
            "properties": {
                "forecastId": null,
                "geometryId": null,
                "tag": "1C",
                "forecastHour": 0,
                "hazard": "FZLVL",
                "frequency": null,
                "severity": null,
                "status": "NRML",
                "base": null,
                "top": null,
                "fzlBase": null,
                "fzlTop": null,
                "level": "160",
                "product": "ZULU",
                "rawAirSigmet": null,
                "validTimeTo": "2026-08-04T09:00:00.000",
                "validTimeFrom": [
                    "2026-08-04T08:45"
                ]
            }
        },
        {
            "type": "Feature",
            "geometry": {
                "type": "Polygon",
                "coordinates": [
                    [
                        [
                            "-119.95",
                            "48.81"
                        ],
                        [
                            "-117.78",
                            "48.28"
                        ],
                        [
                            "-117.18",
                            "47.11"
                        ],
                        [
                            "-119.12",
                            "47.10"
                        ],
                        [
                            "-121.39",
                            "47.34"
                        ],
                        [
                            "-121.29",
                            "48.07"
                        ],
                        [
                            "-120.81",
                            "48.60"
                        ],
                        [
                            "-119.95",
                            "48.81"
                        ]
                    ]
                ]
            },
            "properties": {
                "forecastId": null,
                "geometryId": null,
                "tag": "7E",
                "forecastHour": 0,
                "hazard": "IFR",
                "frequency": null,
                "severity": null,
                "status": "NRML",
                "base": null,
                "top": null,
                "fzlBase": null,
                "fzlTop": null,
                "level": null,
                "product": "SIERRA",
                "rawAirSigmet": "CIG BLW 010 VIS BLW 3SM HZ FU",
                "validTimeTo": "2026-08-04T09:00:00.000",
                "validTimeFrom": [
                    "2026-08-04T09:36"
                ]
            }
        },
        {
            "type": "Feature",
            "geometry": {
                "type": "LineString",
                "coordinates": [
                    [
                        "-127.93",
                        "56.18"
                    ],
                    [
                        "-127.38",
                        "55.41"
                    ],
                    [
                        "-126.94",
                        "54.10"
                    ],
                    [
                        "-127.04",
                        "52.43"
                    ],
                    [
                        "-126.48",
                        "51.50"
                    ],
                    [
                        "-125.20",
                        "50.91"
                    ],
                    [
                        "-123.28",
                        "49.92"
                    ],
                    [
                        "-122.11",
                        "49.42"
                    ],
                    [
                        "-120.47",
                        "49.00"
                    ],
                    [
                        "-118.19",
                        "48.40"
                    ],
                    [
                        "-115.89",
                        "47.19"
                    ],
                    [
                        "-113.90",
                        "46.33"
                    ],
                    [
                        "-112.80",
                        "45.97"
                    ],
                    [
                        "-111.16",
                        "45.80"
                    ],
                    [
                        "-108.15",
                        "45.51"
                    ],
                    [
                        "-106.82",
                        "45.36"
                    ],
                    [
                        "-104.75",
                        "45.41"
                    ],
                    [
                        "-103.66",
                        "45.80"
                    ],
                    [
                        "-102.61",
                        "46.41"
                    ],
                    [
                        "-101.54",
                        "46.87"
                    ],
                    [
                        "-100.16",
                        "47.16"
                    ],
                    [
                        "-98.83",
                        "47.06"
                    ],
                    [
                        "-97.48",
                        "47.22"
                    ],
                    [
                        "-94.62",
                        "48.23"
                    ],
                    [
                        "-93.59",
                        "48.59"
                    ],
                    [
                        "-92.55",
                        "49.22"
                    ],
                    [
                        "-90.26",
                        "52.63"
                    ],
                    [
                        "-90.38",
                        "53.30"
                    ],
                    [
                        "-91.23",
                        "54.15"
                    ],
                    [
                        "-91.64",
                        "54.53"
                    ],
                    [
                        "-91.35",
                        "55.06"
                    ],
                    [
                        "-90.69",
                        "55.90"
                    ],
                    [
                        "-89.95",
                        "56.96"
                    ],
                    [
                        "-89.41",
                        "58.30"
                    ]
                ]
            },
            "properties": {
                "forecastId": null,
                "geometryId": null,
                "tag": "1C",
                "forecastHour": 0,
                "hazard": "FZLVL",
                "frequency": null,
                "severity": null,
                "status": "NRML",
                "base": null,
                "top": null,
                "fzlBase": null,
                "fzlTop": null,
                "level": "120",
                "product": "ZULU",
                "rawAirSigmet": null,
                "validTimeTo": "2026-08-04T09:00:00.000",
                "validTimeFrom": [
                    "2026-08-04T08:45"
                ]
            }
        },
        {
            "type": "Feature",
            "geometry": {
                "type": "LineString",
                "coordinates": [
                    [
                        "-108.86",
                        "57.99"
                    ],
                    [
                        "-108.54",
                        "56.44"
                    ],
                    [
                        "-108.67",
                        "55.76"
                    ],
                    [
                        "-109.17",
                        "55.21"
                    ],
                    [
                        "-109.45",
                        "53.89"
                    ],
                    [
                        "-109.33",
                        "52.67"
                    ],
                    [
                        "-109.02",
                        "51.34"
                    ],
                    [
                        "-107.91",
                        "50.15"
                    ],
                    [
                        "-105.10",
                        "48.86"
                    ],
                    [
                        "-103.53",
                        "48.06"
                    ],
                    [
                        "-102.02",
                        "48.30"
                    ],
                    [
                        "-99.95",
                        "48.53"
                    ],
                    [
                        "-98.03",
                        "49.02"
                    ],
                    [
                        "-95.52",
                        "50.65"
                    ],
                    [
                        "-94.15",
                        "51.57"
                    ],
                    [
                        "-93.42",
                        "52.71"
                    ],
                    [
                        "-93.36",
                        "53.16"
                    ],
                    [
                        "-93.95",
                        "53.70"
                    ],
                    [
                        "-95.00",
                        "54.45"
                    ],
                    [
                        "-96.92",
                        "55.63"
                    ],
                    [
                        "-98.46",
                        "57.44"
                    ],
                    [
                        "-98.75",
                        "58.34"
                    ]
                ]
            },
            "properties": {
                "forecastId": null,
                "geometryId": null,
                "tag": "1C",
                "forecastHour": 0,
                "hazard": "FZLVL",
                "frequency": null,
                "severity": null,
                "status": "NRML",
                "base": null,
                "top": null,
                "fzlBase": null,
                "fzlTop": null,
                "level": "080",
                "product": "ZULU",
                "rawAirSigmet": null,
                "validTimeTo": "2026-08-04T09:00:00.000",
                "validTimeFrom": [
                    "2026-08-04T08:45"
                ]
            }
        },
        {
            "type": "Feature",
            "geometry": {
                "type": "Polygon",
                "coordinates": [
                    [
                        [
                            "-70.52",
                            "46.04"
                        ],
                        [
                            "-69.49",
                            "44.84"
                        ],
                        [
                            "-71.50",
                            "43.25"
                        ],
                        [
                            "-73.99",
                            "42.25"
                        ],
                        [
                            "-76.11",
                            "41.42"
                        ],
                        [
                            "-77.12",
                            "41.13"
                        ],
                        [
                            "-78.81",
                            "39.87"
                        ],
                        [
                            "-78.74",
                            "38.82"
                        ],
                        [
                            "-79.55",
                            "37.95"
                        ],
                        [
                            "-79.53",
                            "37.15"
                        ],
                        [
                            "-80.85",
                            "35.23"
                        ],
                        [
                            "-84.43",
                            "33.69"
                        ],
                        [
                            "-85.13",
                            "34.95"
                        ],
                        [
                            "-85.08",
                            "36.68"
                        ],
                        [
                            "-83.75",
                            "37.03"
                        ],
                        [
                            "-82.29",
                            "37.73"
                        ],
                        [
                            "-82.04",
                            "38.76"
                        ],
                        [
                            "-80.20",
                            "40.78"
                        ],
                        [
                            "-79.12",
                            "42.18"
                        ],
                        [
                            "-74.84",
                            "43.36"
                        ],
                        [
                            "-74.03",
                            "44.42"
                        ],
                        [
                            "-71.65",
                            "45.11"
                        ],
                        [
                            "-71.06",
                            "45.45"
                        ],
                        [
                            "-70.52",
                            "46.04"
                        ]
                    ]
                ]
            },
            "properties": {
                "forecastId": null,
                "geometryId": null,
                "tag": "3E",
                "forecastHour": 0,
                "hazard": "MT_OBSC",
                "frequency": null,
                "severity": null,
                "status": "NRML",
                "base": null,
                "top": null,
                "fzlBase": null,
                "fzlTop": null,
                "level": null,
                "product": "SIERRA",
                "rawAirSigmet": "MTNS OBSC BY CLDS PCPN BR",
                "validTimeTo": "2026-08-04T09:00:00.000",
                "validTimeFrom": [
                    "2026-08-04T09:36"
                ]
            }
        },
        {
            "type": "Feature",
            "geometry": {
                "type": "LineString",
                "coordinates": [
                    [
                        "-106.17",
                        "19.28"
                    ],
                    [
                        "-107.36",
                        "20.39"
                    ],
                    [
                        "-108.47",
                        "20.55"
                    ],
                    [
                        "-109.32",
                        "21.19"
                    ],
                    [
                        "-109.53",
                        "22.45"
                    ],
                    [
                        "-110.05",
                        "23.09"
                    ],
                    [
                        "-110.64",
                        "23.98"
                    ],
                    [
                        "-110.53",
                        "24.74"
                    ],
                    [
                        "-109.44",
                        "26.11"
                    ],
                    [
                        "-107.14",
                        "26.16"
                    ],
                    [
                        "-107.02",
                        "26.73"
                    ],
                    [
                        "-107.96",
                        "26.95"
                    ],
                    [
                        "-108.73",
                        "27.70"
                    ],
                    [
                        "-109.14",
                        "28.56"
                    ],
                    [
                        "-110.00",
                        "29.25"
                    ],
                    [
                        "-111.17",
                        "29.39"
                    ],
                    [
                        "-112.44",
                        "29.48"
                    ],
                    [
                        "-113.53",
                        "29.83"
                    ],
                    [
                        "-114.38",
                        "29.23"
                    ],
                    [
                        "-114.81",
                        "28.45"
                    ],
                    [
                        "-114.90",
                        "27.92"
                    ],
                    [
                        "-115.48",
                        "27.51"
                    ],
                    [
                        "-116.44",
                        "27.20"
                    ],
                    [
                        "-117.74",
                        "27.10"
                    ],
                    [
                        "-118.23",
                        "27.65"
                    ],
                    [
                        "-117.92",
                        "28.57"
                    ],
                    [
                        "-118.02",
                        "29.69"
                    ],
                    [
                        "-118.83",
                        "29.99"
                    ],
                    [
                        "-119.69",
                        "29.63"
                    ],
                    [
                        "-120.63",
                        "27.80"
                    ],
                    [
                        "-121.01",
                        "27.03"
                    ],
                    [
                        "-121.02",
                        "26.03"
                    ],
                    [
                        "-121.70",
                        "25.35"
                    ],
                    [
                        "-122.57",
                        "24.84"
                    ],
                    [
                        "-123.01",
                        "23.94"
                    ],
                    [
                        "-123.60",
                        "23.28"
                    ],
                    [
                        "-123.64",
                        "22.62"
                    ],
                    [
                        "-123.32",
                        "21.88"
                    ],
                    [
                        "-122.87",
                        "20.68"
                    ],
                    [
                        "-122.43",
                        "18.85"
                    ],
                    [
                        "-122.84",
                        "17.88"
                    ],
                    [
                        "-122.35",
                        "17.08"
                    ]
                ]
            },
            "properties": {
                "forecastId": null,
                "geometryId": null,
                "tag": "1C",
                "forecastHour": 0,
                "hazard": "FZLVL",
                "frequency": null,
                "severity": null,
                "status": "NRML",
                "base": null,
                "top": null,
                "fzlBase": null,
                "fzlTop": null,
                "level": "160",
                "product": "ZULU",
                "rawAirSigmet": null,
                "validTimeTo": "2026-08-04T09:00:00.000",
                "validTimeFrom": [
                    "2026-08-04T08:45"
                ]
            }
        },
        {
            "type": "Feature",
            "geometry": {
                "type": "LineString",
                "coordinates": [
                    [
                        "-78.96",
                        "57.86"
                    ],
                    [
                        "-78.35",
                        "56.59"
                    ],
                    [
                        "-77.54",
                        "55.62"
                    ],
                    [
                        "-76.00",
                        "53.60"
                    ],
                    [
                        "-75.09",
                        "52.50"
                    ],
                    [
                        "-74.61",
                        "51.54"
                    ],
                    [
                        "-74.30",
                        "48.64"
                    ],
                    [
                        "-73.02",
                        "46.34"
                    ],
                    [
                        "-72.58",
                        "45.89"
                    ],
                    [
                        "-71.70",
                        "45.49"
                    ],
                    [
                        "-70.11",
                        "45.33"
                    ],
                    [
                        "-68.94",
                        "45.18"
                    ],
                    [
                        "-67.64",
                        "45.29"
                    ],
                    [
                        "-66.59",
                        "46.20"
                    ],
                    [
                        "-66.19",
                        "46.99"
                    ],
                    [
                        "-66.15",
                        "47.96"
                    ],
                    [
                        "-66.96",
                        "48.99"
                    ],
                    [
                        "-68.35",
                        "49.82"
                    ],
                    [
                        "-69.28",
                        "50.64"
                    ],
                    [
                        "-69.63",
                        "52.10"
                    ],
                    [
                        "-68.80",
                        "53.32"
                    ],
                    [
                        "-66.41",
                        "55.43"
                    ],
                    [
                        "-65.01",
                        "55.84"
                    ],
                    [
                        "-63.40",
                        "55.94"
                    ]
                ]
            },
            "properties": {
                "forecastId": null,
                "geometryId": null,
                "tag": "1C",
                "forecastHour": 0,
                "hazard": "FZLVL",
                "frequency": null,
                "severity": null,
                "status": "NRML",
                "base": null,
                "top": null,
                "fzlBase": null,
                "fzlTop": null,
                "level": "120",
                "product": "ZULU",
                "rawAirSigmet": null,
                "validTimeTo": "2026-08-04T09:00:00.000",
                "validTimeFrom": [
                    "2026-08-04T08:45"
                ]
            }
        },
        {
            "type": "Feature",
            "geometry": {
                "type": "Polygon",
                "coordinates": [
                    [
                        [
                            "-114.65",
                            "23.90"
                        ],
                        [
                            "-114.57",
                            "23.90"
                        ],
                        [
                            "-114.21",
                            "23.66"
                        ],
                        [
                            "-114.18",
                            "23.58"
                        ],
                        [
                            "-114.18",
                            "23.48"
                        ],
                        [
                            "-114.21",
                            "23.20"
                        ],
                        [
                            "-114.33",
                            "22.82"
                        ],
                        [
                            "-114.40",
                            "22.44"
                        ],
                        [
                            "-114.41",
                            "22.37"
                        ],
                        [
                            "-114.53",
                            "22.06"
                        ],
                        [
                            "-114.71",
                            "21.74"
                        ],
                        [
                            "-115.11",
                            "21.98"
                        ],
                        [
                            "-115.05",
                            "22.35"
                        ],
                        [
                            "-115.06",
                            "22.72"
                        ],
                        [
                            "-115.10",
                            "23.09"
                        ],
                        [
                            "-115.09",
                            "23.46"
                        ],
                        [
                            "-115.01",
                            "23.64"
                        ],
                        [
                            "-114.70",
                            "23.88"
                        ],
                        [
                            "-114.65",
                            "23.90"
                        ]
                    ]
                ]
            },
            "properties": {
                "forecastId": null,
                "geometryId": null,
                "tag": "1C",
                "forecastHour": 0,
                "hazard": "FZLVL",
                "frequency": null,
                "severity": null,
                "status": "NRML",
                "base": null,
                "top": null,
                "fzlBase": null,
                "fzlTop": null,
                "level": "160",
                "product": "ZULU",
                "rawAirSigmet": null,
                "validTimeTo": "2026-08-04T09:00:00.000",
                "validTimeFrom": [
                    "2026-08-04T08:45"
                ]
            }
        },
        {
            "type": "Feature",
            "geometry": {
                "type": "Polygon",
                "coordinates": [
                    [
                        [
                            "-98.27",
                            "40.58"
                        ],
                        [
                            "-98.02",
                            "39.86"
                        ],
                        [
                            "-99.03",
                            "35.58"
                        ],
                        [
                            "-101.38",
                            "35.30"
                        ],
                        [
                            "-102.57",
                            "35.56"
                        ],
                        [
                            "-103.07",
                            "36.10"
                        ],
                        [
                            "-102.77",
                            "36.86"
                        ],
                        [
                            "-102.08",
                            "37.23"
                        ],
                        [
                            "-99.95",
                            "40.17"
                        ],
                        [
                            "-98.27",
                            "40.58"
                        ]
                    ]
                ]
            },
            "properties": {
                "forecastId": null,
                "geometryId": null,
                "tag": "2W",
                "forecastHour": 0,
                "hazard": "LLWS",
                "frequency": null,
                "severity": null,
                "status": "NRML",
                "base": null,
                "top": null,
                "fzlBase": null,
                "fzlTop": null,
                "level": null,
                "product": "TANGO",
                "rawAirSigmet": "AIR SPEED LOSS OR GAIN OF 20KTS OR MORE BELOW 2000 FT AGL",
                "validTimeTo": "2026-08-04T09:00:00.000",
                "validTimeFrom": [
                    "2026-08-04T08:45"
                ]
            }
        },
        {
            "type": "Feature",
            "geometry": {
                "type": "Polygon",
                "coordinates": [
                    [
                        [
                            "-67.09",
                            "41.34"
                        ],
                        [
                            "-67.04",
                            "39.90"
                        ],
                        [
                            "-69.83",
                            "38.86"
                        ],
                        [
                            "-70.19",
                            "37.92"
                        ],
                        [
                            "-72.27",
                            "37.36"
                        ],
                        [
                            "-72.51",
                            "34.91"
                        ],
                        [
                            "-76.57",
                            "32.56"
                        ],
                        [
                            "-76.78",
                            "33.29"
                        ],
                        [
                            "-75.35",
                            "34.67"
                        ],
                        [
                            "-76.60",
                            "35.00"
                        ],
                        [
                            "-77.90",
                            "34.36"
                        ],
                        [
                            "-78.40",
                            "34.24"
                        ],
                        [
                            "-78.60",
                            "35.05"
                        ],
                        [
                            "-78.51",
                            "35.78"
                        ],
                        [
                            "-78.49",
                            "36.39"
                        ],
                        [
                            "-76.94",
                            "36.18"
                        ],
                        [
                            "-76.34",
                            "36.68"
                        ],
                        [
                            "-74.85",
                            "37.34"
                        ],
                        [
                            "-74.45",
                            "36.49"
                        ],
                        [
                            "-73.94",
                            "37.33"
                        ],
                        [
                            "-71.64",
                            "39.66"
                        ],
                        [
                            "-70.51",
                            "40.27"
                        ],
                        [
                            "-69.07",
                            "40.94"
                        ],
                        [
                            "-68.18",
                            "41.30"
                        ],
                        [
                            "-67.09",
                            "41.34"
                        ]
                    ]
                ]
            },
            "properties": {
                "forecastId": null,
                "geometryId": null,
                "tag": "3C",
                "forecastHour": 0,
                "hazard": "ICE",
                "frequency": null,
                "severity": "MOD",
                "status": "NRML",
                "base": "FZL",
                "top": "280",
                "fzlBase": "150",
                "fzlTop": "170",
                "level": null,
                "product": "ZULU",
                "rawAirSigmet": "ICE",
                "validTimeTo": "2026-08-04T09:00:00.000",
                "validTimeFrom": [
                    "2026-08-04T08:45"
                ]
            }
        },
        {
            "type": "Feature",
            "geometry": {
                "type": "Polygon",
                "coordinates": [
                    [
                        [
                            "-70.32",
                            "45.83"
                        ],
                        [
                            "-69.99",
                            "45.31"
                        ],
                        [
                            "-70.76",
                            "43.73"
                        ],
                        [
                            "-71.95",
                            "42.86"
                        ],
                        [
                            "-70.57",
                            "41.56"
                        ],
                        [
                            "-72.39",
                            "41.43"
                        ],
                        [
                            "-73.95",
                            "41.69"
                        ],
                        [
                            "-75.09",
                            "40.63"
                        ],
                        [
                            "-76.02",
                            "41.22"
                        ],
                        [
                            "-76.84",
                            "40.86"
                        ],
                        [
                            "-79.24",
                            "39.30"
                        ],
                        [
                            "-78.95",
                            "37.86"
                        ],
                        [
                            "-79.10",
                            "37.05"
                        ],
                        [
                            "-77.47",
                            "37.30"
                        ],
                        [
                            "-76.19",
                            "37.76"
                        ],
                        [
                            "-75.60",
                            "38.32"
                        ],
                        [
                            "-73.23",
                            "39.18"
                        ],
                        [
                            "-73.04",
                            "38.09"
                        ],
                        [
                            "-74.54",
                            "37.27"
                        ],
                        [
                            "-75.67",
                            "36.59"
                        ],
                        [
                            "-76.79",
                            "36.14"
                        ],
                        [
                            "-77.83",
                            "35.60"
                        ],
                        [
                            "-78.60",
                            "34.39"
                        ],
                        [
                            "-79.58",
                            "33.13"
                        ],
                        [
                            "-79.80",
                            "32.56"
                        ],
                        [
                            "-80.76",
                            "31.91"
                        ],
                        [
                            "-81.41",
                            "31.44"
                        ],
                        [
                            "-81.02",
                            "30.25"
                        ],
                        [
                            "-82.28",
                            "29.31"
                        ],
                        [
                            "-83.24",
                            "29.22"
                        ],
                        [
                            "-83.29",
                            "30.11"
                        ],
                        [
                            "-82.78",
                            "31.38"
                        ],
                        [
                            "-82.46",
                            "32.53"
                        ],
                        [
                            "-83.25",
                            "33.16"
                        ],
                        [
                            "-83.44",
                            "34.12"
                        ],
                        [
                            "-84.07",
                            "35.30"
                        ],
                        [
                            "-84.42",
                            "36.49"
                        ],
                        [
                            "-83.67",
                            "37.36"
                        ],
                        [
                            "-83.73",
                            "38.15"
                        ],
                        [
                            "-83.62",
                            "38.98"
                        ],
                        [
                            "-83.18",
                            "39.35"
                        ],
                        [
                            "-82.51",
                            "39.53"
                        ],
                        [
                            "-81.72",
                            "40.14"
                        ],
                        [
                            "-82.07",
                            "40.65"
                        ],
                        [
                            "-82.18",
                            "41.48"
                        ],
                        [
                            "-81.48",
                            "41.68"
                        ],
                        [
                            "-80.68",
                            "41.90"
                        ],
                        [
                            "-79.62",
                            "41.48"
                        ],
                        [
                            "-78.97",
                            "42.14"
                        ],
                        [
                            "-77.43",
                            "42.54"
                        ],
                        [
                            "-75.57",
                            "43.04"
                        ],
                        [
                            "-73.70",
                            "43.19"
                        ],
                        [
                            "-71.51",
                            "45.03"
                        ],
                        [
                            "-70.32",
                            "45.83"
                        ]
                    ]
                ]
            },
            "properties": {
                "forecastId": null,
                "geometryId": null,
                "tag": "2E",
                "forecastHour": 0,
                "hazard": "IFR",
                "frequency": null,
                "severity": null,
                "status": "AMD",
                "base": null,
                "top": null,
                "fzlBase": null,
                "fzlTop": null,
                "level": null,
                "product": "SIERRA",
                "rawAirSigmet": "CIG BLW 010 VIS BLW 3SM BR FG",
                "validTimeTo": "2026-08-04T09:00:00.000",
                "validTimeFrom": [
                    "2026-08-04T09:36"
                ]
            }
        },
        {
            "type": "Feature",
            "geometry": {
                "type": "Polygon",
                "coordinates": [
                    [
                        [
                            "-86.63",
                            "41.04"
                        ],
                        [
                            "-85.49",
                            "40.64"
                        ],
                        [
                            "-85.30",
                            "39.98"
                        ],
                        [
                            "-85.27",
                            "38.94"
                        ],
                        [
                            "-85.89",
                            "38.16"
                        ],
                        [
                            "-86.73",
                            "37.86"
                        ],
                        [
                            "-88.21",
                            "35.73"
                        ],
                        [
                            "-86.88",
                            "35.92"
                        ],
                        [
                            "-84.54",
                            "36.48"
                        ],
                        [
                            "-84.32",
                            "36.06"
                        ],
                        [
                            "-85.31",
                            "35.19"
                        ],
                        [
                            "-85.13",
                            "34.42"
                        ],
                        [
                            "-86.80",
                            "33.81"
                        ],
                        [
                            "-87.66",
                            "32.41"
                        ],
                        [
                            "-89.07",
                            "31.66"
                        ],
                        [
                            "-90.51",
                            "32.07"
                        ],
                        [
                            "-91.36",
                            "32.05"
                        ],
                        [
                            "-92.47",
                            "32.75"
                        ],
                        [
                            "-91.29",
                            "33.09"
                        ],
                        [
                            "-90.31",
                            "33.80"
                        ],
                        [
                            "-89.70",
                            "34.90"
                        ],
                        [
                            "-89.67",
                            "36.26"
                        ],
                        [
                            "-90.73",
                            "37.15"
                        ],
                        [
                            "-90.81",
                            "38.77"
                        ],
                        [
                            "-89.38",
                            "38.51"
                        ],
                        [
                            "-88.13",
                            "39.39"
                        ],
                        [
                            "-87.73",
                            "40.67"
                        ],
                        [
                            "-86.63",
                            "41.04"
                        ]
                    ]
                ]
            },
            "properties": {
                "forecastId": null,
                "geometryId": null,
                "tag": "4E",
                "forecastHour": 0,
                "hazard": "IFR",
                "frequency": null,
                "severity": null,
                "status": "AMD",
                "base": null,
                "top": null,
                "fzlBase": null,
                "fzlTop": null,
                "level": null,
                "product": "SIERRA",
                "rawAirSigmet": "CIG BLW 010 VIS BLW 3SM BR FG",
                "validTimeTo": "2026-08-04T09:00:00.000",
                "validTimeFrom": [
                    "2026-08-04T09:36"
                ]
            }
        },
        {
            "type": "Feature",
            "geometry": {
                "type": "Polygon",
                "coordinates": [
                    [
                        [
                            "-85.65",
                            "25.87"
                        ],
                        [
                            "-85.24",
                            "25.92"
                        ],
                        [
                            "-84.86",
                            "25.67"
                        ],
                        [
                            "-84.78",
                            "25.57"
                        ],
                        [
                            "-84.51",
                            "25.18"
                        ],
                        [
                            "-84.52",
                            "24.89"
                        ],
                        [
                            "-84.52",
                            "24.82"
                        ],
                        [
                            "-84.52",
                            "24.81"
                        ],
                        [
                            "-84.94",
                            "24.48"
                        ],
                        [
                            "-84.95",
                            "24.48"
                        ],
                        [
                            "-85.36",
                            "24.40"
                        ],
                        [
                            "-85.76",
                            "24.40"
                        ],
                        [
                            "-86.16",
                            "24.45"
                        ],
                        [
                            "-86.56",
                            "24.50"
                        ],
                        [
                            "-86.96",
                            "24.57"
                        ],
                        [
                            "-87.05",
                            "24.61"
                        ],
                        [
                            "-86.95",
                            "24.97"
                        ],
                        [
                            "-86.93",
                            "24.98"
                        ],
                        [
                            "-86.51",
                            "25.31"
                        ],
                        [
                            "-86.50",
                            "25.31"
                        ],
                        [
                            "-86.08",
                            "25.60"
                        ],
                        [
                            "-86.00",
                            "25.65"
                        ],
                        [
                            "-85.65",
                            "25.87"
                        ]
                    ]
                ]
            },
            "properties": {
                "forecastId": null,
                "geometryId": null,
                "tag": "1C",
                "forecastHour": 0,
                "hazard": "FZLVL",
                "frequency": null,
                "severity": null,
                "status": "NRML",
                "base": null,
                "top": null,
                "fzlBase": null,
                "fzlTop": null,
                "level": "160",
                "product": "ZULU",
                "rawAirSigmet": null,
                "validTimeTo": "2026-08-04T09:00:00.000",
                "validTimeFrom": [
                    "2026-08-04T08:45"
                ]
            }
        },
        {
            "type": "Feature",
            "geometry": {
                "type": "LineString",
                "coordinates": [
                    [
                        "-136.78",
                        "48.35"
                    ],
                    [
                        "-136.29",
                        "48.44"
                    ],
                    [
                        "-135.80",
                        "48.52"
                    ],
                    [
                        "-134.80",
                        "48.63"
                    ],
                    [
                        "-133.82",
                        "48.79"
                    ],
                    [
                        "-133.02",
                        "49.07"
                    ],
                    [
                        "-132.53",
                        "49.43"
                    ],
                    [
                        "-132.18",
                        "49.85"
                    ],
                    [
                        "-131.83",
                        "50.25"
                    ],
                    [
                        "-131.46",
                        "50.64"
                    ],
                    [
                        "-131.14",
                        "51.12"
                    ],
                    [
                        "-131.11",
                        "51.46"
                    ],
                    [
                        "-131.36",
                        "52.08"
                    ],
                    [
                        "-131.76",
                        "52.51"
                    ],
                    [
                        "-132.33",
                        "52.92"
                    ],
                    [
                        "-132.76",
                        "53.17"
                    ],
                    [
                        "-133.31",
                        "53.47"
                    ],
                    [
                        "-134.08",
                        "53.90"
                    ],
                    [
                        "-134.55",
                        "54.18"
                    ]
                ]
            },
            "properties": {
                "forecastId": null,
                "geometryId": null,
                "tag": "1C",
                "forecastHour": 0,
                "hazard": "FZLVL",
                "frequency": null,
                "severity": null,
                "status": "NRML",
                "base": null,
                "top": null,
                "fzlBase": null,
                "fzlTop": null,
                "level": "120",
                "product": "ZULU",
                "rawAirSigmet": null,
                "validTimeTo": "2026-08-04T09:00:00.000",
                "validTimeFrom": [
                    "2026-08-04T08:45"
                ]
            }
        },
        {
            "type": "Feature",
            "geometry": {
                "type": "Polygon",
                "coordinates": [
                    [
                        [
                            "-69.33",
                            "47.41"
                        ],
                        [
                            "-67.91",
                            "47.07"
                        ],
                        [
                            "-67.63",
                            "45.81"
                        ],
                        [
                            "-66.84",
                            "44.79"
                        ],
                        [
                            "-66.90",
                            "43.53"
                        ],
                        [
                            "-71.68",
                            "40.93"
                        ],
                        [
                            "-74.64",
                            "40.49"
                        ],
                        [
                            "-77.21",
                            "39.27"
                        ],
                        [
                            "-78.81",
                            "39.07"
                        ],
                        [
                            "-79.55",
                            "39.72"
                        ],
                        [
                            "-79.36",
                            "40.27"
                        ],
                        [
                            "-77.48",
                            "41.38"
                        ],
                        [
                            "-75.13",
                            "42.31"
                        ],
                        [
                            "-73.05",
                            "45.02"
                        ],
                        [
                            "-70.87",
                            "45.38"
                        ],
                        [
                            "-69.92",
                            "46.63"
                        ],
                        [
                            "-69.33",
                            "47.41"
                        ]
                    ]
                ]
            },
            "properties": {
                "forecastId": null,
                "geometryId": null,
                "tag": "1W",
                "forecastHour": 0,
                "hazard": "TURB-HI",
                "frequency": null,
                "severity": "MOD",
                "status": "NRML",
                "base": "330",
                "top": "430",
                "fzlBase": null,
                "fzlTop": null,
                "level": null,
                "product": "TANGO",
                "rawAirSigmet": null,
                "validTimeTo": "2026-08-04T09:00:00.000",
                "validTimeFrom": [
                    "2026-08-04T08:45"
                ]
            }
        },
        {
            "type": "Feature",
            "geometry": {
                "type": "Polygon",
                "coordinates": [
                    [
                        [
                            "-96.08",
                            "31.21"
                        ],
                        [
                            "-95.45",
                            "30.51"
                        ],
                        [
                            "-94.57",
                            "29.86"
                        ],
                        [
                            "-95.40",
                            "28.75"
                        ],
                        [
                            "-97.90",
                            "29.45"
                        ],
                        [
                            "-97.47",
                            "30.74"
                        ],
                        [
                            "-96.08",
                            "31.21"
                        ]
                    ]
                ]
            },
            "properties": {
                "forecastId": null,
                "geometryId": null,
                "tag": "4E",
                "forecastHour": 0,
                "hazard": "IFR",
                "frequency": null,
                "severity": null,
                "status": "AMD",
                "base": null,
                "top": null,
                "fzlBase": null,
                "fzlTop": null,
                "level": null,
                "product": "SIERRA",
                "rawAirSigmet": "CIG BLW 010 VIS BLW 3SM BR FG",
                "validTimeTo": "2026-08-04T09:00:00.000",
                "validTimeFrom": [
                    "2026-08-04T09:36"
                ]
            }
        }
    ],
    "metadata": {
        "creationTime": "2026-08-04T09:43"
    }
}