{
    "type": "FeatureCollection",
    "features": [
        {
            "type": "Feature",
            "geometry": {
                "type": "Polygon",
                "coordinates": [
                    [
                        [
                            "-74.12",
                            "26.36"
                        ],
                        [
                            "-73.73",
                            "26.28"
                        ],
                        [
                            "-73.69",
                            "26.24"
                        ],
                        [
                            "-73.75",
                            "25.88"
                        ],
                        [
                            "-73.81",
                            "25.83"
                        ],
                        [
                            "-74.17",
                            "25.57"
                        ],
                        [
                            "-74.27",
                            "25.53"
                        ],
                        [
                            "-74.68",
                            "25.52"
                        ],
                        [
                            "-74.86",
                            "25.67"
                        ],
                        [
                            "-74.74",
                            "26.02"
                        ],
                        [
                            "-74.57",
                            "26.14"
                        ],
                        [
                            "-74.24",
                            "26.32"
                        ],
                        [
                            "-74.12",
                            "26.36"
                        ]
                    ]
                ]
            },
            "properties": {
                "forecastId": null,
                "geometryId": null,
                "tag": "1C",
                "forecastHour": 0,
                "hazard": "FZLVL",
                "frequency": null,
                "severity": null,
                "status": "NRML",
                "base": null,
                "top": null,
                "fzlBase": null,
                "fzlTop": null,
                "level": "160",
                "product": "ZULU",
                "rawAirSigmet": null,
                "validTimeTo": "2026-07-28T09:00:00.000",
                "validTimeFrom": [
                    "2026-07-28T09:37"
                ]
            }
        },
        {
            "type": "Feature",
            "geometry": {
                "type": "Polygon",
                "coordinates": [
                    [
                        [
                            "-95.10",
                            "49.07"
                        ],
                        [
                            "-93.11",
                            "48.52"
                        ],
                        [
                            "-91.62",
                            "48.12"
                        ],
                        [
                            "-90.54",
                            "48.02"
                        ],
                        [
                            "-88.97",
                            "47.72"
                        ],
                        [
                            "-86.12",
                            "46.67"
                        ],
                        [
                            "-82.25",
                            "44.38"
                        ],
                        [
                            "-82.11",
                            "43.62"
                        ],
                        [
                            "-82.94",
                            "42.54"
                        ],
                        [
                            "-83.24",
                            "41.91"
                        ],
                        [
                            "-82.24",
                            "41.66"
                        ],
                        [
                            "-80.19",
                            "42.33"
                        ],
                        [
                            "-79.06",
                            "42.65"
                        ],
                        [
                            "-78.07",
                            "41.21"
                        ],
                        [
                            "-76.96",
                            "40.25"
                        ],
                        [
                            "-75.94",
                            "39.19"
                        ],
                        [
                            "-75.05",
                            "38.60"
                        ],
                        [
                            "-75.26",
                            "38.12"
                        ],
                        [
                            "-76.17",
                            "37.90"
                        ],
                        [
                            "-77.07",
                            "38.19"
                        ],
                        [
                            "-78.38",
                            "38.83"
                        ],
                        [
                            "-79.41",
                            "38.66"
                        ],
                        [
                            "-79.81",
                            "38.17"
                        ],
                        [
                            "-80.77",
                            "37.99"
                        ],
                        [
                            "-82.51",
                            "38.83"
                        ],
                        [
                            "-83.93",
                            "41.04"
                        ],
                        [
                            "-86.37",
                            "43.25"
                        ],
                        [
                            "-87.07",
                            "43.56"
                        ],
                        [
                            "-99.83",
                            "48.28"
                        ],
                        [
                            "-99.88",
                            "49.01"
                        ],
                        [
                            "-95.10",
                            "49.07"
                        ]
                    ]
                ]
            },
            "properties": {
                "forecastId": null,
                "geometryId": null,
                "tag": "2W",
                "forecastHour": 0,
                "hazard": "TURB-HI",
                "frequency": null,
                "severity": "MOD",
                "status": "NRML",
                "base": "280",
                "top": "420",
                "fzlBase": null,
                "fzlTop": null,
                "level": null,
                "product": "TANGO",
                "rawAirSigmet": null,
                "validTimeTo": "2026-07-28T09:00:00.000",
                "validTimeFrom": [
                    "2026-07-28T08:45"
                ]
            }
        },
        {
            "type": "Feature",
            "geometry": {
                "type": "Polygon",
                "coordinates": [
                    [
                        [
                            "-120.80",
                            "35.06"
                        ],
                        [
                            "-120.39",
                            "35.01"
                        ],
                        [
                            "-119.93",
                            "34.79"
                        ],
                        [
                            "-119.83",
                            "34.55"
                        ],
                        [
                            "-119.97",
                            "34.36"
                        ],
                        [
                            "-120.25",
                            "34.36"
                        ],
                        [
                            "-120.68",
                            "34.41"
                        ],
                        [
                            "-120.80",
                            "35.06"
                        ]
                    ]
                ]
            },
            "properties": {
                "forecastId": null,
                "geometryId": null,
                "tag": "1E",
                "forecastHour": 0,
                "hazard": "IFR",
                "frequency": null,
                "severity": null,
                "status": "NRML",
                "base": null,
                "top": null,
                "fzlBase": null,
                "fzlTop": null,
                "level": null,
                "product": "SIERRA",
                "rawAirSigmet": "CIG BLW 010 VIS BLW 3SM BR FG",
                "validTimeTo": "2026-07-28T09:00:00.000",
                "validTimeFrom": [
                    "2026-07-28T08:45"
                ]
            }
        },
        {
            "type": "Feature",
            "geometry": {
                "type": "Polygon",
                "coordinates": [
                    [
                        [
                            "-78.02",
                            "43.62"
                        ],
                        [
                            "-77.65",
                            "42.81"
                        ],
                        [
                            "-77.95",
                            "41.99"
                        ],
                        [
                            "-78.61",
                            "40.62"
                        ],
                        [
                            "-80.12",
                            "40.17"
                        ],
                        [
                            "-81.69",
                            "39.99"
                        ],
                        [
                            "-82.82",
                            "40.12"
                        ],
                        [
                            "-82.97",
                            "40.89"
                        ],
                        [
                            "-82.80",
                            "41.67"
                        ],
                        [
                            "-81.32",
                            "42.13"
                        ],
                        [
                            "-79.64",
                            "42.56"
                        ],
                        [
                            "-79.11",
                            "42.69"
                        ],
                        [
                            "-79.08",
                            "43.55"
                        ],
                        [
                            "-78.02",
                            "43.62"
                        ]
                    ]
                ]
            },
            "properties": {
                "forecastId": null,
                "geometryId": null,
                "tag": "4E",
                "forecastHour": 0,
                "hazard": "IFR",
                "frequency": null,
                "severity": null,
                "status": "NRML",
                "base": null,
                "top": null,
                "fzlBase": null,
                "fzlTop": null,
                "level": null,
                "product": "SIERRA",
                "rawAirSigmet": "CIG BLW 010 VIS BLW 3SM PCPN BR",
                "validTimeTo": "2026-07-28T09:00:00.000",
                "validTimeFrom": [
                    "2026-07-28T08:45"
                ]
            }
        },
        {
            "type": "Feature",
            "geometry": {
                "type": "Polygon",
                "coordinates": [
                    [
                        [
                            "-82.65",
                            "38.22"
                        ],
                        [
                            "-81.17",
                            "37.26"
                        ],
                        [
                            "-81.03",
                            "36.71"
                        ],
                        [
                            "-82.18",
                            "36.42"
                        ],
                        [
                            "-82.85",
                            "36.06"
                        ],
                        [
                            "-83.55",
                            "36.19"
                        ],
                        [
                            "-84.61",
                            "37.02"
                        ],
                        [
                            "-82.65",
                            "38.22"
                        ]
                    ]
                ]
            },
            "properties": {
                "forecastId": null,
                "geometryId": null,
                "tag": "2E",
                "forecastHour": 0,
                "hazard": "MT_OBSC",
                "frequency": null,
                "severity": null,
                "status": "NRML",
                "base": null,
                "top": null,
                "fzlBase": null,
                "fzlTop": null,
                "level": null,
                "product": "SIERRA",
                "rawAirSigmet": "MTNS OBSC BY CLDS PCPN BR",
                "validTimeTo": "2026-07-28T09:00:00.000",
                "validTimeFrom": [
                    "2026-07-28T08:45"
                ]
            }
        },
        {
            "type": "Feature",
            "geometry": {
                "type": "LineString",
                "coordinates": [
                    [
                        "-128.84",
                        "26.57"
                    ],
                    [
                        "-128.59",
                        "26.97"
                    ],
                    [
                        "-128.57",
                        "27.12"
                    ],
                    [
                        "-128.57",
                        "27.36"
                    ],
                    [
                        "-128.70",
                        "27.57"
                    ],
                    [
                        "-128.79",
                        "27.68"
                    ],
                    [
                        "-129.22",
                        "27.96"
                    ],
                    [
                        "-129.25",
                        "27.99"
                    ]
                ]
            },
            "properties": {
                "forecastId": null,
                "geometryId": null,
                "tag": "1C",
                "forecastHour": 0,
                "hazard": "FZLVL",
                "frequency": null,
                "severity": null,
                "status": "NRML",
                "base": null,
                "top": null,
                "fzlBase": null,
                "fzlTop": null,
                "level": "160",
                "product": "ZULU",
                "rawAirSigmet": null,
                "validTimeTo": "2026-07-28T09:00:00.000",
                "validTimeFrom": [
                    "2026-07-28T09:37"
                ]
            }
        },
        {
            "type": "Feature",
            "geometry": {
                "type": "Polygon",
                "coordinates": [
                    [
                        [
                            "-79.27",
                            "39.56"
                        ],
                        [
                            "-78.57",
                            "39.19"
                        ],
                        [
                            "-78.83",
                            "38.48"
                        ],
                        [
                            "-79.24",
                            "38.06"
                        ],
                        [
                            "-79.89",
                            "37.60"
                        ],
                        [
                            "-81.27",
                            "37.19"
                        ],
                        [
                            "-82.33",
                            "37.33"
                        ],
                        [
                            "-82.22",
                            "38.01"
                        ],
                        [
                            "-82.00",
                            "38.66"
                        ],
                        [
                            "-80.55",
                            "39.36"
                        ],
                        [
                            "-79.27",
                            "39.56"
                        ]
                    ]
                ]
            },
            "properties": {
                "forecastId": null,
                "geometryId": null,
                "tag": "4E",
                "forecastHour": 0,
                "hazard": "IFR",
                "frequency": null,
                "severity": null,
                "status": "NRML",
                "base": null,
                "top": null,
                "fzlBase": null,
                "fzlTop": null,
                "level": null,
                "product": "SIERRA",
                "rawAirSigmet": "CIG BLW 010 VIS BLW 3SM BR FG",
                "validTimeTo": "2026-07-28T09:00:00.000",
                "validTimeFrom": [
                    "2026-07-28T08:45"
                ]
            }
        },
        {
            "type": "Feature",
            "geometry": {
                "type": "Polygon",
                "coordinates": [
                    [
                        [
                            "-101.58",
                            "49.07"
                        ],
                        [
                            "-97.62",
                            "49.02"
                        ],
                        [
                            "-97.75",
                            "48.58"
                        ],
                        [
                            "-97.70",
                            "48.32"
                        ],
                        [
                            "-98.46",
                            "46.98"
                        ],
                        [
                            "-99.23",
                            "46.65"
                        ],
                        [
                            "-100.76",
                            "46.85"
                        ],
                        [
                            "-101.34",
                            "47.88"
                        ],
                        [
                            "-101.58",
                            "49.07"
                        ]
                    ]
                ]
            },
            "properties": {
                "forecastId": null,
                "geometryId": null,
                "tag": "5E",
                "forecastHour": 0,
                "hazard": "IFR",
                "frequency": null,
                "severity": null,
                "status": "NRML",
                "base": null,
                "top": null,
                "fzlBase": null,
                "fzlTop": null,
                "level": null,
                "product": "SIERRA",
                "rawAirSigmet": "CIG BLW 010 VIS BLW 3SM BR FG",
                "validTimeTo": "2026-07-28T09:00:00.000",
                "validTimeFrom": [
                    "2026-07-28T08:45"
                ]
            }
        },
        {
            "type": "Feature",
            "geometry": {
                "type": "Polygon",
                "coordinates": [
                    [
                        [
                            "-84.07",
                            "40.60"
                        ],
                        [
                            "-82.59",
                            "40.51"
                        ],
                        [
                            "-82.28",
                            "39.98"
                        ],
                        [
                            "-82.60",
                            "38.69"
                        ],
                        [
                            "-83.29",
                            "38.34"
                        ],
                        [
                            "-84.86",
                            "38.41"
                        ],
                        [
                            "-85.90",
                            "37.77"
                        ],
                        [
                            "-87.43",
                            "37.87"
                        ],
                        [
                            "-88.76",
                            "38.21"
                        ],
                        [
                            "-88.73",
                            "38.57"
                        ],
                        [
                            "-87.19",
                            "39.31"
                        ],
                        [
                            "-85.74",
                            "40.41"
                        ],
                        [
                            "-84.07",
                            "40.60"
                        ]
                    ]
                ]
            },
            "properties": {
                "forecastId": null,
                "geometryId": null,
                "tag": "2W",
                "forecastHour": 0,
                "hazard": "LLWS",
                "frequency": null,
                "severity": null,
                "status": "NRML",
                "base": null,
                "top": null,
                "fzlBase": null,
                "fzlTop": null,
                "level": null,
                "product": "TANGO",
                "rawAirSigmet": "AIR SPEED LOSS OR GAIN OF 20KTS OR MORE BELOW 2000 FT AGL",
                "validTimeTo": "2026-07-28T09:00:00.000",
                "validTimeFrom": [
                    "2026-07-28T08:45"
                ]
            }
        },
        {
            "type": "Feature",
            "geometry": {
                "type": "Polygon",
                "coordinates": [
                    [
                        [
                            "-124.07",
                            "42.22"
                        ],
                        [
                            "-123.60",
                            "41.37"
                        ],
                        [
                            "-123.76",
                            "40.83"
                        ],
                        [
                            "-123.48",
                            "40.18"
                        ],
                        [
                            "-123.99",
                            "40.19"
                        ],
                        [
                            "-124.21",
                            "40.67"
                        ],
                        [
                            "-124.29",
                            "42.14"
                        ],
                        [
                            "-124.07",
                            "42.22"
                        ]
                    ]
                ]
            },
            "properties": {
                "forecastId": null,
                "geometryId": null,
                "tag": "4E",
                "forecastHour": 0,
                "hazard": "MT_OBSC",
                "frequency": null,
                "severity": null,
                "status": "NRML",
                "base": null,
                "top": null,
                "fzlBase": null,
                "fzlTop": null,
                "level": null,
                "product": "SIERRA",
                "rawAirSigmet": "MTNS OBSC BY CLDS BR FG",
                "validTimeTo": "2026-07-28T09:00:00.000",
                "validTimeFrom": [
                    "2026-07-28T08:45"
                ]
            }
        },
        {
            "type": "Feature",
            "geometry": {
                "type": "LineString",
                "coordinates": [
                    [
                        "-94.60",
                        "19.71"
                    ],
                    [
                        "-94.61",
                        "19.73"
                    ],
                    [
                        "-94.93",
                        "20.08"
                    ],
                    [
                        "-95.00",
                        "20.12"
                    ],
                    [
                        "-95.39",
                        "20.15"
                    ],
                    [
                        "-95.57",
                        "20.07"
                    ],
                    [
                        "-95.77",
                        "19.89"
                    ],
                    [
                        "-95.90",
                        "19.71"
                    ]
                ]
            },
            "properties": {
                "forecastId": null,
                "geometryId": null,
                "tag": "1C",
                "forecastHour": 0,
                "hazard": "FZLVL",
                "frequency": null,
                "severity": null,
                "status": "NRML",
                "base": null,
                "top": null,
                "fzlBase": null,
                "fzlTop": null,
                "level": "160",
                "product": "ZULU",
                "rawAirSigmet": null,
                "validTimeTo": "2026-07-28T09:00:00.000",
                "validTimeFrom": [
                    "2026-07-28T09:37"
                ]
            }
        },
        {
            "type": "Feature",
            "geometry": {
                "type": "Polygon",
                "coordinates": [
                    [
                        [
                            "-124.80",
                            "48.64"
                        ],
                        [
                            "-123.92",
                            "47.37"
                        ],
                        [
                            "-123.86",
                            "46.20"
                        ],
                        [
                            "-123.76",
                            "45.14"
                        ],
                        [
                            "-123.39",
                            "44.05"
                        ],
                        [
                            "-123.35",
                            "43.24"
                        ],
                        [
                            "-123.86",
                            "42.97"
                        ],
                        [
                            "-124.11",
                            "43.35"
                        ],
                        [
                            "-124.10",
                            "43.58"
                        ],
                        [
                            "-124.40",
                            "43.25"
                        ],
                        [
                            "-124.74",
                            "42.68"
                        ],
                        [
                            "-124.78",
                            "42.21"
                        ],
                        [
                            "-124.20",
                            "42.22"
                        ],
                        [
                            "-123.84",
                            "41.79"
                        ],
                        [
                            "-123.66",
                            "41.22"
                        ],
                        [
                            "-123.65",
                            "40.37"
                        ],
                        [
                            "-123.78",
                            "40.27"
                        ],
                        [
                            "-124.57",
                            "39.85"
                        ],
                        [
                            "-124.49",
                            "39.00"
                        ],
                        [
                            "-123.90",
                            "38.67"
                        ],
                        [
                            "-123.93",
                            "39.49"
                        ],
                        [
                            "-123.53",
                            "39.62"
                        ],
                        [
                            "-123.26",
                            "39.25"
                        ],
                        [
                            "-123.29",
                            "38.77"
                        ],
                        [
                            "-123.45",
                            "38.19"
                        ],
                        [
                            "-123.39",
                            "37.90"
                        ],
                        [
                            "-122.79",
                            "36.81"
                        ],
                        [
                            "-122.67",
                            "37.07"
                        ],
                        [
                            "-122.67",
                            "37.42"
                        ],
                        [
                            "-123.09",
                            "38.21"
                        ],
                        [
                            "-122.37",
                            "37.95"
                        ],
                        [
                            "-121.77",
                            "37.74"
                        ],
                        [
                            "-121.99",
                            "37.18"
                        ],
                        [
                            "-122.07",
                            "36.89"
                        ],
                        [
                            "-122.01",
                            "35.85"
                        ],
                        [
                            "-121.98",
                            "35.29"
                        ],
                        [
                            "-121.75",
                            "34.92"
                        ],
                        [
                            "-121.88",
                            "34.68"
                        ],
                        [
                            "-122.22",
                            "34.87"
                        ],
                        [
                            "-122.43",
                            "35.13"
                        ],
                        [
                            "-123.09",
                            "35.57"
                        ],
                        [
                            "-123.54",
                            "35.81"
                        ],
                        [
                            "-124.05",
                            "35.59"
                        ],
                        [
                            "-127.03",
                            "39.70"
                        ],
                        [
                            "-126.58",
                            "45.24"
                        ],
                        [
                            "-126.83",
                            "45.79"
                        ],
                        [
                            "-125.22",
                            "48.57"
                        ],
                        [
                            "-124.80",
                            "48.64"
                        ]
                    ]
                ]
            },
            "properties": {
                "forecastId": null,
                "geometryId": null,
                "tag": "1E",
                "forecastHour": 0,
                "hazard": "IFR",
                "frequency": null,
                "severity": null,
                "status": "NRML",
                "base": null,
                "top": null,
                "fzlBase": null,
                "fzlTop": null,
                "level": null,
                "product": "SIERRA",
                "rawAirSigmet": "CIG BLW 010 VIS BLW 3SM BR FG",
                "validTimeTo": "2026-07-28T09:00:00.000",
                "validTimeFrom": [
                    "2026-07-28T08:45"
                ]
            }
        },
        {
            "type": "Feature",
            "geometry": {
                "type": "Polygon",
                "coordinates": [
                    [
                        [
                            "-83.88",
                            "45.76"
                        ],
                        [
                            "-82.47",
                            "45.07"
                        ],
                        [
                            "-82.13",
                            "43.21"
                        ],
                        [
                            "-82.58",
                            "42.79"
                        ],
                        [
                            "-83.02",
                            "42.24"
                        ],
                        [
                            "-83.10",
                            "41.88"
                        ],
                        [
                            "-83.88",
                            "41.00"
                        ],
                        [
                            "-83.83",
                            "39.60"
                        ],
                        [
                            "-85.56",
                            "38.74"
                        ],
                        [
                            "-86.94",
                            "38.97"
                        ],
                        [
                            "-87.83",
                            "39.72"
                        ],
                        [
                            "-87.94",
                            "40.52"
                        ],
                        [
                            "-88.61",
                            "41.36"
                        ],
                        [
                            "-88.94",
                            "42.01"
                        ],
                        [
                            "-88.39",
                            "43.69"
                        ],
                        [
                            "-86.91",
                            "44.83"
                        ],
                        [
                            "-85.11",
                            "45.63"
                        ],
                        [
                            "-83.88",
                            "45.76"
                        ]
                    ]
                ]
            },
            "properties": {
                "forecastId": null,
                "geometryId": null,
                "tag": "4E",
                "forecastHour": 0,
                "hazard": "IFR",
                "frequency": null,
                "severity": null,
                "status": "NRML",
                "base": null,
                "top": null,
                "fzlBase": null,
                "fzlTop": null,
                "level": null,
                "product": "SIERRA",
                "rawAirSigmet": "CIG BLW 010 VIS BLW 3SM BR",
                "validTimeTo": "2026-07-28T09:00:00.000",
                "validTimeFrom": [
                    "2026-07-28T08:45"
                ]
            }
        },
        {
            "type": "Feature",
            "geometry": {
                "type": "Polygon",
                "coordinates": [
                    [
                        [
                            "-100.84",
                            "39.14"
                        ],
                        [
                            "-99.87",
                            "38.95"
                        ],
                        [
                            "-99.74",
                            "38.66"
                        ],
                        [
                            "-101.19",
                            "38.00"
                        ],
                        [
                            "-101.55",
                            "38.21"
                        ],
                        [
                            "-100.84",
                            "39.14"
                        ]
                    ]
                ]
            },
            "properties": {
                "forecastId": null,
                "geometryId": null,
                "tag": "1W",
                "forecastHour": 0,
                "hazard": "LLWS",
                "frequency": null,
                "severity": null,
                "status": "NRML",
                "base": null,
                "top": null,
                "fzlBase": null,
                "fzlTop": null,
                "level": null,
                "product": "TANGO",
                "rawAirSigmet": "AIR SPEED LOSS OR GAIN OF 20KTS OR MORE BELOW 2000 FT AGL",
                "validTimeTo": "2026-07-28T09:00:00.000",
                "validTimeFrom": [
                    "2026-07-28T08:45"
                ]
            }
        },
        {
            "type": "Feature",
            "geometry": {
                "type": "Polygon",
                "coordinates": [
                    [
                        [
                            "-121.12",
                            "48.94"
                        ],
                        [
                            "-121.28",
                            "48.46"
                        ],
                        [
                            "-121.27",
                            "47.48"
                        ],
                        [
                            "-121.32",
                            "46.97"
                        ],
                        [
                            "-121.47",
                            "46.30"
                        ],
                        [
                            "-121.75",
                            "45.56"
                        ],
                        [
                            "-122.26",
                            "44.95"
                        ],
                        [
                            "-122.75",
                            "44.47"
                        ],
                        [
                            "-123.20",
                            "43.78"
                        ],
                        [
                            "-123.51",
                            "43.39"
                        ],
                        [
                            "-123.73",
                            "42.96"
                        ],
                        [
                            "-124.21",
                            "43.32"
                        ],
                        [
                            "-123.99",
                            "44.69"
                        ],
                        [
                            "-124.16",
                            "47.05"
                        ],
                        [
                            "-124.70",
                            "48.39"
                        ],
                        [
                            "-123.38",
                            "48.19"
                        ],
                        [
                            "-123.36",
                            "48.68"
                        ],
                        [
                            "-122.58",
                            "48.93"
                        ],
                        [
                            "-121.12",
                            "48.94"
                        ]
                    ]
                ]
            },
            "properties": {
                "forecastId": null,
                "geometryId": null,
                "tag": "3E",
                "forecastHour": 0,
                "hazard": "MT_OBSC",
                "frequency": null,
                "severity": null,
                "status": "NRML",
                "base": null,
                "top": null,
                "fzlBase": null,
                "fzlTop": null,
                "level": null,
                "product": "SIERRA",
                "rawAirSigmet": "MTNS OBSC BY CLDS BR FG",
                "validTimeTo": "2026-07-28T09:00:00.000",
                "validTimeFrom": [
                    "2026-07-28T08:45"
                ]
            }
        },
        {
            "type": "Feature",
            "geometry": {
                "type": "LineString",
                "coordinates": [
                    [
                        "-131.32",
                        "34.64"
                    ],
                    [
                        "-127.77",
                        "35.66"
                    ],
                    [
                        "-125.58",
                        "36.67"
                    ],
                    [
                        "-124.53",
                        "37.50"
                    ],
                    [
                        "-123.82",
                        "38.56"
                    ],
                    [
                        "-123.21",
                        "39.70"
                    ],
                    [
                        "-122.35",
                        "40.74"
                    ],
                    [
                        "-117.30",
                        "43.18"
                    ],
                    [
                        "-116.31",
                        "43.53"
                    ],
                    [
                        "-115.36",
                        "43.42"
                    ],
                    [
                        "-113.98",
                        "43.12"
                    ],
                    [
                        "-112.41",
                        "43.02"
                    ],
                    [
                        "-111.11",
                        "43.88"
                    ],
                    [
                        "-110.69",
                        "44.24"
                    ],
                    [
                        "-109.77",
                        "44.45"
                    ],
                    [
                        "-108.23",
                        "43.87"
                    ],
                    [
                        "-106.93",
                        "44.13"
                    ],
                    [
                        "-105.61",
                        "44.65"
                    ],
                    [
                        "-104.78",
                        "45.85"
                    ],
                    [
                        "-103.96",
                        "46.14"
                    ],
                    [
                        "-103.31",
                        "45.94"
                    ],
                    [
                        "-103.46",
                        "44.81"
                    ],
                    [
                        "-102.13",
                        "44.15"
                    ],
                    [
                        "-100.82",
                        "43.71"
                    ],
                    [
                        "-99.38",
                        "43.04"
                    ],
                    [
                        "-98.34",
                        "42.51"
                    ],
                    [
                        "-96.88",
                        "42.15"
                    ],
                    [
                        "-95.18",
                        "41.83"
                    ],
                    [
                        "-94.10",
                        "41.03"
                    ],
                    [
                        "-92.81",
                        "40.32"
                    ],
                    [
                        "-91.88",
                        "40.11"
                    ],
                    [
                        "-90.83",
                        "40.22"
                    ],
                    [
                        "-89.23",
                        "42.13"
                    ],
                    [
                        "-88.41",
                        "42.79"
                    ],
                    [
                        "-86.99",
                        "42.40"
                    ],
                    [
                        "-85.69",
                        "41.81"
                    ],
                    [
                        "-84.57",
                        "40.97"
                    ],
                    [
                        "-84.17",
                        "40.45"
                    ],
                    [
                        "-84.12",
                        "39.60"
                    ],
                    [
                        "-85.06",
                        "38.48"
                    ],
                    [
                        "-87.04",
                        "36.69"
                    ],
                    [
                        "-87.74",
                        "35.95"
                    ],
                    [
                        "-87.20",
                        "34.82"
                    ],
                    [
                        "-86.08",
                        "33.93"
                    ],
                    [
                        "-85.95",
                        "32.57"
                    ],
                    [
                        "-84.16",
                        "32.12"
                    ],
                    [
                        "-83.68",
                        "31.77"
                    ],
                    [
                        "-83.57",
                        "30.93"
                    ],
                    [
                        "-83.18",
                        "30.20"
                    ],
                    [
                        "-81.73",
                        "30.62"
                    ],
                    [
                        "-80.21",
                        "30.68"
                    ],
                    [
                        "-79.27",
                        "31.09"
                    ],
                    [
                        "-78.27",
                        "31.94"
                    ],
                    [
                        "-76.99",
                        "32.56"
                    ],
                    [
                        "-75.09",
                        "32.62"
                    ],
                    [
                        "-73.99",
                        "32.38"
                    ],
                    [
                        "-73.57",
                        "31.80"
                    ],
                    [
                        "-75.25",
                        "30.34"
                    ],
                    [
                        "-76.04",
                        "29.87"
                    ],
                    [
                        "-77.38",
                        "29.47"
                    ],
                    [
                        "-78.70",
                        "28.91"
                    ],
                    [
                        "-79.77",
                        "28.19"
                    ],
                    [
                        "-80.18",
                        "27.68"
                    ],
                    [
                        "-79.89",
                        "27.15"
                    ],
                    [
                        "-78.97",
                        "26.97"
                    ],
                    [
                        "-78.62",
                        "26.56"
                    ],
                    [
                        "-77.99",
                        "25.44"
                    ],
                    [
                        "-78.48",
                        "24.96"
                    ],
                    [
                        "-79.29",
                        "24.74"
                    ],
                    [
                        "-80.12",
                        "24.43"
                    ],
                    [
                        "-80.89",
                        "24.41"
                    ],
                    [
                        "-81.16",
                        "24.91"
                    ],
                    [
                        "-80.31",
                        "25.87"
                    ],
                    [
                        "-80.63",
                        "26.87"
                    ],
                    [
                        "-83.67",
                        "26.15"
                    ],
                    [
                        "-89.73",
                        "25.60"
                    ],
                    [
                        "-92.33",
                        "24.45"
                    ],
                    [
                        "-93.22",
                        "24.45"
                    ],
                    [
                        "-93.79",
                        "24.08"
                    ],
                    [
                        "-94.03",
                        "23.43"
                    ],
                    [
                        "-94.61",
                        "23.00"
                    ],
                    [
                        "-96.57",
                        "21.52"
                    ],
                    [
                        "-96.94",
                        "20.52"
                    ],
                    [
                        "-96.92",
                        "19.70"
                    ]
                ]
            },
            "properties": {
                "forecastId": null,
                "geometryId": null,
                "tag": "1C",
                "forecastHour": 0,
                "hazard": "FZLVL",
                "frequency": null,
                "severity": null,
                "status": "NRML",
                "base": null,
                "top": null,
                "fzlBase": null,
                "fzlTop": null,
                "level": "160",
                "product": "ZULU",
                "rawAirSigmet": null,
                "validTimeTo": "2026-07-28T09:00:00.000",
                "validTimeFrom": [
                    "2026-07-28T09:37"
                ]
            }
        },
        {
            "type": "Feature",
            "geometry": {
                "type": "Polygon",
                "coordinates": [
                    [
                        [
                            "-113.31",
                            "49.07"
                        ],
                        [
                            "-111.27",
                            "47.48"
                        ],
                        [
                            "-109.79",
                            "48.53"
                        ],
                        [
                            "-108.06",
                            "46.19"
                        ],
                        [
                            "-110.31",
                            "45.60"
                        ],
                        [
                            "-110.70",
                            "45.24"
                        ],
                        [
                            "-109.56",
                            "44.95"
                        ],
                        [
                            "-109.46",
                            "44.21"
                        ],
                        [
                            "-110.06",
                            "43.60"
                        ],
                        [
                            "-111.09",
                            "42.92"
                        ],
                        [
                            "-112.69",
                            "42.35"
                        ],
                        [
                            "-114.15",
                            "41.94"
                        ],
                        [
                            "-114.60",
                            "41.48"
                        ],
                        [
                            "-115.13",
                            "40.46"
                        ],
                        [
                            "-116.19",
                            "40.32"
                        ],
                        [
                            "-116.87",
                            "40.71"
                        ],
                        [
                            "-117.69",
                            "41.16"
                        ],
                        [
                            "-118.33",
                            "41.49"
                        ],
                        [
                            "-119.63",
                            "41.62"
                        ],
                        [
                            "-120.85",
                            "42.05"
                        ],
                        [
                            "-121.49",
                            "43.62"
                        ],
                        [
                            "-121.45",
                            "44.89"
                        ],
                        [
                            "-120.87",
                            "45.83"
                        ],
                        [
                            "-119.69",
                            "47.51"
                        ],
                        [
                            "-119.78",
                            "48.90"
                        ],
                        [
                            "-116.00",
                            "49.03"
                        ],
                        [
                            "-113.31",
                            "49.07"
                        ]
                    ]
                ]
            },
            "properties": {
                "forecastId": null,
                "geometryId": null,
                "tag": "1E",
                "forecastHour": 0,
                "hazard": "MT_OBSC",
                "frequency": null,
                "severity": null,
                "status": "NRML",
                "base": null,
                "top": null,
                "fzlBase": null,
                "fzlTop": null,
                "level": null,
                "product": "SIERRA",
                "rawAirSigmet": "FU HZ",
                "validTimeTo": "2026-07-28T09:00:00.000",
                "validTimeFrom": [
                    "2026-07-28T08:45"
                ]
            }
        },
        {
            "type": "Feature",
            "geometry": {
                "type": "LineString",
                "coordinates": [
                    [
                        "-99.65",
                        "19.64"
                    ],
                    [
                        "-100.68",
                        "20.33"
                    ],
                    [
                        "-102.16",
                        "20.87"
                    ],
                    [
                        "-103.60",
                        "21.03"
                    ],
                    [
                        "-104.46",
                        "21.18"
                    ],
                    [
                        "-105.10",
                        "21.60"
                    ],
                    [
                        "-105.98",
                        "22.58"
                    ],
                    [
                        "-107.04",
                        "23.52"
                    ],
                    [
                        "-108.23",
                        "24.10"
                    ],
                    [
                        "-108.81",
                        "24.20"
                    ],
                    [
                        "-109.03",
                        "23.75"
                    ],
                    [
                        "-108.48",
                        "22.74"
                    ],
                    [
                        "-108.88",
                        "21.53"
                    ],
                    [
                        "-109.69",
                        "21.51"
                    ],
                    [
                        "-110.17",
                        "21.84"
                    ],
                    [
                        "-111.21",
                        "22.88"
                    ],
                    [
                        "-112.30",
                        "23.44"
                    ],
                    [
                        "-114.01",
                        "23.63"
                    ],
                    [
                        "-115.46",
                        "23.92"
                    ],
                    [
                        "-117.13",
                        "23.45"
                    ],
                    [
                        "-117.80",
                        "23.07"
                    ],
                    [
                        "-117.94",
                        "22.30"
                    ],
                    [
                        "-116.87",
                        "21.28"
                    ],
                    [
                        "-115.37",
                        "20.90"
                    ],
                    [
                        "-114.02",
                        "20.37"
                    ],
                    [
                        "-112.84",
                        "19.74"
                    ],
                    [
                        "-112.73",
                        "19.15"
                    ],
                    [
                        "-113.63",
                        "18.97"
                    ],
                    [
                        "-114.45",
                        "18.77"
                    ],
                    [
                        "-114.66",
                        "18.36"
                    ]
                ]
            },
            "properties": {
                "forecastId": null,
                "geometryId": null,
                "tag": "1C",
                "forecastHour": 0,
                "hazard": "FZLVL",
                "frequency": null,
                "severity": null,
                "status": "NRML",
                "base": null,
                "top": null,
                "fzlBase": null,
                "fzlTop": null,
                "level": "160",
                "product": "ZULU",
                "rawAirSigmet": null,
                "validTimeTo": "2026-07-28T09:00:00.000",
                "validTimeFrom": [
                    "2026-07-28T09:37"
                ]
            }
        },
        {
            "type": "Feature",
            "geometry": {
                "type": "Polygon",
                "coordinates": [
                    [
                        [
                            "-76.91",
                            "34.14"
                        ],
                        [
                            "-76.01",
                            "33.95"
                        ],
                        [
                            "-75.88",
                            "32.97"
                        ],
                        [
                            "-77.02",
                            "32.07"
                        ],
                        [
                            "-76.95",
                            "31.53"
                        ],
                        [
                            "-78.69",
                            "30.79"
                        ],
                        [
                            "-80.51",
                            "30.84"
                        ],
                        [
                            "-81.63",
                            "31.36"
                        ],
                        [
                            "-81.59",
                            "32.25"
                        ],
                        [
                            "-79.26",
                            "32.51"
                        ],
                        [
                            "-78.32",
                            "32.93"
                        ],
                        [
                            "-76.91",
                            "34.14"
                        ]
                    ]
                ]
            },
            "properties": {
                "forecastId": null,
                "geometryId": null,
                "tag": "4W",
                "forecastHour": 0,
                "hazard": "TURB-HI",
                "frequency": null,
                "severity": "MOD",
                "status": "NRML",
                "base": "340",
                "top": "420",
                "fzlBase": null,
                "fzlTop": null,
                "level": null,
                "product": "TANGO",
                "rawAirSigmet": null,
                "validTimeTo": "2026-07-28T09:00:00.000",
                "validTimeFrom": [
                    "2026-07-28T08:45"
                ]
            }
        },
        {
            "type": "Feature",
            "geometry": {
                "type": "Polygon",
                "coordinates": [
                    [
                        [
                            "-96.56",
                            "44.49"
                        ],
                        [
                            "-95.18",
                            "44.25"
                        ],
                        [
                            "-94.15",
                            "43.84"
                        ],
                        [
                            "-93.39",
                            "43.11"
                        ],
                        [
                            "-93.36",
                            "42.39"
                        ],
                        [
                            "-94.25",
                            "42.04"
                        ],
                        [
                            "-95.29",
                            "42.42"
                        ],
                        [
                            "-96.56",
                            "42.70"
                        ],
                        [
                            "-98.32",
                            "42.56"
                        ],
                        [
                            "-99.53",
                            "42.59"
                        ],
                        [
                            "-99.98",
                            "43.32"
                        ],
                        [
                            "-99.22",
                            "44.15"
                        ],
                        [
                            "-97.84",
                            "44.46"
                        ],
                        [
                            "-96.56",
                            "44.49"
                        ]
                    ]
                ]
            },
            "properties": {
                "forecastId": null,
                "geometryId": null,
                "tag": "5C",
                "forecastHour": 0,
                "hazard": "ICE",
                "frequency": null,
                "severity": "MOD",
                "status": "NRML",
                "base": "160",
                "top": "270",
                "fzlBase": null,
                "fzlTop": null,
                "level": null,
                "product": "ZULU",
                "rawAirSigmet": "ICE",
                "validTimeTo": "2026-07-28T09:00:00.000",
                "validTimeFrom": [
                    "2026-07-28T09:37"
                ]
            }
        },
        {
            "type": "Feature",
            "geometry": {
                "type": "Polygon",
                "coordinates": [
                    [
                        [
                            "-76.36",
                            "43.15"
                        ],
                        [
                            "-75.91",
                            "42.73"
                        ],
                        [
                            "-75.52",
                            "41.64"
                        ],
                        [
                            "-76.08",
                            "40.96"
                        ],
                        [
                            "-77.03",
                            "40.33"
                        ],
                        [
                            "-78.44",
                            "40.33"
                        ],
                        [
                            "-79.35",
                            "39.95"
                        ],
                        [
                            "-80.37",
                            "39.63"
                        ],
                        [
                            "-80.79",
                            "40.13"
                        ],
                        [
                            "-79.22",
                            "42.14"
                        ],
                        [
                            "-76.36",
                            "43.15"
                        ]
                    ]
                ]
            },
            "properties": {
                "forecastId": null,
                "geometryId": null,
                "tag": "2E",
                "forecastHour": 0,
                "hazard": "MT_OBSC",
                "frequency": null,
                "severity": null,
                "status": "NRML",
                "base": null,
                "top": null,
                "fzlBase": null,
                "fzlTop": null,
                "level": null,
                "product": "SIERRA",
                "rawAirSigmet": "MTNS OBSC BY CLDS PCPN BR",
                "validTimeTo": "2026-07-28T09:00:00.000",
                "validTimeFrom": [
                    "2026-07-28T08:45"
                ]
            }
        },
        {
            "type": "Feature",
            "geometry": {
                "type": "Polygon",
                "coordinates": [
                    [
                        [
                            "-74.75",
                            "44.92"
                        ],
                        [
                            "-73.58",
                            "44.81"
                        ],
                        [
                            "-73.28",
                            "43.91"
                        ],
                        [
                            "-74.57",
                            "42.97"
                        ],
                        [
                            "-75.29",
                            "43.21"
                        ],
                        [
                            "-74.75",
                            "44.92"
                        ]
                    ]
                ]
            },
            "properties": {
                "forecastId": null,
                "geometryId": null,
                "tag": "9E",
                "forecastHour": 0,
                "hazard": "IFR",
                "frequency": null,
                "severity": null,
                "status": "NRML",
                "base": null,
                "top": null,
                "fzlBase": null,
                "fzlTop": null,
                "level": null,
                "product": "SIERRA",
                "rawAirSigmet": "CIG BLW 010 VIS BLW 3SM PCPN BR FG",
                "validTimeTo": "2026-07-28T09:00:00.000",
                "validTimeFrom": [
                    "2026-07-28T08:45"
                ]
            }
        },
        {
            "type": "Feature",
            "geometry": {
                "type": "Polygon",
                "coordinates": [
                    [
                        [
                            "-94.13",
                            "48.76"
                        ],
                        [
                            "-89.78",
                            "48.09"
                        ],
                        [
                            "-89.04",
                            "47.99"
                        ],
                        [
                            "-88.14",
                            "47.74"
                        ],
                        [
                            "-88.00",
                            "47.42"
                        ],
                        [
                            "-88.12",
                            "47.03"
                        ],
                        [
                            "-87.94",
                            "46.80"
                        ],
                        [
                            "-87.85",
                            "46.69"
                        ],
                        [
                            "-88.11",
                            "46.38"
                        ],
                        [
                            "-88.54",
                            "46.12"
                        ],
                        [
                            "-88.92",
                            "46.03"
                        ],
                        [
                            "-89.97",
                            "46.05"
                        ],
                        [
                            "-90.35",
                            "45.94"
                        ],
                        [
                            "-91.06",
                            "45.80"
                        ],
                        [
                            "-91.60",
                            "45.75"
                        ],
                        [
                            "-92.20",
                            "45.70"
                        ],
                        [
                            "-92.78",
                            "45.28"
                        ],
                        [
                            "-93.60",
                            "45.54"
                        ],
                        [
                            "-94.08",
                            "45.98"
                        ],
                        [
                            "-94.48",
                            "46.63"
                        ],
                        [
                            "-95.37",
                            "47.00"
                        ],
                        [
                            "-95.63",
                            "47.01"
                        ],
                        [
                            "-95.55",
                            "47.24"
                        ],
                        [
                            "-95.11",
                            "47.91"
                        ],
                        [
                            "-94.61",
                            "48.18"
                        ],
                        [
                            "-94.13",
                            "48.76"
                        ]
                    ]
                ]
            },
            "properties": {
                "forecastId": null,
                "geometryId": null,
                "tag": "5E",
                "forecastHour": 0,
                "hazard": "IFR",
                "frequency": null,
                "severity": null,
                "status": "NRML",
                "base": null,
                "top": null,
                "fzlBase": null,
                "fzlTop": null,
                "level": null,
                "product": "SIERRA",
                "rawAirSigmet": "CIG BLW 010 VIS BLW 3SM BR FG",
                "validTimeTo": "2026-07-28T09:00:00.000",
                "validTimeFrom": [
                    "2026-07-28T08:45"
                ]
            }
        },
        {
            "type": "Feature",
            "geometry": {
                "type": "Polygon",
                "coordinates": [
                    [
                        [
                            "-82.00",
                            "35.81"
                        ],
                        [
                            "-81.65",
                            "35.20"
                        ],
                        [
                            "-82.13",
                            "34.50"
                        ],
                        [
                            "-83.38",
                            "33.73"
                        ],
                        [
                            "-84.28",
                            "32.80"
                        ],
                        [
                            "-85.35",
                            "32.83"
                        ],
                        [
                            "-85.56",
                            "33.93"
                        ],
                        [
                            "-84.80",
                            "35.04"
                        ],
                        [
                            "-83.35",
                            "35.76"
                        ],
                        [
                            "-82.00",
                            "35.81"
                        ]
                    ]
                ]
            },
            "properties": {
                "forecastId": null,
                "geometryId": null,
                "tag": "6C",
                "forecastHour": 0,
                "hazard": "ICE",
                "frequency": null,
                "severity": "MOD",
                "status": "NEW",
                "base": "160",
                "top": "260",
                "fzlBase": null,
                "fzlTop": null,
                "level": null,
                "product": "ZULU",
                "rawAirSigmet": "ICE",
                "validTimeTo": "2026-07-28T09:00:00.000",
                "validTimeFrom": [
                    "2026-07-28T09:37"
                ]
            }
        },
        {
            "type": "Feature",
            "geometry": {
                "type": "Polygon",
                "coordinates": [
                    [
                        [
                            "-116.13",
                            "36.46"
                        ],
                        [
                            "-115.51",
                            "36.42"
                        ],
                        [
                            "-115.19",
                            "35.74"
                        ],
                        [
                            "-116.11",
                            "34.03"
                        ],
                        [
                            "-115.69",
                            "32.66"
                        ],
                        [
                            "-117.06",
                            "32.40"
                        ],
                        [
                            "-118.86",
                            "31.55"
                        ],
                        [
                            "-118.78",
                            "33.57"
                        ],
                        [
                            "-117.21",
                            "35.63"
                        ],
                        [
                            "-116.13",
                            "36.46"
                        ]
                    ]
                ]
            },
            "properties": {
                "forecastId": null,
                "geometryId": null,
                "tag": "3W",
                "forecastHour": 0,
                "hazard": "TURB-HI",
                "frequency": null,
                "severity": "MOD",
                "status": "NRML",
                "base": "370",
                "top": "440",
                "fzlBase": null,
                "fzlTop": null,
                "level": null,
                "product": "TANGO",
                "rawAirSigmet": null,
                "validTimeTo": "2026-07-28T09:00:00.000",
                "validTimeFrom": [
                    "2026-07-28T08:45"
                ]
            }
        },
        {
            "type": "Feature",
            "geometry": {
                "type": "Polygon",
                "coordinates": [
                    [
                        [
                            "-76.96",
                            "37.78"
                        ],
                        [
                            "-76.39",
                            "37.65"
                        ],
                        [
                            "-75.74",
                            "36.64"
                        ],
                        [
                            "-76.28",
                            "35.16"
                        ],
                        [
                            "-77.14",
                            "34.57"
                        ],
                        [
                            "-78.42",
                            "33.88"
                        ],
                        [
                            "-79.21",
                            "33.33"
                        ],
                        [
                            "-80.49",
                            "32.60"
                        ],
                        [
                            "-82.97",
                            "32.96"
                        ],
                        [
                            "-83.50",
                            "33.54"
                        ],
                        [
                            "-84.08",
                            "34.85"
                        ],
                        [
                            "-84.26",
                            "36.00"
                        ],
                        [
                            "-83.60",
                            "37.16"
                        ],
                        [
                            "-81.68",
                            "36.47"
                        ],
                        [
                            "-80.13",
                            "36.59"
                        ],
                        [
                            "-78.94",
                            "36.90"
                        ],
                        [
                            "-77.77",
                            "37.02"
                        ],
                        [
                            "-76.96",
                            "37.78"
                        ]
                    ]
                ]
            },
            "properties": {
                "forecastId": null,
                "geometryId": null,
                "tag": "7E",
                "forecastHour": 0,
                "hazard": "IFR",
                "frequency": null,
                "severity": null,
                "status": "NRML",
                "base": null,
                "top": null,
                "fzlBase": null,
                "fzlTop": null,
                "level": null,
                "product": "SIERRA",
                "rawAirSigmet": "CIG BLW 010 VIS BLW 3SM BR FG",
                "validTimeTo": "2026-07-28T09:00:00.000",
                "validTimeFrom": [
                    "2026-07-28T08:45"
                ]
            }
        },
        {
            "type": "Feature",
            "geometry": {
                "type": "Polygon",
                "coordinates": [
                    [
                        [
                            "-107.35",
                            "49.02"
                        ],
                        [
                            "-99.93",
                            "48.98"
                        ],
                        [
                            "-99.92",
                            "48.28"
                        ],
                        [
                            "-102.08",
                            "48.24"
                        ],
                        [
                            "-106.77",
                            "47.41"
                        ],
                        [
                            "-109.83",
                            "46.29"
                        ],
                        [
                            "-112.10",
                            "45.02"
                        ],
                        [
                            "-114.12",
                            "44.32"
                        ],
                        [
                            "-115.60",
                            "44.37"
                        ],
                        [
                            "-116.16",
                            "44.95"
                        ],
                        [
                            "-115.59",
                            "45.91"
                        ],
                        [
                            "-114.50",
                            "47.88"
                        ],
                        [
                            "-113.16",
                            "49.01"
                        ],
                        [
                            "-107.35",
                            "49.02"
                        ]
                    ]
                ]
            },
            "properties": {
                "forecastId": null,
                "geometryId": null,
                "tag": "1W",
                "forecastHour": 0,
                "hazard": "TURB-HI",
                "frequency": null,
                "severity": "MOD",
                "status": "NRML",
                "base": "300",
                "top": "420",
                "fzlBase": null,
                "fzlTop": null,
                "level": null,
                "product": "TANGO",
                "rawAirSigmet": null,
                "validTimeTo": "2026-07-28T09:00:00.000",
                "validTimeFrom": [
                    "2026-07-28T08:45"
                ]
            }
        },
        {
            "type": "Feature",
            "geometry": {
                "type": "Polygon",
                "coordinates": [
                    [
                        [
                            "-117.27",
                            "45.33"
                        ],
                        [
                            "-116.21",
                            "44.91"
                        ],
                        [
                            "-116.04",
                            "44.55"
                        ],
                        [
                            "-116.02",
                            "44.13"
                        ],
                        [
                            "-115.14",
                            "43.50"
                        ],
                        [
                            "-114.24",
                            "43.48"
                        ],
                        [
                            "-112.78",
                            "44.05"
                        ],
                        [
                            "-112.23",
                            "44.36"
                        ],
                        [
                            "-111.47",
                            "44.50"
                        ],
                        [
                            "-111.12",
                            "44.15"
                        ],
                        [
                            "-111.43",
                            "43.52"
                        ],
                        [
                            "-112.24",
                            "42.76"
                        ],
                        [
                            "-112.63",
                            "42.52"
                        ],
                        [
                            "-113.28",
                            "42.32"
                        ],
                        [
                            "-114.52",
                            "42.16"
                        ],
                        [
                            "-115.09",
                            "42.16"
                        ],
                        [
                            "-116.53",
                            "42.22"
                        ],
                        [
                            "-117.70",
                            "42.38"
                        ],
                        [
                            "-118.71",
                            "42.69"
                        ],
                        [
                            "-119.54",
                            "43.13"
                        ],
                        [
                            "-119.80",
                            "43.59"
                        ],
                        [
                            "-119.67",
                            "43.99"
                        ],
                        [
                            "-119.31",
                            "44.67"
                        ],
                        [
                            "-118.90",
                            "44.95"
                        ],
                        [
                            "-117.95",
                            "45.28"
                        ],
                        [
                            "-117.27",
                            "45.33"
                        ]
                    ]
                ]
            },
            "properties": {
                "forecastId": null,
                "geometryId": null,
                "tag": "2E",
                "forecastHour": 0,
                "hazard": "IFR",
                "frequency": null,
                "severity": null,
                "status": "NRML",
                "base": null,
                "top": null,
                "fzlBase": null,
                "fzlTop": null,
                "level": null,
                "product": "SIERRA",
                "rawAirSigmet": "CIG BLW 010 VIS BLW 3SM HZ FU",
                "validTimeTo": "2026-07-28T09:00:00.000",
                "validTimeFrom": [
                    "2026-07-28T08:45"
                ]
            }
        },
        {
            "type": "Feature",
            "geometry": {
                "type": "Polygon",
                "coordinates": [
                    [
                        [
                            "-72.01",
                            "43.07"
                        ],
                        [
                            "-71.61",
                            "42.81"
                        ],
                        [
                            "-71.42",
                            "42.36"
                        ],
                        [
                            "-70.68",
                            "42.63"
                        ],
                        [
                            "-70.22",
                            "42.85"
                        ],
                        [
                            "-69.75",
                            "42.57"
                        ],
                        [
                            "-69.21",
                            "42.75"
                        ],
                        [
                            "-68.69",
                            "42.62"
                        ],
                        [
                            "-68.46",
                            "41.77"
                        ],
                        [
                            "-68.76",
                            "40.93"
                        ],
                        [
                            "-69.06",
                            "40.72"
                        ],
                        [
                            "-69.54",
                            "40.60"
                        ],
                        [
                            "-70.15",
                            "40.66"
                        ],
                        [
                            "-70.88",
                            "40.72"
                        ],
                        [
                            "-71.61",
                            "40.79"
                        ],
                        [
                            "-72.77",
                            "40.73"
                        ],
                        [
                            "-73.60",
                            "40.19"
                        ],
                        [
                            "-74.14",
                            "39.83"
                        ],
                        [
                            "-74.44",
                            "39.40"
                        ],
                        [
                            "-75.06",
                            "38.96"
                        ],
                        [
                            "-75.42",
                            "38.60"
                        ],
                        [
                            "-75.78",
                            "38.77"
                        ],
                        [
                            "-75.88",
                            "39.36"
                        ],
                        [
                            "-75.78",
                            "40.16"
                        ],
                        [
                            "-74.67",
                            "40.93"
                        ],
                        [
                            "-73.95",
                            "41.84"
                        ],
                        [
                            "-72.68",
                            "42.80"
                        ],
                        [
                            "-72.51",
                            "43.05"
                        ],
                        [
                            "-72.01",
                            "43.07"
                        ]
                    ]
                ]
            },
            "properties": {
                "forecastId": null,
                "geometryId": null,
                "tag": "6E",
                "forecastHour": 0,
                "hazard": "IFR",
                "frequency": null,
                "severity": null,
                "status": "NRML",
                "base": null,
                "top": null,
                "fzlBase": null,
                "fzlTop": null,
                "level": null,
                "product": "SIERRA",
                "rawAirSigmet": "CIG BLW 010 VIS BLW 3SM BR FG",
                "validTimeTo": "2026-07-28T09:00:00.000",
                "validTimeFrom": [
                    "2026-07-28T08:45"
                ]
            }
        },
        {
            "type": "Feature",
            "geometry": {
                "type": "Polygon",
                "coordinates": [
                    [
                        [
                            "-118.20",
                            "33.95"
                        ],
                        [
                            "-117.58",
                            "33.88"
                        ],
                        [
                            "-116.90",
                            "33.25"
                        ],
                        [
                            "-116.87",
                            "32.47"
                        ],
                        [
                            "-120.79",
                            "30.89"
                        ],
                        [
                            "-121.73",
                            "32.32"
                        ],
                        [
                            "-120.91",
                            "32.01"
                        ],
                        [
                            "-119.90",
                            "31.89"
                        ],
                        [
                            "-119.20",
                            "32.27"
                        ],
                        [
                            "-119.01",
                            "32.69"
                        ],
                        [
                            "-118.47",
                            "33.78"
                        ],
                        [
                            "-118.20",
                            "33.95"
                        ]
                    ]
                ]
            },
            "properties": {
                "forecastId": null,
                "geometryId": null,
                "tag": "1E",
                "forecastHour": 0,
                "hazard": "IFR",
                "frequency": null,
                "severity": null,
                "status": "NRML",
                "base": null,
                "top": null,
                "fzlBase": null,
                "fzlTop": null,
                "level": null,
                "product": "SIERRA",
                "rawAirSigmet": "CIG BLW 010 VIS BLW 3SM BR FG",
                "validTimeTo": "2026-07-28T09:00:00.000",
                "validTimeFrom": [
                    "2026-07-28T08:45"
                ]
            }
        },
        {
            "type": "Feature",
            "geometry": {
                "type": "LineString",
                "coordinates": [
                    [
                        "-134.85",
                        "44.08"
                    ],
                    [
                        "-132.06",
                        "44.42"
                    ],
                    [
                        "-129.86",
                        "45.13"
                    ],
                    [
                        "-127.55",
                        "45.88"
                    ],
                    [
                        "-125.41",
                        "46.74"
                    ],
                    [
                        "-122.30",
                        "48.48"
                    ],
                    [
                        "-120.47",
                        "49.65"
                    ],
                    [
                        "-118.64",
                        "50.53"
                    ],
                    [
                        "-117.41",
                        "51.66"
                    ],
                    [
                        "-116.62",
                        "52.72"
                    ],
                    [
                        "-113.95",
                        "52.81"
                    ],
                    [
                        "-111.11",
                        "53.45"
                    ],
                    [
                        "-109.55",
                        "54.27"
                    ],
                    [
                        "-108.78",
                        "54.63"
                    ],
                    [
                        "-107.49",
                        "54.92"
                    ],
                    [
                        "-105.72",
                        "54.81"
                    ],
                    [
                        "-104.78",
                        "54.41"
                    ],
                    [
                        "-103.74",
                        "54.07"
                    ],
                    [
                        "-102.96",
                        "54.06"
                    ],
                    [
                        "-102.75",
                        "54.51"
                    ],
                    [
                        "-103.20",
                        "55.06"
                    ],
                    [
                        "-102.68",
                        "55.57"
                    ],
                    [
                        "-101.43",
                        "55.78"
                    ],
                    [
                        "-99.93",
                        "55.62"
                    ],
                    [
                        "-98.18",
                        "54.69"
                    ],
                    [
                        "-96.18",
                        "53.84"
                    ],
                    [
                        "-94.52",
                        "52.84"
                    ],
                    [
                        "-93.69",
                        "51.84"
                    ],
                    [
                        "-92.35",
                        "50.55"
                    ],
                    [
                        "-90.53",
                        "49.56"
                    ],
                    [
                        "-89.00",
                        "48.62"
                    ],
                    [
                        "-87.46",
                        "48.52"
                    ],
                    [
                        "-86.32",
                        "48.82"
                    ],
                    [
                        "-85.38",
                        "49.37"
                    ],
                    [
                        "-84.08",
                        "49.49"
                    ],
                    [
                        "-83.29",
                        "49.26"
                    ],
                    [
                        "-82.42",
                        "49.31"
                    ],
                    [
                        "-80.21",
                        "49.96"
                    ],
                    [
                        "-78.67",
                        "49.72"
                    ],
                    [
                        "-78.31",
                        "48.99"
                    ],
                    [
                        "-78.32",
                        "48.23"
                    ],
                    [
                        "-78.58",
                        "47.55"
                    ],
                    [
                        "-77.62",
                        "47.58"
                    ],
                    [
                        "-73.24",
                        "48.07"
                    ],
                    [
                        "-71.90",
                        "48.14"
                    ],
                    [
                        "-70.87",
                        "47.73"
                    ],
                    [
                        "-70.57",
                        "46.94"
                    ],
                    [
                        "-70.51",
                        "45.91"
                    ],
                    [
                        "-69.13",
                        "45.74"
                    ],
                    [
                        "-68.37",
                        "46.10"
                    ],
                    [
                        "-67.01",
                        "46.95"
                    ],
                    [
                        "-66.37",
                        "47.76"
                    ],
                    [
                        "-65.50",
                        "48.40"
                    ],
                    [
                        "-63.84",
                        "49.24"
                    ],
                    [
                        "-61.80",
                        "49.91"
                    ],
                    [
                        "-60.04",
                        "49.59"
                    ]
                ]
            },
            "properties": {
                "forecastId": null,
                "geometryId": null,
                "tag": "1C",
                "forecastHour": 0,
                "hazard": "FZLVL",
                "frequency": null,
                "severity": null,
                "status": "NRML",
                "base": null,
                "top": null,
                "fzlBase": null,
                "fzlTop": null,
                "level": "120",
                "product": "ZULU",
                "rawAirSigmet": null,
                "validTimeTo": "2026-07-28T09:00:00.000",
                "validTimeFrom": [
                    "2026-07-28T09:37"
                ]
            }
        },
        {
            "type": "Feature",
            "geometry": {
                "type": "Polygon",
                "coordinates": [
                    [
                        [
                            "-118.09",
                            "34.16"
                        ],
                        [
                            "-117.66",
                            "33.82"
                        ],
                        [
                            "-117.25",
                            "33.53"
                        ],
                        [
                            "-116.85",
                            "32.75"
                        ],
                        [
                            "-117.17",
                            "32.77"
                        ],
                        [
                            "-118.29",
                            "33.81"
                        ],
                        [
                            "-118.09",
                            "34.16"
                        ]
                    ]
                ]
            },
            "properties": {
                "forecastId": null,
                "geometryId": null,
                "tag": "5E",
                "forecastHour": 0,
                "hazard": "MT_OBSC",
                "frequency": null,
                "severity": null,
                "status": "NRML",
                "base": null,
                "top": null,
                "fzlBase": null,
                "fzlTop": null,
                "level": null,
                "product": "SIERRA",
                "rawAirSigmet": "MTNS OBSC BY CLDS BR FG",
                "validTimeTo": "2026-07-28T09:00:00.000",
                "validTimeFrom": [
                    "2026-07-28T08:45"
                ]
            }
        },
        {
            "type": "Feature",
            "geometry": {
                "type": "Polygon",
                "coordinates": [
                    [
                        [
                            "-116.26",
                            "25.88"
                        ],
                        [
                            "-116.37",
                            "25.50"
                        ],
                        [
                            "-116.10",
                            "25.26"
                        ],
                        [
                            "-115.95",
                            "25.19"
                        ],
                        [
                            "-115.67",
                            "25.14"
                        ],
                        [
                            "-115.27",
                            "25.23"
                        ],
                        [
                            "-115.14",
                            "25.30"
                        ],
                        [
                            "-114.91",
                            "25.50"
                        ],
                        [
                            "-114.76",
                            "25.72"
                        ],
                        [
                            "-114.88",
                            "26.07"
                        ],
                        [
                            "-115.03",
                            "26.22"
                        ],
                        [
                            "-115.45",
                            "26.28"
                        ],
                        [
                            "-115.84",
                            "26.14"
                        ],
                        [
                            "-116.21",
                            "25.92"
                        ],
                        [
                            "-116.26",
                            "25.88"
                        ]
                    ]
                ]
            },
            "properties": {
                "forecastId": null,
                "geometryId": null,
                "tag": "1C",
                "forecastHour": 0,
                "hazard": "FZLVL",
                "frequency": null,
                "severity": null,
                "status": "NRML",
                "base": null,
                "top": null,
                "fzlBase": null,
                "fzlTop": null,
                "level": "160",
                "product": "ZULU",
                "rawAirSigmet": null,
                "validTimeTo": "2026-07-28T09:00:00.000",
                "validTimeFrom": [
                    "2026-07-28T09:37"
                ]
            }
        },
        {
            "type": "Feature",
            "geometry": {
                "type": "LineString",
                "coordinates": [
                    [
                        "-92.21",
                        "58.35"
                    ],
                    [
                        "-92.01",
                        "57.67"
                    ],
                    [
                        "-91.10",
                        "56.91"
                    ],
                    [
                        "-89.59",
                        "55.57"
                    ],
                    [
                        "-88.68",
                        "55.22"
                    ],
                    [
                        "-86.85",
                        "55.00"
                    ],
                    [
                        "-85.59",
                        "55.27"
                    ],
                    [
                        "-83.55",
                        "55.24"
                    ],
                    [
                        "-81.80",
                        "55.05"
                    ],
                    [
                        "-80.68",
                        "54.58"
                    ],
                    [
                        "-79.12",
                        "53.21"
                    ],
                    [
                        "-78.17",
                        "52.81"
                    ],
                    [
                        "-77.01",
                        "52.73"
                    ],
                    [
                        "-73.79",
                        "52.82"
                    ],
                    [
                        "-72.37",
                        "52.98"
                    ],
                    [
                        "-70.94",
                        "53.39"
                    ],
                    [
                        "-69.99",
                        "53.75"
                    ],
                    [
                        "-69.39",
                        "54.56"
                    ],
                    [
                        "-68.97",
                        "55.54"
                    ],
                    [
                        "-67.97",
                        "56.29"
                    ],
                    [
                        "-67.28",
                        "56.84"
                    ]
                ]
            },
            "properties": {
                "forecastId": null,
                "geometryId": null,
                "tag": "1C",
                "forecastHour": 0,
                "hazard": "FZLVL",
                "frequency": null,
                "severity": null,
                "status": "NRML",
                "base": null,
                "top": null,
                "fzlBase": null,
                "fzlTop": null,
                "level": "080",
                "product": "ZULU",
                "rawAirSigmet": null,
                "validTimeTo": "2026-07-28T09:00:00.000",
                "validTimeFrom": [
                    "2026-07-28T09:37"
                ]
            }
        },
        {
            "type": "Feature",
            "geometry": {
                "type": "Polygon",
                "coordinates": [
                    [
                        [
                            "-72.38",
                            "45.04"
                        ],
                        [
                            "-71.71",
                            "43.93"
                        ],
                        [
                            "-71.45",
                            "43.26"
                        ],
                        [
                            "-73.60",
                            "42.07"
                        ],
                        [
                            "-73.54",
                            "42.55"
                        ],
                        [
                            "-73.56",
                            "43.83"
                        ],
                        [
                            "-73.51",
                            "44.69"
                        ],
                        [
                            "-72.38",
                            "45.04"
                        ]
                    ]
                ]
            },
            "properties": {
                "forecastId": null,
                "geometryId": null,
                "tag": "2E",
                "forecastHour": 0,
                "hazard": "MT_OBSC",
                "frequency": null,
                "severity": null,
                "status": "NRML",
                "base": null,
                "top": null,
                "fzlBase": null,
                "fzlTop": null,
                "level": null,
                "product": "SIERRA",
                "rawAirSigmet": "MTNS OBSC BY CLDS PCPN BR",
                "validTimeTo": "2026-07-28T09:00:00.000",
                "validTimeFrom": [
                    "2026-07-28T08:45"
                ]
            }
        },
        {
            "type": "Feature",
            "geometry": {
                "type": "LineString",
                "coordinates": [
                    [
                        "-123.00",
                        "16.95"
                    ],
                    [
                        "-123.20",
                        "17.65"
                    ],
                    [
                        "-123.44",
                        "18.34"
                    ],
                    [
                        "-123.57",
                        "19.06"
                    ],
                    [
                        "-123.42",
                        "19.67"
                    ],
                    [
                        "-123.18",
                        "20.25"
                    ],
                    [
                        "-123.05",
                        "20.65"
                    ],
                    [
                        "-122.94",
                        "21.08"
                    ],
                    [
                        "-122.77",
                        "21.82"
                    ],
                    [
                        "-122.75",
                        "22.20"
                    ],
                    [
                        "-122.92",
                        "22.91"
                    ],
                    [
                        "-123.07",
                        "23.25"
                    ],
                    [
                        "-123.55",
                        "23.75"
                    ],
                    [
                        "-124.34",
                        "23.66"
                    ],
                    [
                        "-125.10",
                        "23.41"
                    ],
                    [
                        "-125.92",
                        "23.40"
                    ],
                    [
                        "-126.35",
                        "23.51"
                    ],
                    [
                        "-126.80",
                        "23.67"
                    ],
                    [
                        "-127.28",
                        "23.88"
                    ],
                    [
                        "-128.13",
                        "24.04"
                    ]
                ]
            },
            "properties": {
                "forecastId": null,
                "geometryId": null,
                "tag": "1C",
                "forecastHour": 0,
                "hazard": "FZLVL",
                "frequency": null,
                "severity": null,
                "status": "NRML",
                "base": null,
                "top": null,
                "fzlBase": null,
                "fzlTop": null,
                "level": "160",
                "product": "ZULU",
                "rawAirSigmet": null,
                "validTimeTo": "2026-07-28T09:00:00.000",
                "validTimeFrom": [
                    "2026-07-28T09:37"
                ]
            }
        },
        {
            "type": "Feature",
            "geometry": {
                "type": "LineString",
                "coordinates": [
                    [
                        "-136.52",
                        "47.81"
                    ],
                    [
                        "-135.73",
                        "47.84"
                    ],
                    [
                        "-134.39",
                        "47.71"
                    ],
                    [
                        "-133.65",
                        "48.40"
                    ],
                    [
                        "-133.49",
                        "49.33"
                    ],
                    [
                        "-133.72",
                        "49.98"
                    ],
                    [
                        "-134.23",
                        "50.22"
                    ],
                    [
                        "-134.77",
                        "50.84"
                    ],
                    [
                        "-134.60",
                        "51.51"
                    ],
                    [
                        "-134.13",
                        "51.77"
                    ],
                    [
                        "-132.14",
                        "51.95"
                    ],
                    [
                        "-130.51",
                        "52.15"
                    ],
                    [
                        "-129.73",
                        "52.88"
                    ],
                    [
                        "-129.90",
                        "53.97"
                    ],
                    [
                        "-130.11",
                        "54.96"
                    ],
                    [
                        "-128.65",
                        "55.46"
                    ],
                    [
                        "-127.73",
                        "56.21"
                    ]
                ]
            },
            "properties": {
                "forecastId": null,
                "geometryId": null,
                "tag": "1C",
                "forecastHour": 0,
                "hazard": "FZLVL",
                "frequency": null,
                "severity": null,
                "status": "NRML",
                "base": null,
                "top": null,
                "fzlBase": null,
                "fzlTop": null,
                "level": "080",
                "product": "ZULU",
                "rawAirSigmet": null,
                "validTimeTo": "2026-07-28T09:00:00.000",
                "validTimeFrom": [
                    "2026-07-28T09:37"
                ]
            }
        }
    ],
    "metadata": {
        "creationTime": "2026-07-28T09:40"
    }
}