{
    "type": "FeatureCollection",
    "features": [
        {
            "type": "Feature",
            "geometry": {
                "type": "Polygon",
                "coordinates": [
                    [
                        [
                            "-120.47",
                            "49.56"
                        ],
                        [
                            "-121.37",
                            "47.71"
                        ],
                        [
                            "-123.42",
                            "47.16"
                        ],
                        [
                            "-123.43",
                            "46.01"
                        ],
                        [
                            "-123.94",
                            "44.92"
                        ],
                        [
                            "-124.12",
                            "46.81"
                        ],
                        [
                            "-124.72",
                            "48.32"
                        ],
                        [
                            "-122.93",
                            "48.99"
                        ],
                        [
                            "-120.47",
                            "49.56"
                        ]
                    ]
                ]
            },
            "properties": {
                "forecastId": null,
                "geometryId": null,
                "tag": "1E",
                "forecastHour": 0,
                "hazard": "MT_OBSC",
                "frequency": null,
                "severity": null,
                "status": "NRML",
                "base": null,
                "top": null,
                "fzlBase": null,
                "fzlTop": null,
                "level": null,
                "product": "SIERRA",
                "rawAirSigmet": "MTNS OBSC BY CLDS BR",
                "validTimeTo": "2026-09-10T09:00:00.000",
                "validTimeFrom": [
                    "2026-09-10T08:45"
                ]
            }
        },
        {
            "type": "Feature",
            "geometry": {
                "type": "Polygon",
                "coordinates": [
                    [
                        [
                            "-69.28",
                            "47.54"
                        ],
                        [
                            "-67.80",
                            "47.20"
                        ],
                        [
                            "-67.82",
                            "45.89"
                        ],
                        [
                            "-66.89",
                            "44.53"
                        ],
                        [
                            "-69.80",
                            "43.73"
                        ],
                        [
                            "-71.44",
                            "43.06"
                        ],
                        [
                            "-72.57",
                            "41.70"
                        ],
                        [
                            "-73.69",
                            "41.42"
                        ],
                        [
                            "-74.49",
                            "41.90"
                        ],
                        [
                            "-74.69",
                            "42.50"
                        ],
                        [
                            "-74.76",
                            "42.92"
                        ],
                        [
                            "-74.77",
                            "43.62"
                        ],
                        [
                            "-74.76",
                            "43.73"
                        ],
                        [
                            "-74.13",
                            "44.54"
                        ],
                        [
                            "-73.29",
                            "44.73"
                        ],
                        [
                            "-72.47",
                            "44.77"
                        ],
                        [
                            "-71.14",
                            "45.31"
                        ],
                        [
                            "-69.28",
                            "47.54"
                        ]
                    ]
                ]
            },
            "properties": {
                "forecastId": null,
                "geometryId": null,
                "tag": "2W",
                "forecastHour": 0,
                "hazard": "TURB-LO",
                "frequency": null,
                "severity": "MOD",
                "status": "NRML",
                "base": "020",
                "top": "080",
                "fzlBase": null,
                "fzlTop": null,
                "level": null,
                "product": "TANGO",
                "rawAirSigmet": null,
                "validTimeTo": "2026-09-10T09:00:00.000",
                "validTimeFrom": [
                    "2026-09-10T08:45"
                ]
            }
        },
        {
            "type": "Feature",
            "geometry": {
                "type": "Polygon",
                "coordinates": [
                    [
                        [
                            "-67.84",
                            "46.77"
                        ],
                        [
                            "-67.73",
                            "45.86"
                        ],
                        [
                            "-66.95",
                            "44.67"
                        ],
                        [
                            "-67.01",
                            "43.17"
                        ],
                        [
                            "-67.20",
                            "42.58"
                        ],
                        [
                            "-67.87",
                            "42.13"
                        ],
                        [
                            "-68.93",
                            "41.72"
                        ],
                        [
                            "-69.98",
                            "41.60"
                        ],
                        [
                            "-70.62",
                            "41.54"
                        ],
                        [
                            "-71.21",
                            "41.01"
                        ],
                        [
                            "-72.10",
                            "40.67"
                        ],
                        [
                            "-72.77",
                            "40.61"
                        ],
                        [
                            "-73.22",
                            "40.46"
                        ],
                        [
                            "-75.03",
                            "38.84"
                        ],
                        [
                            "-78.01",
                            "36.99"
                        ],
                        [
                            "-80.15",
                            "36.54"
                        ],
                        [
                            "-81.57",
                            "38.11"
                        ],
                        [
                            "-79.90",
                            "38.68"
                        ],
                        [
                            "-76.53",
                            "39.81"
                        ],
                        [
                            "-74.45",
                            "41.35"
                        ],
                        [
                            "-73.02",
                            "42.44"
                        ],
                        [
                            "-72.22",
                            "42.92"
                        ],
                        [
                            "-70.03",
                            "45.80"
                        ],
                        [
                            "-67.84",
                            "46.77"
                        ]
                    ]
                ]
            },
            "properties": {
                "forecastId": null,
                "geometryId": null,
                "tag": "1W",
                "forecastHour": 0,
                "hazard": "LLWS",
                "frequency": null,
                "severity": null,
                "status": "NRML",
                "base": null,
                "top": null,
                "fzlBase": null,
                "fzlTop": null,
                "level": null,
                "product": "TANGO",
                "rawAirSigmet": "AIR SPEED LOSS OR GAIN OF 20KTS OR MORE BELOW 2000 FT AGL",
                "validTimeTo": "2026-09-10T09:00:00.000",
                "validTimeFrom": [
                    "2026-09-10T08:45"
                ]
            }
        },
        {
            "type": "Feature",
            "geometry": {
                "type": "LineString",
                "coordinates": [
                    [
                        "-95.11",
                        "60.90"
                    ],
                    [
                        "-94.59",
                        "60.02"
                    ],
                    [
                        "-94.39",
                        "59.83"
                    ],
                    [
                        "-93.55",
                        "59.09"
                    ],
                    [
                        "-93.17",
                        "58.78"
                    ],
                    [
                        "-92.40",
                        "58.13"
                    ],
                    [
                        "-92.02",
                        "57.78"
                    ],
                    [
                        "-91.35",
                        "57.17"
                    ],
                    [
                        "-90.94",
                        "56.75"
                    ],
                    [
                        "-90.28",
                        "56.20"
                    ],
                    [
                        "-89.89",
                        "55.81"
                    ],
                    [
                        "-88.93",
                        "55.16"
                    ],
                    [
                        "-88.81",
                        "55.05"
                    ],
                    [
                        "-87.55",
                        "54.70"
                    ],
                    [
                        "-87.03",
                        "54.83"
                    ],
                    [
                        "-86.14",
                        "55.49"
                    ],
                    [
                        "-85.56",
                        "56.23"
                    ],
                    [
                        "-84.94",
                        "56.96"
                    ],
                    [
                        "-84.18",
                        "57.67"
                    ],
                    [
                        "-84.17",
                        "57.68"
                    ],
                    [
                        "-83.29",
                        "58.35"
                    ],
                    [
                        "-82.21",
                        "59.00"
                    ],
                    [
                        "-81.00",
                        "59.55"
                    ],
                    [
                        "-80.90",
                        "59.59"
                    ],
                    [
                        "-79.20",
                        "60.10"
                    ]
                ]
            },
            "properties": {
                "forecastId": null,
                "geometryId": null,
                "tag": "1C",
                "forecastHour": 0,
                "hazard": "FZLVL",
                "frequency": null,
                "severity": null,
                "status": "NRML",
                "base": null,
                "top": null,
                "fzlBase": null,
                "fzlTop": null,
                "level": "040",
                "product": "ZULU",
                "rawAirSigmet": null,
                "validTimeTo": "2026-09-10T09:00:00.000",
                "validTimeFrom": [
                    "2026-09-10T08:45"
                ]
            }
        },
        {
            "type": "Feature",
            "geometry": {
                "type": "Polygon",
                "coordinates": [
                    [
                        [
                            "-125.06",
                            "48.69"
                        ],
                        [
                            "-123.35",
                            "46.10"
                        ],
                        [
                            "-123.90",
                            "45.20"
                        ],
                        [
                            "-124.09",
                            "43.42"
                        ],
                        [
                            "-124.16",
                            "42.43"
                        ],
                        [
                            "-126.45",
                            "40.45"
                        ],
                        [
                            "-126.90",
                            "40.83"
                        ],
                        [
                            "-126.62",
                            "45.28"
                        ],
                        [
                            "-128.15",
                            "48.34"
                        ],
                        [
                            "-125.06",
                            "48.69"
                        ]
                    ]
                ]
            },
            "properties": {
                "forecastId": null,
                "geometryId": null,
                "tag": "3E",
                "forecastHour": 0,
                "hazard": "IFR",
                "frequency": null,
                "severity": null,
                "status": "NRML",
                "base": null,
                "top": null,
                "fzlBase": null,
                "fzlTop": null,
                "level": null,
                "product": "SIERRA",
                "rawAirSigmet": "CIG BLW 010 VIS BLW 3SM BR FG",
                "validTimeTo": "2026-09-10T09:00:00.000",
                "validTimeFrom": [
                    "2026-09-10T08:45"
                ]
            }
        },
        {
            "type": "Feature",
            "geometry": {
                "type": "Polygon",
                "coordinates": [
                    [
                        [
                            "-69.42",
                            "47.51"
                        ],
                        [
                            "-68.61",
                            "45.53"
                        ],
                        [
                            "-71.37",
                            "43.24"
                        ],
                        [
                            "-76.97",
                            "40.26"
                        ],
                        [
                            "-77.86",
                            "39.28"
                        ],
                        [
                            "-79.46",
                            "38.91"
                        ],
                        [
                            "-79.09",
                            "37.95"
                        ],
                        [
                            "-81.12",
                            "37.64"
                        ],
                        [
                            "-80.71",
                            "38.27"
                        ],
                        [
                            "-81.10",
                            "39.02"
                        ],
                        [
                            "-82.07",
                            "37.76"
                        ],
                        [
                            "-83.52",
                            "36.69"
                        ],
                        [
                            "-82.95",
                            "38.14"
                        ],
                        [
                            "-82.02",
                            "38.81"
                        ],
                        [
                            "-79.18",
                            "42.24"
                        ],
                        [
                            "-76.09",
                            "43.19"
                        ],
                        [
                            "-74.75",
                            "44.86"
                        ],
                        [
                            "-71.66",
                            "45.39"
                        ],
                        [
                            "-69.42",
                            "47.51"
                        ]
                    ]
                ]
            },
            "properties": {
                "forecastId": null,
                "geometryId": null,
                "tag": "3E",
                "forecastHour": 0,
                "hazard": "MT_OBSC",
                "frequency": null,
                "severity": null,
                "status": "NRML",
                "base": null,
                "top": null,
                "fzlBase": null,
                "fzlTop": null,
                "level": null,
                "product": "SIERRA",
                "rawAirSigmet": "MTNS OBSC BY CLDS PCPN BR",
                "validTimeTo": "2026-09-10T09:00:00.000",
                "validTimeFrom": [
                    "2026-09-10T08:45"
                ]
            }
        },
        {
            "type": "Feature",
            "geometry": {
                "type": "Polygon",
                "coordinates": [
                    [
                        [
                            "-78.72",
                            "40.36"
                        ],
                        [
                            "-77.45",
                            "40.32"
                        ],
                        [
                            "-76.50",
                            "40.21"
                        ],
                        [
                            "-75.85",
                            "39.83"
                        ],
                        [
                            "-75.85",
                            "39.26"
                        ],
                        [
                            "-76.28",
                            "38.97"
                        ],
                        [
                            "-77.20",
                            "38.64"
                        ],
                        [
                            "-78.26",
                            "38.42"
                        ],
                        [
                            "-79.39",
                            "38.28"
                        ],
                        [
                            "-80.55",
                            "38.13"
                        ],
                        [
                            "-81.42",
                            "38.20"
                        ],
                        [
                            "-81.91",
                            "38.46"
                        ],
                        [
                            "-82.39",
                            "38.90"
                        ],
                        [
                            "-82.41",
                            "39.30"
                        ],
                        [
                            "-82.05",
                            "39.78"
                        ],
                        [
                            "-81.29",
                            "40.09"
                        ],
                        [
                            "-80.10",
                            "40.32"
                        ],
                        [
                            "-78.72",
                            "40.36"
                        ]
                    ]
                ]
            },
            "properties": {
                "forecastId": null,
                "geometryId": null,
                "tag": "3C",
                "forecastHour": 0,
                "hazard": "ICE",
                "frequency": null,
                "severity": "MOD",
                "status": "NRML",
                "base": "160",
                "top": "230",
                "fzlBase": null,
                "fzlTop": null,
                "level": null,
                "product": "ZULU",
                "rawAirSigmet": "ICE",
                "validTimeTo": "2026-09-10T09:00:00.000",
                "validTimeFrom": [
                    "2026-09-10T08:45"
                ]
            }
        },
        {
            "type": "Feature",
            "geometry": {
                "type": "Polygon",
                "coordinates": [
                    [
                        [
                            "-112.98",
                            "49.01"
                        ],
                        [
                            "-109.21",
                            "49.01"
                        ],
                        [
                            "-109.95",
                            "47.98"
                        ],
                        [
                            "-111.35",
                            "48.08"
                        ],
                        [
                            "-113.19",
                            "48.01"
                        ],
                        [
                            "-114.95",
                            "46.82"
                        ],
                        [
                            "-115.99",
                            "47.35"
                        ],
                        [
                            "-116.32",
                            "48.95"
                        ],
                        [
                            "-112.98",
                            "49.01"
                        ]
                    ]
                ]
            },
            "properties": {
                "forecastId": null,
                "geometryId": null,
                "tag": "2W",
                "forecastHour": 0,
                "hazard": "LLWS",
                "frequency": null,
                "severity": null,
                "status": "NRML",
                "base": null,
                "top": null,
                "fzlBase": null,
                "fzlTop": null,
                "level": null,
                "product": "TANGO",
                "rawAirSigmet": "AIR SPEED LOSS OR GAIN OF 20KTS OR MORE BELOW 2000 FT AGL",
                "validTimeTo": "2026-09-10T09:00:00.000",
                "validTimeFrom": [
                    "2026-09-10T08:45"
                ]
            }
        },
        {
            "type": "Feature",
            "geometry": {
                "type": "Polygon",
                "coordinates": [
                    [
                        [
                            "-82.59",
                            "35.73"
                        ],
                        [
                            "-79.95",
                            "33.70"
                        ],
                        [
                            "-80.87",
                            "31.96"
                        ],
                        [
                            "-81.63",
                            "30.24"
                        ],
                        [
                            "-81.67",
                            "28.52"
                        ],
                        [
                            "-82.16",
                            "27.56"
                        ],
                        [
                            "-83.02",
                            "27.97"
                        ],
                        [
                            "-83.41",
                            "29.04"
                        ],
                        [
                            "-83.85",
                            "29.83"
                        ],
                        [
                            "-84.40",
                            "30.35"
                        ],
                        [
                            "-85.71",
                            "29.97"
                        ],
                        [
                            "-89.29",
                            "30.27"
                        ],
                        [
                            "-89.32",
                            "30.70"
                        ],
                        [
                            "-85.68",
                            "30.77"
                        ],
                        [
                            "-84.97",
                            "32.75"
                        ],
                        [
                            "-81.95",
                            "33.93"
                        ],
                        [
                            "-83.78",
                            "35.22"
                        ],
                        [
                            "-82.59",
                            "35.73"
                        ]
                    ]
                ]
            },
            "properties": {
                "forecastId": null,
                "geometryId": null,
                "tag": "1E",
                "forecastHour": 0,
                "hazard": "IFR",
                "frequency": null,
                "severity": null,
                "status": "NRML",
                "base": null,
                "top": null,
                "fzlBase": null,
                "fzlTop": null,
                "level": null,
                "product": "SIERRA",
                "rawAirSigmet": "CIG BLW 010 VIS BLW 3SM BR FG",
                "validTimeTo": "2026-09-10T09:00:00.000",
                "validTimeFrom": [
                    "2026-09-10T08:45"
                ]
            }
        },
        {
            "type": "Feature",
            "geometry": {
                "type": "Polygon",
                "coordinates": [
                    [
                        [
                            "-68.50",
                            "45.81"
                        ],
                        [
                            "-67.84",
                            "45.80"
                        ],
                        [
                            "-67.53",
                            "45.43"
                        ],
                        [
                            "-66.99",
                            "44.89"
                        ],
                        [
                            "-67.00",
                            "40.73"
                        ],
                        [
                            "-68.20",
                            "40.52"
                        ],
                        [
                            "-69.38",
                            "40.69"
                        ],
                        [
                            "-70.55",
                            "40.94"
                        ],
                        [
                            "-71.56",
                            "41.24"
                        ],
                        [
                            "-72.31",
                            "41.54"
                        ],
                        [
                            "-72.65",
                            "42.16"
                        ],
                        [
                            "-72.35",
                            "42.72"
                        ],
                        [
                            "-70.88",
                            "43.20"
                        ],
                        [
                            "-69.88",
                            "43.55"
                        ],
                        [
                            "-69.32",
                            "44.00"
                        ],
                        [
                            "-68.98",
                            "44.33"
                        ],
                        [
                            "-68.74",
                            "44.84"
                        ],
                        [
                            "-68.79",
                            "45.17"
                        ],
                        [
                            "-68.85",
                            "45.55"
                        ],
                        [
                            "-68.50",
                            "45.81"
                        ]
                    ]
                ]
            },
            "properties": {
                "forecastId": null,
                "geometryId": null,
                "tag": "1C",
                "forecastHour": 0,
                "hazard": "ICE",
                "frequency": null,
                "severity": "MOD",
                "status": "NRML",
                "base": "140",
                "top": "230",
                "fzlBase": null,
                "fzlTop": null,
                "level": null,
                "product": "ZULU",
                "rawAirSigmet": "ICE",
                "validTimeTo": "2026-09-10T09:00:00.000",
                "validTimeFrom": [
                    "2026-09-10T08:45"
                ]
            }
        },
        {
            "type": "Feature",
            "geometry": {
                "type": "Polygon",
                "coordinates": [
                    [
                        [
                            "-110.82",
                            "49.06"
                        ],
                        [
                            "-109.69",
                            "48.98"
                        ],
                        [
                            "-110.00",
                            "48.61"
                        ],
                        [
                            "-110.61",
                            "48.04"
                        ],
                        [
                            "-110.85",
                            "47.78"
                        ],
                        [
                            "-109.98",
                            "47.10"
                        ],
                        [
                            "-109.53",
                            "45.44"
                        ],
                        [
                            "-107.65",
                            "45.01"
                        ],
                        [
                            "-106.60",
                            "44.35"
                        ],
                        [
                            "-107.30",
                            "43.67"
                        ],
                        [
                            "-109.21",
                            "43.24"
                        ],
                        [
                            "-109.72",
                            "44.03"
                        ],
                        [
                            "-110.19",
                            "44.27"
                        ],
                        [
                            "-110.38",
                            "44.70"
                        ],
                        [
                            "-110.41",
                            "45.22"
                        ],
                        [
                            "-111.02",
                            "46.11"
                        ],
                        [
                            "-112.24",
                            "46.32"
                        ],
                        [
                            "-113.90",
                            "47.37"
                        ],
                        [
                            "-113.84",
                            "47.96"
                        ],
                        [
                            "-114.85",
                            "48.93"
                        ],
                        [
                            "-112.98",
                            "49.01"
                        ],
                        [
                            "-112.14",
                            "49.02"
                        ],
                        [
                            "-110.82",
                            "49.06"
                        ]
                    ]
                ]
            },
            "properties": {
                "forecastId": null,
                "geometryId": null,
                "tag": "1W",
                "forecastHour": 0,
                "hazard": "TURB-LO",
                "frequency": null,
                "severity": "MOD",
                "status": "NRML",
                "base": "SFC",
                "top": "140",
                "fzlBase": null,
                "fzlTop": null,
                "level": null,
                "product": "TANGO",
                "rawAirSigmet": null,
                "validTimeTo": "2026-09-10T09:00:00.000",
                "validTimeFrom": [
                    "2026-09-10T08:45"
                ]
            }
        },
        {
            "type": "Feature",
            "geometry": {
                "type": "Polygon",
                "coordinates": [
                    [
                        [
                            "-66.98",
                            "44.09"
                        ],
                        [
                            "-67.08",
                            "42.80"
                        ],
                        [
                            "-68.00",
                            "42.22"
                        ],
                        [
                            "-68.50",
                            "42.54"
                        ],
                        [
                            "-68.47",
                            "42.72"
                        ],
                        [
                            "-67.34",
                            "43.22"
                        ],
                        [
                            "-67.32",
                            "43.73"
                        ],
                        [
                            "-67.32",
                            "44.08"
                        ],
                        [
                            "-66.98",
                            "44.09"
                        ]
                    ]
                ]
            },
            "properties": {
                "forecastId": null,
                "geometryId": null,
                "tag": "1W",
                "forecastHour": 0,
                "hazard": "SFC_WND",
                "frequency": null,
                "severity": null,
                "status": "NRML",
                "base": null,
                "top": null,
                "fzlBase": null,
                "fzlTop": null,
                "level": null,
                "product": "TANGO",
                "rawAirSigmet": "USTAINED SFC WINDS GREATER THAN 30 KTS",
                "validTimeTo": "2026-09-10T09:00:00.000",
                "validTimeFrom": [
                    "2026-09-10T08:45"
                ]
            }
        },
        {
            "type": "Feature",
            "geometry": {
                "type": "Polygon",
                "coordinates": [
                    [
                        [
                            "-121.08",
                            "48.95"
                        ],
                        [
                            "-119.52",
                            "48.90"
                        ],
                        [
                            "-119.81",
                            "47.90"
                        ],
                        [
                            "-120.01",
                            "47.50"
                        ],
                        [
                            "-120.53",
                            "47.16"
                        ],
                        [
                            "-121.13",
                            "47.48"
                        ],
                        [
                            "-121.34",
                            "47.72"
                        ],
                        [
                            "-121.38",
                            "48.28"
                        ],
                        [
                            "-121.30",
                            "48.77"
                        ],
                        [
                            "-121.08",
                            "48.95"
                        ]
                    ]
                ]
            },
            "properties": {
                "forecastId": null,
                "geometryId": null,
                "tag": "4W",
                "forecastHour": 0,
                "hazard": "TURB-LO",
                "frequency": null,
                "severity": "MOD",
                "status": "NRML",
                "base": "SFC",
                "top": "120",
                "fzlBase": null,
                "fzlTop": null,
                "level": null,
                "product": "TANGO",
                "rawAirSigmet": null,
                "validTimeTo": "2026-09-10T09:00:00.000",
                "validTimeFrom": [
                    "2026-09-10T08:45"
                ]
            }
        },
        {
            "type": "Feature",
            "geometry": {
                "type": "Polygon",
                "coordinates": [
                    [
                        [
                            "-78.89",
                            "39.27"
                        ],
                        [
                            "-78.16",
                            "39.01"
                        ],
                        [
                            "-78.52",
                            "38.28"
                        ],
                        [
                            "-79.00",
                            "37.96"
                        ],
                        [
                            "-79.27",
                            "37.72"
                        ],
                        [
                            "-79.81",
                            "37.65"
                        ],
                        [
                            "-80.27",
                            "37.56"
                        ],
                        [
                            "-80.54",
                            "37.76"
                        ],
                        [
                            "-80.75",
                            "38.35"
                        ],
                        [
                            "-80.21",
                            "38.87"
                        ],
                        [
                            "-79.49",
                            "39.11"
                        ],
                        [
                            "-78.89",
                            "39.27"
                        ]
                    ]
                ]
            },
            "properties": {
                "forecastId": null,
                "geometryId": null,
                "tag": "3W",
                "forecastHour": 0,
                "hazard": "TURB-LO",
                "frequency": null,
                "severity": "MOD",
                "status": "NRML",
                "base": "SFC",
                "top": "080",
                "fzlBase": null,
                "fzlTop": null,
                "level": null,
                "product": "TANGO",
                "rawAirSigmet": null,
                "validTimeTo": "2026-09-10T09:00:00.000",
                "validTimeFrom": [
                    "2026-09-10T08:45"
                ]
            }
        },
        {
            "type": "Feature",
            "geometry": {
                "type": "Polygon",
                "coordinates": [
                    [
                        [
                            "-122.64",
                            "42.52"
                        ],
                        [
                            "-121.83",
                            "42.46"
                        ],
                        [
                            "-120.90",
                            "42.21"
                        ],
                        [
                            "-120.18",
                            "41.81"
                        ],
                        [
                            "-119.74",
                            "41.42"
                        ],
                        [
                            "-119.51",
                            "40.94"
                        ],
                        [
                            "-119.61",
                            "40.58"
                        ],
                        [
                            "-119.96",
                            "40.27"
                        ],
                        [
                            "-120.53",
                            "40.15"
                        ],
                        [
                            "-121.11",
                            "40.18"
                        ],
                        [
                            "-121.72",
                            "40.34"
                        ],
                        [
                            "-122.43",
                            "40.51"
                        ],
                        [
                            "-123.10",
                            "40.80"
                        ],
                        [
                            "-123.94",
                            "41.33"
                        ],
                        [
                            "-124.18",
                            "41.61"
                        ],
                        [
                            "-124.11",
                            "42.05"
                        ],
                        [
                            "-123.62",
                            "42.40"
                        ],
                        [
                            "-122.64",
                            "42.52"
                        ]
                    ]
                ]
            },
            "properties": {
                "forecastId": null,
                "geometryId": null,
                "tag": "5C",
                "forecastHour": 0,
                "hazard": "ICE",
                "frequency": null,
                "severity": "MOD",
                "status": "NRML",
                "base": "160",
                "top": "220",
                "fzlBase": null,
                "fzlTop": null,
                "level": null,
                "product": "ZULU",
                "rawAirSigmet": "ICE",
                "validTimeTo": "2026-09-10T09:00:00.000",
                "validTimeFrom": [
                    "2026-09-10T08:45"
                ]
            }
        },
        {
            "type": "Feature",
            "geometry": {
                "type": "Polygon",
                "coordinates": [
                    [
                        [
                            "-118.98",
                            "49.05"
                        ],
                        [
                            "-116.01",
                            "48.95"
                        ],
                        [
                            "-114.00",
                            "49.02"
                        ],
                        [
                            "-113.85",
                            "48.58"
                        ],
                        [
                            "-114.15",
                            "48.05"
                        ],
                        [
                            "-115.01",
                            "47.87"
                        ],
                        [
                            "-116.75",
                            "47.84"
                        ],
                        [
                            "-118.23",
                            "47.87"
                        ],
                        [
                            "-118.96",
                            "47.99"
                        ],
                        [
                            "-119.35",
                            "48.29"
                        ],
                        [
                            "-119.26",
                            "48.73"
                        ],
                        [
                            "-118.98",
                            "49.05"
                        ]
                    ]
                ]
            },
            "properties": {
                "forecastId": null,
                "geometryId": null,
                "tag": "2C",
                "forecastHour": 0,
                "hazard": "ICE",
                "frequency": null,
                "severity": "MOD",
                "status": "NRML",
                "base": "140",
                "top": "220",
                "fzlBase": null,
                "fzlTop": null,
                "level": null,
                "product": "ZULU",
                "rawAirSigmet": "ICE",
                "validTimeTo": "2026-09-10T09:00:00.000",
                "validTimeFrom": [
                    "2026-09-10T08:45"
                ]
            }
        },
        {
            "type": "Feature",
            "geometry": {
                "type": "LineString",
                "coordinates": [
                    [
                        "-101.62",
                        "61.26"
                    ],
                    [
                        "-98.43",
                        "58.67"
                    ],
                    [
                        "-97.01",
                        "57.55"
                    ],
                    [
                        "-95.62",
                        "56.13"
                    ],
                    [
                        "-93.79",
                        "53.40"
                    ],
                    [
                        "-93.03",
                        "52.22"
                    ],
                    [
                        "-91.95",
                        "50.92"
                    ],
                    [
                        "-90.36",
                        "50.11"
                    ],
                    [
                        "-87.61",
                        "49.36"
                    ],
                    [
                        "-84.82",
                        "48.72"
                    ],
                    [
                        "-82.04",
                        "48.22"
                    ],
                    [
                        "-79.88",
                        "48.15"
                    ],
                    [
                        "-78.17",
                        "48.32"
                    ],
                    [
                        "-76.09",
                        "49.09"
                    ],
                    [
                        "-75.39",
                        "49.77"
                    ],
                    [
                        "-75.20",
                        "50.30"
                    ],
                    [
                        "-75.44",
                        "50.95"
                    ],
                    [
                        "-76.26",
                        "51.53"
                    ],
                    [
                        "-79.06",
                        "52.41"
                    ],
                    [
                        "-80.12",
                        "53.04"
                    ],
                    [
                        "-80.48",
                        "53.70"
                    ],
                    [
                        "-80.67",
                        "54.20"
                    ],
                    [
                        "-80.51",
                        "55.08"
                    ],
                    [
                        "-79.86",
                        "56.01"
                    ],
                    [
                        "-78.75",
                        "56.84"
                    ],
                    [
                        "-78.04",
                        "57.22"
                    ],
                    [
                        "-76.61",
                        "57.59"
                    ],
                    [
                        "-74.15",
                        "58.01"
                    ],
                    [
                        "-71.52",
                        "58.33"
                    ]
                ]
            },
            "properties": {
                "forecastId": null,
                "geometryId": null,
                "tag": "1C",
                "forecastHour": 0,
                "hazard": "FZLVL",
                "frequency": null,
                "severity": null,
                "status": "NRML",
                "base": null,
                "top": null,
                "fzlBase": null,
                "fzlTop": null,
                "level": "080",
                "product": "ZULU",
                "rawAirSigmet": null,
                "validTimeTo": "2026-09-10T09:00:00.000",
                "validTimeFrom": [
                    "2026-09-10T08:45"
                ]
            }
        },
        {
            "type": "Feature",
            "geometry": {
                "type": "Polygon",
                "coordinates": [
                    [
                        [
                            "-69.42",
                            "47.61"
                        ],
                        [
                            "-67.00",
                            "47.48"
                        ],
                        [
                            "-66.90",
                            "43.52"
                        ],
                        [
                            "-73.33",
                            "43.20"
                        ],
                        [
                            "-69.42",
                            "47.61"
                        ]
                    ]
                ]
            },
            "properties": {
                "forecastId": null,
                "geometryId": null,
                "tag": "2E",
                "forecastHour": 0,
                "hazard": "IFR",
                "frequency": null,
                "severity": null,
                "status": "NRML",
                "base": null,
                "top": null,
                "fzlBase": null,
                "fzlTop": null,
                "level": null,
                "product": "SIERRA",
                "rawAirSigmet": "CIG BLW 010 VIS BLW 3SM PCPN BR FG",
                "validTimeTo": "2026-09-10T09:00:00.000",
                "validTimeFrom": [
                    "2026-09-10T08:45"
                ]
            }
        },
        {
            "type": "Feature",
            "geometry": {
                "type": "Polygon",
                "coordinates": [
                    [
                        [
                            "-75.71",
                            "44.27"
                        ],
                        [
                            "-74.24",
                            "41.91"
                        ],
                        [
                            "-79.37",
                            "38.74"
                        ],
                        [
                            "-81.94",
                            "38.14"
                        ],
                        [
                            "-82.82",
                            "39.74"
                        ],
                        [
                            "-84.60",
                            "39.30"
                        ],
                        [
                            "-90.06",
                            "40.83"
                        ],
                        [
                            "-90.69",
                            "38.43"
                        ],
                        [
                            "-94.07",
                            "38.24"
                        ],
                        [
                            "-95.87",
                            "36.38"
                        ],
                        [
                            "-97.76",
                            "37.50"
                        ],
                        [
                            "-98.19",
                            "38.95"
                        ],
                        [
                            "-93.99",
                            "39.61"
                        ],
                        [
                            "-93.70",
                            "41.29"
                        ],
                        [
                            "-89.66",
                            "42.41"
                        ],
                        [
                            "-86.53",
                            "41.31"
                        ],
                        [
                            "-85.91",
                            "43.29"
                        ],
                        [
                            "-84.35",
                            "43.90"
                        ],
                        [
                            "-82.22",
                            "42.87"
                        ],
                        [
                            "-75.71",
                            "44.27"
                        ]
                    ]
                ]
            },
            "properties": {
                "forecastId": null,
                "geometryId": null,
                "tag": "5E",
                "forecastHour": 0,
                "hazard": "IFR",
                "frequency": null,
                "severity": null,
                "status": "NRML",
                "base": null,
                "top": null,
                "fzlBase": null,
                "fzlTop": null,
                "level": null,
                "product": "SIERRA",
                "rawAirSigmet": "CIG BLW 010 VIS BLW 3SM PCPN BR",
                "validTimeTo": "2026-09-10T09:00:00.000",
                "validTimeFrom": [
                    "2026-09-10T08:45"
                ]
            }
        },
        {
            "type": "Feature",
            "geometry": {
                "type": "LineString",
                "coordinates": [
                    [
                        "-140.53",
                        "51.24"
                    ],
                    [
                        "-137.88",
                        "50.50"
                    ],
                    [
                        "-135.76",
                        "50.12"
                    ],
                    [
                        "-130.79",
                        "49.51"
                    ],
                    [
                        "-125.08",
                        "49.40"
                    ],
                    [
                        "-122.47",
                        "49.50"
                    ],
                    [
                        "-118.95",
                        "50.00"
                    ],
                    [
                        "-117.25",
                        "50.48"
                    ],
                    [
                        "-116.03",
                        "51.05"
                    ],
                    [
                        "-115.01",
                        "51.49"
                    ],
                    [
                        "-113.02",
                        "52.03"
                    ],
                    [
                        "-110.76",
                        "52.41"
                    ],
                    [
                        "-108.73",
                        "52.69"
                    ],
                    [
                        "-106.94",
                        "52.62"
                    ],
                    [
                        "-106.06",
                        "52.29"
                    ],
                    [
                        "-104.96",
                        "51.61"
                    ],
                    [
                        "-103.45",
                        "50.04"
                    ],
                    [
                        "-102.30",
                        "48.52"
                    ],
                    [
                        "-101.58",
                        "47.01"
                    ],
                    [
                        "-101.09",
                        "45.38"
                    ],
                    [
                        "-100.18",
                        "44.70"
                    ],
                    [
                        "-99.05",
                        "44.33"
                    ],
                    [
                        "-97.71",
                        "44.17"
                    ],
                    [
                        "-96.26",
                        "44.35"
                    ],
                    [
                        "-94.81",
                        "44.93"
                    ],
                    [
                        "-93.48",
                        "45.43"
                    ],
                    [
                        "-92.44",
                        "45.53"
                    ],
                    [
                        "-89.23",
                        "45.50"
                    ],
                    [
                        "-84.80",
                        "45.51"
                    ],
                    [
                        "-81.78",
                        "45.31"
                    ],
                    [
                        "-79.67",
                        "45.56"
                    ],
                    [
                        "-74.83",
                        "46.22"
                    ],
                    [
                        "-73.02",
                        "46.66"
                    ],
                    [
                        "-70.73",
                        "47.70"
                    ],
                    [
                        "-68.29",
                        "48.86"
                    ],
                    [
                        "-67.13",
                        "48.87"
                    ],
                    [
                        "-66.01",
                        "48.58"
                    ],
                    [
                        "-64.63",
                        "47.80"
                    ],
                    [
                        "-62.51",
                        "46.04"
                    ],
                    [
                        "-57.91",
                        "46.27"
                    ],
                    [
                        "-56.34",
                        "43.05"
                    ],
                    [
                        "-55.07",
                        "41.18"
                    ],
                    [
                        "-54.11",
                        "40.26"
                    ],
                    [
                        "-53.12",
                        "39.60"
                    ],
                    [
                        "-51.12",
                        "38.90"
                    ],
                    [
                        "-49.13",
                        "38.70"
                    ],
                    [
                        "-47.05",
                        "39.00"
                    ],
                    [
                        "-44.75",
                        "39.73"
                    ],
                    [
                        "-43.72",
                        "40.25"
                    ],
                    [
                        "-42.86",
                        "40.99"
                    ],
                    [
                        "-42.15",
                        "42.19"
                    ]
                ]
            },
            "properties": {
                "forecastId": null,
                "geometryId": null,
                "tag": "1C",
                "forecastHour": 0,
                "hazard": "FZLVL",
                "frequency": null,
                "severity": null,
                "status": "NRML",
                "base": null,
                "top": null,
                "fzlBase": null,
                "fzlTop": null,
                "level": "120",
                "product": "ZULU",
                "rawAirSigmet": null,
                "validTimeTo": "2026-09-10T09:00:00.000",
                "validTimeFrom": [
                    "2026-09-10T08:45"
                ]
            }
        },
        {
            "type": "Feature",
            "geometry": {
                "type": "LineString",
                "coordinates": [
                    [
                        "-141.27",
                        "31.21"
                    ],
                    [
                        "-141.32",
                        "31.45"
                    ],
                    [
                        "-141.44",
                        "31.93"
                    ],
                    [
                        "-141.73",
                        "32.59"
                    ],
                    [
                        "-142.12",
                        "33.18"
                    ],
                    [
                        "-142.67",
                        "33.69"
                    ],
                    [
                        "-143.50",
                        "34.01"
                    ],
                    [
                        "-143.67",
                        "34.02"
                    ],
                    [
                        "-144.75",
                        "34.05"
                    ],
                    [
                        "-144.75",
                        "34.05"
                    ]
                ]
            },
            "properties": {
                "forecastId": null,
                "geometryId": null,
                "tag": "1C",
                "forecastHour": 0,
                "hazard": "FZLVL",
                "frequency": null,
                "severity": null,
                "status": "NRML",
                "base": null,
                "top": null,
                "fzlBase": null,
                "fzlTop": null,
                "level": "120",
                "product": "ZULU",
                "rawAirSigmet": null,
                "validTimeTo": "2026-09-10T09:00:00.000",
                "validTimeFrom": [
                    "2026-09-10T08:45"
                ]
            }
        },
        {
            "type": "Feature",
            "geometry": {
                "type": "LineString",
                "coordinates": [
                    [
                        "-136.95",
                        "26.98"
                    ],
                    [
                        "-136.27",
                        "28.85"
                    ],
                    [
                        "-135.84",
                        "31.11"
                    ],
                    [
                        "-135.84",
                        "32.61"
                    ],
                    [
                        "-136.04",
                        "34.00"
                    ],
                    [
                        "-135.83",
                        "34.95"
                    ],
                    [
                        "-135.32",
                        "35.51"
                    ],
                    [
                        "-133.39",
                        "36.14"
                    ],
                    [
                        "-131.18",
                        "36.20"
                    ],
                    [
                        "-129.15",
                        "35.91"
                    ],
                    [
                        "-127.11",
                        "35.53"
                    ],
                    [
                        "-126.03",
                        "35.25"
                    ],
                    [
                        "-125.03",
                        "34.72"
                    ],
                    [
                        "-123.82",
                        "33.42"
                    ],
                    [
                        "-122.88",
                        "32.06"
                    ],
                    [
                        "-122.14",
                        "31.71"
                    ],
                    [
                        "-121.20",
                        "31.95"
                    ],
                    [
                        "-120.70",
                        "32.33"
                    ],
                    [
                        "-120.62",
                        "33.38"
                    ],
                    [
                        "-121.14",
                        "35.79"
                    ],
                    [
                        "-120.99",
                        "37.31"
                    ],
                    [
                        "-120.25",
                        "38.84"
                    ],
                    [
                        "-119.83",
                        "40.41"
                    ],
                    [
                        "-120.07",
                        "42.66"
                    ],
                    [
                        "-119.16",
                        "43.03"
                    ],
                    [
                        "-118.30",
                        "42.98"
                    ],
                    [
                        "-115.68",
                        "42.56"
                    ],
                    [
                        "-113.75",
                        "41.85"
                    ],
                    [
                        "-111.39",
                        "40.85"
                    ],
                    [
                        "-110.11",
                        "39.66"
                    ],
                    [
                        "-109.57",
                        "38.98"
                    ],
                    [
                        "-108.44",
                        "38.62"
                    ],
                    [
                        "-105.45",
                        "38.45"
                    ],
                    [
                        "-101.25",
                        "37.01"
                    ],
                    [
                        "-100.33",
                        "36.60"
                    ],
                    [
                        "-100.07",
                        "36.06"
                    ],
                    [
                        "-100.82",
                        "34.98"
                    ],
                    [
                        "-101.31",
                        "34.30"
                    ],
                    [
                        "-101.47",
                        "33.29"
                    ],
                    [
                        "-100.48",
                        "32.36"
                    ],
                    [
                        "-99.20",
                        "32.19"
                    ],
                    [
                        "-98.25",
                        "32.48"
                    ],
                    [
                        "-96.67",
                        "33.60"
                    ],
                    [
                        "-95.33",
                        "34.66"
                    ],
                    [
                        "-93.70",
                        "35.16"
                    ],
                    [
                        "-89.98",
                        "36.14"
                    ],
                    [
                        "-87.66",
                        "36.84"
                    ],
                    [
                        "-85.92",
                        "37.22"
                    ],
                    [
                        "-84.28",
                        "38.23"
                    ],
                    [
                        "-83.25",
                        "38.76"
                    ],
                    [
                        "-82.16",
                        "39.07"
                    ],
                    [
                        "-80.24",
                        "39.43"
                    ],
                    [
                        "-77.76",
                        "39.51"
                    ],
                    [
                        "-75.74",
                        "39.76"
                    ],
                    [
                        "-74.09",
                        "40.07"
                    ],
                    [
                        "-72.73",
                        "40.04"
                    ],
                    [
                        "-71.71",
                        "39.80"
                    ],
                    [
                        "-69.14",
                        "39.07"
                    ],
                    [
                        "-66.84",
                        "38.29"
                    ],
                    [
                        "-65.82",
                        "37.39"
                    ],
                    [
                        "-65.60",
                        "36.96"
                    ],
                    [
                        "-66.34",
                        "35.07"
                    ],
                    [
                        "-66.45",
                        "34.09"
                    ],
                    [
                        "-66.26",
                        "33.61"
                    ],
                    [
                        "-65.52",
                        "32.77"
                    ],
                    [
                        "-64.74",
                        "32.20"
                    ],
                    [
                        "-64.11",
                        "31.53"
                    ],
                    [
                        "-64.31",
                        "30.81"
                    ],
                    [
                        "-65.76",
                        "29.96"
                    ],
                    [
                        "-67.38",
                        "29.47"
                    ],
                    [
                        "-68.97",
                        "28.96"
                    ],
                    [
                        "-70.87",
                        "28.51"
                    ],
                    [
                        "-72.27",
                        "28.18"
                    ],
                    [
                        "-73.85",
                        "28.03"
                    ],
                    [
                        "-77.11",
                        "27.81"
                    ],
                    [
                        "-79.22",
                        "27.68"
                    ],
                    [
                        "-80.32",
                        "27.04"
                    ],
                    [
                        "-80.55",
                        "26.61"
                    ],
                    [
                        "-80.53",
                        "25.51"
                    ],
                    [
                        "-80.94",
                        "24.27"
                    ],
                    [
                        "-80.99",
                        "23.26"
                    ],
                    [
                        "-80.76",
                        "22.65"
                    ],
                    [
                        "-80.57",
                        "22.21"
                    ],
                    [
                        "-79.93",
                        "22.23"
                    ],
                    [
                        "-78.83",
                        "22.71"
                    ],
                    [
                        "-77.71",
                        "23.75"
                    ],
                    [
                        "-77.18",
                        "24.66"
                    ],
                    [
                        "-76.44",
                        "25.52"
                    ],
                    [
                        "-75.16",
                        "26.20"
                    ],
                    [
                        "-74.47",
                        "26.24"
                    ],
                    [
                        "-73.16",
                        "25.96"
                    ],
                    [
                        "-72.24",
                        "25.51"
                    ],
                    [
                        "-71.40",
                        "24.21"
                    ],
                    [
                        "-71.09",
                        "22.64"
                    ],
                    [
                        "-70.71",
                        "21.84"
                    ],
                    [
                        "-70.04",
                        "21.23"
                    ],
                    [
                        "-68.43",
                        "20.61"
                    ],
                    [
                        "-67.65",
                        "19.95"
                    ],
                    [
                        "-67.35",
                        "19.25"
                    ],
                    [
                        "-67.35",
                        "17.82"
                    ],
                    [
                        "-67.55",
                        "16.53"
                    ],
                    [
                        "-67.10",
                        "15.74"
                    ],
                    [
                        "-66.44",
                        "15.13"
                    ]
                ]
            },
            "properties": {
                "forecastId": null,
                "geometryId": null,
                "tag": "1C",
                "forecastHour": 0,
                "hazard": "FZLVL",
                "frequency": null,
                "severity": null,
                "status": "NRML",
                "base": null,
                "top": null,
                "fzlBase": null,
                "fzlTop": null,
                "level": "160",
                "product": "ZULU",
                "rawAirSigmet": null,
                "validTimeTo": "2026-09-10T09:00:00.000",
                "validTimeFrom": [
                    "2026-09-10T08:45"
                ]
            }
        },
        {
            "type": "Feature",
            "geometry": {
                "type": "Polygon",
                "coordinates": [
                    [
                        [
                            "-86.91",
                            "47.75"
                        ],
                        [
                            "-85.93",
                            "47.31"
                        ],
                        [
                            "-85.09",
                            "46.98"
                        ],
                        [
                            "-84.23",
                            "46.25"
                        ],
                        [
                            "-85.11",
                            "46.06"
                        ],
                        [
                            "-86.42",
                            "45.92"
                        ],
                        [
                            "-87.68",
                            "45.69"
                        ],
                        [
                            "-89.23",
                            "45.19"
                        ],
                        [
                            "-91.26",
                            "44.36"
                        ],
                        [
                            "-93.28",
                            "43.76"
                        ],
                        [
                            "-95.16",
                            "42.85"
                        ],
                        [
                            "-97.50",
                            "41.82"
                        ],
                        [
                            "-99.04",
                            "41.10"
                        ],
                        [
                            "-101.75",
                            "40.34"
                        ],
                        [
                            "-104.66",
                            "39.47"
                        ],
                        [
                            "-107.61",
                            "39.20"
                        ],
                        [
                            "-111.34",
                            "39.71"
                        ],
                        [
                            "-113.48",
                            "40.08"
                        ],
                        [
                            "-115.37",
                            "41.02"
                        ],
                        [
                            "-116.90",
                            "41.97"
                        ],
                        [
                            "-119.07",
                            "42.94"
                        ],
                        [
                            "-121.26",
                            "43.40"
                        ],
                        [
                            "-121.99",
                            "43.83"
                        ],
                        [
                            "-121.37",
                            "44.33"
                        ],
                        [
                            "-118.88",
                            "44.24"
                        ],
                        [
                            "-117.26",
                            "43.77"
                        ],
                        [
                            "-116.13",
                            "43.20"
                        ],
                        [
                            "-113.92",
                            "42.24"
                        ],
                        [
                            "-112.35",
                            "41.57"
                        ],
                        [
                            "-110.14",
                            "41.16"
                        ],
                        [
                            "-108.30",
                            "41.05"
                        ],
                        [
                            "-106.38",
                            "40.88"
                        ],
                        [
                            "-104.09",
                            "41.03"
                        ],
                        [
                            "-101.66",
                            "41.52"
                        ],
                        [
                            "-99.43",
                            "42.46"
                        ],
                        [
                            "-97.80",
                            "43.30"
                        ],
                        [
                            "-95.57",
                            "44.38"
                        ],
                        [
                            "-93.38",
                            "45.41"
                        ],
                        [
                            "-91.72",
                            "46.02"
                        ],
                        [
                            "-90.81",
                            "46.41"
                        ],
                        [
                            "-90.26",
                            "47.27"
                        ],
                        [
                            "-86.91",
                            "47.75"
                        ]
                    ]
                ]
            },
            "properties": {
                "forecastId": null,
                "geometryId": null,
                "tag": "4W",
                "forecastHour": 0,
                "hazard": "TURB-HI",
                "frequency": null,
                "severity": "MOD",
                "status": "NRML",
                "base": "290",
                "top": "410",
                "fzlBase": null,
                "fzlTop": null,
                "level": null,
                "product": "TANGO",
                "rawAirSigmet": null,
                "validTimeTo": "2026-09-10T09:00:00.000",
                "validTimeFrom": [
                    "2026-09-10T08:45"
                ]
            }
        },
        {
            "type": "Feature",
            "geometry": {
                "type": "LineString",
                "coordinates": [
                    [
                        "-132.36",
                        "55.17"
                    ],
                    [
                        "-131.91",
                        "54.40"
                    ],
                    [
                        "-131.45",
                        "53.66"
                    ],
                    [
                        "-130.88",
                        "52.95"
                    ],
                    [
                        "-130.06",
                        "52.31"
                    ],
                    [
                        "-129.18",
                        "51.95"
                    ],
                    [
                        "-128.73",
                        "51.82"
                    ],
                    [
                        "-127.62",
                        "51.70"
                    ],
                    [
                        "-126.25",
                        "51.67"
                    ],
                    [
                        "-125.78",
                        "51.73"
                    ],
                    [
                        "-125.00",
                        "51.83"
                    ],
                    [
                        "-123.81",
                        "52.11"
                    ],
                    [
                        "-123.02",
                        "52.33"
                    ],
                    [
                        "-122.64",
                        "52.44"
                    ],
                    [
                        "-121.50",
                        "52.86"
                    ],
                    [
                        "-120.39",
                        "53.40"
                    ],
                    [
                        "-119.90",
                        "53.70"
                    ],
                    [
                        "-119.39",
                        "54.25"
                    ],
                    [
                        "-118.90",
                        "54.67"
                    ],
                    [
                        "-118.45",
                        "55.37"
                    ],
                    [
                        "-118.17",
                        "55.59"
                    ],
                    [
                        "-117.44",
                        "56.47"
                    ],
                    [
                        "-117.39",
                        "56.51"
                    ],
                    [
                        "-116.99",
                        "57.38"
                    ],
                    [
                        "-116.94",
                        "58.21"
                    ],
                    [
                        "-117.07",
                        "59.02"
                    ],
                    [
                        "-117.07",
                        "59.38"
                    ]
                ]
            },
            "properties": {
                "forecastId": null,
                "geometryId": null,
                "tag": "1C",
                "forecastHour": 0,
                "hazard": "FZLVL",
                "frequency": null,
                "severity": null,
                "status": "NRML",
                "base": null,
                "top": null,
                "fzlBase": null,
                "fzlTop": null,
                "level": "080",
                "product": "ZULU",
                "rawAirSigmet": null,
                "validTimeTo": "2026-09-10T09:00:00.000",
                "validTimeFrom": [
                    "2026-09-10T08:45"
                ]
            }
        },
        {
            "type": "Feature",
            "geometry": {
                "type": "Polygon",
                "coordinates": [
                    [
                        [
                            "-116.57",
                            "49.03"
                        ],
                        [
                            "-113.52",
                            "48.98"
                        ],
                        [
                            "-111.36",
                            "49.00"
                        ],
                        [
                            "-110.97",
                            "47.85"
                        ],
                        [
                            "-113.91",
                            "46.22"
                        ],
                        [
                            "-115.84",
                            "47.45"
                        ],
                        [
                            "-116.57",
                            "49.03"
                        ]
                    ]
                ]
            },
            "properties": {
                "forecastId": null,
                "geometryId": null,
                "tag": "2W",
                "forecastHour": 0,
                "hazard": "TURB-HI",
                "frequency": null,
                "severity": "MOD",
                "status": "NRML",
                "base": "250",
                "top": "400",
                "fzlBase": null,
                "fzlTop": null,
                "level": null,
                "product": "TANGO",
                "rawAirSigmet": "MTN WAVE",
                "validTimeTo": "2026-09-10T09:00:00.000",
                "validTimeFrom": [
                    "2026-09-10T08:45"
                ]
            }
        },
        {
            "type": "Feature",
            "geometry": {
                "type": "LineString",
                "coordinates": [
                    [
                        "-93.11",
                        "17.20"
                    ],
                    [
                        "-92.47",
                        "18.13"
                    ],
                    [
                        "-91.52",
                        "18.71"
                    ],
                    [
                        "-89.87",
                        "18.70"
                    ],
                    [
                        "-89.39",
                        "19.91"
                    ],
                    [
                        "-89.18",
                        "21.52"
                    ],
                    [
                        "-88.47",
                        "23.42"
                    ],
                    [
                        "-87.87",
                        "24.00"
                    ],
                    [
                        "-86.80",
                        "24.01"
                    ],
                    [
                        "-85.65",
                        "23.39"
                    ],
                    [
                        "-85.27",
                        "24.38"
                    ],
                    [
                        "-85.07",
                        "26.12"
                    ],
                    [
                        "-85.04",
                        "26.88"
                    ],
                    [
                        "-85.68",
                        "27.57"
                    ],
                    [
                        "-86.95",
                        "27.53"
                    ],
                    [
                        "-87.90",
                        "27.26"
                    ],
                    [
                        "-88.77",
                        "26.71"
                    ],
                    [
                        "-89.63",
                        "26.48"
                    ],
                    [
                        "-91.45",
                        "27.41"
                    ],
                    [
                        "-92.23",
                        "28.10"
                    ],
                    [
                        "-92.57",
                        "28.94"
                    ],
                    [
                        "-92.90",
                        "29.72"
                    ],
                    [
                        "-93.52",
                        "30.43"
                    ],
                    [
                        "-95.10",
                        "31.95"
                    ],
                    [
                        "-95.87",
                        "32.07"
                    ],
                    [
                        "-96.72",
                        "31.55"
                    ],
                    [
                        "-98.14",
                        "30.24"
                    ],
                    [
                        "-98.93",
                        "28.46"
                    ],
                    [
                        "-98.85",
                        "26.56"
                    ],
                    [
                        "-99.07",
                        "25.63"
                    ],
                    [
                        "-99.55",
                        "24.89"
                    ],
                    [
                        "-99.72",
                        "23.79"
                    ],
                    [
                        "-99.29",
                        "23.13"
                    ],
                    [
                        "-97.11",
                        "20.42"
                    ],
                    [
                        "-96.87",
                        "19.68"
                    ],
                    [
                        "-97.24",
                        "18.69"
                    ],
                    [
                        "-98.12",
                        "18.64"
                    ],
                    [
                        "-99.29",
                        "19.07"
                    ],
                    [
                        "-100.42",
                        "19.26"
                    ],
                    [
                        "-102.21",
                        "19.60"
                    ],
                    [
                        "-103.81",
                        "20.52"
                    ],
                    [
                        "-104.75",
                        "21.46"
                    ],
                    [
                        "-105.35",
                        "23.32"
                    ],
                    [
                        "-106.04",
                        "24.16"
                    ],
                    [
                        "-106.70",
                        "24.62"
                    ],
                    [
                        "-108.44",
                        "25.40"
                    ],
                    [
                        "-109.70",
                        "26.32"
                    ],
                    [
                        "-110.50",
                        "26.80"
                    ],
                    [
                        "-111.50",
                        "26.52"
                    ],
                    [
                        "-113.01",
                        "25.56"
                    ],
                    [
                        "-113.47",
                        "24.04"
                    ],
                    [
                        "-112.79",
                        "22.52"
                    ],
                    [
                        "-111.71",
                        "21.45"
                    ],
                    [
                        "-109.86",
                        "20.53"
                    ],
                    [
                        "-108.31",
                        "20.16"
                    ],
                    [
                        "-107.64",
                        "19.74"
                    ],
                    [
                        "-107.22",
                        "18.84"
                    ],
                    [
                        "-106.48",
                        "17.37"
                    ],
                    [
                        "-105.29",
                        "16.52"
                    ]
                ]
            },
            "properties": {
                "forecastId": null,
                "geometryId": null,
                "tag": "1C",
                "forecastHour": 0,
                "hazard": "FZLVL",
                "frequency": null,
                "severity": null,
                "status": "NRML",
                "base": null,
                "top": null,
                "fzlBase": null,
                "fzlTop": null,
                "level": "160",
                "product": "ZULU",
                "rawAirSigmet": null,
                "validTimeTo": "2026-09-10T09:00:00.000",
                "validTimeFrom": [
                    "2026-09-10T08:45"
                ]
            }
        },
        {
            "type": "Feature",
            "geometry": {
                "type": "Polygon",
                "coordinates": [
                    [
                        [
                            "-69.08",
                            "47.43"
                        ],
                        [
                            "-68.90",
                            "47.21"
                        ],
                        [
                            "-67.82",
                            "47.24"
                        ],
                        [
                            "-67.88",
                            "46.00"
                        ],
                        [
                            "-67.41",
                            "45.41"
                        ],
                        [
                            "-68.41",
                            "44.86"
                        ],
                        [
                            "-70.35",
                            "45.12"
                        ],
                        [
                            "-70.99",
                            "45.38"
                        ],
                        [
                            "-69.74",
                            "46.33"
                        ],
                        [
                            "-69.08",
                            "47.43"
                        ]
                    ]
                ]
            },
            "properties": {
                "forecastId": null,
                "geometryId": null,
                "tag": "3W",
                "forecastHour": 0,
                "hazard": "TURB-HI",
                "frequency": null,
                "severity": "MOD",
                "status": "NRML",
                "base": "250",
                "top": "370",
                "fzlBase": null,
                "fzlTop": null,
                "level": null,
                "product": "TANGO",
                "rawAirSigmet": null,
                "validTimeTo": "2026-09-10T09:00:00.000",
                "validTimeFrom": [
                    "2026-09-10T08:45"
                ]
            }
        },
        {
            "type": "Feature",
            "geometry": {
                "type": "Polygon",
                "coordinates": [
                    [
                        [
                            "-101.70",
                            "39.47"
                        ],
                        [
                            "-104.33",
                            "37.13"
                        ],
                        [
                            "-105.65",
                            "37.26"
                        ],
                        [
                            "-104.86",
                            "39.32"
                        ],
                        [
                            "-101.70",
                            "39.47"
                        ]
                    ]
                ]
            },
            "properties": {
                "forecastId": null,
                "geometryId": null,
                "tag": "5E",
                "forecastHour": 0,
                "hazard": "IFR",
                "frequency": null,
                "severity": null,
                "status": "NRML",
                "base": null,
                "top": null,
                "fzlBase": null,
                "fzlTop": null,
                "level": null,
                "product": "SIERRA",
                "rawAirSigmet": "CIG BLW 010 VIS BLW 3SM PCPN BR",
                "validTimeTo": "2026-09-10T09:00:00.000",
                "validTimeFrom": [
                    "2026-09-10T08:45"
                ]
            }
        },
        {
            "type": "Feature",
            "geometry": {
                "type": "Polygon",
                "coordinates": [
                    [
                        [
                            "-104.38",
                            "39.59"
                        ],
                        [
                            "-103.68",
                            "37.41"
                        ],
                        [
                            "-105.47",
                            "37.32"
                        ],
                        [
                            "-105.83",
                            "38.73"
                        ],
                        [
                            "-104.38",
                            "39.59"
                        ]
                    ]
                ]
            },
            "properties": {
                "forecastId": null,
                "geometryId": null,
                "tag": "2E",
                "forecastHour": 0,
                "hazard": "MT_OBSC",
                "frequency": null,
                "severity": null,
                "status": "NRML",
                "base": null,
                "top": null,
                "fzlBase": null,
                "fzlTop": null,
                "level": null,
                "product": "SIERRA",
                "rawAirSigmet": "MTNS OBSC BY CLDS PCPN BR",
                "validTimeTo": "2026-09-10T09:00:00.000",
                "validTimeFrom": [
                    "2026-09-10T08:45"
                ]
            }
        }
    ],
    "metadata": {
        "creationTime": "2026-09-10T09:34"
    }
}