{
    "type": "FeatureCollection",
    "features": [
        {
            "type": "Feature",
            "geometry": {
                "type": "LineString",
                "coordinates": [
                    [
                        "-151.05",
                        "43.03"
                    ],
                    [
                        "-150.07",
                        "42.03"
                    ],
                    [
                        "-148.70",
                        "41.38"
                    ],
                    [
                        "-147.51",
                        "41.41"
                    ],
                    [
                        "-146.06",
                        "41.79"
                    ],
                    [
                        "-144.03",
                        "42.74"
                    ],
                    [
                        "-141.21",
                        "44.34"
                    ],
                    [
                        "-137.38",
                        "47.19"
                    ],
                    [
                        "-135.79",
                        "47.86"
                    ],
                    [
                        "-134.22",
                        "48.72"
                    ],
                    [
                        "-132.38",
                        "49.52"
                    ],
                    [
                        "-130.37",
                        "49.87"
                    ],
                    [
                        "-129.20",
                        "49.96"
                    ],
                    [
                        "-127.43",
                        "49.89"
                    ],
                    [
                        "-126.12",
                        "49.54"
                    ],
                    [
                        "-124.70",
                        "48.68"
                    ],
                    [
                        "-122.82",
                        "47.41"
                    ],
                    [
                        "-120.46",
                        "46.40"
                    ],
                    [
                        "-118.10",
                        "45.67"
                    ],
                    [
                        "-116.99",
                        "45.36"
                    ],
                    [
                        "-115.10",
                        "45.05"
                    ],
                    [
                        "-113.48",
                        "45.14"
                    ],
                    [
                        "-111.74",
                        "45.57"
                    ],
                    [
                        "-110.23",
                        "46.16"
                    ],
                    [
                        "-108.20",
                        "47.16"
                    ],
                    [
                        "-105.85",
                        "48.60"
                    ],
                    [
                        "-103.92",
                        "49.63"
                    ],
                    [
                        "-101.28",
                        "50.84"
                    ],
                    [
                        "-99.01",
                        "52.00"
                    ],
                    [
                        "-97.79",
                        "52.84"
                    ],
                    [
                        "-97.02",
                        "53.72"
                    ],
                    [
                        "-96.32",
                        "55.00"
                    ],
                    [
                        "-95.83",
                        "56.36"
                    ],
                    [
                        "-95.70",
                        "57.89"
                    ],
                    [
                        "-96.14",
                        "59.33"
                    ],
                    [
                        "-96.11",
                        "60.12"
                    ],
                    [
                        "-95.44",
                        "60.92"
                    ]
                ]
            },
            "properties": {
                "forecastId": null,
                "geometryId": null,
                "tag": "1C",
                "forecastHour": 3,
                "hazard": "FZLVL",
                "frequency": null,
                "severity": null,
                "status": "NRML",
                "base": null,
                "top": null,
                "fzlBase": null,
                "fzlTop": null,
                "level": "120",
                "product": "ZULU",
                "rawAirSigmet": null,
                "validTimeTo": "2026-08-03T12:00:00.000",
                "validTimeFrom": [
                    "2026-08-03T11:36"
                ]
            }
        },
        {
            "type": "Feature",
            "geometry": {
                "type": "Polygon",
                "coordinates": [
                    [
                        [
                            "-103.80",
                            "49.05"
                        ],
                        [
                            "-102.78",
                            "48.74"
                        ],
                        [
                            "-103.76",
                            "48.32"
                        ],
                        [
                            "-105.46",
                            "47.94"
                        ],
                        [
                            "-106.52",
                            "47.80"
                        ],
                        [
                            "-107.57",
                            "47.48"
                        ],
                        [
                            "-108.40",
                            "47.40"
                        ],
                        [
                            "-108.36",
                            "48.05"
                        ],
                        [
                            "-107.42",
                            "48.49"
                        ],
                        [
                            "-105.93",
                            "48.95"
                        ],
                        [
                            "-103.80",
                            "49.05"
                        ]
                    ]
                ]
            },
            "properties": {
                "forecastId": null,
                "geometryId": null,
                "tag": "1W",
                "forecastHour": 3,
                "hazard": "TURB-LO",
                "frequency": null,
                "severity": "MOD",
                "status": "NRML",
                "base": "070",
                "top": "170",
                "fzlBase": null,
                "fzlTop": null,
                "level": null,
                "product": "TANGO",
                "rawAirSigmet": null,
                "validTimeTo": "2026-08-03T12:00:00.000",
                "validTimeFrom": [
                    "2026-08-03T08:45"
                ]
            }
        },
        {
            "type": "Feature",
            "geometry": {
                "type": "Polygon",
                "coordinates": [
                    [
                        [
                            "-110.17",
                            "27.29"
                        ],
                        [
                            "-110.37",
                            "27.13"
                        ],
                        [
                            "-111.03",
                            "26.59"
                        ],
                        [
                            "-111.05",
                            "26.57"
                        ],
                        [
                            "-111.02",
                            "26.48"
                        ],
                        [
                            "-110.84",
                            "25.96"
                        ],
                        [
                            "-110.21",
                            "25.52"
                        ],
                        [
                            "-109.56",
                            "25.43"
                        ],
                        [
                            "-109.50",
                            "25.43"
                        ],
                        [
                            "-109.48",
                            "25.44"
                        ],
                        [
                            "-108.84",
                            "25.81"
                        ],
                        [
                            "-108.44",
                            "26.13"
                        ],
                        [
                            "-108.18",
                            "26.43"
                        ],
                        [
                            "-107.97",
                            "26.79"
                        ],
                        [
                            "-108.16",
                            "27.42"
                        ],
                        [
                            "-108.24",
                            "27.46"
                        ],
                        [
                            "-108.97",
                            "27.60"
                        ],
                        [
                            "-109.69",
                            "27.48"
                        ],
                        [
                            "-110.17",
                            "27.29"
                        ]
                    ]
                ]
            },
            "properties": {
                "forecastId": null,
                "geometryId": null,
                "tag": "1C",
                "forecastHour": 3,
                "hazard": "FZLVL",
                "frequency": null,
                "severity": null,
                "status": "NRML",
                "base": null,
                "top": null,
                "fzlBase": null,
                "fzlTop": null,
                "level": "160",
                "product": "ZULU",
                "rawAirSigmet": null,
                "validTimeTo": "2026-08-03T12:00:00.000",
                "validTimeFrom": [
                    "2026-08-03T11:36"
                ]
            }
        },
        {
            "type": "Feature",
            "geometry": {
                "type": "LineString",
                "coordinates": [
                    [
                        "-78.58",
                        "59.94"
                    ],
                    [
                        "-79.74",
                        "57.53"
                    ],
                    [
                        "-80.31",
                        "55.90"
                    ],
                    [
                        "-81.29",
                        "53.55"
                    ],
                    [
                        "-81.65",
                        "51.93"
                    ],
                    [
                        "-81.25",
                        "51.09"
                    ],
                    [
                        "-80.60",
                        "50.37"
                    ],
                    [
                        "-78.85",
                        "49.15"
                    ],
                    [
                        "-77.36",
                        "48.72"
                    ],
                    [
                        "-76.57",
                        "48.70"
                    ],
                    [
                        "-74.42",
                        "49.60"
                    ],
                    [
                        "-73.16",
                        "50.43"
                    ],
                    [
                        "-71.51",
                        "51.18"
                    ],
                    [
                        "-69.35",
                        "51.72"
                    ],
                    [
                        "-66.84",
                        "52.47"
                    ],
                    [
                        "-65.86",
                        "52.96"
                    ],
                    [
                        "-64.77",
                        "53.98"
                    ],
                    [
                        "-63.48",
                        "55.46"
                    ]
                ]
            },
            "properties": {
                "forecastId": null,
                "geometryId": null,
                "tag": "1C",
                "forecastHour": 3,
                "hazard": "FZLVL",
                "frequency": null,
                "severity": null,
                "status": "NRML",
                "base": null,
                "top": null,
                "fzlBase": null,
                "fzlTop": null,
                "level": "120",
                "product": "ZULU",
                "rawAirSigmet": null,
                "validTimeTo": "2026-08-03T12:00:00.000",
                "validTimeFrom": [
                    "2026-08-03T11:36"
                ]
            }
        },
        {
            "type": "Feature",
            "geometry": {
                "type": "Polygon",
                "coordinates": [
                    [
                        [
                            "-81.90",
                            "33.71"
                        ],
                        [
                            "-81.88",
                            "33.67"
                        ],
                        [
                            "-82.09",
                            "33.01"
                        ],
                        [
                            "-82.27",
                            "32.98"
                        ],
                        [
                            "-82.28",
                            "33.08"
                        ],
                        [
                            "-81.93",
                            "33.69"
                        ],
                        [
                            "-81.90",
                            "33.71"
                        ]
                    ]
                ]
            },
            "properties": {
                "forecastId": null,
                "geometryId": null,
                "tag": "1C",
                "forecastHour": 3,
                "hazard": "FZLVL",
                "frequency": null,
                "severity": null,
                "status": "NRML",
                "base": null,
                "top": null,
                "fzlBase": null,
                "fzlTop": null,
                "level": "160",
                "product": "ZULU",
                "rawAirSigmet": null,
                "validTimeTo": "2026-08-03T12:00:00.000",
                "validTimeFrom": [
                    "2026-08-03T11:36"
                ]
            }
        },
        {
            "type": "Feature",
            "geometry": {
                "type": "Polygon",
                "coordinates": [
                    [
                        [
                            "-69.40",
                            "47.54"
                        ],
                        [
                            "-67.76",
                            "47.42"
                        ],
                        [
                            "-67.60",
                            "45.66"
                        ],
                        [
                            "-67.78",
                            "44.70"
                        ],
                        [
                            "-69.03",
                            "43.30"
                        ],
                        [
                            "-69.58",
                            "42.54"
                        ],
                        [
                            "-70.93",
                            "42.19"
                        ],
                        [
                            "-73.00",
                            "40.06"
                        ],
                        [
                            "-74.45",
                            "37.20"
                        ],
                        [
                            "-75.31",
                            "36.91"
                        ],
                        [
                            "-76.80",
                            "37.49"
                        ],
                        [
                            "-76.80",
                            "40.49"
                        ],
                        [
                            "-75.41",
                            "42.79"
                        ],
                        [
                            "-76.29",
                            "44.29"
                        ],
                        [
                            "-74.36",
                            "45.22"
                        ],
                        [
                            "-71.58",
                            "45.31"
                        ],
                        [
                            "-69.40",
                            "47.54"
                        ]
                    ]
                ]
            },
            "properties": {
                "forecastId": null,
                "geometryId": null,
                "tag": "3C",
                "forecastHour": 3,
                "hazard": "ICE",
                "frequency": null,
                "severity": "MOD",
                "status": "AMD",
                "base": "FZL",
                "top": "280",
                "fzlBase": "140",
                "fzlTop": "150",
                "level": null,
                "product": "ZULU",
                "rawAirSigmet": "ICE",
                "validTimeTo": "2026-08-03T12:00:00.000",
                "validTimeFrom": [
                    "2026-08-03T11:36"
                ]
            }
        },
        {
            "type": "Feature",
            "geometry": {
                "type": "Polygon",
                "coordinates": [
                    [
                        [
                            "-113.03",
                            "49.00"
                        ],
                        [
                            "-111.38",
                            "47.44"
                        ],
                        [
                            "-109.75",
                            "48.53"
                        ],
                        [
                            "-108.68",
                            "47.07"
                        ],
                        [
                            "-107.32",
                            "45.25"
                        ],
                        [
                            "-106.92",
                            "44.64"
                        ],
                        [
                            "-106.12",
                            "43.25"
                        ],
                        [
                            "-105.92",
                            "43.00"
                        ],
                        [
                            "-107.04",
                            "42.97"
                        ],
                        [
                            "-108.19",
                            "42.71"
                        ],
                        [
                            "-109.48",
                            "42.61"
                        ],
                        [
                            "-110.79",
                            "42.18"
                        ],
                        [
                            "-115.20",
                            "41.33"
                        ],
                        [
                            "-116.51",
                            "41.25"
                        ],
                        [
                            "-117.12",
                            "41.34"
                        ],
                        [
                            "-117.42",
                            "41.86"
                        ],
                        [
                            "-117.80",
                            "41.75"
                        ],
                        [
                            "-118.95",
                            "41.20"
                        ],
                        [
                            "-119.87",
                            "40.88"
                        ],
                        [
                            "-121.04",
                            "41.55"
                        ],
                        [
                            "-120.12",
                            "42.25"
                        ],
                        [
                            "-119.72",
                            "42.41"
                        ],
                        [
                            "-118.85",
                            "42.64"
                        ],
                        [
                            "-118.29",
                            "42.87"
                        ],
                        [
                            "-117.80",
                            "43.27"
                        ],
                        [
                            "-117.31",
                            "43.76"
                        ],
                        [
                            "-116.78",
                            "44.01"
                        ],
                        [
                            "-115.81",
                            "44.29"
                        ],
                        [
                            "-114.60",
                            "44.40"
                        ],
                        [
                            "-113.98",
                            "44.82"
                        ],
                        [
                            "-114.16",
                            "45.46"
                        ],
                        [
                            "-114.81",
                            "45.54"
                        ],
                        [
                            "-115.62",
                            "45.39"
                        ],
                        [
                            "-115.52",
                            "45.19"
                        ],
                        [
                            "-117.29",
                            "45.01"
                        ],
                        [
                            "-118.01",
                            "44.81"
                        ],
                        [
                            "-118.85",
                            "44.73"
                        ],
                        [
                            "-119.57",
                            "44.63"
                        ],
                        [
                            "-120.44",
                            "45.04"
                        ],
                        [
                            "-121.02",
                            "45.19"
                        ],
                        [
                            "-121.65",
                            "45.26"
                        ],
                        [
                            "-122.30",
                            "45.58"
                        ],
                        [
                            "-122.34",
                            "46.21"
                        ],
                        [
                            "-121.56",
                            "46.77"
                        ],
                        [
                            "-121.69",
                            "46.88"
                        ],
                        [
                            "-121.89",
                            "46.93"
                        ],
                        [
                            "-122.32",
                            "47.14"
                        ],
                        [
                            "-122.58",
                            "47.52"
                        ],
                        [
                            "-122.75",
                            "48.17"
                        ],
                        [
                            "-122.23",
                            "48.41"
                        ],
                        [
                            "-121.49",
                            "48.44"
                        ],
                        [
                            "-120.48",
                            "48.59"
                        ],
                        [
                            "-119.78",
                            "48.94"
                        ],
                        [
                            "-117.76",
                            "48.94"
                        ],
                        [
                            "-117.67",
                            "48.88"
                        ],
                        [
                            "-117.70",
                            "48.05"
                        ],
                        [
                            "-116.27",
                            "48.40"
                        ],
                        [
                            "-114.50",
                            "48.67"
                        ],
                        [
                            "-113.03",
                            "49.00"
                        ]
                    ]
                ]
            },
            "properties": {
                "forecastId": null,
                "geometryId": null,
                "tag": "2E",
                "forecastHour": 3,
                "hazard": "MT_OBSC",
                "frequency": null,
                "severity": null,
                "status": "NRML",
                "base": null,
                "top": null,
                "fzlBase": null,
                "fzlTop": null,
                "level": null,
                "product": "SIERRA",
                "rawAirSigmet": "FU HZ",
                "validTimeTo": "2026-08-03T12:00:00.000",
                "validTimeFrom": [
                    "2026-08-03T11:20"
                ]
            }
        },
        {
            "type": "Feature",
            "geometry": {
                "type": "Polygon",
                "coordinates": [
                    [
                        [
                            "-95.04",
                            "48.37"
                        ],
                        [
                            "-94.00",
                            "48.24"
                        ],
                        [
                            "-93.71",
                            "47.76"
                        ],
                        [
                            "-94.16",
                            "46.74"
                        ],
                        [
                            "-96.47",
                            "45.13"
                        ],
                        [
                            "-98.46",
                            "43.34"
                        ],
                        [
                            "-98.57",
                            "42.73"
                        ],
                        [
                            "-98.75",
                            "41.18"
                        ],
                        [
                            "-99.22",
                            "40.24"
                        ],
                        [
                            "-100.54",
                            "39.57"
                        ],
                        [
                            "-101.36",
                            "40.15"
                        ],
                        [
                            "-101.91",
                            "41.16"
                        ],
                        [
                            "-102.22",
                            "43.09"
                        ],
                        [
                            "-101.39",
                            "45.17"
                        ],
                        [
                            "-99.06",
                            "46.89"
                        ],
                        [
                            "-96.57",
                            "47.85"
                        ],
                        [
                            "-95.04",
                            "48.37"
                        ]
                    ]
                ]
            },
            "properties": {
                "forecastId": null,
                "geometryId": null,
                "tag": "1W",
                "forecastHour": 3,
                "hazard": "LLWS",
                "frequency": null,
                "severity": null,
                "status": "NRML",
                "base": null,
                "top": null,
                "fzlBase": null,
                "fzlTop": null,
                "level": null,
                "product": "TANGO",
                "rawAirSigmet": "AIR SPEED LOSS OR GAIN OF 20KTS OR MORE BELOW 2000 FT AGL",
                "validTimeTo": "2026-08-03T12:00:00.000",
                "validTimeFrom": [
                    "2026-08-03T08:45"
                ]
            }
        },
        {
            "type": "Feature",
            "geometry": {
                "type": "Polygon",
                "coordinates": [
                    [
                        [
                            "-114.91",
                            "49.03"
                        ],
                        [
                            "-110.47",
                            "49.01"
                        ],
                        [
                            "-111.05",
                            "48.03"
                        ],
                        [
                            "-113.13",
                            "46.97"
                        ],
                        [
                            "-114.29",
                            "47.01"
                        ],
                        [
                            "-115.31",
                            "48.21"
                        ],
                        [
                            "-114.91",
                            "49.03"
                        ]
                    ]
                ]
            },
            "properties": {
                "forecastId": null,
                "geometryId": null,
                "tag": "2C",
                "forecastHour": 3,
                "hazard": "ICE",
                "frequency": null,
                "severity": "MOD",
                "status": "NRML",
                "base": "FZL",
                "top": "180",
                "fzlBase": "090",
                "fzlTop": "110",
                "level": null,
                "product": "ZULU",
                "rawAirSigmet": "ICE",
                "validTimeTo": "2026-08-03T12:00:00.000",
                "validTimeFrom": [
                    "2026-08-03T11:36"
                ]
            }
        },
        {
            "type": "Feature",
            "geometry": {
                "type": "Polygon",
                "coordinates": [
                    [
                        [
                            "-104.24",
                            "48.99"
                        ],
                        [
                            "-105.94",
                            "48.17"
                        ],
                        [
                            "-107.18",
                            "47.36"
                        ],
                        [
                            "-108.74",
                            "46.66"
                        ],
                        [
                            "-110.31",
                            "46.29"
                        ],
                        [
                            "-111.33",
                            "46.27"
                        ],
                        [
                            "-112.27",
                            "46.09"
                        ],
                        [
                            "-113.21",
                            "46.11"
                        ],
                        [
                            "-112.92",
                            "46.93"
                        ],
                        [
                            "-111.37",
                            "47.87"
                        ],
                        [
                            "-109.47",
                            "48.68"
                        ],
                        [
                            "-107.82",
                            "48.99"
                        ],
                        [
                            "-104.24",
                            "48.99"
                        ]
                    ]
                ]
            },
            "properties": {
                "forecastId": null,
                "geometryId": null,
                "tag": "1C",
                "forecastHour": 3,
                "hazard": "ICE",
                "frequency": null,
                "severity": "MOD",
                "status": "NRML",
                "base": "FZL",
                "top": "220",
                "fzlBase": "100",
                "fzlTop": "130",
                "level": null,
                "product": "ZULU",
                "rawAirSigmet": "ICE",
                "validTimeTo": "2026-08-03T12:00:00.000",
                "validTimeFrom": [
                    "2026-08-03T11:36"
                ]
            }
        },
        {
            "type": "Feature",
            "geometry": {
                "type": "Polygon",
                "coordinates": [
                    [
                        [
                            "-91.67",
                            "45.05"
                        ],
                        [
                            "-91.03",
                            "44.29"
                        ],
                        [
                            "-90.05",
                            "43.68"
                        ],
                        [
                            "-89.32",
                            "43.31"
                        ],
                        [
                            "-88.46",
                            "42.92"
                        ],
                        [
                            "-88.08",
                            "42.75"
                        ],
                        [
                            "-87.95",
                            "42.43"
                        ],
                        [
                            "-87.86",
                            "42.08"
                        ],
                        [
                            "-87.86",
                            "41.92"
                        ],
                        [
                            "-87.76",
                            "41.59"
                        ],
                        [
                            "-87.36",
                            "41.78"
                        ],
                        [
                            "-86.69",
                            "41.80"
                        ],
                        [
                            "-86.28",
                            "41.42"
                        ],
                        [
                            "-85.73",
                            "40.83"
                        ],
                        [
                            "-84.98",
                            "40.79"
                        ],
                        [
                            "-83.99",
                            "40.94"
                        ],
                        [
                            "-83.54",
                            "40.27"
                        ],
                        [
                            "-84.28",
                            "40.04"
                        ],
                        [
                            "-85.32",
                            "39.33"
                        ],
                        [
                            "-85.60",
                            "38.32"
                        ],
                        [
                            "-86.64",
                            "38.01"
                        ],
                        [
                            "-86.71",
                            "38.63"
                        ],
                        [
                            "-87.12",
                            "38.94"
                        ],
                        [
                            "-88.42",
                            "38.44"
                        ],
                        [
                            "-88.70",
                            "38.12"
                        ],
                        [
                            "-89.09",
                            "38.20"
                        ],
                        [
                            "-89.68",
                            "38.93"
                        ],
                        [
                            "-90.07",
                            "39.48"
                        ],
                        [
                            "-90.28",
                            "39.68"
                        ],
                        [
                            "-90.54",
                            "39.97"
                        ],
                        [
                            "-91.17",
                            "40.38"
                        ],
                        [
                            "-91.91",
                            "40.63"
                        ],
                        [
                            "-92.14",
                            "40.75"
                        ],
                        [
                            "-92.89",
                            "41.00"
                        ],
                        [
                            "-92.36",
                            "41.51"
                        ],
                        [
                            "-91.17",
                            "41.93"
                        ],
                        [
                            "-90.73",
                            "42.04"
                        ],
                        [
                            "-90.17",
                            "42.32"
                        ],
                        [
                            "-90.35",
                            "42.83"
                        ],
                        [
                            "-91.24",
                            "42.86"
                        ],
                        [
                            "-91.59",
                            "43.31"
                        ],
                        [
                            "-91.71",
                            "44.11"
                        ],
                        [
                            "-92.21",
                            "45.02"
                        ],
                        [
                            "-91.67",
                            "45.05"
                        ]
                    ]
                ]
            },
            "properties": {
                "forecastId": null,
                "geometryId": null,
                "tag": "1E",
                "forecastHour": 3,
                "hazard": "IFR",
                "frequency": null,
                "severity": null,
                "status": "AMD",
                "base": null,
                "top": null,
                "fzlBase": null,
                "fzlTop": null,
                "level": null,
                "product": "SIERRA",
                "rawAirSigmet": "CIG BLW 010 VIS BLW 3SM BR FG",
                "validTimeTo": "2026-08-03T12:00:00.000",
                "validTimeFrom": [
                    "2026-08-03T11:20"
                ]
            }
        },
        {
            "type": "Feature",
            "geometry": {
                "type": "Polygon",
                "coordinates": [
                    [
                        [
                            "-77.45",
                            "43.75"
                        ],
                        [
                            "-77.37",
                            "43.38"
                        ],
                        [
                            "-77.52",
                            "42.70"
                        ],
                        [
                            "-77.74",
                            "41.61"
                        ],
                        [
                            "-78.40",
                            "40.60"
                        ],
                        [
                            "-79.35",
                            "39.62"
                        ],
                        [
                            "-80.50",
                            "38.32"
                        ],
                        [
                            "-81.15",
                            "37.92"
                        ],
                        [
                            "-81.74",
                            "38.02"
                        ],
                        [
                            "-81.03",
                            "39.88"
                        ],
                        [
                            "-80.71",
                            "40.40"
                        ],
                        [
                            "-79.94",
                            "41.51"
                        ],
                        [
                            "-79.44",
                            "42.09"
                        ],
                        [
                            "-78.92",
                            "42.70"
                        ],
                        [
                            "-78.63",
                            "43.05"
                        ],
                        [
                            "-78.20",
                            "43.68"
                        ],
                        [
                            "-77.45",
                            "43.75"
                        ]
                    ]
                ]
            },
            "properties": {
                "forecastId": null,
                "geometryId": null,
                "tag": "3W",
                "forecastHour": 3,
                "hazard": "TURB-HI",
                "frequency": null,
                "severity": "MOD",
                "status": "NRML",
                "base": "320",
                "top": "380",
                "fzlBase": null,
                "fzlTop": null,
                "level": null,
                "product": "TANGO",
                "rawAirSigmet": null,
                "validTimeTo": "2026-08-03T12:00:00.000",
                "validTimeFrom": [
                    "2026-08-03T08:45"
                ]
            }
        },
        {
            "type": "Feature",
            "geometry": {
                "type": "Polygon",
                "coordinates": [
                    [
                        [
                            "-108.69",
                            "44.66"
                        ],
                        [
                            "-107.39",
                            "44.24"
                        ],
                        [
                            "-107.25",
                            "43.86"
                        ],
                        [
                            "-107.44",
                            "43.24"
                        ],
                        [
                            "-107.87",
                            "42.44"
                        ],
                        [
                            "-108.48",
                            "42.23"
                        ],
                        [
                            "-109.41",
                            "41.99"
                        ],
                        [
                            "-110.18",
                            "42.32"
                        ],
                        [
                            "-110.22",
                            "42.69"
                        ],
                        [
                            "-110.26",
                            "43.62"
                        ],
                        [
                            "-109.88",
                            "44.48"
                        ],
                        [
                            "-108.69",
                            "44.66"
                        ]
                    ]
                ]
            },
            "properties": {
                "forecastId": null,
                "geometryId": null,
                "tag": "3W",
                "forecastHour": 3,
                "hazard": "TURB-LO",
                "frequency": null,
                "severity": "MOD",
                "status": "NRML",
                "base": "SFC",
                "top": "140",
                "fzlBase": null,
                "fzlTop": null,
                "level": null,
                "product": "TANGO",
                "rawAirSigmet": "MTN WAVE",
                "validTimeTo": "2026-08-03T12:00:00.000",
                "validTimeFrom": [
                    "2026-08-03T08:45"
                ]
            }
        },
        {
            "type": "Feature",
            "geometry": {
                "type": "LineString",
                "coordinates": [
                    [
                        "-135.06",
                        "25.38"
                    ],
                    [
                        "-134.27",
                        "26.27"
                    ],
                    [
                        "-133.71",
                        "27.51"
                    ],
                    [
                        "-133.66",
                        "28.70"
                    ],
                    [
                        "-133.88",
                        "30.04"
                    ],
                    [
                        "-134.55",
                        "32.79"
                    ],
                    [
                        "-135.01",
                        "34.50"
                    ],
                    [
                        "-135.23",
                        "35.97"
                    ],
                    [
                        "-135.03",
                        "37.08"
                    ],
                    [
                        "-133.78",
                        "38.39"
                    ],
                    [
                        "-132.05",
                        "40.44"
                    ],
                    [
                        "-130.68",
                        "41.29"
                    ],
                    [
                        "-128.45",
                        "42.11"
                    ],
                    [
                        "-126.52",
                        "42.41"
                    ],
                    [
                        "-124.21",
                        "42.49"
                    ],
                    [
                        "-120.48",
                        "42.18"
                    ],
                    [
                        "-118.74",
                        "42.03"
                    ],
                    [
                        "-116.38",
                        "42.02"
                    ],
                    [
                        "-113.57",
                        "42.37"
                    ],
                    [
                        "-111.19",
                        "42.87"
                    ],
                    [
                        "-109.58",
                        "43.29"
                    ],
                    [
                        "-107.35",
                        "44.02"
                    ],
                    [
                        "-105.60",
                        "44.88"
                    ],
                    [
                        "-104.46",
                        "45.61"
                    ],
                    [
                        "-102.76",
                        "46.48"
                    ],
                    [
                        "-101.43",
                        "46.80"
                    ],
                    [
                        "-100.02",
                        "46.83"
                    ],
                    [
                        "-98.62",
                        "46.47"
                    ],
                    [
                        "-97.82",
                        "46.09"
                    ],
                    [
                        "-96.46",
                        "44.97"
                    ],
                    [
                        "-95.19",
                        "43.92"
                    ],
                    [
                        "-94.78",
                        "43.23"
                    ],
                    [
                        "-94.64",
                        "42.07"
                    ],
                    [
                        "-94.68",
                        "40.71"
                    ],
                    [
                        "-94.29",
                        "39.43"
                    ],
                    [
                        "-93.26",
                        "39.11"
                    ],
                    [
                        "-92.33",
                        "39.26"
                    ],
                    [
                        "-90.84",
                        "39.80"
                    ],
                    [
                        "-89.35",
                        "40.30"
                    ],
                    [
                        "-87.65",
                        "40.72"
                    ],
                    [
                        "-86.35",
                        "40.76"
                    ],
                    [
                        "-84.89",
                        "40.41"
                    ],
                    [
                        "-83.42",
                        "39.49"
                    ],
                    [
                        "-82.91",
                        "38.26"
                    ],
                    [
                        "-83.53",
                        "36.46"
                    ],
                    [
                        "-85.28",
                        "34.05"
                    ],
                    [
                        "-86.24",
                        "31.94"
                    ],
                    [
                        "-87.54",
                        "30.84"
                    ],
                    [
                        "-88.94",
                        "30.24"
                    ],
                    [
                        "-91.60",
                        "29.38"
                    ],
                    [
                        "-92.69",
                        "28.95"
                    ],
                    [
                        "-93.55",
                        "28.41"
                    ],
                    [
                        "-94.69",
                        "27.50"
                    ],
                    [
                        "-96.24",
                        "27.16"
                    ],
                    [
                        "-98.03",
                        "27.25"
                    ],
                    [
                        "-99.51",
                        "27.17"
                    ],
                    [
                        "-101.32",
                        "27.17"
                    ],
                    [
                        "-102.22",
                        "27.14"
                    ],
                    [
                        "-102.88",
                        "26.82"
                    ],
                    [
                        "-101.96",
                        "24.28"
                    ],
                    [
                        "-101.50",
                        "23.24"
                    ],
                    [
                        "-100.77",
                        "22.96"
                    ],
                    [
                        "-98.01",
                        "23.37"
                    ],
                    [
                        "-97.28",
                        "23.60"
                    ],
                    [
                        "-96.27",
                        "23.62"
                    ],
                    [
                        "-95.84",
                        "23.17"
                    ],
                    [
                        "-95.66",
                        "22.42"
                    ],
                    [
                        "-95.48",
                        "21.49"
                    ],
                    [
                        "-94.64",
                        "20.44"
                    ],
                    [
                        "-92.77",
                        "19.44"
                    ],
                    [
                        "-91.54",
                        "19.44"
                    ],
                    [
                        "-90.33",
                        "19.65"
                    ],
                    [
                        "-88.09",
                        "20.35"
                    ],
                    [
                        "-86.18",
                        "21.46"
                    ],
                    [
                        "-84.85",
                        "22.22"
                    ],
                    [
                        "-83.81",
                        "22.20"
                    ],
                    [
                        "-83.27",
                        "21.88"
                    ],
                    [
                        "-83.14",
                        "21.18"
                    ],
                    [
                        "-83.40",
                        "20.00"
                    ],
                    [
                        "-84.05",
                        "18.71"
                    ],
                    [
                        "-84.88",
                        "17.92"
                    ],
                    [
                        "-85.50",
                        "17.24"
                    ],
                    [
                        "-86.03",
                        "15.92"
                    ]
                ]
            },
            "properties": {
                "forecastId": null,
                "geometryId": null,
                "tag": "1C",
                "forecastHour": 3,
                "hazard": "FZLVL",
                "frequency": null,
                "severity": null,
                "status": "NRML",
                "base": null,
                "top": null,
                "fzlBase": null,
                "fzlTop": null,
                "level": "160",
                "product": "ZULU",
                "rawAirSigmet": null,
                "validTimeTo": "2026-08-03T12:00:00.000",
                "validTimeFrom": [
                    "2026-08-03T11:36"
                ]
            }
        },
        {
            "type": "Feature",
            "geometry": {
                "type": "Polygon",
                "coordinates": [
                    [
                        [
                            "-74.85",
                            "45.00"
                        ],
                        [
                            "-73.65",
                            "44.98"
                        ],
                        [
                            "-74.68",
                            "43.99"
                        ],
                        [
                            "-75.37",
                            "42.33"
                        ],
                        [
                            "-75.45",
                            "39.22"
                        ],
                        [
                            "-75.18",
                            "38.46"
                        ],
                        [
                            "-75.11",
                            "38.31"
                        ],
                        [
                            "-75.23",
                            "37.73"
                        ],
                        [
                            "-75.67",
                            "37.13"
                        ],
                        [
                            "-75.98",
                            "36.63"
                        ],
                        [
                            "-76.17",
                            "36.14"
                        ],
                        [
                            "-76.76",
                            "35.45"
                        ],
                        [
                            "-77.05",
                            "35.24"
                        ],
                        [
                            "-77.64",
                            "34.99"
                        ],
                        [
                            "-78.30",
                            "34.73"
                        ],
                        [
                            "-79.04",
                            "34.00"
                        ],
                        [
                            "-79.76",
                            "33.26"
                        ],
                        [
                            "-80.89",
                            "32.12"
                        ],
                        [
                            "-81.11",
                            "31.66"
                        ],
                        [
                            "-81.48",
                            "31.20"
                        ],
                        [
                            "-81.56",
                            "30.29"
                        ],
                        [
                            "-82.07",
                            "29.79"
                        ],
                        [
                            "-83.51",
                            "29.97"
                        ],
                        [
                            "-85.29",
                            "30.47"
                        ],
                        [
                            "-85.43",
                            "30.99"
                        ],
                        [
                            "-84.94",
                            "31.48"
                        ],
                        [
                            "-84.47",
                            "31.89"
                        ],
                        [
                            "-83.87",
                            "32.60"
                        ],
                        [
                            "-83.34",
                            "33.21"
                        ],
                        [
                            "-83.49",
                            "33.62"
                        ],
                        [
                            "-83.55",
                            "33.80"
                        ],
                        [
                            "-83.93",
                            "34.26"
                        ],
                        [
                            "-84.96",
                            "33.58"
                        ],
                        [
                            "-85.46",
                            "33.25"
                        ],
                        [
                            "-85.93",
                            "32.89"
                        ],
                        [
                            "-86.47",
                            "31.99"
                        ],
                        [
                            "-87.66",
                            "31.64"
                        ],
                        [
                            "-88.87",
                            "31.65"
                        ],
                        [
                            "-89.26",
                            "32.09"
                        ],
                        [
                            "-87.95",
                            "32.68"
                        ],
                        [
                            "-87.66",
                            "33.01"
                        ],
                        [
                            "-88.32",
                            "33.08"
                        ],
                        [
                            "-89.08",
                            "33.06"
                        ],
                        [
                            "-89.80",
                            "33.26"
                        ],
                        [
                            "-90.43",
                            "33.38"
                        ],
                        [
                            "-89.69",
                            "34.11"
                        ],
                        [
                            "-89.57",
                            "34.48"
                        ],
                        [
                            "-88.75",
                            "34.85"
                        ],
                        [
                            "-88.26",
                            "35.17"
                        ],
                        [
                            "-87.94",
                            "35.47"
                        ],
                        [
                            "-87.68",
                            "35.85"
                        ],
                        [
                            "-87.06",
                            "36.24"
                        ],
                        [
                            "-86.70",
                            "36.51"
                        ],
                        [
                            "-86.05",
                            "37.19"
                        ],
                        [
                            "-85.46",
                            "37.57"
                        ],
                        [
                            "-84.77",
                            "37.99"
                        ],
                        [
                            "-83.62",
                            "38.63"
                        ],
                        [
                            "-82.51",
                            "39.21"
                        ],
                        [
                            "-81.80",
                            "39.45"
                        ],
                        [
                            "-81.23",
                            "39.61"
                        ],
                        [
                            "-80.88",
                            "39.99"
                        ],
                        [
                            "-80.55",
                            "40.33"
                        ],
                        [
                            "-80.41",
                            "40.64"
                        ],
                        [
                            "-80.51",
                            "41.57"
                        ],
                        [
                            "-80.07",
                            "42.41"
                        ],
                        [
                            "-78.83",
                            "42.88"
                        ],
                        [
                            "-79.16",
                            "43.48"
                        ],
                        [
                            "-78.63",
                            "43.63"
                        ],
                        [
                            "-76.78",
                            "43.64"
                        ],
                        [
                            "-76.34",
                            "44.13"
                        ],
                        [
                            "-74.85",
                            "45.00"
                        ]
                    ]
                ]
            },
            "properties": {
                "forecastId": null,
                "geometryId": null,
                "tag": "7E",
                "forecastHour": 3,
                "hazard": "IFR",
                "frequency": null,
                "severity": null,
                "status": "AMD",
                "base": null,
                "top": null,
                "fzlBase": null,
                "fzlTop": null,
                "level": null,
                "product": "SIERRA",
                "rawAirSigmet": "CIG BLW 010 VIS BLW 3SM BR FG",
                "validTimeTo": "2026-08-03T12:00:00.000",
                "validTimeFrom": [
                    "2026-08-03T11:20"
                ]
            }
        },
        {
            "type": "Feature",
            "geometry": {
                "type": "Polygon",
                "coordinates": [
                    [
                        [
                            "-68.31",
                            "25.38"
                        ],
                        [
                            "-67.88",
                            "24.86"
                        ],
                        [
                            "-68.18",
                            "23.70"
                        ],
                        [
                            "-69.15",
                            "22.84"
                        ],
                        [
                            "-69.82",
                            "22.42"
                        ],
                        [
                            "-70.69",
                            "22.32"
                        ],
                        [
                            "-71.87",
                            "22.88"
                        ],
                        [
                            "-73.02",
                            "23.48"
                        ],
                        [
                            "-73.87",
                            "24.23"
                        ],
                        [
                            "-74.10",
                            "25.08"
                        ],
                        [
                            "-73.99",
                            "25.75"
                        ],
                        [
                            "-73.31",
                            "26.60"
                        ],
                        [
                            "-72.31",
                            "26.84"
                        ],
                        [
                            "-71.55",
                            "26.71"
                        ],
                        [
                            "-70.32",
                            "26.08"
                        ],
                        [
                            "-68.94",
                            "25.66"
                        ],
                        [
                            "-68.31",
                            "25.38"
                        ]
                    ]
                ]
            },
            "properties": {
                "forecastId": null,
                "geometryId": null,
                "tag": "1C",
                "forecastHour": 3,
                "hazard": "FZLVL",
                "frequency": null,
                "severity": null,
                "status": "NRML",
                "base": null,
                "top": null,
                "fzlBase": null,
                "fzlTop": null,
                "level": "160",
                "product": "ZULU",
                "rawAirSigmet": null,
                "validTimeTo": "2026-08-03T12:00:00.000",
                "validTimeFrom": [
                    "2026-08-03T11:36"
                ]
            }
        },
        {
            "type": "Feature",
            "geometry": {
                "type": "LineString",
                "coordinates": [
                    [
                        "-98.75",
                        "17.29"
                    ],
                    [
                        "-99.12",
                        "17.53"
                    ],
                    [
                        "-99.31",
                        "17.64"
                    ],
                    [
                        "-99.89",
                        "17.87"
                    ],
                    [
                        "-100.48",
                        "17.94"
                    ],
                    [
                        "-101.10",
                        "17.83"
                    ],
                    [
                        "-101.38",
                        "17.71"
                    ],
                    [
                        "-101.69",
                        "17.16"
                    ]
                ]
            },
            "properties": {
                "forecastId": null,
                "geometryId": null,
                "tag": "1C",
                "forecastHour": 3,
                "hazard": "FZLVL",
                "frequency": null,
                "severity": null,
                "status": "NRML",
                "base": null,
                "top": null,
                "fzlBase": null,
                "fzlTop": null,
                "level": "160",
                "product": "ZULU",
                "rawAirSigmet": null,
                "validTimeTo": "2026-08-03T12:00:00.000",
                "validTimeFrom": [
                    "2026-08-03T11:36"
                ]
            }
        },
        {
            "type": "Feature",
            "geometry": {
                "type": "Polygon",
                "coordinates": [
                    [
                        [
                            "-109.27",
                            "49.09"
                        ],
                        [
                            "-107.60",
                            "48.96"
                        ],
                        [
                            "-108.85",
                            "48.08"
                        ],
                        [
                            "-110.21",
                            "47.01"
                        ],
                        [
                            "-111.65",
                            "46.31"
                        ],
                        [
                            "-113.10",
                            "45.84"
                        ],
                        [
                            "-115.05",
                            "45.81"
                        ],
                        [
                            "-115.99",
                            "45.72"
                        ],
                        [
                            "-117.28",
                            "45.57"
                        ],
                        [
                            "-118.78",
                            "45.86"
                        ],
                        [
                            "-119.86",
                            "46.23"
                        ],
                        [
                            "-119.14",
                            "46.74"
                        ],
                        [
                            "-117.51",
                            "46.80"
                        ],
                        [
                            "-114.49",
                            "47.08"
                        ],
                        [
                            "-112.60",
                            "47.73"
                        ],
                        [
                            "-109.27",
                            "49.09"
                        ]
                    ]
                ]
            },
            "properties": {
                "forecastId": null,
                "geometryId": null,
                "tag": "2W",
                "forecastHour": 3,
                "hazard": "TURB-HI",
                "frequency": null,
                "severity": "MOD",
                "status": "NRML",
                "base": "220",
                "top": "380",
                "fzlBase": null,
                "fzlTop": null,
                "level": null,
                "product": "TANGO",
                "rawAirSigmet": null,
                "validTimeTo": "2026-08-03T12:00:00.000",
                "validTimeFrom": [
                    "2026-08-03T08:45"
                ]
            }
        },
        {
            "type": "Feature",
            "geometry": {
                "type": "Polygon",
                "coordinates": [
                    [
                        [
                            "-121.26",
                            "35.64"
                        ],
                        [
                            "-120.47",
                            "35.44"
                        ],
                        [
                            "-119.90",
                            "34.92"
                        ],
                        [
                            "-119.83",
                            "34.63"
                        ],
                        [
                            "-119.43",
                            "34.56"
                        ],
                        [
                            "-119.06",
                            "34.25"
                        ],
                        [
                            "-118.68",
                            "34.13"
                        ],
                        [
                            "-117.99",
                            "34.12"
                        ],
                        [
                            "-117.72",
                            "33.81"
                        ],
                        [
                            "-117.13",
                            "33.56"
                        ],
                        [
                            "-116.82",
                            "32.76"
                        ],
                        [
                            "-117.31",
                            "32.80"
                        ],
                        [
                            "-118.34",
                            "33.84"
                        ],
                        [
                            "-118.70",
                            "34.00"
                        ],
                        [
                            "-120.50",
                            "34.46"
                        ],
                        [
                            "-121.26",
                            "35.64"
                        ]
                    ]
                ]
            },
            "properties": {
                "forecastId": null,
                "geometryId": null,
                "tag": "6E",
                "forecastHour": 3,
                "hazard": "MT_OBSC",
                "frequency": null,
                "severity": null,
                "status": "NRML",
                "base": null,
                "top": null,
                "fzlBase": null,
                "fzlTop": null,
                "level": null,
                "product": "SIERRA",
                "rawAirSigmet": "MTNS OBSC BY CLDS BR FG",
                "validTimeTo": "2026-08-03T12:00:00.000",
                "validTimeFrom": [
                    "2026-08-03T11:20"
                ]
            }
        },
        {
            "type": "Feature",
            "geometry": {
                "type": "Polygon",
                "coordinates": [
                    [
                        [
                            "-85.99",
                            "26.32"
                        ],
                        [
                            "-85.55",
                            "25.79"
                        ],
                        [
                            "-86.20",
                            "25.33"
                        ],
                        [
                            "-86.36",
                            "25.33"
                        ],
                        [
                            "-86.38",
                            "25.39"
                        ],
                        [
                            "-86.20",
                            "25.99"
                        ],
                        [
                            "-85.99",
                            "26.32"
                        ]
                    ]
                ]
            },
            "properties": {
                "forecastId": null,
                "geometryId": null,
                "tag": "1C",
                "forecastHour": 3,
                "hazard": "FZLVL",
                "frequency": null,
                "severity": null,
                "status": "NRML",
                "base": null,
                "top": null,
                "fzlBase": null,
                "fzlTop": null,
                "level": "160",
                "product": "ZULU",
                "rawAirSigmet": null,
                "validTimeTo": "2026-08-03T12:00:00.000",
                "validTimeFrom": [
                    "2026-08-03T11:36"
                ]
            }
        },
        {
            "type": "Feature",
            "geometry": {
                "type": "Polygon",
                "coordinates": [
                    [
                        [
                            "-122.33",
                            "37.04"
                        ],
                        [
                            "-121.61",
                            "37.03"
                        ],
                        [
                            "-121.41",
                            "36.53"
                        ],
                        [
                            "-121.80",
                            "36.29"
                        ],
                        [
                            "-121.33",
                            "35.69"
                        ],
                        [
                            "-120.80",
                            "35.43"
                        ],
                        [
                            "-120.30",
                            "35.29"
                        ],
                        [
                            "-119.99",
                            "34.85"
                        ],
                        [
                            "-119.90",
                            "34.61"
                        ],
                        [
                            "-119.77",
                            "34.58"
                        ],
                        [
                            "-119.40",
                            "34.44"
                        ],
                        [
                            "-118.99",
                            "34.29"
                        ],
                        [
                            "-118.69",
                            "34.07"
                        ],
                        [
                            "-118.06",
                            "34.00"
                        ],
                        [
                            "-117.76",
                            "33.73"
                        ],
                        [
                            "-117.22",
                            "33.49"
                        ],
                        [
                            "-116.95",
                            "33.22"
                        ],
                        [
                            "-116.84",
                            "32.67"
                        ],
                        [
                            "-117.04",
                            "32.37"
                        ],
                        [
                            "-120.74",
                            "30.89"
                        ],
                        [
                            "-121.17",
                            "31.41"
                        ],
                        [
                            "-123.32",
                            "34.53"
                        ],
                        [
                            "-123.86",
                            "35.34"
                        ],
                        [
                            "-123.99",
                            "35.80"
                        ],
                        [
                            "-123.99",
                            "36.29"
                        ],
                        [
                            "-123.73",
                            "36.77"
                        ],
                        [
                            "-123.22",
                            "36.07"
                        ],
                        [
                            "-122.63",
                            "35.18"
                        ],
                        [
                            "-122.41",
                            "34.95"
                        ],
                        [
                            "-122.23",
                            "35.34"
                        ],
                        [
                            "-122.11",
                            "35.66"
                        ],
                        [
                            "-122.54",
                            "35.92"
                        ],
                        [
                            "-122.58",
                            "36.40"
                        ],
                        [
                            "-122.21",
                            "36.62"
                        ],
                        [
                            "-122.33",
                            "37.04"
                        ]
                    ]
                ]
            },
            "properties": {
                "forecastId": null,
                "geometryId": null,
                "tag": "3E",
                "forecastHour": 3,
                "hazard": "IFR",
                "frequency": null,
                "severity": null,
                "status": "AMD",
                "base": null,
                "top": null,
                "fzlBase": null,
                "fzlTop": null,
                "level": null,
                "product": "SIERRA",
                "rawAirSigmet": "CIG BLW 010 VIS BLW 3SM BR FG",
                "validTimeTo": "2026-08-03T12:00:00.000",
                "validTimeFrom": [
                    "2026-08-03T11:20"
                ]
            }
        },
        {
            "type": "Feature",
            "geometry": {
                "type": "Polygon",
                "coordinates": [
                    [
                        [
                            "-69.81",
                            "46.24"
                        ],
                        [
                            "-69.57",
                            "45.77"
                        ],
                        [
                            "-68.97",
                            "46.08"
                        ],
                        [
                            "-68.72",
                            "46.04"
                        ],
                        [
                            "-68.60",
                            "45.55"
                        ],
                        [
                            "-69.13",
                            "45.06"
                        ],
                        [
                            "-70.56",
                            "44.01"
                        ],
                        [
                            "-71.58",
                            "43.20"
                        ],
                        [
                            "-73.54",
                            "42.13"
                        ],
                        [
                            "-74.16",
                            "43.44"
                        ],
                        [
                            "-74.31",
                            "44.10"
                        ],
                        [
                            "-73.81",
                            "44.34"
                        ],
                        [
                            "-73.89",
                            "44.72"
                        ],
                        [
                            "-74.02",
                            "44.77"
                        ],
                        [
                            "-73.75",
                            "45.08"
                        ],
                        [
                            "-71.96",
                            "45.38"
                        ],
                        [
                            "-71.73",
                            "45.16"
                        ],
                        [
                            "-72.37",
                            "44.91"
                        ],
                        [
                            "-71.91",
                            "44.48"
                        ],
                        [
                            "-71.56",
                            "44.81"
                        ],
                        [
                            "-71.46",
                            "45.08"
                        ],
                        [
                            "-70.94",
                            "45.25"
                        ],
                        [
                            "-70.69",
                            "45.49"
                        ],
                        [
                            "-70.06",
                            "45.56"
                        ],
                        [
                            "-69.90",
                            "45.62"
                        ],
                        [
                            "-70.02",
                            "45.91"
                        ],
                        [
                            "-70.01",
                            "46.12"
                        ],
                        [
                            "-69.81",
                            "46.24"
                        ]
                    ]
                ]
            },
            "properties": {
                "forecastId": null,
                "geometryId": null,
                "tag": "4E",
                "forecastHour": 3,
                "hazard": "MT_OBSC",
                "frequency": null,
                "severity": null,
                "status": "NRML",
                "base": null,
                "top": null,
                "fzlBase": null,
                "fzlTop": null,
                "level": null,
                "product": "SIERRA",
                "rawAirSigmet": "MTNS OBSC BY CLDS PCPN BR",
                "validTimeTo": "2026-08-03T12:00:00.000",
                "validTimeFrom": [
                    "2026-08-03T11:20"
                ]
            }
        },
        {
            "type": "Feature",
            "geometry": {
                "type": "Polygon",
                "coordinates": [
                    [
                        [
                            "-85.50",
                            "45.19"
                        ],
                        [
                            "-84.74",
                            "45.04"
                        ],
                        [
                            "-84.59",
                            "44.30"
                        ],
                        [
                            "-85.45",
                            "44.10"
                        ],
                        [
                            "-86.50",
                            "43.92"
                        ],
                        [
                            "-86.52",
                            "44.28"
                        ],
                        [
                            "-85.87",
                            "44.67"
                        ],
                        [
                            "-85.50",
                            "45.19"
                        ]
                    ]
                ]
            },
            "properties": {
                "forecastId": null,
                "geometryId": null,
                "tag": "5E",
                "forecastHour": 3,
                "hazard": "IFR",
                "frequency": null,
                "severity": null,
                "status": "NEW",
                "base": null,
                "top": null,
                "fzlBase": null,
                "fzlTop": null,
                "level": null,
                "product": "SIERRA",
                "rawAirSigmet": "CIG BLW 010 VIS BLW 3SM BR FG",
                "validTimeTo": "2026-08-03T12:00:00.000",
                "validTimeFrom": [
                    "2026-08-03T11:20"
                ]
            }
        },
        {
            "type": "Feature",
            "geometry": {
                "type": "LineString",
                "coordinates": [
                    [
                        "-113.01",
                        "60.21"
                    ],
                    [
                        "-113.15",
                        "58.56"
                    ],
                    [
                        "-113.15",
                        "57.00"
                    ],
                    [
                        "-113.10",
                        "56.12"
                    ],
                    [
                        "-112.66",
                        "54.55"
                    ],
                    [
                        "-113.68",
                        "53.60"
                    ],
                    [
                        "-114.87",
                        "53.18"
                    ],
                    [
                        "-115.32",
                        "52.70"
                    ],
                    [
                        "-115.06",
                        "51.95"
                    ],
                    [
                        "-114.44",
                        "51.51"
                    ],
                    [
                        "-113.10",
                        "51.22"
                    ],
                    [
                        "-111.91",
                        "51.55"
                    ],
                    [
                        "-110.53",
                        "52.31"
                    ],
                    [
                        "-108.37",
                        "53.20"
                    ],
                    [
                        "-107.00",
                        "53.76"
                    ],
                    [
                        "-105.68",
                        "54.46"
                    ],
                    [
                        "-104.30",
                        "55.35"
                    ],
                    [
                        "-103.39",
                        "56.43"
                    ],
                    [
                        "-103.53",
                        "58.04"
                    ],
                    [
                        "-103.66",
                        "59.67"
                    ],
                    [
                        "-103.41",
                        "60.46"
                    ],
                    [
                        "-102.77",
                        "61.29"
                    ]
                ]
            },
            "properties": {
                "forecastId": null,
                "geometryId": null,
                "tag": "1C",
                "forecastHour": 3,
                "hazard": "FZLVL",
                "frequency": null,
                "severity": null,
                "status": "NRML",
                "base": null,
                "top": null,
                "fzlBase": null,
                "fzlTop": null,
                "level": "080",
                "product": "ZULU",
                "rawAirSigmet": null,
                "validTimeTo": "2026-08-03T12:00:00.000",
                "validTimeFrom": [
                    "2026-08-03T11:36"
                ]
            }
        },
        {
            "type": "Feature",
            "geometry": {
                "type": "Polygon",
                "coordinates": [
                    [
                        [
                            "-125.10",
                            "42.88"
                        ],
                        [
                            "-124.64",
                            "42.50"
                        ],
                        [
                            "-124.31",
                            "41.64"
                        ],
                        [
                            "-124.69",
                            "40.82"
                        ],
                        [
                            "-124.40",
                            "39.82"
                        ],
                        [
                            "-124.16",
                            "39.25"
                        ],
                        [
                            "-124.50",
                            "38.49"
                        ],
                        [
                            "-125.14",
                            "38.19"
                        ],
                        [
                            "-125.90",
                            "38.00"
                        ],
                        [
                            "-127.00",
                            "39.81"
                        ],
                        [
                            "-126.77",
                            "42.09"
                        ],
                        [
                            "-125.94",
                            "42.68"
                        ],
                        [
                            "-125.10",
                            "42.88"
                        ]
                    ]
                ]
            },
            "properties": {
                "forecastId": null,
                "geometryId": null,
                "tag": "1W",
                "forecastHour": 3,
                "hazard": "SFC_WND",
                "frequency": null,
                "severity": null,
                "status": "NRML",
                "base": null,
                "top": null,
                "fzlBase": null,
                "fzlTop": null,
                "level": null,
                "product": "TANGO",
                "rawAirSigmet": "USTAINED SFC WINDS GREATER THAN 30 KTS",
                "validTimeTo": "2026-08-03T12:00:00.000",
                "validTimeFrom": [
                    "2026-08-03T08:45"
                ]
            }
        },
        {
            "type": "Feature",
            "geometry": {
                "type": "LineString",
                "coordinates": [
                    [
                        "-113.25",
                        "14.74"
                    ],
                    [
                        "-113.00",
                        "15.18"
                    ],
                    [
                        "-112.21",
                        "15.48"
                    ],
                    [
                        "-110.09",
                        "15.95"
                    ],
                    [
                        "-108.23",
                        "16.71"
                    ],
                    [
                        "-106.12",
                        "17.58"
                    ],
                    [
                        "-105.33",
                        "18.03"
                    ],
                    [
                        "-105.30",
                        "18.70"
                    ],
                    [
                        "-107.05",
                        "19.61"
                    ],
                    [
                        "-108.49",
                        "20.77"
                    ],
                    [
                        "-110.28",
                        "22.10"
                    ],
                    [
                        "-111.94",
                        "22.87"
                    ],
                    [
                        "-113.92",
                        "23.92"
                    ],
                    [
                        "-114.85",
                        "24.22"
                    ],
                    [
                        "-116.28",
                        "24.42"
                    ],
                    [
                        "-116.99",
                        "24.27"
                    ],
                    [
                        "-117.59",
                        "23.82"
                    ],
                    [
                        "-118.42",
                        "23.01"
                    ],
                    [
                        "-120.49",
                        "22.22"
                    ],
                    [
                        "-121.08",
                        "21.51"
                    ],
                    [
                        "-121.07",
                        "20.01"
                    ],
                    [
                        "-120.80",
                        "18.92"
                    ],
                    [
                        "-121.22",
                        "18.17"
                    ],
                    [
                        "-122.24",
                        "16.63"
                    ],
                    [
                        "-122.78",
                        "15.13"
                    ],
                    [
                        "-122.41",
                        "14.41"
                    ],
                    [
                        "-121.39",
                        "14.00"
                    ],
                    [
                        "-120.61",
                        "13.87"
                    ],
                    [
                        "-119.45",
                        "14.07"
                    ],
                    [
                        "-118.89",
                        "15.83"
                    ],
                    [
                        "-117.74",
                        "16.33"
                    ],
                    [
                        "-116.44",
                        "16.24"
                    ],
                    [
                        "-115.67",
                        "15.94"
                    ],
                    [
                        "-115.27",
                        "15.54"
                    ],
                    [
                        "-115.42",
                        "14.96"
                    ],
                    [
                        "-116.80",
                        "13.83"
                    ]
                ]
            },
            "properties": {
                "forecastId": null,
                "geometryId": null,
                "tag": "1C",
                "forecastHour": 3,
                "hazard": "FZLVL",
                "frequency": null,
                "severity": null,
                "status": "NRML",
                "base": null,
                "top": null,
                "fzlBase": null,
                "fzlTop": null,
                "level": "160",
                "product": "ZULU",
                "rawAirSigmet": null,
                "validTimeTo": "2026-08-03T12:00:00.000",
                "validTimeFrom": [
                    "2026-08-03T11:36"
                ]
            }
        },
        {
            "type": "Feature",
            "geometry": {
                "type": "LineString",
                "coordinates": [
                    [
                        "-75.94",
                        "13.12"
                    ],
                    [
                        "-75.65",
                        "13.20"
                    ],
                    [
                        "-75.09",
                        "13.50"
                    ],
                    [
                        "-75.08",
                        "13.51"
                    ],
                    [
                        "-74.60",
                        "13.86"
                    ],
                    [
                        "-74.05",
                        "14.18"
                    ],
                    [
                        "-74.02",
                        "14.19"
                    ],
                    [
                        "-73.36",
                        "14.20"
                    ],
                    [
                        "-72.84",
                        "13.98"
                    ],
                    [
                        "-72.32",
                        "13.76"
                    ],
                    [
                        "-72.29",
                        "13.76"
                    ],
                    [
                        "-71.71",
                        "13.68"
                    ],
                    [
                        "-71.25",
                        "13.74"
                    ],
                    [
                        "-70.89",
                        "13.89"
                    ],
                    [
                        "-70.68",
                        "14.02"
                    ],
                    [
                        "-70.29",
                        "14.42"
                    ],
                    [
                        "-69.94",
                        "14.85"
                    ],
                    [
                        "-69.57",
                        "15.27"
                    ],
                    [
                        "-69.14",
                        "15.66"
                    ],
                    [
                        "-68.68",
                        "15.97"
                    ],
                    [
                        "-68.64",
                        "16.00"
                    ],
                    [
                        "-68.02",
                        "16.25"
                    ],
                    [
                        "-67.69",
                        "16.30"
                    ],
                    [
                        "-67.07",
                        "16.16"
                    ],
                    [
                        "-66.61",
                        "15.82"
                    ],
                    [
                        "-66.22",
                        "15.40"
                    ]
                ]
            },
            "properties": {
                "forecastId": null,
                "geometryId": null,
                "tag": "1C",
                "forecastHour": 3,
                "hazard": "FZLVL",
                "frequency": null,
                "severity": null,
                "status": "NRML",
                "base": null,
                "top": null,
                "fzlBase": null,
                "fzlTop": null,
                "level": "160",
                "product": "ZULU",
                "rawAirSigmet": null,
                "validTimeTo": "2026-08-03T12:00:00.000",
                "validTimeFrom": [
                    "2026-08-03T11:36"
                ]
            }
        },
        {
            "type": "Feature",
            "geometry": {
                "type": "Polygon",
                "coordinates": [
                    [
                        [
                            "-69.17",
                            "47.52"
                        ],
                        [
                            "-68.69",
                            "47.41"
                        ],
                        [
                            "-68.23",
                            "47.32"
                        ],
                        [
                            "-67.76",
                            "47.17"
                        ],
                        [
                            "-67.74",
                            "45.72"
                        ],
                        [
                            "-67.06",
                            "44.91"
                        ],
                        [
                            "-66.99",
                            "42.65"
                        ],
                        [
                            "-67.62",
                            "41.54"
                        ],
                        [
                            "-69.55",
                            "41.06"
                        ],
                        [
                            "-70.50",
                            "41.20"
                        ],
                        [
                            "-71.69",
                            "41.26"
                        ],
                        [
                            "-72.15",
                            "40.91"
                        ],
                        [
                            "-72.91",
                            "40.69"
                        ],
                        [
                            "-73.55",
                            "40.33"
                        ],
                        [
                            "-74.16",
                            "39.99"
                        ],
                        [
                            "-74.58",
                            "39.45"
                        ],
                        [
                            "-75.10",
                            "38.42"
                        ],
                        [
                            "-75.45",
                            "39.22"
                        ],
                        [
                            "-75.39",
                            "42.34"
                        ],
                        [
                            "-74.70",
                            "43.96"
                        ],
                        [
                            "-73.59",
                            "45.01"
                        ],
                        [
                            "-71.49",
                            "45.00"
                        ],
                        [
                            "-71.40",
                            "45.29"
                        ],
                        [
                            "-70.85",
                            "45.32"
                        ],
                        [
                            "-70.23",
                            "46.00"
                        ],
                        [
                            "-70.13",
                            "46.30"
                        ],
                        [
                            "-70.00",
                            "46.72"
                        ],
                        [
                            "-69.17",
                            "47.52"
                        ]
                    ]
                ]
            },
            "properties": {
                "forecastId": null,
                "geometryId": null,
                "tag": "7E",
                "forecastHour": 3,
                "hazard": "IFR",
                "frequency": null,
                "severity": null,
                "status": "AMD",
                "base": null,
                "top": null,
                "fzlBase": null,
                "fzlTop": null,
                "level": null,
                "product": "SIERRA",
                "rawAirSigmet": "CIG BLW 010 VIS BLW 3SM PCPN BR",
                "validTimeTo": "2026-08-03T12:00:00.000",
                "validTimeFrom": [
                    "2026-08-03T11:20"
                ]
            }
        },
        {
            "type": "Feature",
            "geometry": {
                "type": "Polygon",
                "coordinates": [
                    [
                        [
                            "-74.59",
                            "44.51"
                        ],
                        [
                            "-74.35",
                            "44.30"
                        ],
                        [
                            "-74.17",
                            "43.41"
                        ],
                        [
                            "-73.55",
                            "42.17"
                        ],
                        [
                            "-74.14",
                            "41.78"
                        ],
                        [
                            "-75.58",
                            "40.99"
                        ],
                        [
                            "-76.94",
                            "40.28"
                        ],
                        [
                            "-77.69",
                            "39.35"
                        ],
                        [
                            "-78.15",
                            "40.80"
                        ],
                        [
                            "-78.60",
                            "39.99"
                        ],
                        [
                            "-79.12",
                            "39.63"
                        ],
                        [
                            "-79.45",
                            "38.87"
                        ],
                        [
                            "-79.82",
                            "38.55"
                        ],
                        [
                            "-81.02",
                            "37.56"
                        ],
                        [
                            "-81.05",
                            "37.16"
                        ],
                        [
                            "-80.31",
                            "36.60"
                        ],
                        [
                            "-79.75",
                            "36.87"
                        ],
                        [
                            "-80.91",
                            "35.19"
                        ],
                        [
                            "-82.79",
                            "34.39"
                        ],
                        [
                            "-84.44",
                            "33.62"
                        ],
                        [
                            "-85.11",
                            "34.95"
                        ],
                        [
                            "-85.07",
                            "36.72"
                        ],
                        [
                            "-83.48",
                            "37.79"
                        ],
                        [
                            "-82.06",
                            "38.73"
                        ],
                        [
                            "-80.82",
                            "40.08"
                        ],
                        [
                            "-79.17",
                            "42.18"
                        ],
                        [
                            "-76.15",
                            "43.15"
                        ],
                        [
                            "-75.85",
                            "43.53"
                        ],
                        [
                            "-75.21",
                            "44.29"
                        ],
                        [
                            "-75.03",
                            "44.51"
                        ],
                        [
                            "-74.59",
                            "44.51"
                        ]
                    ]
                ]
            },
            "properties": {
                "forecastId": null,
                "geometryId": null,
                "tag": "4E",
                "forecastHour": 3,
                "hazard": "MT_OBSC",
                "frequency": null,
                "severity": null,
                "status": "NRML",
                "base": null,
                "top": null,
                "fzlBase": null,
                "fzlTop": null,
                "level": null,
                "product": "SIERRA",
                "rawAirSigmet": "MTNS OBSC BY CLDS BR FG",
                "validTimeTo": "2026-08-03T12:00:00.000",
                "validTimeFrom": [
                    "2026-08-03T11:20"
                ]
            }
        },
        {
            "type": "Feature",
            "geometry": {
                "type": "Polygon",
                "coordinates": [
                    [
                        [
                            "-71.52",
                            "45.20"
                        ],
                        [
                            "-71.66",
                            "44.06"
                        ],
                        [
                            "-72.23",
                            "43.61"
                        ],
                        [
                            "-72.99",
                            "43.35"
                        ],
                        [
                            "-73.83",
                            "43.72"
                        ],
                        [
                            "-73.37",
                            "45.09"
                        ],
                        [
                            "-71.52",
                            "45.20"
                        ]
                    ]
                ]
            },
            "properties": {
                "forecastId": null,
                "geometryId": null,
                "tag": "3W",
                "forecastHour": 3,
                "hazard": "LLWS",
                "frequency": null,
                "severity": null,
                "status": "NRML",
                "base": null,
                "top": null,
                "fzlBase": null,
                "fzlTop": null,
                "level": null,
                "product": "TANGO",
                "rawAirSigmet": "AIR SPEED LOSS OR GAIN OF 20KTS OR MORE BELOW 2000 FT AGL",
                "validTimeTo": "2026-08-03T12:00:00.000",
                "validTimeFrom": [
                    "2026-08-03T08:45"
                ]
            }
        },
        {
            "type": "Feature",
            "geometry": {
                "type": "Polygon",
                "coordinates": [
                    [
                        [
                            "-70.87",
                            "43.34"
                        ],
                        [
                            "-69.60",
                            "43.01"
                        ],
                        [
                            "-69.33",
                            "42.60"
                        ],
                        [
                            "-69.16",
                            "41.92"
                        ],
                        [
                            "-69.52",
                            "41.27"
                        ],
                        [
                            "-70.08",
                            "41.05"
                        ],
                        [
                            "-71.15",
                            "41.05"
                        ],
                        [
                            "-71.88",
                            "41.08"
                        ],
                        [
                            "-72.22",
                            "41.23"
                        ],
                        [
                            "-72.19",
                            "42.28"
                        ],
                        [
                            "-71.82",
                            "42.79"
                        ],
                        [
                            "-70.87",
                            "43.34"
                        ]
                    ]
                ]
            },
            "properties": {
                "forecastId": null,
                "geometryId": null,
                "tag": "2W",
                "forecastHour": 3,
                "hazard": "LLWS",
                "frequency": null,
                "severity": null,
                "status": "NRML",
                "base": null,
                "top": null,
                "fzlBase": null,
                "fzlTop": null,
                "level": null,
                "product": "TANGO",
                "rawAirSigmet": "AIR SPEED LOSS OR GAIN OF 20KTS OR MORE BELOW 2000 FT AGL",
                "validTimeTo": "2026-08-03T12:00:00.000",
                "validTimeFrom": [
                    "2026-08-03T08:45"
                ]
            }
        },
        {
            "type": "Feature",
            "geometry": {
                "type": "Polygon",
                "coordinates": [
                    [
                        [
                            "-109.15",
                            "42.63"
                        ],
                        [
                            "-108.51",
                            "42.32"
                        ],
                        [
                            "-108.61",
                            "41.52"
                        ],
                        [
                            "-107.30",
                            "41.74"
                        ],
                        [
                            "-106.23",
                            "42.08"
                        ],
                        [
                            "-105.43",
                            "42.17"
                        ],
                        [
                            "-104.85",
                            "41.29"
                        ],
                        [
                            "-104.34",
                            "39.87"
                        ],
                        [
                            "-106.35",
                            "39.11"
                        ],
                        [
                            "-107.85",
                            "39.80"
                        ],
                        [
                            "-108.18",
                            "39.55"
                        ],
                        [
                            "-107.31",
                            "39.01"
                        ],
                        [
                            "-106.84",
                            "38.44"
                        ],
                        [
                            "-107.14",
                            "38.07"
                        ],
                        [
                            "-108.77",
                            "38.85"
                        ],
                        [
                            "-110.61",
                            "38.94"
                        ],
                        [
                            "-112.24",
                            "38.40"
                        ],
                        [
                            "-111.65",
                            "38.06"
                        ],
                        [
                            "-112.55",
                            "37.56"
                        ],
                        [
                            "-113.29",
                            "37.16"
                        ],
                        [
                            "-113.93",
                            "36.94"
                        ],
                        [
                            "-114.82",
                            "37.06"
                        ],
                        [
                            "-115.57",
                            "37.23"
                        ],
                        [
                            "-116.20",
                            "36.99"
                        ],
                        [
                            "-116.62",
                            "37.28"
                        ],
                        [
                            "-116.23",
                            "37.77"
                        ],
                        [
                            "-115.07",
                            "37.98"
                        ],
                        [
                            "-114.30",
                            "38.00"
                        ],
                        [
                            "-113.55",
                            "38.66"
                        ],
                        [
                            "-114.03",
                            "38.99"
                        ],
                        [
                            "-114.09",
                            "39.59"
                        ],
                        [
                            "-114.51",
                            "40.50"
                        ],
                        [
                            "-114.95",
                            "40.46"
                        ],
                        [
                            "-115.77",
                            "39.94"
                        ],
                        [
                            "-117.43",
                            "39.59"
                        ],
                        [
                            "-116.75",
                            "40.38"
                        ],
                        [
                            "-115.35",
                            "41.27"
                        ],
                        [
                            "-113.50",
                            "41.67"
                        ],
                        [
                            "-111.14",
                            "42.11"
                        ],
                        [
                            "-109.73",
                            "42.50"
                        ],
                        [
                            "-109.15",
                            "42.63"
                        ]
                    ]
                ]
            },
            "properties": {
                "forecastId": null,
                "geometryId": null,
                "tag": "1E",
                "forecastHour": 3,
                "hazard": "MT_OBSC",
                "frequency": null,
                "severity": null,
                "status": "NRML",
                "base": null,
                "top": null,
                "fzlBase": null,
                "fzlTop": null,
                "level": null,
                "product": "SIERRA",
                "rawAirSigmet": "FU HZ",
                "validTimeTo": "2026-08-03T12:00:00.000",
                "validTimeFrom": [
                    "2026-08-03T11:20"
                ]
            }
        }
    ],
    "metadata": {
        "creationTime": "2026-08-03T12:33"
    }
}