{
    "type": "FeatureCollection",
    "features": [
        {
            "type": "Feature",
            "geometry": {
                "type": "Polygon",
                "coordinates": [
                    [
                        [
                            "-90.72",
                            "31.99"
                        ],
                        [
                            "-91.45",
                            "31.71"
                        ],
                        [
                            "-92.02",
                            "31.40"
                        ],
                        [
                            "-92.43",
                            "31.00"
                        ],
                        [
                            "-92.47",
                            "30.64"
                        ],
                        [
                            "-92.31",
                            "30.27"
                        ],
                        [
                            "-92.06",
                            "29.82"
                        ],
                        [
                            "-91.66",
                            "29.19"
                        ],
                        [
                            "-91.25",
                            "28.95"
                        ],
                        [
                            "-90.42",
                            "28.99"
                        ],
                        [
                            "-89.99",
                            "29.18"
                        ],
                        [
                            "-89.55",
                            "29.57"
                        ],
                        [
                            "-89.19",
                            "30.19"
                        ],
                        [
                            "-89.00",
                            "30.54"
                        ],
                        [
                            "-88.71",
                            "31.26"
                        ],
                        [
                            "-88.97",
                            "32.00"
                        ],
                        [
                            "-89.43",
                            "32.22"
                        ],
                        [
                            "-90.29",
                            "32.12"
                        ],
                        [
                            "-90.72",
                            "31.99"
                        ]
                    ]
                ]
            },
            "properties": {
                "forecastId": null,
                "geometryId": null,
                "tag": "1C",
                "forecastHour": 0,
                "hazard": "FZLVL",
                "frequency": null,
                "severity": null,
                "status": "NRML",
                "base": null,
                "top": null,
                "fzlBase": null,
                "fzlTop": null,
                "level": "160",
                "product": "ZULU",
                "rawAirSigmet": null,
                "validTimeTo": "2026-08-06T09:00:00.000",
                "validTimeFrom": [
                    "2026-08-06T08:45"
                ]
            }
        },
        {
            "type": "Feature",
            "geometry": {
                "type": "Polygon",
                "coordinates": [
                    [
                        [
                            "-120.44",
                            "40.44"
                        ],
                        [
                            "-119.95",
                            "39.92"
                        ],
                        [
                            "-119.76",
                            "38.55"
                        ],
                        [
                            "-119.29",
                            "37.04"
                        ],
                        [
                            "-119.64",
                            "36.80"
                        ],
                        [
                            "-120.09",
                            "37.24"
                        ],
                        [
                            "-120.75",
                            "38.04"
                        ],
                        [
                            "-121.55",
                            "39.92"
                        ],
                        [
                            "-120.44",
                            "40.44"
                        ]
                    ]
                ]
            },
            "properties": {
                "forecastId": null,
                "geometryId": null,
                "tag": "2E",
                "forecastHour": 0,
                "hazard": "MT_OBSC",
                "frequency": null,
                "severity": null,
                "status": "NRML",
                "base": null,
                "top": null,
                "fzlBase": null,
                "fzlTop": null,
                "level": null,
                "product": "SIERRA",
                "rawAirSigmet": "FU HZ",
                "validTimeTo": "2026-08-06T09:00:00.000",
                "validTimeFrom": [
                    "2026-08-06T08:45"
                ]
            }
        },
        {
            "type": "Feature",
            "geometry": {
                "type": "Polygon",
                "coordinates": [
                    [
                        [
                            "-103.79",
                            "23.84"
                        ],
                        [
                            "-103.78",
                            "23.83"
                        ],
                        [
                            "-103.49",
                            "23.48"
                        ],
                        [
                            "-103.41",
                            "23.12"
                        ],
                        [
                            "-103.39",
                            "22.75"
                        ],
                        [
                            "-103.42",
                            "22.39"
                        ],
                        [
                            "-103.63",
                            "22.01"
                        ],
                        [
                            "-103.66",
                            "21.98"
                        ],
                        [
                            "-104.06",
                            "21.95"
                        ],
                        [
                            "-104.13",
                            "21.98"
                        ],
                        [
                            "-104.40",
                            "22.33"
                        ],
                        [
                            "-104.38",
                            "22.69"
                        ],
                        [
                            "-104.30",
                            "23.07"
                        ],
                        [
                            "-104.22",
                            "23.44"
                        ],
                        [
                            "-104.18",
                            "23.58"
                        ],
                        [
                            "-103.83",
                            "23.83"
                        ],
                        [
                            "-103.79",
                            "23.84"
                        ]
                    ]
                ]
            },
            "properties": {
                "forecastId": null,
                "geometryId": null,
                "tag": "1C",
                "forecastHour": 0,
                "hazard": "FZLVL",
                "frequency": null,
                "severity": null,
                "status": "NRML",
                "base": null,
                "top": null,
                "fzlBase": null,
                "fzlTop": null,
                "level": "160",
                "product": "ZULU",
                "rawAirSigmet": null,
                "validTimeTo": "2026-08-06T09:00:00.000",
                "validTimeFrom": [
                    "2026-08-06T08:45"
                ]
            }
        },
        {
            "type": "Feature",
            "geometry": {
                "type": "Polygon",
                "coordinates": [
                    [
                        [
                            "-120.56",
                            "49.06"
                        ],
                        [
                            "-118.81",
                            "48.99"
                        ],
                        [
                            "-115.62",
                            "48.94"
                        ],
                        [
                            "-111.70",
                            "48.91"
                        ],
                        [
                            "-111.62",
                            "47.84"
                        ],
                        [
                            "-110.14",
                            "47.01"
                        ],
                        [
                            "-109.60",
                            "46.45"
                        ],
                        [
                            "-108.24",
                            "45.78"
                        ],
                        [
                            "-107.29",
                            "45.09"
                        ],
                        [
                            "-105.83",
                            "42.96"
                        ],
                        [
                            "-105.86",
                            "42.12"
                        ],
                        [
                            "-105.88",
                            "41.22"
                        ],
                        [
                            "-106.37",
                            "40.67"
                        ],
                        [
                            "-107.59",
                            "39.90"
                        ],
                        [
                            "-108.72",
                            "40.12"
                        ],
                        [
                            "-111.03",
                            "41.30"
                        ],
                        [
                            "-112.35",
                            "41.95"
                        ],
                        [
                            "-112.72",
                            "41.59"
                        ],
                        [
                            "-114.00",
                            "41.40"
                        ],
                        [
                            "-116.63",
                            "41.58"
                        ],
                        [
                            "-117.39",
                            "42.08"
                        ],
                        [
                            "-118.51",
                            "42.78"
                        ],
                        [
                            "-119.70",
                            "42.42"
                        ],
                        [
                            "-120.50",
                            "42.10"
                        ],
                        [
                            "-121.35",
                            "41.22"
                        ],
                        [
                            "-122.62",
                            "41.55"
                        ],
                        [
                            "-124.40",
                            "42.55"
                        ],
                        [
                            "-124.31",
                            "43.03"
                        ],
                        [
                            "-123.80",
                            "45.76"
                        ],
                        [
                            "-122.82",
                            "45.94"
                        ],
                        [
                            "-122.02",
                            "48.28"
                        ],
                        [
                            "-120.56",
                            "49.06"
                        ]
                    ]
                ]
            },
            "properties": {
                "forecastId": null,
                "geometryId": null,
                "tag": "1E",
                "forecastHour": 0,
                "hazard": "MT_OBSC",
                "frequency": null,
                "severity": null,
                "status": "NRML",
                "base": null,
                "top": null,
                "fzlBase": null,
                "fzlTop": null,
                "level": null,
                "product": "SIERRA",
                "rawAirSigmet": "FU HZ",
                "validTimeTo": "2026-08-06T09:00:00.000",
                "validTimeFrom": [
                    "2026-08-06T08:45"
                ]
            }
        },
        {
            "type": "Feature",
            "geometry": {
                "type": "LineString",
                "coordinates": [
                    [
                        "-135.89",
                        "46.45"
                    ],
                    [
                        "-135.68",
                        "46.80"
                    ],
                    [
                        "-135.64",
                        "47.04"
                    ],
                    [
                        "-135.64",
                        "47.16"
                    ],
                    [
                        "-135.72",
                        "47.49"
                    ],
                    [
                        "-135.76",
                        "47.84"
                    ],
                    [
                        "-135.69",
                        "48.20"
                    ],
                    [
                        "-135.67",
                        "48.23"
                    ],
                    [
                        "-135.53",
                        "48.58"
                    ],
                    [
                        "-135.40",
                        "48.78"
                    ],
                    [
                        "-135.31",
                        "48.97"
                    ],
                    [
                        "-135.16",
                        "49.35"
                    ],
                    [
                        "-135.15",
                        "49.39"
                    ],
                    [
                        "-135.13",
                        "49.70"
                    ],
                    [
                        "-135.18",
                        "50.03"
                    ],
                    [
                        "-135.31",
                        "50.35"
                    ],
                    [
                        "-135.48",
                        "50.66"
                    ],
                    [
                        "-135.68",
                        "50.96"
                    ],
                    [
                        "-135.88",
                        "51.26"
                    ],
                    [
                        "-136.05",
                        "51.57"
                    ],
                    [
                        "-136.20",
                        "51.88"
                    ],
                    [
                        "-136.34",
                        "52.19"
                    ],
                    [
                        "-136.51",
                        "52.49"
                    ],
                    [
                        "-136.70",
                        "52.79"
                    ],
                    [
                        "-136.87",
                        "53.09"
                    ]
                ]
            },
            "properties": {
                "forecastId": null,
                "geometryId": null,
                "tag": "1C",
                "forecastHour": 0,
                "hazard": "FZLVL",
                "frequency": null,
                "severity": null,
                "status": "NRML",
                "base": null,
                "top": null,
                "fzlBase": null,
                "fzlTop": null,
                "level": "120",
                "product": "ZULU",
                "rawAirSigmet": null,
                "validTimeTo": "2026-08-06T09:00:00.000",
                "validTimeFrom": [
                    "2026-08-06T08:45"
                ]
            }
        },
        {
            "type": "Feature",
            "geometry": {
                "type": "LineString",
                "coordinates": [
                    [
                        "-74.09",
                        "57.51"
                    ],
                    [
                        "-74.19",
                        "57.21"
                    ],
                    [
                        "-74.26",
                        "56.91"
                    ],
                    [
                        "-74.28",
                        "56.60"
                    ],
                    [
                        "-74.18",
                        "56.28"
                    ],
                    [
                        "-74.00",
                        "56.09"
                    ],
                    [
                        "-73.52",
                        "56.23"
                    ],
                    [
                        "-73.39",
                        "56.24"
                    ],
                    [
                        "-73.00",
                        "56.49"
                    ],
                    [
                        "-72.73",
                        "56.60"
                    ],
                    [
                        "-72.50",
                        "56.75"
                    ],
                    [
                        "-72.06",
                        "57.02"
                    ],
                    [
                        "-72.03",
                        "57.05"
                    ],
                    [
                        "-71.78",
                        "57.30"
                    ]
                ]
            },
            "properties": {
                "forecastId": null,
                "geometryId": null,
                "tag": "1C",
                "forecastHour": 0,
                "hazard": "FZLVL",
                "frequency": null,
                "severity": null,
                "status": "NRML",
                "base": null,
                "top": null,
                "fzlBase": null,
                "fzlTop": null,
                "level": "080",
                "product": "ZULU",
                "rawAirSigmet": null,
                "validTimeTo": "2026-08-06T09:00:00.000",
                "validTimeFrom": [
                    "2026-08-06T08:45"
                ]
            }
        },
        {
            "type": "Feature",
            "geometry": {
                "type": "Polygon",
                "coordinates": [
                    [
                        [
                            "-100.95",
                            "22.94"
                        ],
                        [
                            "-100.56",
                            "22.98"
                        ],
                        [
                            "-100.40",
                            "22.89"
                        ],
                        [
                            "-100.14",
                            "22.61"
                        ],
                        [
                            "-100.10",
                            "22.54"
                        ],
                        [
                            "-100.03",
                            "22.18"
                        ],
                        [
                            "-100.10",
                            "21.81"
                        ],
                        [
                            "-100.11",
                            "21.80"
                        ],
                        [
                            "-100.50",
                            "21.60"
                        ],
                        [
                            "-100.72",
                            "21.79"
                        ],
                        [
                            "-100.90",
                            "21.95"
                        ],
                        [
                            "-101.01",
                            "22.14"
                        ],
                        [
                            "-101.14",
                            "22.50"
                        ],
                        [
                            "-101.04",
                            "22.87"
                        ],
                        [
                            "-100.95",
                            "22.94"
                        ]
                    ]
                ]
            },
            "properties": {
                "forecastId": null,
                "geometryId": null,
                "tag": "1C",
                "forecastHour": 0,
                "hazard": "FZLVL",
                "frequency": null,
                "severity": null,
                "status": "NRML",
                "base": null,
                "top": null,
                "fzlBase": null,
                "fzlTop": null,
                "level": "160",
                "product": "ZULU",
                "rawAirSigmet": null,
                "validTimeTo": "2026-08-06T09:00:00.000",
                "validTimeFrom": [
                    "2026-08-06T08:45"
                ]
            }
        },
        {
            "type": "Feature",
            "geometry": {
                "type": "Polygon",
                "coordinates": [
                    [
                        [
                            "-124.84",
                            "47.89"
                        ],
                        [
                            "-123.90",
                            "47.59"
                        ],
                        [
                            "-123.54",
                            "47.25"
                        ],
                        [
                            "-123.46",
                            "46.16"
                        ],
                        [
                            "-123.55",
                            "45.15"
                        ],
                        [
                            "-124.12",
                            "43.56"
                        ],
                        [
                            "-123.81",
                            "42.64"
                        ],
                        [
                            "-123.44",
                            "40.94"
                        ],
                        [
                            "-124.06",
                            "40.27"
                        ],
                        [
                            "-123.51",
                            "39.11"
                        ],
                        [
                            "-121.92",
                            "38.23"
                        ],
                        [
                            "-121.24",
                            "36.77"
                        ],
                        [
                            "-121.11",
                            "35.77"
                        ],
                        [
                            "-120.38",
                            "35.20"
                        ],
                        [
                            "-119.18",
                            "34.41"
                        ],
                        [
                            "-118.52",
                            "33.72"
                        ],
                        [
                            "-117.60",
                            "32.22"
                        ],
                        [
                            "-118.08",
                            "31.90"
                        ],
                        [
                            "-119.24",
                            "31.97"
                        ],
                        [
                            "-120.32",
                            "33.26"
                        ],
                        [
                            "-121.45",
                            "34.08"
                        ],
                        [
                            "-122.73",
                            "34.63"
                        ],
                        [
                            "-123.88",
                            "34.97"
                        ],
                        [
                            "-126.97",
                            "39.97"
                        ],
                        [
                            "-126.73",
                            "42.45"
                        ],
                        [
                            "-126.44",
                            "45.02"
                        ],
                        [
                            "-126.76",
                            "45.94"
                        ],
                        [
                            "-125.39",
                            "47.77"
                        ],
                        [
                            "-124.84",
                            "47.89"
                        ]
                    ]
                ]
            },
            "properties": {
                "forecastId": null,
                "geometryId": null,
                "tag": "3E",
                "forecastHour": 0,
                "hazard": "IFR",
                "frequency": null,
                "severity": null,
                "status": "NRML",
                "base": null,
                "top": null,
                "fzlBase": null,
                "fzlTop": null,
                "level": null,
                "product": "SIERRA",
                "rawAirSigmet": "CIG BLW 010 VIS BLW 3SM BR FG",
                "validTimeTo": "2026-08-06T09:00:00.000",
                "validTimeFrom": [
                    "2026-08-06T08:45"
                ]
            }
        },
        {
            "type": "Feature",
            "geometry": {
                "type": "Polygon",
                "coordinates": [
                    [
                        [
                            "-94.28",
                            "38.86"
                        ],
                        [
                            "-93.72",
                            "38.72"
                        ],
                        [
                            "-93.45",
                            "38.33"
                        ],
                        [
                            "-93.66",
                            "37.98"
                        ],
                        [
                            "-94.13",
                            "37.77"
                        ],
                        [
                            "-95.07",
                            "37.39"
                        ],
                        [
                            "-96.44",
                            "36.97"
                        ],
                        [
                            "-97.93",
                            "36.65"
                        ],
                        [
                            "-99.16",
                            "36.50"
                        ],
                        [
                            "-99.99",
                            "36.45"
                        ],
                        [
                            "-100.39",
                            "36.54"
                        ],
                        [
                            "-100.66",
                            "36.79"
                        ],
                        [
                            "-100.65",
                            "37.09"
                        ],
                        [
                            "-100.42",
                            "37.45"
                        ],
                        [
                            "-99.56",
                            "37.87"
                        ],
                        [
                            "-98.23",
                            "38.31"
                        ],
                        [
                            "-96.84",
                            "38.65"
                        ],
                        [
                            "-95.58",
                            "38.78"
                        ],
                        [
                            "-94.28",
                            "38.86"
                        ]
                    ]
                ]
            },
            "properties": {
                "forecastId": null,
                "geometryId": null,
                "tag": "1W",
                "forecastHour": 0,
                "hazard": "LLWS",
                "frequency": null,
                "severity": null,
                "status": "NRML",
                "base": null,
                "top": null,
                "fzlBase": null,
                "fzlTop": null,
                "level": null,
                "product": "TANGO",
                "rawAirSigmet": "AIR SPEED LOSS OR GAIN OF 20KTS OR MORE BELOW 2000 FT AGL",
                "validTimeTo": "2026-08-06T09:00:00.000",
                "validTimeFrom": [
                    "2026-08-06T08:45"
                ]
            }
        },
        {
            "type": "Feature",
            "geometry": {
                "type": "Polygon",
                "coordinates": [
                    [
                        [
                            "-112.18",
                            "39.30"
                        ],
                        [
                            "-110.99",
                            "38.59"
                        ],
                        [
                            "-109.37",
                            "38.07"
                        ],
                        [
                            "-109.12",
                            "37.72"
                        ],
                        [
                            "-110.84",
                            "36.82"
                        ],
                        [
                            "-112.06",
                            "37.23"
                        ],
                        [
                            "-112.46",
                            "38.16"
                        ],
                        [
                            "-112.69",
                            "38.51"
                        ],
                        [
                            "-112.81",
                            "39.17"
                        ],
                        [
                            "-112.18",
                            "39.30"
                        ]
                    ]
                ]
            },
            "properties": {
                "forecastId": null,
                "geometryId": null,
                "tag": "6E",
                "forecastHour": 0,
                "hazard": "MT_OBSC",
                "frequency": null,
                "severity": null,
                "status": "NRML",
                "base": null,
                "top": null,
                "fzlBase": null,
                "fzlTop": null,
                "level": null,
                "product": "SIERRA",
                "rawAirSigmet": "FU HZ",
                "validTimeTo": "2026-08-06T09:00:00.000",
                "validTimeFrom": [
                    "2026-08-06T08:45"
                ]
            }
        },
        {
            "type": "Feature",
            "geometry": {
                "type": "Polygon",
                "coordinates": [
                    [
                        [
                            "-104.27",
                            "39.47"
                        ],
                        [
                            "-103.52",
                            "37.26"
                        ],
                        [
                            "-103.99",
                            "36.72"
                        ],
                        [
                            "-105.16",
                            "37.48"
                        ],
                        [
                            "-105.70",
                            "38.19"
                        ],
                        [
                            "-106.02",
                            "39.18"
                        ],
                        [
                            "-104.27",
                            "39.47"
                        ]
                    ]
                ]
            },
            "properties": {
                "forecastId": null,
                "geometryId": null,
                "tag": "4E",
                "forecastHour": 0,
                "hazard": "MT_OBSC",
                "frequency": null,
                "severity": null,
                "status": "NRML",
                "base": null,
                "top": null,
                "fzlBase": null,
                "fzlTop": null,
                "level": null,
                "product": "SIERRA",
                "rawAirSigmet": "MTNS OBSC BY CLDS",
                "validTimeTo": "2026-08-06T09:00:00.000",
                "validTimeFrom": [
                    "2026-08-06T08:45"
                ]
            }
        },
        {
            "type": "Feature",
            "geometry": {
                "type": "LineString",
                "coordinates": [
                    [
                        "-65.50",
                        "32.75"
                    ],
                    [
                        "-65.91",
                        "32.85"
                    ],
                    [
                        "-66.70",
                        "33.21"
                    ],
                    [
                        "-67.09",
                        "33.43"
                    ],
                    [
                        "-67.85",
                        "33.83"
                    ],
                    [
                        "-68.26",
                        "34.07"
                    ],
                    [
                        "-68.63",
                        "34.39"
                    ],
                    [
                        "-68.73",
                        "35.08"
                    ],
                    [
                        "-68.32",
                        "35.75"
                    ],
                    [
                        "-67.99",
                        "36.06"
                    ],
                    [
                        "-67.68",
                        "36.44"
                    ],
                    [
                        "-67.43",
                        "37.06"
                    ],
                    [
                        "-67.01",
                        "37.72"
                    ],
                    [
                        "-66.60",
                        "38.02"
                    ],
                    [
                        "-65.86",
                        "38.10"
                    ],
                    [
                        "-64.99",
                        "37.91"
                    ],
                    [
                        "-64.15",
                        "37.63"
                    ]
                ]
            },
            "properties": {
                "forecastId": null,
                "geometryId": null,
                "tag": "1C",
                "forecastHour": 0,
                "hazard": "FZLVL",
                "frequency": null,
                "severity": null,
                "status": "NRML",
                "base": null,
                "top": null,
                "fzlBase": null,
                "fzlTop": null,
                "level": "160",
                "product": "ZULU",
                "rawAirSigmet": null,
                "validTimeTo": "2026-08-06T09:00:00.000",
                "validTimeFrom": [
                    "2026-08-06T08:45"
                ]
            }
        },
        {
            "type": "Feature",
            "geometry": {
                "type": "Polygon",
                "coordinates": [
                    [
                        [
                            "-112.67",
                            "31.13"
                        ],
                        [
                            "-112.56",
                            "30.77"
                        ],
                        [
                            "-112.38",
                            "30.68"
                        ],
                        [
                            "-111.95",
                            "30.62"
                        ],
                        [
                            "-111.78",
                            "30.86"
                        ],
                        [
                            "-111.93",
                            "31.21"
                        ],
                        [
                            "-112.04",
                            "31.27"
                        ],
                        [
                            "-112.47",
                            "31.28"
                        ],
                        [
                            "-112.67",
                            "31.13"
                        ]
                    ]
                ]
            },
            "properties": {
                "forecastId": null,
                "geometryId": null,
                "tag": "1C",
                "forecastHour": 0,
                "hazard": "FZLVL",
                "frequency": null,
                "severity": null,
                "status": "NRML",
                "base": null,
                "top": null,
                "fzlBase": null,
                "fzlTop": null,
                "level": "160",
                "product": "ZULU",
                "rawAirSigmet": null,
                "validTimeTo": "2026-08-06T09:00:00.000",
                "validTimeFrom": [
                    "2026-08-06T08:45"
                ]
            }
        },
        {
            "type": "Feature",
            "geometry": {
                "type": "Polygon",
                "coordinates": [
                    [
                        [
                            "-71.19",
                            "45.54"
                        ],
                        [
                            "-70.45",
                            "45.39"
                        ],
                        [
                            "-70.12",
                            "44.27"
                        ],
                        [
                            "-71.22",
                            "43.35"
                        ],
                        [
                            "-72.76",
                            "42.53"
                        ],
                        [
                            "-73.75",
                            "42.17"
                        ],
                        [
                            "-76.92",
                            "40.24"
                        ],
                        [
                            "-80.05",
                            "36.45"
                        ],
                        [
                            "-80.83",
                            "35.22"
                        ],
                        [
                            "-84.36",
                            "33.62"
                        ],
                        [
                            "-85.07",
                            "34.94"
                        ],
                        [
                            "-85.05",
                            "35.99"
                        ],
                        [
                            "-85.17",
                            "36.52"
                        ],
                        [
                            "-82.29",
                            "38.57"
                        ],
                        [
                            "-78.97",
                            "42.19"
                        ],
                        [
                            "-76.33",
                            "43.05"
                        ],
                        [
                            "-75.89",
                            "43.32"
                        ],
                        [
                            "-74.58",
                            "44.03"
                        ],
                        [
                            "-73.43",
                            "43.78"
                        ],
                        [
                            "-72.58",
                            "45.21"
                        ],
                        [
                            "-71.72",
                            "45.34"
                        ],
                        [
                            "-71.19",
                            "45.54"
                        ]
                    ]
                ]
            },
            "properties": {
                "forecastId": null,
                "geometryId": null,
                "tag": "3E",
                "forecastHour": 0,
                "hazard": "MT_OBSC",
                "frequency": null,
                "severity": null,
                "status": "NRML",
                "base": null,
                "top": null,
                "fzlBase": null,
                "fzlTop": null,
                "level": null,
                "product": "SIERRA",
                "rawAirSigmet": "MTNS OBSC BY CLDS PCPN BR",
                "validTimeTo": "2026-08-06T09:00:00.000",
                "validTimeFrom": [
                    "2026-08-06T08:45"
                ]
            }
        },
        {
            "type": "Feature",
            "geometry": {
                "type": "LineString",
                "coordinates": [
                    [
                        "-75.44",
                        "18.37"
                    ],
                    [
                        "-75.42",
                        "18.41"
                    ],
                    [
                        "-75.13",
                        "18.70"
                    ],
                    [
                        "-74.95",
                        "18.90"
                    ],
                    [
                        "-74.79",
                        "19.02"
                    ],
                    [
                        "-74.53",
                        "19.13"
                    ],
                    [
                        "-74.24",
                        "18.94"
                    ],
                    [
                        "-74.46",
                        "18.60"
                    ],
                    [
                        "-74.64",
                        "18.26"
                    ]
                ]
            },
            "properties": {
                "forecastId": null,
                "geometryId": null,
                "tag": "1C",
                "forecastHour": 0,
                "hazard": "FZLVL",
                "frequency": null,
                "severity": null,
                "status": "NRML",
                "base": null,
                "top": null,
                "fzlBase": null,
                "fzlTop": null,
                "level": "160",
                "product": "ZULU",
                "rawAirSigmet": null,
                "validTimeTo": "2026-08-06T09:00:00.000",
                "validTimeFrom": [
                    "2026-08-06T08:45"
                ]
            }
        },
        {
            "type": "Feature",
            "geometry": {
                "type": "Polygon",
                "coordinates": [
                    [
                        [
                            "-78.72",
                            "42.44"
                        ],
                        [
                            "-78.32",
                            "41.50"
                        ],
                        [
                            "-79.61",
                            "40.87"
                        ],
                        [
                            "-79.35",
                            "39.89"
                        ],
                        [
                            "-79.00",
                            "39.65"
                        ],
                        [
                            "-79.14",
                            "38.74"
                        ],
                        [
                            "-79.92",
                            "37.39"
                        ],
                        [
                            "-81.42",
                            "35.42"
                        ],
                        [
                            "-82.72",
                            "34.19"
                        ],
                        [
                            "-83.58",
                            "35.04"
                        ],
                        [
                            "-83.94",
                            "36.06"
                        ],
                        [
                            "-83.59",
                            "37.13"
                        ],
                        [
                            "-83.76",
                            "38.73"
                        ],
                        [
                            "-82.85",
                            "39.97"
                        ],
                        [
                            "-80.72",
                            "41.88"
                        ],
                        [
                            "-78.72",
                            "42.44"
                        ]
                    ]
                ]
            },
            "properties": {
                "forecastId": null,
                "geometryId": null,
                "tag": "2E",
                "forecastHour": 0,
                "hazard": "IFR",
                "frequency": null,
                "severity": null,
                "status": "NRML",
                "base": null,
                "top": null,
                "fzlBase": null,
                "fzlTop": null,
                "level": null,
                "product": "SIERRA",
                "rawAirSigmet": "CIG BLW 010 VIS BLW 3SM PCPN BR FG",
                "validTimeTo": "2026-08-06T09:00:00.000",
                "validTimeFrom": [
                    "2026-08-06T08:45"
                ]
            }
        },
        {
            "type": "Feature",
            "geometry": {
                "type": "Polygon",
                "coordinates": [
                    [
                        [
                            "-82.19",
                            "31.00"
                        ],
                        [
                            "-81.77",
                            "30.39"
                        ],
                        [
                            "-82.02",
                            "29.75"
                        ],
                        [
                            "-82.04",
                            "29.32"
                        ],
                        [
                            "-82.39",
                            "28.55"
                        ],
                        [
                            "-82.07",
                            "28.25"
                        ],
                        [
                            "-82.00",
                            "27.76"
                        ],
                        [
                            "-81.85",
                            "27.04"
                        ],
                        [
                            "-82.27",
                            "26.40"
                        ],
                        [
                            "-82.79",
                            "26.06"
                        ],
                        [
                            "-83.12",
                            "25.52"
                        ],
                        [
                            "-83.14",
                            "25.52"
                        ],
                        [
                            "-83.24",
                            "26.29"
                        ],
                        [
                            "-83.68",
                            "26.45"
                        ],
                        [
                            "-83.97",
                            "26.50"
                        ],
                        [
                            "-84.14",
                            "27.15"
                        ],
                        [
                            "-83.76",
                            "27.67"
                        ],
                        [
                            "-83.40",
                            "28.60"
                        ],
                        [
                            "-83.22",
                            "29.72"
                        ],
                        [
                            "-82.82",
                            "30.51"
                        ],
                        [
                            "-82.19",
                            "31.00"
                        ]
                    ]
                ]
            },
            "properties": {
                "forecastId": null,
                "geometryId": null,
                "tag": "1C",
                "forecastHour": 0,
                "hazard": "ICE",
                "frequency": null,
                "severity": "MOD",
                "status": "NRML",
                "base": "150",
                "top": "240",
                "fzlBase": null,
                "fzlTop": null,
                "level": null,
                "product": "ZULU",
                "rawAirSigmet": "ICE",
                "validTimeTo": "2026-08-06T09:00:00.000",
                "validTimeFrom": [
                    "2026-08-06T08:45"
                ]
            }
        },
        {
            "type": "Feature",
            "geometry": {
                "type": "LineString",
                "coordinates": [
                    [
                        "-132.22",
                        "37.24"
                    ],
                    [
                        "-131.31",
                        "38.29"
                    ],
                    [
                        "-130.65",
                        "39.43"
                    ],
                    [
                        "-129.14",
                        "42.03"
                    ],
                    [
                        "-128.57",
                        "43.22"
                    ],
                    [
                        "-127.90",
                        "44.19"
                    ],
                    [
                        "-125.92",
                        "46.16"
                    ],
                    [
                        "-124.71",
                        "47.04"
                    ],
                    [
                        "-122.95",
                        "47.30"
                    ],
                    [
                        "-120.60",
                        "47.05"
                    ],
                    [
                        "-118.23",
                        "46.99"
                    ],
                    [
                        "-116.79",
                        "46.65"
                    ],
                    [
                        "-115.26",
                        "46.01"
                    ],
                    [
                        "-113.58",
                        "45.55"
                    ],
                    [
                        "-112.21",
                        "44.77"
                    ],
                    [
                        "-110.88",
                        "43.97"
                    ],
                    [
                        "-109.32",
                        "43.46"
                    ],
                    [
                        "-107.76",
                        "42.70"
                    ],
                    [
                        "-105.75",
                        "42.18"
                    ],
                    [
                        "-104.41",
                        "41.80"
                    ],
                    [
                        "-103.01",
                        "41.03"
                    ],
                    [
                        "-101.84",
                        "40.22"
                    ],
                    [
                        "-100.85",
                        "39.18"
                    ],
                    [
                        "-99.71",
                        "38.17"
                    ],
                    [
                        "-98.43",
                        "37.48"
                    ],
                    [
                        "-96.64",
                        "36.83"
                    ],
                    [
                        "-95.35",
                        "35.98"
                    ],
                    [
                        "-94.14",
                        "35.33"
                    ],
                    [
                        "-92.05",
                        "35.06"
                    ],
                    [
                        "-88.86",
                        "34.85"
                    ],
                    [
                        "-87.29",
                        "34.13"
                    ],
                    [
                        "-86.36",
                        "33.19"
                    ],
                    [
                        "-85.51",
                        "31.91"
                    ],
                    [
                        "-85.11",
                        "31.23"
                    ],
                    [
                        "-85.18",
                        "30.29"
                    ],
                    [
                        "-85.77",
                        "29.66"
                    ],
                    [
                        "-86.47",
                        "29.33"
                    ],
                    [
                        "-87.84",
                        "28.69"
                    ],
                    [
                        "-88.78",
                        "27.96"
                    ],
                    [
                        "-89.34",
                        "26.91"
                    ],
                    [
                        "-90.11",
                        "25.70"
                    ],
                    [
                        "-90.68",
                        "25.44"
                    ],
                    [
                        "-91.75",
                        "25.51"
                    ],
                    [
                        "-93.37",
                        "26.05"
                    ],
                    [
                        "-94.66",
                        "26.79"
                    ],
                    [
                        "-96.05",
                        "27.75"
                    ],
                    [
                        "-97.06",
                        "28.67"
                    ],
                    [
                        "-97.73",
                        "28.99"
                    ],
                    [
                        "-98.67",
                        "29.00"
                    ],
                    [
                        "-99.98",
                        "28.48"
                    ],
                    [
                        "-101.25",
                        "27.98"
                    ],
                    [
                        "-102.39",
                        "27.15"
                    ],
                    [
                        "-104.55",
                        "26.77"
                    ],
                    [
                        "-106.08",
                        "26.09"
                    ],
                    [
                        "-106.77",
                        "25.81"
                    ],
                    [
                        "-107.09",
                        "25.22"
                    ],
                    [
                        "-107.37",
                        "23.76"
                    ],
                    [
                        "-107.75",
                        "23.18"
                    ],
                    [
                        "-108.59",
                        "22.86"
                    ],
                    [
                        "-110.08",
                        "23.32"
                    ],
                    [
                        "-111.35",
                        "23.70"
                    ],
                    [
                        "-112.91",
                        "23.15"
                    ],
                    [
                        "-113.94",
                        "23.22"
                    ],
                    [
                        "-114.59",
                        "23.52"
                    ],
                    [
                        "-115.74",
                        "24.52"
                    ],
                    [
                        "-116.49",
                        "24.79"
                    ],
                    [
                        "-117.22",
                        "24.54"
                    ],
                    [
                        "-118.20",
                        "23.53"
                    ],
                    [
                        "-119.06",
                        "23.33"
                    ],
                    [
                        "-119.67",
                        "23.60"
                    ],
                    [
                        "-120.56",
                        "24.46"
                    ],
                    [
                        "-120.80",
                        "25.35"
                    ],
                    [
                        "-120.38",
                        "25.88"
                    ],
                    [
                        "-119.93",
                        "26.30"
                    ],
                    [
                        "-119.76",
                        "27.12"
                    ],
                    [
                        "-119.14",
                        "28.36"
                    ],
                    [
                        "-117.87",
                        "29.38"
                    ],
                    [
                        "-115.58",
                        "31.19"
                    ],
                    [
                        "-115.50",
                        "31.89"
                    ],
                    [
                        "-116.26",
                        "32.13"
                    ],
                    [
                        "-117.23",
                        "31.80"
                    ],
                    [
                        "-117.63",
                        "31.26"
                    ],
                    [
                        "-122.37",
                        "33.46"
                    ],
                    [
                        "-123.46",
                        "33.56"
                    ],
                    [
                        "-124.42",
                        "32.53"
                    ],
                    [
                        "-126.16",
                        "30.50"
                    ],
                    [
                        "-126.68",
                        "29.60"
                    ],
                    [
                        "-127.44",
                        "28.75"
                    ],
                    [
                        "-129.07",
                        "27.38"
                    ]
                ]
            },
            "properties": {
                "forecastId": null,
                "geometryId": null,
                "tag": "1C",
                "forecastHour": 0,
                "hazard": "FZLVL",
                "frequency": null,
                "severity": null,
                "status": "NRML",
                "base": null,
                "top": null,
                "fzlBase": null,
                "fzlTop": null,
                "level": "160",
                "product": "ZULU",
                "rawAirSigmet": null,
                "validTimeTo": "2026-08-06T09:00:00.000",
                "validTimeFrom": [
                    "2026-08-06T08:45"
                ]
            }
        },
        {
            "type": "Feature",
            "geometry": {
                "type": "Polygon",
                "coordinates": [
                    [
                        [
                            "-82.76",
                            "45.48"
                        ],
                        [
                            "-82.42",
                            "45.17"
                        ],
                        [
                            "-82.07",
                            "43.26"
                        ],
                        [
                            "-83.40",
                            "42.30"
                        ],
                        [
                            "-82.00",
                            "41.60"
                        ],
                        [
                            "-82.48",
                            "40.93"
                        ],
                        [
                            "-83.25",
                            "40.99"
                        ],
                        [
                            "-83.87",
                            "41.33"
                        ],
                        [
                            "-83.86",
                            "42.31"
                        ],
                        [
                            "-83.44",
                            "43.15"
                        ],
                        [
                            "-83.71",
                            "44.12"
                        ],
                        [
                            "-82.76",
                            "45.48"
                        ]
                    ]
                ]
            },
            "properties": {
                "forecastId": null,
                "geometryId": null,
                "tag": "2C",
                "forecastHour": 0,
                "hazard": "ICE",
                "frequency": null,
                "severity": "MOD",
                "status": "NRML",
                "base": "FZL",
                "top": "230",
                "fzlBase": "130",
                "fzlTop": "150",
                "level": null,
                "product": "ZULU",
                "rawAirSigmet": "ICE",
                "validTimeTo": "2026-08-06T09:00:00.000",
                "validTimeFrom": [
                    "2026-08-06T08:45"
                ]
            }
        },
        {
            "type": "Feature",
            "geometry": {
                "type": "LineString",
                "coordinates": [
                    [
                        "-68.79",
                        "18.57"
                    ],
                    [
                        "-69.02",
                        "18.82"
                    ],
                    [
                        "-69.10",
                        "18.95"
                    ],
                    [
                        "-69.22",
                        "19.22"
                    ],
                    [
                        "-69.29",
                        "19.60"
                    ],
                    [
                        "-69.24",
                        "19.97"
                    ],
                    [
                        "-69.03",
                        "20.30"
                    ],
                    [
                        "-68.77",
                        "20.53"
                    ],
                    [
                        "-68.63",
                        "20.60"
                    ],
                    [
                        "-68.34",
                        "20.70"
                    ]
                ]
            },
            "properties": {
                "forecastId": null,
                "geometryId": null,
                "tag": "1C",
                "forecastHour": 0,
                "hazard": "FZLVL",
                "frequency": null,
                "severity": null,
                "status": "NRML",
                "base": null,
                "top": null,
                "fzlBase": null,
                "fzlTop": null,
                "level": "160",
                "product": "ZULU",
                "rawAirSigmet": null,
                "validTimeTo": "2026-08-06T09:00:00.000",
                "validTimeFrom": [
                    "2026-08-06T08:45"
                ]
            }
        },
        {
            "type": "Feature",
            "geometry": {
                "type": "Polygon",
                "coordinates": [
                    [
                        [
                            "-121.32",
                            "45.72"
                        ],
                        [
                            "-120.20",
                            "44.77"
                        ],
                        [
                            "-119.21",
                            "43.96"
                        ],
                        [
                            "-119.55",
                            "42.47"
                        ],
                        [
                            "-120.21",
                            "42.33"
                        ],
                        [
                            "-120.29",
                            "43.23"
                        ],
                        [
                            "-120.59",
                            "43.48"
                        ],
                        [
                            "-121.20",
                            "44.46"
                        ],
                        [
                            "-121.95",
                            "44.66"
                        ],
                        [
                            "-122.09",
                            "45.10"
                        ],
                        [
                            "-121.32",
                            "45.72"
                        ]
                    ]
                ]
            },
            "properties": {
                "forecastId": null,
                "geometryId": null,
                "tag": "6E",
                "forecastHour": 0,
                "hazard": "IFR",
                "frequency": null,
                "severity": null,
                "status": "NRML",
                "base": null,
                "top": null,
                "fzlBase": null,
                "fzlTop": null,
                "level": null,
                "product": "SIERRA",
                "rawAirSigmet": "VIS BLW 3SM HZ FU",
                "validTimeTo": "2026-08-06T09:00:00.000",
                "validTimeFrom": [
                    "2026-08-06T08:45"
                ]
            }
        },
        {
            "type": "Feature",
            "geometry": {
                "type": "Polygon",
                "coordinates": [
                    [
                        [
                            "-114.81",
                            "49.09"
                        ],
                        [
                            "-114.28",
                            "49.02"
                        ],
                        [
                            "-116.87",
                            "47.84"
                        ],
                        [
                            "-118.36",
                            "47.80"
                        ],
                        [
                            "-119.80",
                            "47.41"
                        ],
                        [
                            "-120.24",
                            "47.87"
                        ],
                        [
                            "-120.75",
                            "48.49"
                        ],
                        [
                            "-120.34",
                            "49.09"
                        ],
                        [
                            "-114.81",
                            "49.09"
                        ]
                    ]
                ]
            },
            "properties": {
                "forecastId": null,
                "geometryId": null,
                "tag": "7E",
                "forecastHour": 0,
                "hazard": "IFR",
                "frequency": null,
                "severity": null,
                "status": "NRML",
                "base": null,
                "top": null,
                "fzlBase": null,
                "fzlTop": null,
                "level": null,
                "product": "SIERRA",
                "rawAirSigmet": "VIS BLW 3SM HZ FU",
                "validTimeTo": "2026-08-06T09:00:00.000",
                "validTimeFrom": [
                    "2026-08-06T08:45"
                ]
            }
        },
        {
            "type": "Feature",
            "geometry": {
                "type": "LineString",
                "coordinates": [
                    [
                        "-63.56",
                        "39.58"
                    ],
                    [
                        "-65.39",
                        "40.41"
                    ],
                    [
                        "-66.68",
                        "41.88"
                    ],
                    [
                        "-67.25",
                        "41.77"
                    ],
                    [
                        "-67.51",
                        "41.23"
                    ],
                    [
                        "-68.06",
                        "40.20"
                    ],
                    [
                        "-69.04",
                        "39.67"
                    ],
                    [
                        "-69.55",
                        "38.85"
                    ],
                    [
                        "-70.29",
                        "38.09"
                    ],
                    [
                        "-71.36",
                        "37.74"
                    ],
                    [
                        "-72.57",
                        "37.52"
                    ],
                    [
                        "-73.43",
                        "37.05"
                    ],
                    [
                        "-75.30",
                        "36.18"
                    ],
                    [
                        "-76.98",
                        "36.37"
                    ],
                    [
                        "-78.51",
                        "36.36"
                    ],
                    [
                        "-79.40",
                        "38.14"
                    ],
                    [
                        "-78.85",
                        "39.14"
                    ],
                    [
                        "-77.98",
                        "39.70"
                    ],
                    [
                        "-76.42",
                        "40.88"
                    ],
                    [
                        "-74.53",
                        "41.99"
                    ],
                    [
                        "-69.76",
                        "42.92"
                    ],
                    [
                        "-68.21",
                        "42.87"
                    ],
                    [
                        "-67.77",
                        "43.25"
                    ],
                    [
                        "-67.79",
                        "43.85"
                    ],
                    [
                        "-68.59",
                        "45.46"
                    ],
                    [
                        "-68.82",
                        "46.42"
                    ],
                    [
                        "-68.23",
                        "46.91"
                    ],
                    [
                        "-66.17",
                        "47.86"
                    ],
                    [
                        "-65.21",
                        "48.45"
                    ],
                    [
                        "-64.16",
                        "48.61"
                    ],
                    [
                        "-63.27",
                        "48.06"
                    ],
                    [
                        "-62.98",
                        "47.31"
                    ],
                    [
                        "-63.11",
                        "45.35"
                    ],
                    [
                        "-62.90",
                        "44.33"
                    ],
                    [
                        "-62.32",
                        "43.43"
                    ]
                ]
            },
            "properties": {
                "forecastId": null,
                "geometryId": null,
                "tag": "1C",
                "forecastHour": 0,
                "hazard": "FZLVL",
                "frequency": null,
                "severity": null,
                "status": "NRML",
                "base": null,
                "top": null,
                "fzlBase": null,
                "fzlTop": null,
                "level": "160",
                "product": "ZULU",
                "rawAirSigmet": null,
                "validTimeTo": "2026-08-06T09:00:00.000",
                "validTimeFrom": [
                    "2026-08-06T08:45"
                ]
            }
        },
        {
            "type": "Feature",
            "geometry": {
                "type": "Polygon",
                "coordinates": [
                    [
                        [
                            "-94.75",
                            "48.84"
                        ],
                        [
                            "-93.33",
                            "48.44"
                        ],
                        [
                            "-91.09",
                            "48.03"
                        ],
                        [
                            "-92.99",
                            "47.18"
                        ],
                        [
                            "-94.00",
                            "46.72"
                        ],
                        [
                            "-94.71",
                            "46.36"
                        ],
                        [
                            "-95.72",
                            "45.98"
                        ],
                        [
                            "-96.63",
                            "45.86"
                        ],
                        [
                            "-97.75",
                            "46.11"
                        ],
                        [
                            "-98.17",
                            "46.51"
                        ],
                        [
                            "-98.18",
                            "46.86"
                        ],
                        [
                            "-97.96",
                            "47.27"
                        ],
                        [
                            "-97.50",
                            "47.78"
                        ],
                        [
                            "-96.55",
                            "48.26"
                        ],
                        [
                            "-95.29",
                            "48.82"
                        ],
                        [
                            "-94.75",
                            "48.84"
                        ]
                    ]
                ]
            },
            "properties": {
                "forecastId": null,
                "geometryId": null,
                "tag": "2W",
                "forecastHour": 0,
                "hazard": "LLWS",
                "frequency": null,
                "severity": null,
                "status": "NRML",
                "base": null,
                "top": null,
                "fzlBase": null,
                "fzlTop": null,
                "level": null,
                "product": "TANGO",
                "rawAirSigmet": "AIR SPEED LOSS OR GAIN OF 20KTS OR MORE BELOW 2000 FT AGL",
                "validTimeTo": "2026-08-06T09:00:00.000",
                "validTimeFrom": [
                    "2026-08-06T08:45"
                ]
            }
        },
        {
            "type": "Feature",
            "geometry": {
                "type": "LineString",
                "coordinates": [
                    [
                        "-67.82",
                        "23.10"
                    ],
                    [
                        "-68.17",
                        "23.35"
                    ],
                    [
                        "-68.33",
                        "23.52"
                    ],
                    [
                        "-68.49",
                        "23.73"
                    ],
                    [
                        "-68.63",
                        "23.95"
                    ],
                    [
                        "-68.81",
                        "24.13"
                    ],
                    [
                        "-69.06",
                        "24.39"
                    ],
                    [
                        "-69.15",
                        "24.48"
                    ],
                    [
                        "-69.37",
                        "24.82"
                    ],
                    [
                        "-69.38",
                        "25.20"
                    ],
                    [
                        "-68.95",
                        "25.49"
                    ],
                    [
                        "-68.93",
                        "25.49"
                    ],
                    [
                        "-68.53",
                        "25.45"
                    ],
                    [
                        "-68.30",
                        "25.38"
                    ],
                    [
                        "-68.15",
                        "25.30"
                    ],
                    [
                        "-67.79",
                        "25.07"
                    ],
                    [
                        "-67.43",
                        "24.85"
                    ]
                ]
            },
            "properties": {
                "forecastId": null,
                "geometryId": null,
                "tag": "1C",
                "forecastHour": 0,
                "hazard": "FZLVL",
                "frequency": null,
                "severity": null,
                "status": "NRML",
                "base": null,
                "top": null,
                "fzlBase": null,
                "fzlTop": null,
                "level": "160",
                "product": "ZULU",
                "rawAirSigmet": null,
                "validTimeTo": "2026-08-06T09:00:00.000",
                "validTimeFrom": [
                    "2026-08-06T08:45"
                ]
            }
        },
        {
            "type": "Feature",
            "geometry": {
                "type": "LineString",
                "coordinates": [
                    [
                        "-125.73",
                        "56.47"
                    ],
                    [
                        "-122.91",
                        "55.34"
                    ],
                    [
                        "-119.96",
                        "54.54"
                    ],
                    [
                        "-116.84",
                        "53.40"
                    ],
                    [
                        "-113.84",
                        "52.65"
                    ],
                    [
                        "-112.17",
                        "52.27"
                    ],
                    [
                        "-110.57",
                        "51.73"
                    ],
                    [
                        "-107.66",
                        "50.83"
                    ],
                    [
                        "-104.48",
                        "49.92"
                    ],
                    [
                        "-103.61",
                        "49.02"
                    ],
                    [
                        "-102.49",
                        "48.43"
                    ],
                    [
                        "-98.75",
                        "47.81"
                    ],
                    [
                        "-97.80",
                        "47.02"
                    ],
                    [
                        "-96.99",
                        "45.87"
                    ],
                    [
                        "-95.79",
                        "45.33"
                    ],
                    [
                        "-93.39",
                        "45.44"
                    ],
                    [
                        "-91.59",
                        "45.17"
                    ],
                    [
                        "-90.15",
                        "45.18"
                    ],
                    [
                        "-87.47",
                        "46.51"
                    ],
                    [
                        "-84.10",
                        "47.21"
                    ],
                    [
                        "-82.85",
                        "47.70"
                    ],
                    [
                        "-82.05",
                        "47.94"
                    ],
                    [
                        "-80.84",
                        "47.99"
                    ],
                    [
                        "-79.48",
                        "48.37"
                    ],
                    [
                        "-78.31",
                        "48.90"
                    ],
                    [
                        "-76.79",
                        "49.52"
                    ],
                    [
                        "-76.11",
                        "50.79"
                    ],
                    [
                        "-75.04",
                        "51.47"
                    ],
                    [
                        "-73.94",
                        "52.45"
                    ],
                    [
                        "-72.94",
                        "53.12"
                    ],
                    [
                        "-71.36",
                        "53.81"
                    ],
                    [
                        "-69.91",
                        "54.17"
                    ],
                    [
                        "-68.44",
                        "54.77"
                    ],
                    [
                        "-67.26",
                        "55.64"
                    ],
                    [
                        "-66.13",
                        "56.70"
                    ]
                ]
            },
            "properties": {
                "forecastId": null,
                "geometryId": null,
                "tag": "1C",
                "forecastHour": 0,
                "hazard": "FZLVL",
                "frequency": null,
                "severity": null,
                "status": "NRML",
                "base": null,
                "top": null,
                "fzlBase": null,
                "fzlTop": null,
                "level": "120",
                "product": "ZULU",
                "rawAirSigmet": null,
                "validTimeTo": "2026-08-06T09:00:00.000",
                "validTimeFrom": [
                    "2026-08-06T08:45"
                ]
            }
        },
        {
            "type": "Feature",
            "geometry": {
                "type": "Polygon",
                "coordinates": [
                    [
                        [
                            "-124.36",
                            "42.70"
                        ],
                        [
                            "-123.49",
                            "41.97"
                        ],
                        [
                            "-123.53",
                            "41.01"
                        ],
                        [
                            "-123.34",
                            "40.24"
                        ],
                        [
                            "-123.12",
                            "39.49"
                        ],
                        [
                            "-122.27",
                            "38.40"
                        ],
                        [
                            "-121.91",
                            "38.01"
                        ],
                        [
                            "-120.99",
                            "36.67"
                        ],
                        [
                            "-120.77",
                            "35.64"
                        ],
                        [
                            "-119.40",
                            "34.68"
                        ],
                        [
                            "-118.41",
                            "34.12"
                        ],
                        [
                            "-118.62",
                            "33.93"
                        ],
                        [
                            "-120.68",
                            "34.54"
                        ],
                        [
                            "-121.68",
                            "36.23"
                        ],
                        [
                            "-123.19",
                            "38.67"
                        ],
                        [
                            "-124.33",
                            "40.54"
                        ],
                        [
                            "-124.36",
                            "42.70"
                        ]
                    ]
                ]
            },
            "properties": {
                "forecastId": null,
                "geometryId": null,
                "tag": "5E",
                "forecastHour": 0,
                "hazard": "MT_OBSC",
                "frequency": null,
                "severity": null,
                "status": "NRML",
                "base": null,
                "top": null,
                "fzlBase": null,
                "fzlTop": null,
                "level": null,
                "product": "SIERRA",
                "rawAirSigmet": "MTNS OBSC BY CLDS",
                "validTimeTo": "2026-08-06T09:00:00.000",
                "validTimeFrom": [
                    "2026-08-06T08:45"
                ]
            }
        },
        {
            "type": "Feature",
            "geometry": {
                "type": "Polygon",
                "coordinates": [
                    [
                        [
                            "-84.22",
                            "45.97"
                        ],
                        [
                            "-82.85",
                            "45.29"
                        ],
                        [
                            "-82.54",
                            "44.63"
                        ],
                        [
                            "-82.96",
                            "43.69"
                        ],
                        [
                            "-83.71",
                            "43.03"
                        ],
                        [
                            "-84.66",
                            "42.43"
                        ],
                        [
                            "-86.21",
                            "41.83"
                        ],
                        [
                            "-88.92",
                            "40.82"
                        ],
                        [
                            "-91.09",
                            "40.17"
                        ],
                        [
                            "-93.34",
                            "39.69"
                        ],
                        [
                            "-94.59",
                            "39.62"
                        ],
                        [
                            "-95.32",
                            "39.79"
                        ],
                        [
                            "-95.39",
                            "39.82"
                        ],
                        [
                            "-95.73",
                            "40.28"
                        ],
                        [
                            "-95.67",
                            "40.79"
                        ],
                        [
                            "-95.13",
                            "41.32"
                        ],
                        [
                            "-93.93",
                            "41.76"
                        ],
                        [
                            "-92.18",
                            "42.13"
                        ],
                        [
                            "-90.53",
                            "42.65"
                        ],
                        [
                            "-89.53",
                            "43.12"
                        ],
                        [
                            "-87.98",
                            "43.80"
                        ],
                        [
                            "-86.25",
                            "44.62"
                        ],
                        [
                            "-84.22",
                            "45.97"
                        ]
                    ]
                ]
            },
            "properties": {
                "forecastId": null,
                "geometryId": null,
                "tag": "1W",
                "forecastHour": 0,
                "hazard": "TURB-HI",
                "frequency": null,
                "severity": "MOD",
                "status": "NRML",
                "base": "280",
                "top": "400",
                "fzlBase": null,
                "fzlTop": null,
                "level": null,
                "product": "TANGO",
                "rawAirSigmet": null,
                "validTimeTo": "2026-08-06T09:00:00.000",
                "validTimeFrom": [
                    "2026-08-06T08:45"
                ]
            }
        },
        {
            "type": "Feature",
            "geometry": {
                "type": "Polygon",
                "coordinates": [
                    [
                        [
                            "-70.51",
                            "45.36"
                        ],
                        [
                            "-70.40",
                            "44.29"
                        ],
                        [
                            "-71.78",
                            "42.50"
                        ],
                        [
                            "-69.66",
                            "42.23"
                        ],
                        [
                            "-67.08",
                            "42.23"
                        ],
                        [
                            "-67.11",
                            "41.69"
                        ],
                        [
                            "-67.21",
                            "39.75"
                        ],
                        [
                            "-69.34",
                            "39.69"
                        ],
                        [
                            "-70.67",
                            "39.71"
                        ],
                        [
                            "-71.78",
                            "39.59"
                        ],
                        [
                            "-74.32",
                            "40.13"
                        ],
                        [
                            "-76.67",
                            "40.07"
                        ],
                        [
                            "-76.82",
                            "40.88"
                        ],
                        [
                            "-75.47",
                            "42.02"
                        ],
                        [
                            "-73.34",
                            "42.70"
                        ],
                        [
                            "-72.77",
                            "45.05"
                        ],
                        [
                            "-71.29",
                            "45.33"
                        ],
                        [
                            "-70.51",
                            "45.36"
                        ]
                    ]
                ]
            },
            "properties": {
                "forecastId": null,
                "geometryId": null,
                "tag": "1E",
                "forecastHour": 0,
                "hazard": "IFR",
                "frequency": null,
                "severity": null,
                "status": "NRML",
                "base": null,
                "top": null,
                "fzlBase": null,
                "fzlTop": null,
                "level": null,
                "product": "SIERRA",
                "rawAirSigmet": "CIG BLW 010 VIS BLW 3SM PCPN BR FG",
                "validTimeTo": "2026-08-06T09:00:00.000",
                "validTimeFrom": [
                    "2026-08-06T08:45"
                ]
            }
        },
        {
            "type": "Feature",
            "geometry": {
                "type": "LineString",
                "coordinates": [
                    [
                        "-118.15",
                        "57.31"
                    ],
                    [
                        "-117.10",
                        "56.79"
                    ],
                    [
                        "-115.96",
                        "56.27"
                    ],
                    [
                        "-114.76",
                        "55.58"
                    ],
                    [
                        "-113.49",
                        "55.23"
                    ],
                    [
                        "-111.86",
                        "54.93"
                    ],
                    [
                        "-110.86",
                        "54.90"
                    ],
                    [
                        "-109.70",
                        "55.09"
                    ],
                    [
                        "-108.10",
                        "55.33"
                    ],
                    [
                        "-106.52",
                        "55.74"
                    ],
                    [
                        "-104.92",
                        "56.09"
                    ],
                    [
                        "-103.84",
                        "56.33"
                    ],
                    [
                        "-104.45",
                        "56.73"
                    ],
                    [
                        "-105.70",
                        "57.24"
                    ],
                    [
                        "-105.17",
                        "57.95"
                    ],
                    [
                        "-104.54",
                        "58.19"
                    ]
                ]
            },
            "properties": {
                "forecastId": null,
                "geometryId": null,
                "tag": "1C",
                "forecastHour": 0,
                "hazard": "FZLVL",
                "frequency": null,
                "severity": null,
                "status": "NRML",
                "base": null,
                "top": null,
                "fzlBase": null,
                "fzlTop": null,
                "level": "080",
                "product": "ZULU",
                "rawAirSigmet": null,
                "validTimeTo": "2026-08-06T09:00:00.000",
                "validTimeFrom": [
                    "2026-08-06T08:45"
                ]
            }
        },
        {
            "type": "Feature",
            "geometry": {
                "type": "Polygon",
                "coordinates": [
                    [
                        [
                            "-87.50",
                            "46.17"
                        ],
                        [
                            "-86.37",
                            "46.09"
                        ],
                        [
                            "-84.84",
                            "45.84"
                        ],
                        [
                            "-83.53",
                            "45.76"
                        ],
                        [
                            "-83.49",
                            "45.76"
                        ],
                        [
                            "-83.01",
                            "45.55"
                        ],
                        [
                            "-82.35",
                            "45.33"
                        ],
                        [
                            "-82.18",
                            "43.95"
                        ],
                        [
                            "-84.40",
                            "42.80"
                        ],
                        [
                            "-84.56",
                            "41.98"
                        ],
                        [
                            "-85.35",
                            "41.36"
                        ],
                        [
                            "-86.71",
                            "41.28"
                        ],
                        [
                            "-87.90",
                            "41.72"
                        ],
                        [
                            "-89.09",
                            "41.92"
                        ],
                        [
                            "-90.47",
                            "40.27"
                        ],
                        [
                            "-91.81",
                            "39.30"
                        ],
                        [
                            "-94.49",
                            "38.96"
                        ],
                        [
                            "-95.28",
                            "38.72"
                        ],
                        [
                            "-96.00",
                            "38.32"
                        ],
                        [
                            "-97.04",
                            "37.80"
                        ],
                        [
                            "-98.96",
                            "37.56"
                        ],
                        [
                            "-100.51",
                            "37.45"
                        ],
                        [
                            "-101.25",
                            "37.99"
                        ],
                        [
                            "-101.69",
                            "38.85"
                        ],
                        [
                            "-102.65",
                            "40.18"
                        ],
                        [
                            "-101.69",
                            "40.98"
                        ],
                        [
                            "-98.95",
                            "41.47"
                        ],
                        [
                            "-95.80",
                            "42.73"
                        ],
                        [
                            "-93.86",
                            "43.63"
                        ],
                        [
                            "-92.27",
                            "44.08"
                        ],
                        [
                            "-89.98",
                            "44.84"
                        ],
                        [
                            "-88.99",
                            "45.60"
                        ],
                        [
                            "-87.50",
                            "46.17"
                        ]
                    ]
                ]
            },
            "properties": {
                "forecastId": null,
                "geometryId": null,
                "tag": "5E",
                "forecastHour": 0,
                "hazard": "IFR",
                "frequency": null,
                "severity": null,
                "status": "NRML",
                "base": null,
                "top": null,
                "fzlBase": null,
                "fzlTop": null,
                "level": null,
                "product": "SIERRA",
                "rawAirSigmet": "CIG BLW 010 VIS BLW 3SM PCPN BR FG",
                "validTimeTo": "2026-08-06T09:00:00.000",
                "validTimeFrom": [
                    "2026-08-06T08:45"
                ]
            }
        }
    ],
    "metadata": {
        "creationTime": "2026-08-06T09:44"
    }
}